TON,1950,2.1,1.985,1.881,1.786,1.699,1.622,1.55,1.485,1.425,1.371,1.322,1.277,1.232,1.187,1.141,1.098,1.057,1.017,0.978,0.939,0.903,0.868,0.833,0.8,0.768,0.737,0.706,0.677,0.65,0.623,0.598,0.573,0.549,0.526,0.504,0.482,0.462,0.442,0.423,0.405,0.387,0.369,0.353,0.337,0.322,0.308,0.293,0.28,0.266,0.253,0.241,0.228,0.217,0.206,0.195,0.185,0.174,0.165,0.155,0.145,0.137,0.127,0.119,0.111,0.103,0.095,0.089,0.081,0.075,0.068,0.062,0.056,0.05,0.045,0.039,0.035,0.03,0.027,0.022,0.018,0.014,0.011,0.008,0.006,0.006,0.004,0.004,0.003,0.003,0.003,0.002,0.002,0.001,0.001,0,0,0,0,0,0
TON,1951,2.137,2.044,1.934,1.835,1.746,1.666,1.593,1.528,1.468,1.413,1.363,1.316,1.276,1.234,1.19,1.144,1.1,1.059,1.02,0.982,0.945,0.91,0.876,0.842,0.811,0.78,0.75,0.722,0.692,0.664,0.635,0.607,0.58,0.554,0.53,0.507,0.485,0.464,0.444,0.424,0.406,0.389,0.372,0.356,0.34,0.326,0.311,0.298,0.285,0.272,0.259,0.246,0.234,0.223,0.211,0.2,0.19,0.179,0.169,0.159,0.15,0.14,0.132,0.123,0.114,0.106,0.097,0.089,0.081,0.074,0.068,0.062,0.057,0.052,0.046,0.041,0.035,0.03,0.025,0.021,0.016,0.013,0.009,0.006,0.005,0.004,0.004,0.003,0.003,0.003,0.002,0.001,0.001,0.001,0.001,0,0,0,0,0
TON,1952,2.201,2.085,1.978,1.873,1.78,1.696,1.622,1.556,1.497,1.443,1.394,1.347,1.305,1.268,1.229,1.186,1.141,1.097,1.057,1.018,0.982,0.947,0.914,0.88,0.848,0.818,0.789,0.76,0.733,0.704,0.674,0.643,0.613,0.584,0.557,0.531,0.509,0.486,0.464,0.443,0.424,0.406,0.388,0.372,0.357,0.342,0.327,0.314,0.301,0.288,0.275,0.263,0.25,0.238,0.226,0.215,0.204,0.193,0.183,0.173,0.164,0.154,0.145,0.135,0.127,0.117,0.107,0.097,0.088,0.08,0.074,0.068,0.063,0.058,0.052,0.046,0.041,0.035,0.03,0.025,0.02,0.016,0.011,0.008,0.006,0.004,0.003,0.003,0.003,0.003,0.002,0.002,0.001,0.001,0.001,0,0,0,0,0
TON,1953,2.268,2.138,2.019,1.9,1.801,1.715,1.638,1.571,1.511,1.459,1.411,1.366,1.324,1.287,1.253,1.217,1.176,1.132,1.089,1.049,1.01,0.976,0.943,0.911,0.88,0.849,0.821,0.793,0.766,0.74,0.712,0.682,0.649,0.616,0.585,0.555,0.53,0.507,0.483,0.461,0.441,0.421,0.403,0.387,0.371,0.355,0.341,0.328,0.315,0.302,0.291,0.278,0.265,0.253,0.241,0.229,0.219,0.207,0.196,0.186,0.176,0.166,0.157,0.147,0.138,0.129,0.119,0.108,0.098,0.087,0.078,0.072,0.068,0.062,0.058,0.053,0.048,0.041,0.035,0.028,0.023,0.019,0.014,0.011,0.008,0.005,0.003,0.003,0.003,0.003,0.002,0.002,0.001,0.001,0.001,0,0,0,0,0
TON,1954,2.33,2.182,2.049,1.93,1.816,1.723,1.644,1.574,1.513,1.46,1.415,1.374,1.335,1.297,1.263,1.234,1.202,1.162,1.119,1.077,1.037,0.999,0.966,0.936,0.906,0.876,0.848,0.821,0.795,0.77,0.746,0.718,0.686,0.651,0.617,0.584,0.553,0.526,0.503,0.48,0.457,0.436,0.417,0.4,0.383,0.367,0.352,0.339,0.326,0.314,0.303,0.291,0.28,0.266,0.254,0.243,0.231,0.22,0.21,0.199,0.188,0.178,0.169,0.158,0.149,0.141,0.131,0.12,0.109,0.098,0.086,0.077,0.071,0.066,0.062,0.059,0.054,0.048,0.04,0.034,0.028,0.022,0.017,0.013,0.009,0.006,0.003,0.002,0.001,0.002,0.002,0.001,0.001,0.001,0,0,0,0,0,0
TON,1955,2.383,2.216,2.07,1.941,1.827,1.729,1.643,1.57,1.507,1.453,1.408,1.369,1.334,1.3,1.267,1.238,1.213,1.184,1.146,1.103,1.062,1.023,0.986,0.955,0.927,0.899,0.871,0.844,0.82,0.795,0.771,0.749,0.723,0.69,0.653,0.617,0.582,0.55,0.522,0.499,0.475,0.452,0.432,0.412,0.395,0.379,0.364,0.349,0.336,0.325,0.313,0.303,0.292,0.28,0.268,0.256,0.244,0.233,0.222,0.211,0.201,0.191,0.18,0.17,0.161,0.151,0.142,0.133,0.121,0.109,0.097,0.085,0.075,0.069,0.066,0.062,0.059,0.055,0.048,0.04,0.033,0.026,0.021,0.016,0.012,0.008,0.005,0.002,0.001,0.001,0.001,0.001,0.001,0,0,0,0,0,0,0
TON,1956,2.429,2.278,2.127,1.994,1.879,1.777,1.69,1.615,1.549,1.487,1.431,1.383,1.341,1.303,1.268,1.236,1.206,1.181,1.151,1.113,1.07,1.029,0.989,0.952,0.922,0.896,0.87,0.844,0.819,0.796,0.773,0.751,0.731,0.706,0.675,0.638,0.604,0.569,0.537,0.511,0.488,0.466,0.445,0.425,0.407,0.39,0.375,0.361,0.348,0.336,0.323,0.312,0.301,0.291,0.279,0.266,0.255,0.243,0.231,0.22,0.209,0.198,0.186,0.175,0.166,0.157,0.148,0.14,0.13,0.119,0.107,0.096,0.084,0.075,0.068,0.064,0.06,0.057,0.053,0.046,0.037,0.03,0.023,0.017,0.013,0.01,0.006,0.004,0.002,0.001,0,0.001,0.001,0,0,0,0,0,0,0
TON,1957,2.472,2.28,2.177,2.041,1.922,1.819,1.73,1.653,1.589,1.529,1.468,1.41,1.359,1.314,1.273,1.237,1.205,1.177,1.151,1.121,1.082,1.038,0.997,0.956,0.92,0.892,0.866,0.842,0.817,0.795,0.773,0.752,0.732,0.714,0.691,0.66,0.625,0.591,0.557,0.526,0.5,0.479,0.457,0.437,0.418,0.402,0.387,0.372,0.36,0.347,0.334,0.323,0.311,0.299,0.288,0.276,0.264,0.253,0.241,0.23,0.218,0.206,0.195,0.182,0.172,0.163,0.153,0.145,0.137,0.128,0.117,0.106,0.094,0.083,0.074,0.068,0.063,0.059,0.055,0.05,0.043,0.035,0.028,0.021,0.014,0.011,0.008,0.006,0.003,0.002,0.001,0,0.001,0,0,0,0,0,0,0
TON,1958,2.524,2.325,2.153,2.084,1.962,1.857,1.766,1.687,1.622,1.568,1.514,1.455,1.394,1.341,1.291,1.247,1.211,1.18,1.15,1.125,1.093,1.054,1.01,0.968,0.927,0.891,0.863,0.84,0.817,0.794,0.772,0.753,0.734,0.716,0.699,0.677,0.648,0.613,0.58,0.547,0.517,0.493,0.472,0.452,0.431,0.413,0.397,0.384,0.371,0.359,0.347,0.335,0.323,0.31,0.299,0.288,0.276,0.264,0.252,0.24,0.229,0.216,0.204,0.192,0.18,0.169,0.159,0.151,0.142,0.135,0.126,0.116,0.104,0.093,0.083,0.074,0.067,0.062,0.057,0.053,0.048,0.04,0.033,0.025,0.018,0.011,0.008,0.006,0.004,0.003,0.001,0.001,0,0,0,0,0,0,0,0
TON,1959,2.599,2.395,2.219,2.07,1.998,1.89,1.799,1.72,1.653,1.598,1.553,1.506,1.448,1.385,1.328,1.273,1.228,1.189,1.159,1.129,1.102,1.071,1.031,0.986,0.944,0.902,0.866,0.839,0.817,0.796,0.774,0.754,0.736,0.719,0.702,0.687,0.667,0.638,0.605,0.572,0.539,0.51,0.486,0.466,0.447,0.427,0.41,0.395,0.382,0.371,0.36,0.349,0.337,0.324,0.312,0.3,0.289,0.276,0.265,0.253,0.241,0.23,0.216,0.203,0.191,0.177,0.166,0.156,0.148,0.141,0.132,0.125,0.114,0.103,0.093,0.082,0.073,0.067,0.061,0.057,0.052,0.046,0.038,0.03,0.022,0.014,0.008,0.005,0.004,0.003,0.002,0.001,0,0,0,0,0,0,0,0
TON,1960,2.707,2.499,2.319,2.165,2.033,1.921,1.827,1.747,1.681,1.625,1.579,1.546,1.504,1.446,1.38,1.32,1.262,1.212,1.174,1.143,1.113,1.085,1.053,1.012,0.966,0.923,0.88,0.844,0.818,0.798,0.777,0.757,0.739,0.722,0.707,0.692,0.679,0.659,0.631,0.598,0.566,0.533,0.504,0.481,0.463,0.444,0.425,0.408,0.394,0.383,0.372,0.362,0.352,0.339,0.327,0.315,0.303,0.29,0.278,0.266,0.254,0.243,0.231,0.217,0.203,0.19,0.176,0.164,0.154,0.147,0.139,0.132,0.123,0.114,0.103,0.093,0.083,0.074,0.067,0.061,0.056,0.05,0.044,0.036,0.028,0.019,0.011,0.006,0.003,0.002,0.001,0.001,0.001,0,0,0,0,0,0,0
TON,1961,2.806,2.655,2.462,2.292,2.144,2.015,1.903,1.805,1.725,1.66,1.609,1.568,1.536,1.497,1.439,1.372,1.311,1.253,1.202,1.165,1.137,1.108,1.084,1.053,1.012,0.966,0.923,0.881,0.845,0.819,0.8,0.781,0.762,0.744,0.728,0.71,0.695,0.681,0.661,0.632,0.597,0.564,0.53,0.5,0.476,0.457,0.438,0.419,0.402,0.387,0.374,0.362,0.352,0.341,0.329,0.317,0.305,0.294,0.283,0.271,0.259,0.247,0.235,0.222,0.209,0.195,0.181,0.167,0.155,0.145,0.137,0.129,0.121,0.114,0.105,0.094,0.085,0.075,0.067,0.06,0.055,0.049,0.044,0.039,0.031,0.024,0.016,0.01,0.005,0.003,0.001,0.001,0.001,0.001,0,0,0,0,0,0
TON,1962,2.935,2.733,2.617,2.438,2.277,2.134,2.008,1.896,1.794,1.711,1.649,1.603,1.564,1.534,1.497,1.439,1.371,1.309,1.249,1.198,1.163,1.137,1.11,1.087,1.058,1.017,0.971,0.928,0.885,0.849,0.825,0.807,0.789,0.77,0.753,0.736,0.719,0.702,0.686,0.666,0.636,0.6,0.564,0.53,0.498,0.474,0.454,0.434,0.414,0.397,0.381,0.368,0.355,0.343,0.331,0.32,0.308,0.297,0.287,0.276,0.264,0.252,0.24,0.229,0.216,0.203,0.188,0.174,0.159,0.146,0.137,0.128,0.121,0.113,0.104,0.095,0.086,0.077,0.068,0.06,0.054,0.048,0.043,0.038,0.033,0.027,0.02,0.013,0.008,0.004,0.002,0.001,0.001,0,0,0,0,0,0,0
TON,1963,3.067,2.876,2.698,2.583,2.418,2.267,2.129,2.004,1.891,1.785,1.7,1.641,1.599,1.563,1.536,1.5,1.442,1.372,1.31,1.248,1.197,1.163,1.139,1.114,1.093,1.065,1.025,0.978,0.935,0.892,0.856,0.832,0.816,0.797,0.78,0.763,0.746,0.728,0.71,0.694,0.672,0.64,0.603,0.566,0.53,0.498,0.472,0.452,0.431,0.411,0.393,0.376,0.362,0.348,0.335,0.323,0.312,0.301,0.29,0.28,0.269,0.259,0.246,0.235,0.223,0.211,0.196,0.181,0.166,0.152,0.138,0.128,0.12,0.112,0.104,0.096,0.087,0.078,0.069,0.06,0.053,0.047,0.041,0.037,0.032,0.027,0.022,0.016,0.011,0.006,0.003,0.002,0.001,0,0,0,0,0,0,0
TON,1964,3.171,2.999,2.833,2.674,2.549,2.397,2.254,2.122,2.001,1.886,1.776,1.689,1.631,1.594,1.561,1.537,1.501,1.444,1.374,1.309,1.247,1.195,1.162,1.14,1.118,1.097,1.071,1.032,0.985,0.941,0.897,0.861,0.838,0.823,0.807,0.79,0.774,0.756,0.736,0.718,0.701,0.678,0.645,0.606,0.568,0.531,0.497,0.47,0.45,0.428,0.408,0.389,0.371,0.355,0.341,0.327,0.314,0.302,0.293,0.282,0.273,0.263,0.252,0.24,0.228,0.216,0.204,0.189,0.174,0.159,0.143,0.131,0.12,0.111,0.102,0.095,0.087,0.078,0.07,0.061,0.053,0.047,0.04,0.036,0.03,0.026,0.022,0.017,0.013,0.008,0.005,0.003,0.002,0,0,0,0,0,0,0
TON,1965,3.223,3.081,2.938,2.793,2.649,2.508,2.37,2.237,2.111,1.992,1.876,1.763,1.673,1.618,1.586,1.556,1.534,1.501,1.443,1.371,1.306,1.242,1.191,1.159,1.139,1.118,1.1,1.075,1.036,0.989,0.945,0.901,0.865,0.843,0.829,0.813,0.798,0.782,0.764,0.743,0.724,0.706,0.683,0.648,0.608,0.569,0.529,0.495,0.468,0.446,0.424,0.403,0.384,0.365,0.348,0.332,0.317,0.304,0.293,0.284,0.275,0.266,0.256,0.245,0.233,0.221,0.21,0.198,0.183,0.166,0.151,0.136,0.122,0.111,0.102,0.094,0.085,0.078,0.069,0.061,0.053,0.046,0.04,0.034,0.029,0.025,0.02,0.016,0.012,0.009,0.005,0.003,0.002,0.001,0,0,0,0,0,0
TON,1966,3.235,3.189,3.063,2.93,2.795,2.656,2.518,2.38,2.247,2.12,2.001,1.885,1.77,1.678,1.618,1.579,1.542,1.514,1.476,1.417,1.345,1.281,1.218,1.167,1.135,1.116,1.097,1.081,1.057,1.02,0.975,0.933,0.892,0.858,0.837,0.821,0.805,0.789,0.772,0.754,0.734,0.714,0.696,0.671,0.639,0.6,0.562,0.524,0.49,0.462,0.438,0.415,0.393,0.372,0.353,0.336,0.321,0.305,0.293,0.282,0.273,0.264,0.256,0.247,0.236,0.224,0.212,0.2,0.187,0.173,0.156,0.141,0.125,0.112,0.101,0.093,0.085,0.078,0.07,0.062,0.054,0.048,0.041,0.035,0.029,0.025,0.021,0.018,0.014,0.011,0.008,0.004,0.002,0.002,0.001,0,0,0,0,0
TON,1967,3.202,3.154,3.154,3.043,2.922,2.794,2.661,2.525,2.387,2.254,2.128,2.01,1.894,1.777,1.682,1.616,1.571,1.529,1.493,1.45,1.389,1.319,1.254,1.192,1.142,1.111,1.093,1.075,1.06,1.039,1.003,0.96,0.922,0.882,0.85,0.828,0.813,0.797,0.78,0.762,0.744,0.724,0.703,0.685,0.66,0.629,0.592,0.555,0.519,0.486,0.456,0.431,0.406,0.381,0.36,0.341,0.324,0.308,0.293,0.281,0.27,0.262,0.254,0.246,0.238,0.227,0.214,0.202,0.19,0.177,0.162,0.147,0.13,0.115,0.101,0.092,0.083,0.076,0.069,0.062,0.055,0.048,0.041,0.035,0.03,0.025,0.022,0.018,0.014,0.011,0.009,0.006,0.003,0.002,0.002,0.001,0,0,0,0
TON,1968,3.13,3.135,3.111,3.114,3.017,2.909,2.79,2.662,2.53,2.391,2.257,2.132,2.015,1.899,1.782,1.684,1.613,1.561,1.513,1.47,1.422,1.359,1.29,1.227,1.165,1.115,1.086,1.069,1.052,1.038,1.018,0.985,0.945,0.907,0.871,0.841,0.819,0.804,0.787,0.77,0.752,0.732,0.712,0.692,0.673,0.648,0.618,0.582,0.547,0.513,0.479,0.45,0.422,0.396,0.369,0.346,0.327,0.311,0.295,0.281,0.268,0.258,0.251,0.243,0.236,0.228,0.217,0.203,0.191,0.179,0.167,0.152,0.135,0.12,0.104,0.091,0.081,0.074,0.067,0.061,0.054,0.048,0.041,0.035,0.03,0.025,0.021,0.017,0.013,0.011,0.009,0.006,0.005,0.002,0.002,0.001,0,0,0,0
TON,1969,3.028,3.082,3.1,3.087,3.066,2.986,2.889,2.778,2.657,2.527,2.39,2.256,2.132,2.016,1.899,1.781,1.681,1.605,1.547,1.492,1.444,1.391,1.327,1.258,1.195,1.135,1.087,1.058,1.041,1.026,1.013,0.995,0.964,0.927,0.892,0.859,0.83,0.809,0.792,0.775,0.757,0.739,0.72,0.699,0.679,0.659,0.635,0.605,0.571,0.538,0.505,0.472,0.442,0.413,0.386,0.357,0.333,0.313,0.297,0.282,0.268,0.256,0.246,0.239,0.231,0.225,0.218,0.206,0.194,0.181,0.169,0.156,0.141,0.125,0.109,0.094,0.08,0.071,0.064,0.058,0.052,0.046,0.041,0.034,0.029,0.024,0.02,0.017,0.013,0.01,0.008,0.006,0.005,0.003,0.002,0.001,0,0,0,0
TON,1970,2.909,2.998,3.05,3.067,3.053,3.013,2.947,2.863,2.761,2.646,2.519,2.382,2.249,2.126,2.012,1.896,1.777,1.674,1.594,1.53,1.469,1.414,1.357,1.292,1.223,1.162,1.101,1.055,1.027,1.011,0.997,0.986,0.97,0.942,0.907,0.874,0.844,0.816,0.796,0.779,0.761,0.743,0.725,0.705,0.685,0.664,0.643,0.62,0.591,0.559,0.528,0.496,0.465,0.434,0.403,0.373,0.344,0.319,0.299,0.283,0.268,0.254,0.242,0.234,0.226,0.22,0.214,0.207,0.195,0.182,0.17,0.158,0.144,0.129,0.114,0.098,0.083,0.069,0.061,0.055,0.049,0.044,0.039,0.033,0.028,0.023,0.019,0.015,0.012,0.01,0.007,0.005,0.004,0.003,0.002,0,0,0,0,0
TON,1971,2.792,2.878,2.957,3.005,3.022,3.012,2.978,2.924,2.845,2.74,2.616,2.484,2.341,2.203,2.077,1.961,1.842,1.722,1.618,1.537,1.474,1.413,1.358,1.304,1.243,1.181,1.126,1.072,1.031,1.007,0.994,0.982,0.974,0.958,0.931,0.896,0.864,0.833,0.806,0.786,0.771,0.755,0.738,0.72,0.701,0.679,0.659,0.637,0.614,0.585,0.553,0.521,0.49,0.458,0.426,0.395,0.366,0.336,0.31,0.291,0.276,0.261,0.247,0.235,0.226,0.218,0.212,0.207,0.198,0.187,0.174,0.161,0.149,0.135,0.121,0.106,0.091,0.077,0.064,0.056,0.049,0.043,0.038,0.034,0.028,0.024,0.019,0.016,0.013,0.01,0.008,0.006,0.004,0.003,0.003,0.001,0,0,0,0
TON,1972,2.656,2.784,2.84,2.91,2.954,2.971,2.964,2.936,2.894,2.821,2.713,2.582,2.443,2.295,2.152,2.024,1.905,1.785,1.663,1.558,1.476,1.414,1.353,1.3,1.248,1.192,1.137,1.088,1.041,1.005,0.985,0.973,0.964,0.958,0.945,0.918,0.884,0.852,0.82,0.794,0.774,0.762,0.746,0.732,0.715,0.695,0.673,0.652,0.631,0.606,0.577,0.545,0.513,0.481,0.449,0.418,0.388,0.357,0.328,0.303,0.282,0.268,0.254,0.24,0.228,0.219,0.211,0.204,0.198,0.19,0.179,0.165,0.152,0.14,0.127,0.112,0.098,0.084,0.07,0.058,0.05,0.044,0.038,0.033,0.029,0.025,0.02,0.016,0.013,0.01,0.008,0.006,0.005,0.003,0.003,0.002,0.001,0,0,0
TON,1973,2.534,2.659,2.759,2.801,2.861,2.899,2.917,2.914,2.893,2.861,2.795,2.685,2.546,2.401,2.247,2.1,1.968,1.849,1.726,1.602,1.496,1.415,1.352,1.293,1.24,1.191,1.141,1.092,1.049,1.009,0.979,0.962,0.953,0.946,0.942,0.931,0.906,0.871,0.839,0.807,0.78,0.763,0.751,0.738,0.724,0.708,0.688,0.666,0.645,0.623,0.598,0.569,0.537,0.505,0.473,0.441,0.409,0.379,0.349,0.32,0.294,0.275,0.259,0.245,0.232,0.221,0.211,0.203,0.195,0.19,0.181,0.17,0.156,0.143,0.13,0.118,0.103,0.09,0.077,0.063,0.052,0.045,0.038,0.032,0.028,0.023,0.02,0.016,0.012,0.01,0.008,0.007,0.005,0.003,0.003,0.002,0.001,0,0,0
TON,1974,2.461,2.563,2.651,2.724,2.764,2.814,2.849,2.866,2.865,2.853,2.83,2.77,2.658,2.511,2.36,2.201,2.049,1.914,1.793,1.669,1.543,1.436,1.355,1.292,1.233,1.182,1.135,1.089,1.047,1.01,0.977,0.953,0.94,0.933,0.929,0.927,0.918,0.892,0.858,0.827,0.794,0.767,0.751,0.742,0.729,0.717,0.702,0.683,0.66,0.638,0.616,0.591,0.561,0.529,0.497,0.464,0.433,0.402,0.371,0.34,0.311,0.286,0.266,0.252,0.238,0.224,0.213,0.204,0.195,0.187,0.181,0.173,0.161,0.147,0.133,0.121,0.108,0.095,0.082,0.069,0.057,0.046,0.039,0.033,0.028,0.023,0.019,0.016,0.012,0.009,0.007,0.007,0.005,0.003,0.002,0.002,0.001,0.001,0,0
TON,1975,2.459,2.516,2.573,2.63,2.682,2.731,2.77,2.8,2.817,2.821,2.815,2.804,2.75,2.635,2.478,2.321,2.156,2,1.862,1.739,1.613,1.486,1.379,1.296,1.234,1.176,1.125,1.08,1.039,1.004,0.974,0.948,0.928,0.918,0.914,0.912,0.913,0.906,0.881,0.847,0.816,0.783,0.756,0.741,0.733,0.722,0.711,0.696,0.678,0.655,0.632,0.61,0.584,0.554,0.522,0.489,0.457,0.425,0.394,0.363,0.332,0.303,0.277,0.258,0.244,0.23,0.217,0.206,0.197,0.188,0.18,0.173,0.165,0.153,0.138,0.125,0.112,0.099,0.086,0.074,0.063,0.051,0.04,0.033,0.027,0.023,0.018,0.014,0.011,0.009,0.006,0.005,0.004,0.003,0.002,0.001,0.001,0,0,0
TON,1976,2.537,2.425,2.473,2.53,2.591,2.652,2.712,2.772,2.808,2.814,2.793,2.766,2.736,2.667,2.549,2.396,2.241,2.08,1.926,1.792,1.672,1.549,1.427,1.324,1.252,1.199,1.152,1.11,1.074,1.038,1.005,0.977,0.953,0.935,0.922,0.913,0.906,0.902,0.891,0.868,0.837,0.808,0.778,0.753,0.738,0.729,0.719,0.707,0.693,0.673,0.65,0.626,0.603,0.577,0.546,0.514,0.481,0.448,0.416,0.385,0.354,0.324,0.295,0.271,0.251,0.237,0.223,0.209,0.198,0.188,0.179,0.171,0.164,0.155,0.143,0.129,0.116,0.104,0.092,0.079,0.067,0.056,0.045,0.036,0.029,0.024,0.019,0.015,0.012,0.009,0.007,0.005,0.004,0.003,0.002,0.002,0.001,0,0,0
TON,1977,2.683,2.573,2.389,2.43,2.485,2.55,2.62,2.693,2.771,2.815,2.809,2.765,2.717,2.666,2.583,2.461,2.312,2.159,2.001,1.852,1.72,1.603,1.484,1.366,1.271,1.206,1.164,1.127,1.095,1.067,1.036,1.005,0.98,0.958,0.94,0.925,0.912,0.901,0.891,0.877,0.854,0.827,0.8,0.772,0.749,0.735,0.726,0.714,0.703,0.688,0.668,0.644,0.62,0.595,0.569,0.538,0.504,0.472,0.439,0.406,0.375,0.346,0.317,0.288,0.264,0.245,0.229,0.215,0.201,0.19,0.18,0.17,0.161,0.154,0.144,0.133,0.12,0.107,0.095,0.084,0.072,0.06,0.049,0.039,0.03,0.024,0.02,0.016,0.012,0.01,0.007,0.005,0.004,0.003,0.002,0.002,0.001,0,0,0
TON,1978,2.864,2.655,2.515,2.353,2.385,2.438,2.509,2.586,2.672,2.77,2.822,2.804,2.735,2.667,2.595,2.498,2.371,2.227,2.077,1.923,1.777,1.647,1.534,1.419,1.306,1.216,1.16,1.129,1.101,1.08,1.06,1.033,1.005,0.982,0.963,0.945,0.927,0.91,0.895,0.88,0.862,0.841,0.815,0.792,0.767,0.745,0.732,0.721,0.711,0.699,0.684,0.663,0.638,0.613,0.589,0.561,0.529,0.496,0.462,0.43,0.397,0.367,0.338,0.309,0.281,0.257,0.238,0.222,0.207,0.193,0.182,0.17,0.161,0.152,0.144,0.134,0.123,0.111,0.098,0.087,0.076,0.065,0.054,0.043,0.033,0.025,0.019,0.016,0.013,0.01,0.007,0.006,0.004,0.003,0.002,0.002,0.002,0,0,0
TON,1979,3.037,2.744,2.538,2.406,2.316,2.338,2.392,2.466,2.551,2.65,2.766,2.827,2.797,2.703,2.615,2.522,2.411,2.282,2.141,1.994,1.842,1.7,1.575,1.463,1.353,1.244,1.16,1.114,1.093,1.075,1.064,1.052,1.03,1.004,0.984,0.967,0.949,0.929,0.909,0.887,0.868,0.847,0.827,0.805,0.783,0.76,0.741,0.728,0.717,0.706,0.693,0.679,0.657,0.631,0.607,0.581,0.552,0.521,0.487,0.453,0.42,0.387,0.357,0.329,0.301,0.274,0.25,0.231,0.214,0.2,0.185,0.174,0.162,0.152,0.142,0.134,0.125,0.113,0.101,0.09,0.079,0.068,0.057,0.047,0.037,0.028,0.02,0.015,0.012,0.009,0.007,0.006,0.004,0.003,0.002,0.002,0.001,0,0,0
TON,1980,3.166,2.82,2.571,2.404,2.309,2.276,2.29,2.342,2.42,2.514,2.626,2.76,2.828,2.786,2.67,2.56,2.447,2.322,2.19,2.052,1.908,1.761,1.622,1.499,1.391,1.285,1.18,1.104,1.066,1.056,1.048,1.047,1.042,1.026,1.003,0.985,0.971,0.953,0.931,0.905,0.879,0.855,0.831,0.811,0.792,0.773,0.753,0.736,0.723,0.712,0.7,0.688,0.673,0.651,0.625,0.599,0.573,0.543,0.511,0.477,0.443,0.409,0.377,0.347,0.32,0.292,0.266,0.243,0.223,0.207,0.192,0.177,0.164,0.153,0.143,0.132,0.124,0.115,0.103,0.091,0.081,0.07,0.06,0.05,0.04,0.031,0.021,0.015,0.01,0.008,0.005,0.005,0.004,0.002,0.002,0,0,0,0,0
TON,1981,3.25,3.029,2.741,2.531,2.392,2.314,2.285,2.296,2.342,2.417,2.506,2.609,2.732,2.787,2.735,2.608,2.49,2.367,2.232,2.093,1.951,1.803,1.65,1.513,1.405,1.316,1.229,1.144,1.082,1.05,1.039,1.032,1.033,1.026,1.003,0.972,0.945,0.921,0.899,0.877,0.857,0.836,0.816,0.797,0.778,0.758,0.739,0.719,0.703,0.69,0.681,0.67,0.659,0.645,0.622,0.596,0.569,0.542,0.514,0.483,0.452,0.421,0.389,0.359,0.332,0.305,0.279,0.255,0.233,0.214,0.198,0.183,0.169,0.156,0.143,0.133,0.124,0.115,0.106,0.095,0.083,0.072,0.062,0.052,0.043,0.035,0.026,0.018,0.012,0.008,0.007,0.005,0.004,0.003,0.002,0.002,0,0,0,0
TON,1982,3.297,2.946,2.894,2.661,2.493,2.382,2.319,2.297,2.303,2.343,2.414,2.5,2.594,2.705,2.748,2.685,2.549,2.42,2.288,2.145,1.998,1.851,1.698,1.54,1.406,1.309,1.241,1.172,1.107,1.06,1.035,1.023,1.017,1.019,1.01,0.982,0.941,0.906,0.872,0.844,0.823,0.808,0.793,0.779,0.762,0.744,0.724,0.705,0.685,0.669,0.658,0.65,0.64,0.631,0.616,0.594,0.567,0.54,0.512,0.484,0.456,0.427,0.398,0.369,0.342,0.315,0.291,0.268,0.244,0.223,0.205,0.188,0.173,0.159,0.146,0.135,0.124,0.115,0.106,0.097,0.087,0.075,0.064,0.054,0.044,0.036,0.028,0.021,0.015,0.01,0.007,0.005,0.004,0.003,0.002,0.002,0,0,0,0
TON,1983,3.304,2.991,2.746,2.761,2.584,2.456,2.372,2.326,2.31,2.311,2.345,2.411,2.494,2.581,2.679,2.71,2.636,2.49,2.352,2.21,2.059,1.905,1.752,1.595,1.431,1.3,1.216,1.167,1.118,1.071,1.04,1.02,1.009,1.003,1.005,0.995,0.961,0.912,0.868,0.824,0.789,0.77,0.761,0.75,0.74,0.728,0.711,0.691,0.671,0.652,0.636,0.626,0.619,0.611,0.603,0.59,0.567,0.539,0.511,0.484,0.455,0.429,0.402,0.376,0.349,0.325,0.3,0.277,0.255,0.234,0.214,0.196,0.18,0.165,0.15,0.137,0.125,0.116,0.106,0.098,0.089,0.079,0.066,0.055,0.046,0.037,0.029,0.023,0.017,0.011,0.008,0.005,0.004,0.003,0.002,0.002,0.002,0,0,0
TON,1984,3.271,3.012,2.802,2.638,2.63,2.509,2.422,2.366,2.336,2.324,2.322,2.349,2.412,2.492,2.57,2.656,2.676,2.591,2.435,2.286,2.134,1.974,1.814,1.655,1.492,1.324,1.194,1.123,1.093,1.063,1.037,1.02,1.005,0.994,0.989,0.993,0.981,0.941,0.883,0.83,0.776,0.736,0.718,0.714,0.708,0.704,0.696,0.679,0.657,0.638,0.619,0.604,0.595,0.589,0.582,0.576,0.563,0.54,0.511,0.484,0.454,0.427,0.401,0.378,0.354,0.331,0.307,0.285,0.264,0.243,0.223,0.204,0.187,0.171,0.155,0.141,0.128,0.117,0.107,0.098,0.09,0.081,0.07,0.058,0.048,0.037,0.029,0.022,0.017,0.012,0.008,0.006,0.004,0.003,0.002,0.002,0.002,0,0,0
TON,1985,3.2,3.005,2.84,2.703,2.592,2.504,2.437,2.391,2.362,2.349,2.342,2.336,2.357,2.417,2.493,2.562,2.637,2.645,2.548,2.383,2.224,2.062,1.893,1.724,1.56,1.393,1.218,1.091,1.032,1.022,1.01,1.004,1.001,0.992,0.981,0.977,0.983,0.968,0.921,0.856,0.794,0.73,0.683,0.666,0.668,0.667,0.668,0.663,0.647,0.626,0.606,0.587,0.572,0.564,0.56,0.554,0.548,0.537,0.514,0.484,0.455,0.426,0.399,0.375,0.355,0.333,0.312,0.291,0.27,0.251,0.232,0.213,0.195,0.178,0.163,0.147,0.132,0.119,0.108,0.098,0.089,0.081,0.072,0.062,0.05,0.039,0.029,0.021,0.015,0.012,0.008,0.005,0.003,0.003,0.002,0,0,0,0,0
TON,1986,3.054,3.094,2.93,2.784,2.659,2.552,2.462,2.388,2.335,2.304,2.294,2.288,2.277,2.296,2.354,2.43,2.499,2.575,2.581,2.476,2.3,2.131,1.958,1.787,1.626,1.479,1.326,1.168,1.053,1.003,0.996,0.99,0.99,0.988,0.974,0.955,0.943,0.939,0.919,0.875,0.816,0.759,0.701,0.66,0.644,0.646,0.645,0.646,0.642,0.629,0.608,0.591,0.574,0.56,0.553,0.549,0.543,0.538,0.526,0.503,0.473,0.443,0.413,0.385,0.362,0.341,0.32,0.299,0.278,0.258,0.239,0.22,0.201,0.184,0.168,0.152,0.137,0.123,0.11,0.099,0.089,0.08,0.071,0.062,0.053,0.042,0.034,0.024,0.017,0.013,0.01,0.006,0.004,0.003,0.002,0.001,0,0,0,0
TON,1987,2.878,2.853,3.004,2.867,2.741,2.627,2.524,2.433,2.349,2.289,2.258,2.25,2.242,2.229,2.245,2.302,2.379,2.449,2.526,2.529,2.416,2.228,2.048,1.864,1.688,1.537,1.405,1.267,1.124,1.022,0.979,0.976,0.974,0.979,0.979,0.962,0.933,0.913,0.899,0.874,0.833,0.779,0.729,0.677,0.639,0.625,0.627,0.626,0.627,0.625,0.612,0.595,0.579,0.564,0.551,0.544,0.54,0.534,0.529,0.517,0.493,0.463,0.433,0.401,0.373,0.35,0.329,0.309,0.288,0.267,0.248,0.227,0.208,0.191,0.174,0.158,0.142,0.128,0.114,0.102,0.09,0.08,0.071,0.062,0.053,0.044,0.036,0.027,0.02,0.014,0.01,0.008,0.005,0.003,0.002,0.002,0,0,0,0
TON,1988,2.7,2.76,2.786,2.919,2.811,2.704,2.601,2.502,2.408,2.317,2.25,2.218,2.211,2.202,2.185,2.199,2.256,2.333,2.403,2.482,2.482,2.36,2.161,1.97,1.774,1.594,1.45,1.334,1.21,1.082,0.992,0.957,0.957,0.96,0.972,0.972,0.95,0.914,0.885,0.862,0.833,0.791,0.745,0.7,0.654,0.621,0.608,0.609,0.608,0.61,0.608,0.598,0.583,0.568,0.554,0.543,0.537,0.533,0.527,0.522,0.509,0.485,0.454,0.423,0.391,0.362,0.338,0.319,0.298,0.278,0.257,0.238,0.217,0.198,0.181,0.164,0.148,0.134,0.12,0.106,0.094,0.082,0.071,0.061,0.051,0.043,0.036,0.028,0.021,0.015,0.012,0.008,0.005,0.003,0.002,0.002,0.001,0,0,0
TON,1989,2.568,2.683,2.753,2.783,2.833,2.754,2.667,2.574,2.48,2.383,2.282,2.208,2.176,2.171,2.161,2.141,2.153,2.209,2.286,2.356,2.436,2.435,2.304,2.092,1.89,1.682,1.499,1.363,1.262,1.154,1.039,0.962,0.934,0.939,0.947,0.963,0.965,0.939,0.893,0.857,0.825,0.789,0.75,0.71,0.671,0.63,0.601,0.59,0.59,0.591,0.593,0.592,0.582,0.569,0.558,0.544,0.535,0.529,0.525,0.52,0.514,0.501,0.477,0.444,0.413,0.381,0.351,0.328,0.308,0.287,0.267,0.247,0.227,0.207,0.188,0.171,0.154,0.138,0.124,0.111,0.097,0.085,0.074,0.062,0.052,0.042,0.033,0.026,0.021,0.015,0.011,0.008,0.005,0.004,0.002,0.002,0.001,0,0,0
TON,1990,2.515,2.642,2.723,2.763,2.768,2.742,2.694,2.625,2.543,2.454,2.355,2.245,2.164,2.13,2.128,2.118,2.094,2.103,2.158,2.236,2.306,2.388,2.383,2.245,2.02,1.808,1.589,1.401,1.274,1.189,1.095,0.996,0.93,0.909,0.919,0.931,0.954,0.957,0.925,0.872,0.827,0.785,0.745,0.708,0.674,0.64,0.605,0.581,0.571,0.572,0.571,0.575,0.574,0.567,0.556,0.545,0.534,0.526,0.521,0.517,0.511,0.506,0.493,0.467,0.435,0.403,0.369,0.339,0.316,0.296,0.276,0.256,0.236,0.216,0.197,0.178,0.161,0.144,0.128,0.115,0.101,0.089,0.078,0.065,0.054,0.043,0.032,0.023,0.018,0.014,0.009,0.006,0.005,0.003,0.002,0,0,0,0,0
TON,1991,2.573,2.496,2.595,2.66,2.697,2.707,2.696,2.669,2.617,2.537,2.442,2.34,2.231,2.145,2.1,2.084,2.059,2.022,2.016,2.058,2.124,2.183,2.253,2.245,2.112,1.901,1.702,1.497,1.325,1.214,1.145,1.069,0.988,0.935,0.917,0.923,0.933,0.952,0.952,0.917,0.861,0.811,0.766,0.723,0.689,0.66,0.632,0.603,0.582,0.573,0.573,0.573,0.576,0.575,0.566,0.554,0.543,0.53,0.52,0.514,0.509,0.502,0.496,0.482,0.457,0.423,0.39,0.357,0.327,0.303,0.284,0.263,0.243,0.224,0.204,0.185,0.167,0.15,0.133,0.118,0.104,0.09,0.079,0.067,0.056,0.045,0.036,0.027,0.02,0.015,0.011,0.007,0.005,0.004,0.003,0.002,0,0,0,0
TON,1992,2.712,2.699,2.468,2.538,2.589,2.623,2.638,2.64,2.636,2.601,2.525,2.423,2.32,2.209,2.119,2.064,2.033,1.994,1.942,1.923,1.952,2.005,2.052,2.112,2.098,1.972,1.775,1.59,1.399,1.244,1.15,1.099,1.039,0.978,0.936,0.922,0.924,0.932,0.947,0.943,0.905,0.846,0.794,0.743,0.699,0.668,0.646,0.622,0.598,0.581,0.574,0.573,0.573,0.575,0.573,0.564,0.551,0.538,0.525,0.514,0.506,0.5,0.493,0.485,0.47,0.444,0.41,0.378,0.344,0.314,0.29,0.271,0.25,0.23,0.211,0.192,0.173,0.155,0.139,0.123,0.108,0.093,0.08,0.068,0.057,0.046,0.037,0.029,0.022,0.016,0.012,0.009,0.006,0.004,0.003,0.002,0.001,0,0,0
TON,1993,2.884,2.761,2.665,2.439,2.48,2.516,2.546,2.566,2.583,2.601,2.582,2.509,2.402,2.297,2.187,2.092,2.026,1.981,1.927,1.862,1.83,1.844,1.885,1.921,1.968,1.951,1.832,1.649,1.478,1.303,1.162,1.085,1.052,1.01,0.966,0.938,0.926,0.925,0.929,0.942,0.934,0.893,0.831,0.776,0.721,0.675,0.647,0.63,0.611,0.592,0.58,0.573,0.572,0.572,0.573,0.571,0.562,0.548,0.534,0.519,0.506,0.498,0.491,0.482,0.473,0.458,0.431,0.397,0.365,0.331,0.301,0.277,0.258,0.237,0.217,0.198,0.179,0.16,0.144,0.127,0.112,0.098,0.082,0.069,0.057,0.046,0.037,0.03,0.022,0.017,0.013,0.009,0.007,0.004,0.003,0.002,0.002,0,0,0
TON,1994,3.025,2.816,2.657,2.543,2.415,2.427,2.449,2.475,2.501,2.532,2.572,2.569,2.499,2.386,2.279,2.169,2.069,1.993,1.933,1.865,1.786,1.739,1.741,1.769,1.793,1.83,1.809,1.696,1.526,1.369,1.208,1.084,1.024,1.007,0.982,0.957,0.941,0.932,0.929,0.93,0.938,0.926,0.882,0.819,0.76,0.7,0.653,0.627,0.615,0.602,0.588,0.579,0.574,0.573,0.572,0.574,0.571,0.561,0.545,0.531,0.515,0.5,0.49,0.482,0.473,0.462,0.446,0.419,0.385,0.353,0.318,0.288,0.264,0.245,0.224,0.204,0.185,0.166,0.149,0.133,0.117,0.102,0.087,0.072,0.059,0.046,0.036,0.027,0.021,0.017,0.012,0.009,0.007,0.004,0.002,0.002,0.002,0,0,0
TON,1995,3.088,2.845,2.661,2.531,2.446,2.399,2.382,2.389,2.411,2.443,2.488,2.551,2.564,2.497,2.378,2.268,2.157,2.053,1.966,1.891,1.809,1.715,1.654,1.643,1.658,1.672,1.696,1.671,1.565,1.409,1.265,1.117,1.008,0.965,0.965,0.958,0.951,0.946,0.941,0.934,0.932,0.938,0.922,0.875,0.808,0.745,0.681,0.632,0.609,0.603,0.595,0.586,0.582,0.577,0.575,0.574,0.575,0.572,0.56,0.544,0.529,0.511,0.495,0.484,0.475,0.464,0.454,0.436,0.408,0.374,0.341,0.306,0.276,0.252,0.232,0.212,0.191,0.173,0.155,0.137,0.122,0.107,0.092,0.077,0.062,0.049,0.036,0.025,0.018,0.014,0.01,0.008,0.006,0.004,0.002,0,0,0,0,0
TON,1996,3.017,3.004,2.801,2.643,2.525,2.44,2.384,2.346,2.338,2.359,2.397,2.442,2.503,2.514,2.445,2.325,2.213,2.102,1.995,1.905,1.826,1.74,1.644,1.58,1.568,1.584,1.598,1.623,1.601,1.499,1.35,1.213,1.073,0.971,0.932,0.936,0.932,0.929,0.928,0.923,0.914,0.911,0.916,0.9,0.852,0.786,0.723,0.659,0.61,0.589,0.585,0.579,0.572,0.568,0.564,0.56,0.559,0.559,0.554,0.543,0.527,0.51,0.492,0.477,0.465,0.456,0.444,0.433,0.415,0.387,0.354,0.321,0.288,0.258,0.234,0.216,0.196,0.178,0.159,0.141,0.124,0.108,0.093,0.08,0.066,0.052,0.04,0.03,0.021,0.015,0.012,0.008,0.006,0.004,0.004,0.002,0,0,0,0
TON,1997,2.872,2.751,2.934,2.772,2.638,2.53,2.447,2.38,2.322,2.298,2.318,2.362,2.409,2.467,2.477,2.406,2.283,2.17,2.058,1.949,1.853,1.771,1.68,1.581,1.515,1.501,1.517,1.532,1.558,1.537,1.441,1.298,1.167,1.033,0.937,0.903,0.912,0.912,0.912,0.913,0.908,0.899,0.895,0.898,0.881,0.834,0.767,0.704,0.64,0.593,0.572,0.57,0.565,0.562,0.558,0.554,0.549,0.546,0.545,0.541,0.528,0.512,0.495,0.477,0.461,0.449,0.438,0.426,0.414,0.396,0.369,0.336,0.304,0.27,0.241,0.218,0.201,0.182,0.164,0.147,0.129,0.112,0.095,0.081,0.067,0.054,0.044,0.033,0.024,0.018,0.012,0.009,0.006,0.004,0.004,0.002,0.002,0,0,0
TON,1998,2.695,2.687,2.672,2.873,2.75,2.64,2.543,2.459,2.382,2.303,2.265,2.283,2.333,2.38,2.438,2.446,2.373,2.248,2.132,2.018,1.906,1.807,1.72,1.625,1.521,1.453,1.438,1.455,1.47,1.496,1.478,1.386,1.25,1.125,0.997,0.906,0.877,0.889,0.893,0.897,0.901,0.896,0.887,0.882,0.883,0.864,0.817,0.751,0.689,0.623,0.576,0.557,0.557,0.554,0.552,0.55,0.545,0.539,0.536,0.534,0.527,0.514,0.498,0.481,0.463,0.446,0.433,0.422,0.409,0.397,0.378,0.351,0.318,0.286,0.254,0.225,0.204,0.186,0.168,0.151,0.134,0.117,0.099,0.083,0.068,0.055,0.044,0.035,0.026,0.019,0.014,0.01,0.007,0.004,0.004,0.002,0.002,0,0,0
TON,1999,2.543,2.633,2.687,2.712,2.81,2.726,2.64,2.554,2.471,2.383,2.284,2.231,2.247,2.303,2.351,2.407,2.413,2.338,2.211,2.094,1.977,1.862,1.759,1.667,1.568,1.461,1.39,1.374,1.391,1.406,1.433,1.418,1.33,1.201,1.081,0.96,0.875,0.851,0.866,0.875,0.882,0.888,0.885,0.874,0.867,0.867,0.847,0.8,0.733,0.671,0.606,0.559,0.541,0.542,0.542,0.541,0.54,0.536,0.529,0.524,0.521,0.513,0.5,0.484,0.466,0.448,0.431,0.418,0.405,0.392,0.379,0.36,0.333,0.301,0.269,0.237,0.209,0.188,0.171,0.154,0.137,0.122,0.105,0.087,0.071,0.056,0.043,0.033,0.025,0.018,0.013,0.01,0.007,0.004,0.003,0.002,0.002,0.001,0,0
TON,2000,2.466,2.606,2.698,2.748,2.76,2.741,2.699,2.636,2.561,2.478,2.381,2.261,2.192,2.206,2.269,2.319,2.372,2.377,2.3,2.171,2.052,1.932,1.815,1.709,1.612,1.51,1.399,1.325,1.308,1.325,1.341,1.369,1.356,1.272,1.149,1.036,0.922,0.842,0.823,0.842,0.854,0.866,0.874,0.871,0.859,0.851,0.85,0.829,0.781,0.715,0.653,0.588,0.541,0.524,0.528,0.528,0.53,0.531,0.526,0.517,0.512,0.507,0.499,0.486,0.469,0.452,0.432,0.415,0.401,0.388,0.374,0.36,0.341,0.315,0.282,0.252,0.22,0.192,0.172,0.156,0.14,0.124,0.109,0.091,0.074,0.058,0.043,0.031,0.022,0.017,0.011,0.007,0.006,0.004,0.002,0.001,0.001,0,0,0
TON,2001,2.487,2.496,2.603,2.673,2.709,2.715,2.697,2.662,2.605,2.528,2.438,2.336,2.215,2.144,2.152,2.209,2.253,2.302,2.302,2.221,2.087,1.964,1.841,1.727,1.635,1.556,1.473,1.382,1.322,1.309,1.324,1.337,1.363,1.349,1.269,1.15,1.041,0.929,0.852,0.835,0.855,0.868,0.882,0.888,0.875,0.85,0.83,0.816,0.789,0.742,0.685,0.629,0.572,0.53,0.515,0.517,0.517,0.517,0.518,0.512,0.504,0.497,0.493,0.485,0.472,0.455,0.437,0.418,0.4,0.386,0.372,0.358,0.344,0.325,0.299,0.267,0.237,0.207,0.18,0.159,0.143,0.126,0.111,0.095,0.079,0.064,0.049,0.036,0.026,0.019,0.014,0.009,0.006,0.005,0.003,0.002,0.001,0,0,0
TON,2002,2.576,2.662,2.52,2.594,2.641,2.664,2.664,2.647,2.619,2.568,2.488,2.39,2.287,2.165,2.089,2.093,2.143,2.181,2.226,2.221,2.135,1.998,1.872,1.745,1.635,1.555,1.497,1.432,1.362,1.317,1.306,1.318,1.331,1.353,1.339,1.263,1.148,1.044,0.934,0.86,0.844,0.865,0.88,0.896,0.899,0.877,0.84,0.808,0.78,0.745,0.701,0.652,0.604,0.554,0.518,0.505,0.504,0.503,0.504,0.503,0.497,0.49,0.483,0.477,0.469,0.456,0.439,0.421,0.402,0.385,0.37,0.356,0.341,0.327,0.308,0.282,0.252,0.223,0.194,0.168,0.147,0.129,0.112,0.096,0.08,0.066,0.053,0.04,0.029,0.021,0.015,0.011,0.007,0.005,0.004,0.002,0.002,0,0,0
TON,2003,2.703,2.715,2.717,2.541,2.581,2.606,2.614,2.608,2.593,2.574,2.528,2.445,2.342,2.234,2.11,2.033,2.031,2.075,2.107,2.146,2.138,2.047,1.907,1.778,1.648,1.54,1.474,1.435,1.39,1.34,1.309,1.302,1.312,1.322,1.342,1.327,1.253,1.146,1.045,0.938,0.866,0.853,0.875,0.89,0.908,0.909,0.878,0.828,0.784,0.743,0.701,0.659,0.619,0.578,0.536,0.506,0.492,0.492,0.489,0.488,0.488,0.482,0.474,0.467,0.462,0.453,0.439,0.423,0.405,0.387,0.369,0.354,0.339,0.324,0.309,0.29,0.265,0.236,0.208,0.18,0.154,0.133,0.116,0.097,0.081,0.066,0.053,0.042,0.032,0.023,0.016,0.012,0.008,0.005,0.004,0.002,0.002,0.001,0,0
TON,2004,2.825,2.769,2.722,2.681,2.564,2.571,2.572,2.568,2.556,2.542,2.53,2.489,2.405,2.294,2.182,2.059,1.978,1.971,2.007,2.034,2.069,2.056,1.961,1.818,1.685,1.552,1.447,1.394,1.376,1.349,1.319,1.302,1.3,1.306,1.314,1.332,1.317,1.246,1.144,1.046,0.943,0.874,0.862,0.886,0.902,0.922,0.92,0.88,0.818,0.762,0.707,0.658,0.618,0.586,0.553,0.518,0.494,0.482,0.479,0.475,0.475,0.472,0.467,0.459,0.453,0.446,0.437,0.424,0.407,0.389,0.37,0.353,0.338,0.323,0.308,0.291,0.273,0.248,0.221,0.193,0.166,0.142,0.12,0.102,0.084,0.067,0.052,0.04,0.032,0.022,0.016,0.012,0.008,0.005,0.003,0.002,0.002,0.001,0,0
TON,2005,2.91,2.811,2.734,2.673,2.627,2.592,2.566,2.545,2.526,2.508,2.495,2.492,2.456,2.369,2.251,2.136,2.01,1.928,1.915,1.945,1.966,1.997,1.978,1.879,1.732,1.597,1.458,1.357,1.317,1.318,1.311,1.302,1.299,1.3,1.303,1.31,1.325,1.309,1.241,1.144,1.051,0.949,0.883,0.873,0.898,0.915,0.937,0.932,0.884,0.808,0.74,0.673,0.615,0.578,0.554,0.528,0.502,0.483,0.472,0.467,0.463,0.461,0.459,0.453,0.445,0.438,0.432,0.422,0.408,0.391,0.374,0.355,0.338,0.322,0.307,0.291,0.275,0.256,0.232,0.205,0.179,0.153,0.129,0.107,0.089,0.07,0.052,0.038,0.028,0.021,0.014,0.01,0.008,0.005,0.002,0.001,0.001,0,0,0
TON,2006,2.938,2.863,2.778,2.709,2.653,2.609,2.573,2.542,2.517,2.497,2.479,2.464,2.458,2.418,2.326,2.202,2.083,1.953,1.865,1.848,1.872,1.89,1.915,1.899,1.812,1.682,1.564,1.444,1.357,1.323,1.325,1.319,1.312,1.307,1.299,1.287,1.28,1.28,1.254,1.191,1.104,1.022,0.931,0.872,0.863,0.886,0.902,0.923,0.918,0.868,0.79,0.721,0.651,0.594,0.558,0.539,0.516,0.493,0.476,0.465,0.457,0.451,0.447,0.442,0.436,0.427,0.42,0.413,0.404,0.389,0.373,0.356,0.338,0.32,0.305,0.29,0.274,0.258,0.239,0.216,0.189,0.162,0.136,0.113,0.093,0.077,0.06,0.044,0.032,0.024,0.017,0.012,0.008,0.006,0.004,0.002,0.001,0,0,0
TON,2007,2.932,2.84,2.821,2.75,2.69,2.639,2.597,2.558,2.524,2.495,2.473,2.453,2.436,2.427,2.384,2.286,2.157,2.032,1.898,1.806,1.784,1.804,1.816,1.836,1.822,1.748,1.637,1.535,1.433,1.358,1.331,1.333,1.329,1.325,1.318,1.3,1.273,1.252,1.235,1.202,1.142,1.068,0.994,0.914,0.862,0.855,0.875,0.89,0.911,0.905,0.853,0.775,0.703,0.631,0.573,0.54,0.523,0.504,0.485,0.47,0.457,0.447,0.44,0.434,0.427,0.419,0.411,0.402,0.395,0.385,0.371,0.354,0.339,0.32,0.303,0.288,0.273,0.257,0.242,0.223,0.199,0.171,0.146,0.12,0.097,0.078,0.064,0.049,0.037,0.027,0.02,0.014,0.009,0.006,0.005,0.004,0.002,0,0,0
TON,2008,2.897,2.835,2.782,2.78,2.723,2.671,2.625,2.585,2.545,2.505,2.473,2.449,2.43,2.41,2.397,2.35,2.248,2.113,1.982,1.844,1.747,1.719,1.735,1.742,1.759,1.746,1.683,1.591,1.507,1.422,1.36,1.34,1.342,1.34,1.339,1.329,1.301,1.26,1.224,1.192,1.15,1.094,1.031,0.967,0.897,0.853,0.847,0.865,0.879,0.899,0.892,0.839,0.759,0.685,0.611,0.553,0.521,0.508,0.493,0.477,0.465,0.451,0.438,0.428,0.42,0.411,0.403,0.394,0.386,0.378,0.367,0.353,0.337,0.32,0.303,0.286,0.271,0.256,0.241,0.226,0.207,0.183,0.155,0.129,0.103,0.08,0.064,0.052,0.04,0.029,0.022,0.015,0.011,0.006,0.005,0.004,0.002,0.001,0,0
TON,2009,2.846,2.813,2.78,2.749,2.733,2.689,2.646,2.606,2.566,2.526,2.481,2.445,2.42,2.399,2.377,2.363,2.312,2.203,2.063,1.928,1.785,1.684,1.651,1.662,1.665,1.676,1.666,1.615,1.541,1.475,1.408,1.36,1.345,1.349,1.349,1.35,1.337,1.298,1.244,1.194,1.146,1.095,1.043,0.991,0.938,0.878,0.841,0.838,0.853,0.866,0.885,0.876,0.823,0.741,0.666,0.589,0.53,0.502,0.493,0.48,0.468,0.458,0.444,0.428,0.416,0.405,0.395,0.386,0.376,0.367,0.359,0.348,0.334,0.319,0.302,0.285,0.269,0.254,0.239,0.223,0.208,0.19,0.166,0.139,0.112,0.086,0.064,0.049,0.04,0.029,0.021,0.016,0.011,0.007,0.004,0.003,0.002,0.002,0,0
TON,2010,2.788,2.773,2.753,2.731,2.705,2.676,2.646,2.612,2.577,2.539,2.498,2.449,2.408,2.382,2.361,2.337,2.319,2.265,2.153,2.006,1.867,1.72,1.615,1.578,1.582,1.583,1.589,1.579,1.541,1.486,1.438,1.388,1.355,1.346,1.351,1.352,1.356,1.34,1.292,1.223,1.16,1.096,1.037,0.989,0.948,0.905,0.857,0.827,0.825,0.838,0.849,0.868,0.858,0.804,0.721,0.645,0.566,0.506,0.48,0.474,0.466,0.458,0.449,0.434,0.416,0.402,0.389,0.377,0.367,0.358,0.349,0.339,0.328,0.314,0.298,0.283,0.267,0.25,0.235,0.22,0.205,0.191,0.172,0.149,0.121,0.095,0.068,0.048,0.034,0.027,0.019,0.013,0.011,0.008,0.004,0.002,0.002,0.001,0,0
TON,2011,2.747,2.721,2.708,2.691,2.672,2.65,2.626,2.6,2.569,2.532,2.492,2.448,2.398,2.352,2.313,2.275,2.236,2.201,2.138,2.033,1.903,1.778,1.648,1.555,1.522,1.527,1.529,1.537,1.529,1.492,1.438,1.39,1.342,1.307,1.296,1.297,1.295,1.295,1.279,1.241,1.187,1.137,1.088,1.039,0.994,0.951,0.906,0.858,0.825,0.815,0.819,0.822,0.829,0.815,0.766,0.696,0.632,0.565,0.513,0.487,0.476,0.464,0.452,0.439,0.424,0.407,0.392,0.379,0.366,0.355,0.344,0.334,0.325,0.313,0.297,0.28,0.263,0.245,0.228,0.213,0.198,0.183,0.169,0.152,0.13,0.105,0.081,0.058,0.04,0.029,0.023,0.016,0.011,0.009,0.006,0.003,0.002,0.001,0,0
TON,2012,2.7,2.679,2.646,2.634,2.621,2.605,2.587,2.567,2.546,2.518,2.481,2.437,2.391,2.34,2.288,2.236,2.182,2.127,2.076,2.006,1.907,1.795,1.685,1.571,1.491,1.463,1.468,1.471,1.481,1.474,1.438,1.385,1.338,1.291,1.256,1.242,1.24,1.234,1.229,1.215,1.186,1.148,1.112,1.076,1.038,0.995,0.95,0.905,0.856,0.82,0.804,0.798,0.792,0.788,0.77,0.727,0.67,0.617,0.563,0.519,0.492,0.477,0.46,0.445,0.429,0.413,0.396,0.38,0.367,0.353,0.342,0.33,0.32,0.31,0.297,0.281,0.261,0.243,0.223,0.206,0.19,0.176,0.161,0.147,0.132,0.111,0.09,0.067,0.048,0.034,0.024,0.019,0.013,0.009,0.007,0.004,0.002,0.002,0,0
TON,2013,2.653,2.62,2.59,2.571,2.561,2.551,2.538,2.525,2.509,2.491,2.466,2.429,2.383,2.334,2.282,2.224,2.16,2.09,2.02,1.951,1.874,1.783,1.686,1.592,1.494,1.426,1.403,1.409,1.414,1.424,1.419,1.384,1.333,1.286,1.241,1.206,1.189,1.182,1.173,1.164,1.151,1.132,1.108,1.086,1.065,1.037,0.996,0.95,0.903,0.854,0.815,0.791,0.777,0.761,0.747,0.724,0.689,0.644,0.602,0.56,0.524,0.498,0.477,0.458,0.438,0.42,0.401,0.385,0.37,0.355,0.342,0.329,0.317,0.306,0.294,0.281,0.263,0.242,0.222,0.202,0.183,0.167,0.153,0.139,0.126,0.11,0.092,0.074,0.054,0.037,0.027,0.019,0.014,0.009,0.007,0.005,0.004,0.002,0,0
TON,2014,2.614,2.57,2.535,2.509,2.506,2.497,2.489,2.48,2.471,2.459,2.447,2.423,2.386,2.337,2.286,2.233,2.169,2.091,2.005,1.919,1.834,1.749,1.665,1.584,1.505,1.423,1.367,1.348,1.355,1.36,1.373,1.369,1.336,1.285,1.239,1.195,1.159,1.139,1.129,1.117,1.102,1.091,1.082,1.073,1.064,1.058,1.039,1.001,0.953,0.905,0.855,0.812,0.782,0.759,0.734,0.709,0.682,0.652,0.62,0.59,0.56,0.532,0.505,0.48,0.456,0.432,0.41,0.392,0.376,0.36,0.345,0.33,0.317,0.304,0.291,0.28,0.266,0.247,0.224,0.203,0.181,0.162,0.145,0.132,0.118,0.104,0.091,0.075,0.058,0.041,0.027,0.019,0.014,0.009,0.006,0.004,0.004,0.002,0.001,0
TON,2015,2.585,2.541,2.507,2.483,2.465,2.455,2.447,2.442,2.437,2.431,2.424,2.416,2.395,2.357,2.305,2.25,2.196,2.125,2.035,1.931,1.83,1.727,1.634,1.556,1.49,1.426,1.359,1.315,1.302,1.308,1.315,1.33,1.327,1.295,1.244,1.199,1.155,1.119,1.097,1.083,1.066,1.048,1.037,1.037,1.044,1.049,1.056,1.048,1.012,0.962,0.913,0.862,0.815,0.777,0.744,0.71,0.674,0.643,0.619,0.599,0.58,0.563,0.542,0.515,0.485,0.457,0.428,0.404,0.385,0.369,0.352,0.336,0.321,0.306,0.293,0.28,0.268,0.253,0.231,0.207,0.185,0.161,0.141,0.124,0.11,0.096,0.084,0.071,0.057,0.044,0.028,0.016,0.013,0.009,0.005,0.002,0.002,0.002,0.002,0
TON,2016,2.519,2.548,2.513,2.486,2.466,2.451,2.438,2.428,2.42,2.413,2.405,2.395,2.383,2.359,2.318,2.263,2.206,2.147,2.076,1.985,1.883,1.782,1.682,1.59,1.514,1.451,1.388,1.324,1.282,1.27,1.278,1.287,1.302,1.301,1.27,1.22,1.177,1.134,1.098,1.076,1.064,1.048,1.03,1.02,1.02,1.025,1.031,1.038,1.029,0.995,0.944,0.896,0.845,0.799,0.761,0.729,0.694,0.659,0.628,0.603,0.583,0.564,0.545,0.524,0.497,0.467,0.438,0.411,0.385,0.366,0.349,0.333,0.316,0.3,0.285,0.271,0.257,0.245,0.229,0.209,0.187,0.165,0.143,0.123,0.108,0.095,0.082,0.071,0.06,0.048,0.036,0.023,0.014,0.011,0.007,0.004,0.002,0.002,0.002,0
TON,2017,2.465,2.452,2.527,2.502,2.481,2.465,2.45,2.437,2.424,2.413,2.404,2.393,2.38,2.366,2.338,2.293,2.235,2.174,2.113,2.039,1.948,1.846,1.747,1.648,1.557,1.482,1.421,1.359,1.298,1.258,1.247,1.255,1.266,1.283,1.282,1.252,1.203,1.16,1.119,1.085,1.063,1.051,1.036,1.018,1.008,1.008,1.015,1.019,1.026,1.017,0.983,0.933,0.884,0.834,0.787,0.749,0.718,0.683,0.647,0.616,0.592,0.571,0.55,0.532,0.51,0.483,0.452,0.423,0.395,0.37,0.349,0.332,0.315,0.298,0.282,0.266,0.251,0.237,0.224,0.208,0.188,0.167,0.145,0.125,0.106,0.092,0.081,0.069,0.059,0.049,0.039,0.029,0.018,0.011,0.009,0.006,0.003,0.002,0.002,0
TON,2018,2.425,2.434,2.443,2.515,2.5,2.485,2.472,2.459,2.445,2.429,2.415,2.403,2.392,2.375,2.356,2.326,2.277,2.214,2.15,2.086,2.01,1.918,1.817,1.717,1.619,1.529,1.457,1.396,1.336,1.276,1.237,1.228,1.238,1.249,1.267,1.268,1.239,1.192,1.15,1.109,1.075,1.054,1.041,1.027,1.009,0.999,1,1.007,1.012,1.018,1.009,0.974,0.924,0.876,0.825,0.779,0.741,0.709,0.674,0.638,0.607,0.581,0.56,0.539,0.52,0.498,0.47,0.439,0.409,0.38,0.355,0.334,0.317,0.298,0.281,0.264,0.248,0.232,0.217,0.203,0.187,0.168,0.147,0.127,0.108,0.091,0.077,0.067,0.056,0.047,0.04,0.03,0.021,0.013,0.009,0.007,0.004,0.002,0.002,0
TON,2019,2.399,2.426,2.448,2.463,2.504,2.498,2.49,2.48,2.469,2.454,2.436,2.418,2.404,2.39,2.371,2.349,2.315,2.262,2.196,2.129,2.06,1.981,1.888,1.788,1.689,1.591,1.503,1.431,1.372,1.313,1.254,1.218,1.21,1.221,1.234,1.253,1.255,1.226,1.18,1.139,1.098,1.065,1.045,1.033,1.019,1.002,0.993,0.993,0.999,1.004,1.011,1.001,0.967,0.917,0.868,0.818,0.771,0.733,0.7,0.666,0.63,0.598,0.571,0.55,0.528,0.508,0.486,0.457,0.426,0.396,0.367,0.34,0.319,0.3,0.282,0.264,0.247,0.23,0.213,0.197,0.182,0.166,0.147,0.128,0.109,0.09,0.075,0.062,0.052,0.043,0.035,0.029,0.022,0.015,0.008,0.006,0.004,0.003,0.002,0
TON,2020,2.387,2.42,2.446,2.467,2.481,2.49,2.493,2.493,2.486,2.476,2.46,2.438,2.418,2.401,2.386,2.364,2.338,2.3,2.243,2.174,2.104,2.031,1.95,1.857,1.756,1.659,1.561,1.474,1.403,1.345,1.289,1.232,1.197,1.19,1.202,1.217,1.236,1.24,1.213,1.167,1.126,1.087,1.054,1.035,1.024,1.01,0.994,0.984,0.985,0.991,0.996,1.002,0.992,0.958,0.908,0.859,0.809,0.762,0.724,0.691,0.656,0.62,0.588,0.561,0.538,0.517,0.496,0.472,0.443,0.412,0.381,0.351,0.326,0.303,0.284,0.265,0.247,0.229,0.211,0.194,0.177,0.161,0.145,0.127,0.108,0.091,0.073,0.058,0.047,0.039,0.029,0.023,0.019,0.014,0.007,0.004,0.002,0.002,0.002,0
TON,2021,2.395,2.391,2.419,2.443,2.462,2.477,2.488,2.495,2.494,2.486,2.471,2.452,2.426,2.402,2.382,2.363,2.337,2.308,2.268,2.211,2.141,2.071,2,1.92,1.828,1.729,1.633,1.537,1.452,1.382,1.325,1.27,1.215,1.18,1.176,1.189,1.204,1.224,1.229,1.202,1.156,1.116,1.077,1.045,1.025,1.015,1.001,0.984,0.974,0.975,0.981,0.986,0.992,0.982,0.948,0.897,0.848,0.798,0.75,0.711,0.679,0.643,0.607,0.574,0.547,0.524,0.501,0.48,0.455,0.426,0.395,0.364,0.334,0.308,0.285,0.266,0.246,0.228,0.21,0.192,0.175,0.16,0.144,0.129,0.112,0.094,0.078,0.062,0.05,0.04,0.032,0.024,0.019,0.015,0.012,0.005,0.002,0.002,0.002,0
TON,2022,2.417,2.425,2.392,2.415,2.436,2.453,2.469,2.482,2.492,2.493,2.482,2.463,2.439,2.411,2.383,2.36,2.337,2.308,2.275,2.233,2.175,2.107,2.037,1.967,1.888,1.797,1.7,1.605,1.512,1.428,1.36,1.304,1.251,1.197,1.163,1.159,1.174,1.189,1.211,1.216,1.189,1.145,1.105,1.066,1.035,1.015,1.005,0.99,0.974,0.965,0.965,0.971,0.975,0.981,0.97,0.935,0.885,0.836,0.785,0.737,0.698,0.666,0.63,0.593,0.56,0.532,0.507,0.484,0.462,0.438,0.408,0.376,0.346,0.316,0.288,0.266,0.247,0.227,0.209,0.191,0.174,0.157,0.141,0.127,0.112,0.096,0.081,0.066,0.052,0.042,0.033,0.025,0.019,0.015,0.012,0.009,0.005,0.002,0.002,0
TON,2023,2.449,2.433,2.425,2.39,2.408,2.426,2.444,2.459,2.474,2.488,2.49,2.477,2.453,2.426,2.394,2.362,2.335,2.309,2.276,2.241,2.195,2.137,2.069,2.001,1.932,1.854,1.765,1.67,1.577,1.485,1.403,1.336,1.283,1.23,1.177,1.146,1.142,1.157,1.174,1.196,1.201,1.176,1.132,1.093,1.054,1.023,1.004,0.994,0.98,0.963,0.954,0.955,0.959,0.963,0.968,0.957,0.923,0.872,0.823,0.771,0.724,0.685,0.651,0.615,0.579,0.544,0.516,0.491,0.467,0.444,0.419,0.39,0.358,0.328,0.297,0.27,0.247,0.228,0.208,0.189,0.172,0.154,0.139,0.123,0.109,0.095,0.081,0.067,0.053,0.041,0.033,0.026,0.02,0.014,0.012,0.009,0.007,0.003,0.002,0
TON,2024,2.482,2.445,2.42,2.408,2.389,2.402,2.417,2.434,2.45,2.466,2.484,2.488,2.473,2.444,2.413,2.377,2.341,2.312,2.281,2.246,2.207,2.159,2.101,2.033,1.965,1.898,1.821,1.733,1.639,1.548,1.458,1.378,1.313,1.261,1.21,1.158,1.128,1.125,1.142,1.159,1.182,1.188,1.163,1.119,1.081,1.043,1.012,0.993,0.982,0.969,0.953,0.943,0.943,0.948,0.952,0.956,0.946,0.91,0.86,0.81,0.759,0.711,0.672,0.638,0.601,0.564,0.53,0.502,0.476,0.451,0.427,0.401,0.372,0.339,0.309,0.278,0.252,0.228,0.208,0.189,0.17,0.153,0.136,0.119,0.105,0.091,0.078,0.066,0.053,0.041,0.03,0.024,0.019,0.013,0.009,0.007,0.006,0.004,0.002,0
TON,2025,2.511,2.458,2.422,2.401,2.391,2.391,2.397,2.41,2.425,2.441,2.46,2.481,2.486,2.469,2.436,2.401,2.361,2.323,2.288,2.255,2.217,2.174,2.124,2.065,1.998,1.93,1.864,1.788,1.702,1.61,1.52,1.432,1.354,1.291,1.24,1.19,1.14,1.111,1.11,1.126,1.144,1.168,1.175,1.151,1.107,1.069,1.032,1.001,0.983,0.972,0.959,0.943,0.933,0.933,0.938,0.94,0.944,0.933,0.899,0.847,0.798,0.746,0.699,0.659,0.624,0.588,0.55,0.516,0.486,0.46,0.434,0.409,0.384,0.353,0.321,0.291,0.26,0.233,0.21,0.189,0.17,0.151,0.133,0.117,0.101,0.087,0.074,0.062,0.05,0.04,0.029,0.02,0.016,0.012,0.007,0.004,0.004,0.002,0.002,0
TON,2026,2.529,2.493,2.449,2.418,2.4,2.391,2.39,2.395,2.404,2.417,2.431,2.447,2.465,2.467,2.446,2.408,2.371,2.328,2.287,2.252,2.219,2.181,2.139,2.091,2.033,1.968,1.903,1.837,1.763,1.678,1.588,1.5,1.413,1.337,1.274,1.224,1.175,1.126,1.098,1.097,1.114,1.133,1.157,1.163,1.14,1.096,1.059,1.021,0.991,0.972,0.962,0.949,0.932,0.923,0.921,0.925,0.927,0.931,0.919,0.883,0.831,0.781,0.729,0.681,0.641,0.607,0.569,0.531,0.497,0.467,0.44,0.413,0.389,0.363,0.333,0.3,0.27,0.241,0.214,0.191,0.171,0.153,0.135,0.119,0.103,0.088,0.075,0.063,0.053,0.042,0.033,0.023,0.017,0.014,0.01,0.006,0.004,0.002,0.002,0
TON,2027,2.543,2.485,2.477,2.44,2.415,2.399,2.391,2.391,2.393,2.4,2.411,2.422,2.435,2.45,2.448,2.423,2.383,2.341,2.295,2.252,2.216,2.185,2.146,2.106,2.058,2.001,1.939,1.874,1.811,1.74,1.655,1.566,1.479,1.395,1.319,1.258,1.209,1.161,1.113,1.085,1.084,1.103,1.121,1.146,1.152,1.129,1.086,1.048,1.012,0.981,0.962,0.952,0.939,0.922,0.911,0.91,0.913,0.914,0.917,0.904,0.868,0.816,0.765,0.713,0.664,0.624,0.589,0.551,0.513,0.478,0.447,0.42,0.393,0.368,0.341,0.312,0.28,0.249,0.221,0.195,0.173,0.154,0.136,0.119,0.103,0.089,0.076,0.064,0.053,0.044,0.035,0.027,0.019,0.014,0.01,0.008,0.004,0.002,0.002,0
TON,2028,2.552,2.499,2.459,2.461,2.432,2.413,2.399,2.393,2.391,2.391,2.396,2.405,2.414,2.424,2.434,2.43,2.402,2.357,2.312,2.262,2.217,2.181,2.149,2.113,2.072,2.027,1.972,1.91,1.847,1.785,1.715,1.633,1.545,1.46,1.376,1.302,1.241,1.194,1.147,1.1,1.073,1.073,1.091,1.11,1.135,1.141,1.119,1.076,1.039,1.002,0.971,0.952,0.942,0.929,0.911,0.901,0.899,0.901,0.901,0.903,0.89,0.852,0.801,0.75,0.697,0.647,0.606,0.571,0.533,0.495,0.459,0.428,0.401,0.373,0.347,0.321,0.291,0.259,0.23,0.201,0.176,0.155,0.136,0.119,0.103,0.089,0.075,0.063,0.052,0.043,0.035,0.028,0.02,0.014,0.01,0.008,0.006,0.004,0.002,0
TON,2029,2.559,2.514,2.477,2.449,2.445,2.424,2.409,2.4,2.395,2.392,2.391,2.392,2.398,2.406,2.412,2.419,2.411,2.379,2.332,2.283,2.23,2.182,2.146,2.115,2.079,2.04,1.995,1.941,1.88,1.819,1.76,1.691,1.611,1.524,1.44,1.357,1.284,1.226,1.179,1.133,1.087,1.06,1.061,1.079,1.099,1.124,1.131,1.108,1.066,1.029,0.991,0.961,0.942,0.932,0.919,0.901,0.89,0.888,0.889,0.888,0.89,0.876,0.838,0.786,0.734,0.68,0.631,0.589,0.554,0.515,0.477,0.441,0.409,0.38,0.353,0.327,0.3,0.269,0.239,0.209,0.182,0.157,0.136,0.118,0.102,0.087,0.074,0.061,0.051,0.04,0.033,0.027,0.02,0.014,0.01,0.006,0.006,0.004,0.002,0
TON,2030,2.567,2.528,2.495,2.468,2.446,2.429,2.416,2.407,2.4,2.396,2.393,2.389,2.388,2.392,2.397,2.401,2.404,2.392,2.357,2.306,2.254,2.198,2.148,2.11,2.08,2.045,2.007,1.962,1.91,1.85,1.791,1.734,1.667,1.588,1.503,1.42,1.34,1.267,1.21,1.164,1.119,1.073,1.047,1.049,1.068,1.088,1.112,1.12,1.098,1.056,1.019,0.981,0.951,0.932,0.922,0.908,0.891,0.88,0.876,0.877,0.875,0.876,0.861,0.823,0.77,0.718,0.665,0.614,0.572,0.536,0.497,0.458,0.422,0.39,0.36,0.333,0.306,0.278,0.249,0.218,0.19,0.162,0.137,0.118,0.101,0.086,0.072,0.058,0.047,0.037,0.028,0.022,0.018,0.013,0.008,0.004,0.004,0.002,0.002,0
TON,2031,2.578,2.555,2.52,2.49,2.466,2.444,2.427,2.414,2.403,2.394,2.388,2.381,2.374,2.369,2.369,2.371,2.371,2.372,2.358,2.321,2.27,2.22,2.164,2.115,2.079,2.051,2.016,1.98,1.938,1.887,1.829,1.771,1.715,1.649,1.572,1.487,1.406,1.326,1.255,1.197,1.152,1.108,1.062,1.037,1.039,1.058,1.077,1.102,1.11,1.087,1.046,1.009,0.971,0.94,0.921,0.91,0.896,0.878,0.867,0.863,0.861,0.858,0.857,0.841,0.803,0.749,0.697,0.642,0.592,0.55,0.514,0.475,0.436,0.4,0.368,0.338,0.31,0.283,0.256,0.228,0.199,0.172,0.145,0.123,0.104,0.088,0.074,0.061,0.051,0.04,0.032,0.023,0.018,0.015,0.011,0.006,0.004,0.003,0.002,0
TON,2032,2.588,2.556,2.544,2.513,2.486,2.463,2.443,2.427,2.413,2.4,2.389,2.379,2.369,2.358,2.351,2.347,2.346,2.342,2.339,2.322,2.285,2.236,2.186,2.131,2.083,2.048,2.021,1.989,1.955,1.914,1.864,1.807,1.751,1.696,1.632,1.555,1.472,1.391,1.311,1.242,1.186,1.141,1.096,1.052,1.028,1.029,1.048,1.067,1.093,1.099,1.077,1.035,0.998,0.96,0.929,0.91,0.899,0.884,0.866,0.854,0.848,0.845,0.841,0.839,0.822,0.782,0.728,0.676,0.621,0.571,0.528,0.491,0.453,0.414,0.377,0.345,0.315,0.287,0.261,0.234,0.207,0.179,0.153,0.128,0.107,0.09,0.076,0.063,0.051,0.042,0.033,0.026,0.019,0.014,0.012,0.008,0.005,0.003,0.002,0
TON,2033,2.598,2.569,2.543,2.533,2.506,2.482,2.461,2.442,2.425,2.411,2.397,2.383,2.371,2.358,2.343,2.332,2.326,2.32,2.313,2.307,2.288,2.251,2.201,2.151,2.098,2.051,2.017,1.991,1.961,1.928,1.89,1.841,1.786,1.731,1.676,1.614,1.539,1.456,1.376,1.298,1.229,1.173,1.129,1.085,1.042,1.017,1.02,1.037,1.057,1.082,1.089,1.067,1.025,0.988,0.95,0.918,0.899,0.888,0.873,0.855,0.841,0.834,0.83,0.825,0.821,0.802,0.762,0.708,0.655,0.6,0.549,0.506,0.469,0.431,0.392,0.356,0.323,0.293,0.265,0.238,0.212,0.186,0.159,0.134,0.112,0.091,0.076,0.063,0.051,0.042,0.033,0.026,0.019,0.014,0.011,0.009,0.006,0.004,0.002,0.001
TON,2034,2.606,2.58,2.556,2.534,2.521,2.498,2.478,2.459,2.441,2.425,2.409,2.393,2.377,2.362,2.346,2.328,2.313,2.303,2.294,2.283,2.274,2.253,2.215,2.166,2.117,2.064,2.019,1.987,1.962,1.933,1.903,1.865,1.818,1.764,1.71,1.657,1.595,1.522,1.441,1.362,1.284,1.215,1.161,1.118,1.075,1.032,1.007,1.009,1.028,1.047,1.072,1.079,1.057,1.014,0.977,0.939,0.908,0.889,0.876,0.86,0.842,0.827,0.82,0.815,0.808,0.803,0.783,0.742,0.687,0.634,0.578,0.527,0.484,0.447,0.408,0.369,0.333,0.3,0.271,0.242,0.216,0.19,0.164,0.139,0.116,0.094,0.077,0.062,0.051,0.04,0.031,0.026,0.019,0.014,0.01,0.008,0.006,0.004,0.002,0.001
TON,2035,2.61,2.588,2.567,2.547,2.528,2.509,2.491,2.473,2.457,2.44,2.423,2.407,2.389,2.372,2.354,2.334,2.313,2.294,2.28,2.268,2.255,2.241,2.218,2.179,2.131,2.083,2.031,1.986,1.956,1.933,1.906,1.876,1.84,1.795,1.742,1.69,1.638,1.578,1.505,1.424,1.347,1.271,1.203,1.149,1.105,1.064,1.021,0.996,0.999,1.018,1.037,1.062,1.068,1.046,1.004,0.967,0.929,0.897,0.877,0.865,0.849,0.83,0.814,0.806,0.799,0.791,0.784,0.763,0.722,0.666,0.613,0.557,0.506,0.462,0.425,0.386,0.347,0.311,0.278,0.248,0.22,0.194,0.168,0.143,0.119,0.098,0.078,0.061,0.048,0.038,0.028,0.021,0.017,0.013,0.008,0.004,0.004,0.003,0.002,0.001
TON,2036,2.611,2.601,2.581,2.562,2.544,2.526,2.507,2.489,2.471,2.451,2.431,2.411,2.391,2.371,2.35,2.328,2.305,2.281,2.26,2.245,2.233,2.221,2.207,2.186,2.148,2.102,2.055,2.005,1.963,1.933,1.91,1.885,1.858,1.823,1.779,1.726,1.675,1.624,1.564,1.492,1.412,1.335,1.259,1.192,1.138,1.095,1.054,1.011,0.987,0.99,1.008,1.027,1.051,1.058,1.035,0.993,0.955,0.916,0.884,0.864,0.85,0.833,0.813,0.798,0.786,0.778,0.769,0.76,0.737,0.696,0.64,0.586,0.531,0.479,0.436,0.399,0.361,0.322,0.286,0.255,0.226,0.199,0.173,0.15,0.126,0.105,0.085,0.067,0.052,0.042,0.032,0.024,0.018,0.015,0.01,0.006,0.004,0.003,0.002,0.001
TON,2037,2.608,2.595,2.591,2.574,2.558,2.54,2.523,2.505,2.487,2.469,2.447,2.423,2.4,2.376,2.352,2.327,2.302,2.276,2.249,2.225,2.21,2.199,2.186,2.175,2.153,2.118,2.072,2.027,1.979,1.938,1.911,1.889,1.865,1.838,1.805,1.762,1.711,1.659,1.61,1.551,1.479,1.4,1.323,1.249,1.182,1.128,1.086,1.044,1.001,0.978,0.98,0.998,1.017,1.04,1.047,1.023,0.981,0.943,0.904,0.871,0.849,0.836,0.818,0.797,0.78,0.768,0.758,0.746,0.735,0.713,0.67,0.614,0.56,0.504,0.453,0.41,0.373,0.335,0.298,0.263,0.232,0.204,0.178,0.154,0.131,0.11,0.091,0.072,0.056,0.044,0.035,0.026,0.019,0.015,0.011,0.008,0.005,0.003,0.002,0.001
TON,2038,2.604,2.594,2.584,2.582,2.568,2.553,2.538,2.52,2.503,2.485,2.465,2.441,2.415,2.388,2.361,2.333,2.305,2.277,2.248,2.216,2.191,2.174,2.165,2.152,2.142,2.122,2.087,2.043,2,1.954,1.914,1.888,1.868,1.844,1.819,1.787,1.744,1.695,1.645,1.596,1.538,1.467,1.388,1.312,1.237,1.171,1.118,1.076,1.035,0.992,0.969,0.97,0.988,1.006,1.03,1.036,1.012,0.969,0.931,0.892,0.858,0.836,0.821,0.802,0.781,0.762,0.749,0.737,0.724,0.711,0.687,0.643,0.587,0.533,0.478,0.427,0.384,0.347,0.31,0.273,0.239,0.209,0.182,0.157,0.135,0.113,0.093,0.076,0.059,0.045,0.036,0.028,0.02,0.014,0.011,0.009,0.006,0.004,0.002,0.001
TON,2039,2.598,2.592,2.584,2.576,2.573,2.562,2.548,2.534,2.518,2.501,2.483,2.463,2.436,2.406,2.376,2.346,2.315,2.283,2.25,2.218,2.184,2.156,2.14,2.129,2.118,2.108,2.09,2.056,2.014,1.972,1.927,1.889,1.865,1.846,1.824,1.8,1.77,1.728,1.679,1.63,1.581,1.524,1.453,1.376,1.301,1.226,1.16,1.107,1.066,1.025,0.982,0.959,0.961,0.979,0.996,1.02,1.025,1,0.958,0.919,0.88,0.846,0.822,0.807,0.787,0.765,0.745,0.729,0.716,0.701,0.687,0.662,0.617,0.561,0.507,0.452,0.401,0.358,0.322,0.285,0.249,0.216,0.186,0.16,0.136,0.114,0.095,0.078,0.062,0.046,0.035,0.028,0.02,0.013,0.009,0.007,0.006,0.004,0.002,0.001
TON,2040,2.59,2.586,2.582,2.578,2.571,2.564,2.554,2.544,2.53,2.516,2.499,2.481,2.459,2.431,2.398,2.365,2.33,2.296,2.261,2.225,2.189,2.15,2.121,2.104,2.095,2.084,2.075,2.057,2.025,1.985,1.944,1.901,1.866,1.841,1.825,1.803,1.781,1.751,1.711,1.662,1.614,1.567,1.51,1.441,1.363,1.289,1.214,1.149,1.097,1.056,1.015,0.973,0.949,0.951,0.969,0.986,1.008,1.013,0.989,0.946,0.907,0.867,0.833,0.809,0.792,0.771,0.748,0.728,0.711,0.695,0.679,0.662,0.636,0.591,0.535,0.48,0.425,0.374,0.332,0.296,0.259,0.224,0.191,0.163,0.139,0.115,0.095,0.077,0.061,0.048,0.034,0.024,0.019,0.013,0.008,0.004,0.004,0.002,0.002,0.001
TON,2041,2.583,2.583,2.581,2.578,2.574,2.568,2.56,2.552,2.541,2.526,2.508,2.488,2.467,2.441,2.408,2.373,2.336,2.298,2.261,2.225,2.191,2.155,2.118,2.089,2.073,2.066,2.057,2.05,2.034,2.002,1.963,1.924,1.882,1.848,1.825,1.809,1.789,1.767,1.737,1.697,1.65,1.602,1.555,1.498,1.429,1.352,1.278,1.204,1.139,1.087,1.046,1.005,0.964,0.939,0.941,0.957,0.974,0.996,1,0.975,0.931,0.891,0.85,0.815,0.79,0.772,0.75,0.727,0.705,0.686,0.668,0.65,0.633,0.605,0.559,0.504,0.451,0.396,0.346,0.306,0.271,0.236,0.202,0.171,0.145,0.122,0.1,0.082,0.067,0.052,0.039,0.027,0.02,0.016,0.011,0.006,0.004,0.003,0.002,0.001
TON,2042,2.576,2.575,2.575,2.575,2.573,2.57,2.565,2.558,2.55,2.538,2.521,2.5,2.476,2.452,2.422,2.387,2.347,2.306,2.267,2.227,2.191,2.156,2.121,2.085,2.058,2.043,2.037,2.029,2.023,2.009,1.98,1.942,1.903,1.863,1.83,1.808,1.793,1.773,1.753,1.723,1.685,1.637,1.59,1.543,1.487,1.418,1.342,1.267,1.194,1.129,1.077,1.036,0.995,0.954,0.929,0.93,0.946,0.962,0.983,0.986,0.961,0.916,0.876,0.834,0.798,0.772,0.752,0.73,0.705,0.682,0.661,0.642,0.622,0.603,0.573,0.529,0.474,0.421,0.367,0.319,0.278,0.245,0.211,0.18,0.15,0.126,0.105,0.085,0.069,0.056,0.044,0.032,0.022,0.016,0.013,0.009,0.006,0.003,0.002,0.001
TON,2043,2.567,2.565,2.565,2.568,2.569,2.568,2.566,2.562,2.556,2.548,2.536,2.516,2.491,2.464,2.437,2.403,2.364,2.322,2.278,2.235,2.193,2.155,2.122,2.088,2.052,2.025,2.012,2.007,2.001,1.998,1.985,1.957,1.919,1.883,1.845,1.813,1.792,1.777,1.758,1.737,1.711,1.671,1.624,1.577,1.531,1.475,1.406,1.33,1.257,1.183,1.119,1.067,1.026,0.985,0.944,0.919,0.92,0.936,0.95,0.971,0.972,0.946,0.902,0.86,0.817,0.78,0.754,0.733,0.709,0.683,0.659,0.637,0.615,0.593,0.573,0.542,0.497,0.443,0.39,0.338,0.29,0.252,0.22,0.188,0.157,0.13,0.108,0.089,0.071,0.056,0.046,0.035,0.025,0.017,0.013,0.01,0.007,0.004,0.002,0.001
TON,2044,2.557,2.555,2.555,2.557,2.561,2.562,2.563,2.561,2.558,2.553,2.546,2.534,2.512,2.483,2.453,2.422,2.386,2.342,2.295,2.249,2.202,2.158,2.12,2.087,2.054,2.019,1.994,1.981,1.978,1.974,1.971,1.961,1.934,1.898,1.864,1.826,1.794,1.775,1.761,1.743,1.723,1.697,1.659,1.611,1.565,1.519,1.463,1.396,1.32,1.246,1.173,1.108,1.058,1.016,0.976,0.935,0.91,0.91,0.924,0.939,0.957,0.96,0.932,0.886,0.844,0.801,0.763,0.735,0.713,0.689,0.662,0.636,0.612,0.588,0.565,0.542,0.511,0.466,0.413,0.361,0.309,0.262,0.224,0.194,0.164,0.135,0.11,0.089,0.072,0.056,0.044,0.035,0.027,0.018,0.011,0.009,0.007,0.004,0.002,0.001
TON,2045,2.545,2.544,2.544,2.547,2.549,2.553,2.555,2.557,2.557,2.555,2.55,2.544,2.53,2.506,2.475,2.441,2.406,2.367,2.32,2.27,2.22,2.17,2.124,2.085,2.052,2.02,1.986,1.962,1.951,1.949,1.945,1.946,1.936,1.911,1.876,1.843,1.806,1.776,1.757,1.744,1.728,1.709,1.683,1.645,1.599,1.553,1.507,1.452,1.384,1.309,1.236,1.163,1.098,1.047,1.007,0.966,0.925,0.9,0.899,0.913,0.927,0.945,0.946,0.918,0.871,0.829,0.784,0.745,0.716,0.694,0.668,0.639,0.613,0.587,0.562,0.537,0.512,0.48,0.435,0.381,0.33,0.28,0.234,0.198,0.169,0.14,0.113,0.09,0.071,0.055,0.041,0.03,0.025,0.018,0.01,0.006,0.004,0.004,0.002,0.001
TON,2046,2.531,2.536,2.537,2.54,2.543,2.547,2.551,2.553,2.555,2.552,2.546,2.538,2.53,2.512,2.485,2.449,2.412,2.374,2.331,2.285,2.235,2.186,2.136,2.091,2.054,2.023,1.993,1.961,1.938,1.929,1.927,1.926,1.927,1.918,1.895,1.861,1.827,1.792,1.762,1.745,1.732,1.716,1.697,1.671,1.633,1.587,1.541,1.495,1.44,1.372,1.298,1.225,1.152,1.087,1.037,0.995,0.955,0.913,0.888,0.887,0.899,0.911,0.928,0.927,0.898,0.851,0.807,0.763,0.722,0.692,0.668,0.642,0.612,0.584,0.557,0.531,0.503,0.478,0.445,0.402,0.35,0.301,0.253,0.209,0.175,0.149,0.123,0.098,0.078,0.061,0.047,0.034,0.025,0.021,0.015,0.009,0.005,0.004,0.002,0.001
TON,2047,2.515,2.515,2.527,2.53,2.535,2.54,2.545,2.549,2.552,2.551,2.547,2.538,2.527,2.515,2.493,2.462,2.424,2.383,2.341,2.297,2.249,2.201,2.153,2.103,2.06,2.024,1.994,1.964,1.934,1.914,1.906,1.906,1.906,1.908,1.901,1.878,1.845,1.813,1.778,1.749,1.731,1.719,1.703,1.685,1.659,1.622,1.576,1.529,1.483,1.429,1.361,1.287,1.214,1.141,1.076,1.026,0.984,0.943,0.902,0.876,0.873,0.885,0.895,0.911,0.908,0.879,0.831,0.786,0.74,0.7,0.668,0.643,0.615,0.585,0.556,0.527,0.499,0.471,0.444,0.411,0.368,0.319,0.272,0.225,0.184,0.154,0.129,0.104,0.083,0.066,0.051,0.038,0.027,0.021,0.016,0.012,0.007,0.004,0.002,0.002
TON,2048,2.498,2.499,2.503,2.518,2.524,2.53,2.537,2.543,2.547,2.551,2.549,2.542,2.53,2.515,2.499,2.475,2.44,2.398,2.355,2.309,2.263,2.215,2.167,2.119,2.071,2.028,1.993,1.966,1.937,1.909,1.891,1.883,1.885,1.885,1.889,1.883,1.862,1.829,1.797,1.764,1.736,1.718,1.707,1.691,1.673,1.647,1.61,1.564,1.518,1.472,1.417,1.35,1.276,1.203,1.13,1.065,1.014,0.973,0.932,0.891,0.865,0.86,0.87,0.879,0.893,0.89,0.859,0.811,0.765,0.718,0.677,0.644,0.618,0.589,0.558,0.528,0.497,0.467,0.439,0.41,0.377,0.335,0.288,0.243,0.198,0.16,0.131,0.109,0.087,0.068,0.054,0.042,0.03,0.021,0.016,0.013,0.009,0.005,0.002,0.002
TON,2049,2.482,2.483,2.489,2.495,2.509,2.518,2.526,2.534,2.54,2.545,2.549,2.547,2.537,2.522,2.504,2.484,2.457,2.419,2.372,2.325,2.278,2.228,2.18,2.131,2.085,2.038,1.996,1.963,1.936,1.91,1.884,1.866,1.861,1.864,1.866,1.87,1.866,1.845,1.813,1.783,1.749,1.722,1.705,1.694,1.679,1.66,1.635,1.598,1.552,1.506,1.461,1.406,1.339,1.264,1.192,1.119,1.054,1.003,0.962,0.921,0.879,0.852,0.848,0.856,0.864,0.877,0.872,0.84,0.791,0.744,0.696,0.653,0.62,0.592,0.562,0.531,0.499,0.468,0.436,0.405,0.377,0.342,0.302,0.257,0.214,0.171,0.135,0.109,0.09,0.069,0.052,0.042,0.032,0.021,0.014,0.011,0.009,0.006,0.003,0.002
TON,2050,2.466,2.468,2.473,2.481,2.489,2.5,2.511,2.522,2.53,2.538,2.543,2.547,2.543,2.532,2.513,2.492,2.469,2.438,2.396,2.346,2.296,2.245,2.194,2.144,2.097,2.051,2.004,1.965,1.932,1.907,1.882,1.858,1.843,1.839,1.841,1.845,1.851,1.848,1.827,1.797,1.767,1.735,1.708,1.692,1.681,1.666,1.648,1.623,1.586,1.54,1.495,1.448,1.393,1.326,1.252,1.18,1.108,1.043,0.992,0.951,0.91,0.868,0.84,0.835,0.842,0.848,0.859,0.853,0.82,0.77,0.723,0.675,0.63,0.596,0.567,0.536,0.503,0.471,0.438,0.405,0.373,0.342,0.308,0.268,0.226,0.185,0.144,0.11,0.086,0.069,0.051,0.037,0.03,0.022,0.012,0.007,0.006,0.004,0.003,0.002
TON,2051,2.451,2.457,2.461,2.468,2.477,2.487,2.498,2.509,2.519,2.526,2.53,2.531,2.531,2.525,2.51,2.488,2.464,2.437,2.404,2.36,2.312,2.262,2.212,2.162,2.115,2.068,2.023,1.979,1.94,1.911,1.886,1.862,1.84,1.825,1.822,1.826,1.831,1.837,1.834,1.815,1.784,1.755,1.722,1.697,1.68,1.669,1.654,1.637,1.612,1.574,1.528,1.481,1.436,1.381,1.314,1.24,1.167,1.094,1.03,0.978,0.936,0.896,0.853,0.824,0.817,0.823,0.827,0.836,0.829,0.796,0.744,0.696,0.646,0.602,0.567,0.536,0.505,0.472,0.439,0.405,0.372,0.34,0.31,0.277,0.239,0.2,0.161,0.125,0.096,0.075,0.059,0.043,0.032,0.025,0.019,0.01,0.006,0.005,0.003,0.002
TON,2052,2.437,2.437,2.448,2.454,2.464,2.474,2.485,2.497,2.507,2.516,2.52,2.521,2.52,2.516,2.507,2.488,2.462,2.435,2.405,2.369,2.326,2.278,2.229,2.179,2.131,2.084,2.039,1.996,1.954,1.917,1.888,1.865,1.843,1.821,1.808,1.806,1.81,1.815,1.823,1.82,1.801,1.772,1.743,1.711,1.684,1.669,1.657,1.642,1.625,1.599,1.562,1.516,1.469,1.424,1.368,1.301,1.227,1.153,1.082,1.016,0.965,0.923,0.881,0.837,0.809,0.8,0.803,0.807,0.814,0.805,0.77,0.718,0.669,0.619,0.573,0.537,0.506,0.474,0.44,0.406,0.373,0.339,0.308,0.278,0.246,0.211,0.174,0.139,0.106,0.082,0.064,0.048,0.034,0.026,0.02,0.015,0.008,0.005,0.004,0.002
TON,2053,2.424,2.423,2.425,2.44,2.448,2.459,2.47,2.483,2.495,2.506,2.514,2.516,2.513,2.508,2.502,2.488,2.466,2.437,2.406,2.372,2.334,2.291,2.244,2.195,2.147,2.099,2.054,2.011,1.969,1.929,1.894,1.865,1.843,1.822,1.802,1.79,1.789,1.794,1.801,1.809,1.807,1.789,1.759,1.731,1.699,1.672,1.656,1.646,1.63,1.613,1.587,1.55,1.503,1.457,1.41,1.355,1.287,1.214,1.141,1.068,1.002,0.951,0.908,0.866,0.822,0.793,0.782,0.784,0.786,0.79,0.78,0.744,0.691,0.641,0.591,0.545,0.508,0.475,0.443,0.408,0.374,0.341,0.308,0.276,0.246,0.215,0.182,0.15,0.116,0.086,0.067,0.052,0.038,0.026,0.019,0.016,0.011,0.006,0.004,0.002
TON,2054,2.414,2.41,2.411,2.417,2.431,2.442,2.454,2.468,2.48,2.493,2.504,2.511,2.511,2.505,2.497,2.487,2.47,2.444,2.412,2.378,2.34,2.3,2.256,2.209,2.161,2.114,2.068,2.023,1.982,1.941,1.902,1.869,1.843,1.822,1.803,1.784,1.773,1.773,1.779,1.786,1.794,1.793,1.775,1.747,1.718,1.687,1.661,1.645,1.634,1.619,1.601,1.575,1.538,1.491,1.445,1.398,1.342,1.275,1.201,1.127,1.054,0.989,0.937,0.895,0.852,0.808,0.777,0.766,0.765,0.765,0.767,0.755,0.718,0.665,0.615,0.564,0.516,0.478,0.445,0.411,0.377,0.342,0.308,0.275,0.243,0.213,0.184,0.153,0.124,0.093,0.067,0.053,0.04,0.026,0.018,0.014,0.011,0.007,0.004,0.002
TON,2055,2.406,2.4,2.399,2.403,2.411,2.423,2.436,2.45,2.464,2.478,2.491,2.503,2.508,2.506,2.497,2.485,2.472,2.451,2.422,2.386,2.348,2.309,2.266,2.221,2.174,2.127,2.081,2.035,1.993,1.953,1.914,1.877,1.846,1.821,1.801,1.783,1.765,1.755,1.756,1.763,1.771,1.78,1.779,1.763,1.733,1.706,1.675,1.649,1.633,1.623,1.607,1.589,1.563,1.525,1.479,1.432,1.385,1.328,1.261,1.187,1.115,1.041,0.975,0.923,0.88,0.837,0.793,0.761,0.748,0.745,0.744,0.745,0.731,0.693,0.639,0.588,0.536,0.488,0.449,0.415,0.38,0.345,0.31,0.276,0.243,0.21,0.182,0.153,0.125,0.099,0.07,0.048,0.039,0.028,0.016,0.009,0.007,0.006,0.004,0.002
TON,2056,2.401,2.396,2.393,2.395,2.401,2.409,2.421,2.434,2.447,2.459,2.469,2.479,2.488,2.49,2.484,2.472,2.457,2.44,2.417,2.386,2.352,2.314,2.276,2.234,2.19,2.145,2.1,2.055,2.012,1.971,1.932,1.895,1.858,1.828,1.805,1.786,1.768,1.751,1.742,1.743,1.751,1.758,1.768,1.768,1.751,1.722,1.695,1.663,1.637,1.621,1.609,1.594,1.576,1.549,1.512,1.465,1.417,1.369,1.313,1.245,1.171,1.097,1.023,0.958,0.905,0.861,0.817,0.772,0.74,0.725,0.72,0.716,0.715,0.7,0.66,0.607,0.555,0.504,0.455,0.416,0.383,0.348,0.314,0.28,0.247,0.216,0.186,0.159,0.133,0.108,0.083,0.058,0.041,0.033,0.024,0.014,0.009,0.006,0.004,0.002
TON,2057,2.398,2.386,2.388,2.387,2.391,2.398,2.407,2.419,2.432,2.444,2.454,2.461,2.468,2.472,2.471,2.462,2.446,2.428,2.407,2.382,2.352,2.318,2.281,2.242,2.202,2.161,2.117,2.073,2.03,1.988,1.948,1.911,1.874,1.841,1.811,1.788,1.77,1.754,1.737,1.729,1.73,1.739,1.746,1.757,1.756,1.739,1.711,1.682,1.652,1.626,1.609,1.597,1.582,1.562,1.536,1.498,1.45,1.402,1.353,1.296,1.228,1.154,1.08,1.006,0.94,0.886,0.842,0.798,0.752,0.719,0.702,0.696,0.689,0.686,0.669,0.629,0.574,0.523,0.47,0.423,0.384,0.351,0.316,0.282,0.25,0.219,0.189,0.161,0.136,0.114,0.091,0.068,0.048,0.033,0.026,0.019,0.011,0.007,0.004,0.002
TON,2058,2.398,2.382,2.374,2.378,2.38,2.386,2.395,2.405,2.417,2.431,2.442,2.449,2.453,2.456,2.457,2.453,2.44,2.42,2.399,2.375,2.348,2.317,2.283,2.248,2.21,2.171,2.13,2.088,2.046,2.005,1.964,1.925,1.89,1.855,1.822,1.794,1.772,1.755,1.739,1.724,1.715,1.718,1.727,1.734,1.745,1.744,1.727,1.699,1.671,1.64,1.613,1.597,1.585,1.569,1.55,1.522,1.483,1.435,1.386,1.338,1.28,1.212,1.137,1.063,0.989,0.922,0.867,0.823,0.778,0.732,0.698,0.679,0.671,0.662,0.657,0.639,0.598,0.542,0.491,0.438,0.391,0.352,0.318,0.285,0.251,0.22,0.19,0.162,0.135,0.113,0.094,0.074,0.053,0.036,0.026,0.021,0.014,0.007,0.005,0.002
TON,2059,2.396,2.378,2.368,2.364,2.37,2.374,2.382,2.392,2.403,2.416,2.429,2.438,2.444,2.445,2.445,2.442,2.435,2.418,2.395,2.371,2.344,2.314,2.282,2.248,2.214,2.177,2.139,2.1,2.059,2.018,1.979,1.941,1.904,1.869,1.835,1.803,1.777,1.755,1.739,1.725,1.71,1.703,1.706,1.715,1.722,1.733,1.733,1.716,1.688,1.66,1.628,1.601,1.584,1.573,1.556,1.537,1.509,1.47,1.421,1.371,1.322,1.263,1.195,1.12,1.046,0.971,0.903,0.849,0.805,0.758,0.712,0.677,0.657,0.645,0.635,0.627,0.608,0.566,0.511,0.458,0.406,0.358,0.32,0.287,0.253,0.22,0.19,0.161,0.135,0.11,0.09,0.074,0.058,0.038,0.024,0.018,0.014,0.01,0.005,0.002
TON,2060,2.392,2.374,2.362,2.356,2.356,2.36,2.368,2.378,2.39,2.402,2.415,2.427,2.436,2.439,2.436,2.433,2.428,2.416,2.396,2.37,2.342,2.311,2.279,2.247,2.214,2.18,2.145,2.108,2.069,2.03,1.991,1.954,1.917,1.881,1.847,1.815,1.785,1.759,1.739,1.724,1.71,1.696,1.689,1.692,1.702,1.71,1.721,1.721,1.704,1.676,1.648,1.616,1.59,1.572,1.56,1.543,1.524,1.496,1.456,1.407,1.356,1.306,1.248,1.179,1.103,1.029,0.953,0.885,0.831,0.785,0.74,0.693,0.656,0.634,0.621,0.608,0.599,0.577,0.534,0.478,0.426,0.373,0.326,0.287,0.254,0.221,0.189,0.159,0.133,0.109,0.084,0.067,0.055,0.041,0.023,0.012,0.011,0.009,0.005,0.002
TON,2061,2.386,2.381,2.366,2.358,2.354,2.356,2.36,2.366,2.374,2.384,2.393,2.403,2.412,2.417,2.417,2.411,2.404,2.395,2.382,2.361,2.335,2.308,2.278,2.248,2.216,2.185,2.153,2.119,2.084,2.047,2.009,1.972,1.935,1.899,1.864,1.832,1.801,1.771,1.746,1.726,1.712,1.698,1.684,1.677,1.682,1.691,1.699,1.71,1.71,1.693,1.664,1.635,1.604,1.577,1.559,1.546,1.528,1.508,1.478,1.438,1.387,1.336,1.285,1.226,1.156,1.081,1.005,0.93,0.861,0.806,0.76,0.714,0.667,0.629,0.605,0.59,0.575,0.563,0.541,0.498,0.443,0.391,0.34,0.295,0.258,0.227,0.196,0.166,0.139,0.116,0.092,0.071,0.056,0.047,0.034,0.019,0.011,0.009,0.006,0.002
TON,2062,2.377,2.362,2.37,2.36,2.354,2.352,2.354,2.358,2.364,2.372,2.378,2.385,2.392,2.397,2.399,2.395,2.386,2.376,2.364,2.348,2.327,2.301,2.275,2.246,2.216,2.187,2.157,2.126,2.093,2.06,2.025,1.988,1.952,1.917,1.882,1.848,1.817,1.786,1.757,1.732,1.714,1.7,1.686,1.673,1.667,1.67,1.68,1.688,1.698,1.699,1.681,1.652,1.623,1.591,1.563,1.545,1.531,1.513,1.491,1.462,1.419,1.368,1.316,1.264,1.204,1.133,1.058,0.983,0.906,0.838,0.782,0.736,0.689,0.641,0.603,0.577,0.56,0.542,0.529,0.505,0.462,0.408,0.358,0.309,0.263,0.228,0.2,0.169,0.142,0.12,0.097,0.076,0.057,0.045,0.037,0.027,0.015,0.009,0.007,0.003
TON,2063,2.367,2.354,2.346,2.358,2.353,2.35,2.352,2.354,2.358,2.364,2.368,2.373,2.377,2.38,2.383,2.381,2.373,2.361,2.347,2.332,2.313,2.292,2.268,2.242,2.214,2.185,2.157,2.128,2.099,2.068,2.037,2.002,1.967,1.932,1.898,1.865,1.833,1.801,1.772,1.744,1.72,1.702,1.688,1.676,1.662,1.655,1.659,1.668,1.677,1.687,1.686,1.669,1.64,1.611,1.578,1.55,1.531,1.516,1.497,1.475,1.445,1.401,1.349,1.296,1.243,1.182,1.111,1.035,0.959,0.883,0.814,0.757,0.711,0.663,0.615,0.577,0.549,0.529,0.51,0.494,0.468,0.427,0.373,0.325,0.276,0.232,0.199,0.172,0.143,0.119,0.1,0.08,0.06,0.044,0.035,0.029,0.021,0.012,0.007,0.003
TON,2064,2.355,2.347,2.341,2.338,2.348,2.346,2.348,2.35,2.354,2.358,2.362,2.366,2.368,2.368,2.369,2.368,2.363,2.352,2.335,2.318,2.3,2.279,2.257,2.234,2.208,2.181,2.153,2.126,2.099,2.071,2.043,2.013,1.98,1.946,1.912,1.879,1.847,1.816,1.786,1.758,1.73,1.707,1.689,1.676,1.664,1.65,1.645,1.649,1.657,1.666,1.676,1.675,1.657,1.628,1.599,1.565,1.537,1.517,1.501,1.482,1.46,1.428,1.384,1.33,1.276,1.222,1.16,1.088,1.012,0.936,0.859,0.789,0.733,0.686,0.638,0.59,0.55,0.521,0.499,0.476,0.459,0.432,0.39,0.338,0.29,0.243,0.201,0.17,0.145,0.118,0.095,0.079,0.062,0.044,0.031,0.025,0.02,0.015,0.007,0.004
TON,2065,2.344,2.337,2.334,2.333,2.334,2.336,2.34,2.344,2.348,2.352,2.356,2.36,2.362,2.363,2.36,2.357,2.353,2.344,2.329,2.31,2.29,2.268,2.246,2.222,2.199,2.174,2.149,2.122,2.096,2.071,2.044,2.017,1.989,1.958,1.925,1.893,1.861,1.83,1.8,1.77,1.743,1.716,1.693,1.677,1.664,1.652,1.639,1.633,1.637,1.647,1.655,1.665,1.663,1.645,1.616,1.586,1.552,1.524,1.503,1.488,1.467,1.443,1.41,1.366,1.312,1.256,1.2,1.137,1.066,0.989,0.913,0.836,0.766,0.708,0.66,0.612,0.564,0.523,0.493,0.468,0.444,0.424,0.396,0.354,0.303,0.257,0.21,0.17,0.14,0.117,0.091,0.071,0.059,0.045,0.027,0.018,0.015,0.012,0.008,0.004
TON,2066,2.333,2.335,2.331,2.33,2.33,2.332,2.334,2.338,2.341,2.344,2.344,2.345,2.346,2.344,2.341,2.335,2.328,2.321,2.31,2.295,2.276,2.257,2.235,2.214,2.193,2.171,2.147,2.123,2.098,2.074,2.05,2.025,1.999,1.972,1.941,1.91,1.878,1.848,1.817,1.787,1.759,1.731,1.705,1.683,1.666,1.654,1.641,1.628,1.622,1.626,1.635,1.643,1.651,1.65,1.631,1.602,1.571,1.537,1.506,1.485,1.468,1.445,1.421,1.388,1.341,1.286,1.229,1.172,1.108,1.036,0.96,0.882,0.805,0.736,0.678,0.63,0.582,0.533,0.492,0.46,0.433,0.409,0.388,0.36,0.32,0.272,0.227,0.185,0.149,0.122,0.1,0.077,0.061,0.05,0.038,0.023,0.015,0.012,0.008,0.004
TON,2067,2.321,2.319,2.327,2.325,2.326,2.328,2.33,2.333,2.336,2.338,2.338,2.336,2.334,2.331,2.326,2.319,2.31,2.301,2.29,2.277,2.26,2.242,2.224,2.203,2.183,2.163,2.142,2.12,2.098,2.075,2.052,2.029,2.005,1.981,1.955,1.926,1.894,1.864,1.834,1.805,1.775,1.747,1.719,1.694,1.672,1.656,1.643,1.631,1.618,1.611,1.615,1.624,1.631,1.639,1.637,1.618,1.587,1.556,1.521,1.49,1.467,1.449,1.425,1.4,1.364,1.317,1.26,1.202,1.144,1.079,1.007,0.929,0.853,0.775,0.705,0.647,0.599,0.55,0.502,0.461,0.428,0.4,0.374,0.352,0.324,0.286,0.242,0.198,0.159,0.129,0.104,0.083,0.063,0.05,0.041,0.03,0.018,0.013,0.008,0.004
TON,2068,2.308,2.307,2.307,2.317,2.319,2.322,2.325,2.328,2.332,2.335,2.336,2.334,2.329,2.323,2.316,2.308,2.297,2.285,2.272,2.258,2.243,2.226,2.208,2.19,2.171,2.152,2.133,2.114,2.093,2.073,2.052,2.029,2.008,1.985,1.963,1.938,1.91,1.879,1.849,1.821,1.791,1.763,1.735,1.709,1.683,1.661,1.644,1.633,1.62,1.607,1.601,1.604,1.612,1.619,1.627,1.625,1.604,1.573,1.541,1.505,1.474,1.449,1.429,1.405,1.378,1.341,1.292,1.234,1.175,1.115,1.05,0.976,0.899,0.822,0.745,0.675,0.617,0.568,0.519,0.471,0.43,0.396,0.366,0.339,0.317,0.288,0.251,0.211,0.169,0.133,0.108,0.086,0.066,0.049,0.039,0.031,0.024,0.014,0.008,0.004
TON,2069,2.294,2.294,2.296,2.299,2.309,2.313,2.317,2.322,2.326,2.33,2.333,2.334,2.329,2.321,2.312,2.301,2.289,2.276,2.26,2.244,2.225,2.208,2.192,2.174,2.157,2.138,2.12,2.102,2.085,2.066,2.048,2.027,2.008,1.987,1.965,1.944,1.92,1.893,1.863,1.835,1.807,1.778,1.75,1.723,1.697,1.671,1.65,1.634,1.621,1.61,1.596,1.59,1.593,1.601,1.608,1.615,1.611,1.591,1.559,1.526,1.489,1.456,1.431,1.411,1.384,1.356,1.318,1.267,1.208,1.147,1.087,1.021,0.946,0.869,0.792,0.715,0.644,0.586,0.536,0.487,0.44,0.398,0.363,0.332,0.305,0.28,0.252,0.218,0.179,0.14,0.107,0.087,0.068,0.049,0.035,0.028,0.022,0.016,0.01,0.005
TON,2070,2.276,2.278,2.282,2.287,2.293,2.3,2.307,2.313,2.319,2.324,2.328,2.331,2.33,2.323,2.312,2.3,2.287,2.27,2.253,2.234,2.215,2.194,2.174,2.156,2.14,2.123,2.106,2.089,2.072,2.056,2.039,2.021,2.004,1.985,1.966,1.946,1.925,1.903,1.877,1.848,1.82,1.792,1.766,1.738,1.711,1.685,1.661,1.639,1.623,1.611,1.599,1.585,1.579,1.581,1.589,1.595,1.602,1.598,1.577,1.544,1.51,1.474,1.44,1.413,1.391,1.364,1.334,1.295,1.243,1.182,1.121,1.058,0.991,0.917,0.839,0.762,0.684,0.614,0.556,0.505,0.456,0.409,0.366,0.331,0.299,0.269,0.245,0.217,0.184,0.148,0.11,0.081,0.067,0.05,0.031,0.02,0.017,0.013,0.009,0.005
TON,2071,2.256,2.268,2.272,2.278,2.284,2.291,2.299,2.305,2.311,2.315,2.316,2.316,2.317,2.313,2.302,2.287,2.271,2.254,2.237,2.219,2.2,2.181,2.162,2.143,2.126,2.112,2.096,2.081,2.065,2.05,2.035,2.019,2.004,1.987,1.969,1.95,1.931,1.912,1.89,1.864,1.836,1.809,1.782,1.754,1.727,1.701,1.675,1.65,1.628,1.613,1.6,1.588,1.574,1.567,1.569,1.575,1.581,1.587,1.581,1.559,1.526,1.491,1.453,1.417,1.39,1.365,1.336,1.304,1.263,1.21,1.148,1.084,1.022,0.953,0.879,0.802,0.725,0.647,0.578,0.52,0.471,0.422,0.376,0.334,0.299,0.268,0.24,0.216,0.19,0.16,0.127,0.094,0.068,0.056,0.042,0.025,0.017,0.014,0.01,0.005
TON,2072,2.234,2.24,2.258,2.266,2.274,2.282,2.289,2.297,2.304,2.309,2.31,2.308,2.306,2.303,2.294,2.28,2.262,2.243,2.223,2.203,2.184,2.167,2.149,2.129,2.112,2.097,2.083,2.069,2.056,2.042,2.028,2.015,2,1.985,1.97,1.953,1.935,1.917,1.898,1.878,1.852,1.825,1.798,1.77,1.744,1.717,1.691,1.665,1.64,1.619,1.602,1.59,1.577,1.562,1.555,1.557,1.563,1.567,1.571,1.566,1.543,1.507,1.471,1.432,1.394,1.365,1.339,1.307,1.275,1.232,1.178,1.113,1.049,0.984,0.916,0.841,0.764,0.687,0.611,0.541,0.484,0.436,0.388,0.342,0.302,0.268,0.238,0.209,0.187,0.164,0.137,0.105,0.076,0.057,0.046,0.034,0.021,0.014,0.01,0.005
TON,2073,2.21,2.219,2.23,2.25,2.26,2.27,2.279,2.288,2.295,2.303,2.307,2.305,2.3,2.295,2.288,2.276,2.259,2.237,2.215,2.191,2.17,2.15,2.133,2.115,2.097,2.081,2.067,2.055,2.043,2.03,2.019,2.006,1.994,1.981,1.967,1.953,1.937,1.92,1.902,1.885,1.864,1.84,1.813,1.786,1.76,1.732,1.706,1.68,1.654,1.629,1.608,1.591,1.579,1.566,1.552,1.543,1.544,1.549,1.552,1.556,1.549,1.525,1.488,1.451,1.41,1.372,1.34,1.313,1.28,1.245,1.202,1.145,1.08,1.014,0.948,0.878,0.803,0.726,0.65,0.574,0.505,0.449,0.401,0.354,0.309,0.27,0.236,0.207,0.18,0.16,0.139,0.113,0.084,0.059,0.045,0.036,0.027,0.016,0.01,0.005
TON,2074,2.184,2.197,2.209,2.222,2.242,2.254,2.266,2.276,2.286,2.294,2.301,2.303,2.3,2.292,2.283,2.273,2.257,2.236,2.212,2.187,2.16,2.136,2.116,2.099,2.083,2.065,2.049,2.037,2.026,2.016,2.005,1.995,1.984,1.973,1.961,1.949,1.935,1.921,1.905,1.888,1.871,1.851,1.827,1.801,1.775,1.748,1.722,1.695,1.669,1.644,1.619,1.598,1.58,1.568,1.554,1.54,1.531,1.531,1.536,1.538,1.541,1.533,1.507,1.469,1.432,1.389,1.349,1.317,1.286,1.252,1.215,1.17,1.112,1.045,0.978,0.911,0.841,0.765,0.689,0.613,0.537,0.47,0.413,0.365,0.32,0.276,0.238,0.206,0.177,0.15,0.131,0.113,0.089,0.062,0.041,0.032,0.026,0.019,0.011,0.005
TON,2075,2.159,2.172,2.187,2.201,2.217,2.232,2.247,2.26,2.273,2.283,2.292,2.299,2.301,2.295,2.283,2.272,2.257,2.24,2.215,2.187,2.158,2.128,2.101,2.081,2.065,2.049,2.033,2.018,2.007,1.998,1.989,1.98,1.971,1.962,1.952,1.941,1.931,1.918,1.904,1.889,1.873,1.857,1.839,1.815,1.789,1.763,1.737,1.711,1.685,1.658,1.633,1.608,1.587,1.57,1.557,1.543,1.529,1.519,1.518,1.522,1.523,1.526,1.516,1.49,1.451,1.411,1.367,1.326,1.292,1.26,1.224,1.185,1.138,1.078,1.01,0.943,0.875,0.803,0.728,0.651,0.576,0.501,0.433,0.377,0.33,0.286,0.243,0.206,0.174,0.146,0.12,0.103,0.087,0.066,0.04,0.024,0.02,0.016,0.011,0.005
TON,2076,2.135,2.152,2.166,2.183,2.199,2.215,2.23,2.246,2.258,2.268,2.275,2.281,2.285,2.282,2.273,2.259,2.243,2.226,2.205,2.181,2.153,2.125,2.096,2.071,2.051,2.037,2.022,2.008,1.995,1.985,1.977,1.97,1.962,1.955,1.946,1.937,1.927,1.917,1.906,1.893,1.878,1.863,1.847,1.827,1.805,1.779,1.753,1.727,1.701,1.674,1.648,1.622,1.597,1.575,1.558,1.545,1.53,1.515,1.504,1.503,1.504,1.505,1.505,1.494,1.466,1.425,1.384,1.339,1.296,1.259,1.225,1.187,1.147,1.098,1.037,0.967,0.899,0.829,0.757,0.683,0.608,0.534,0.461,0.396,0.342,0.298,0.255,0.215,0.182,0.153,0.126,0.102,0.087,0.074,0.056,0.033,0.021,0.017,0.012,0.006
TON,2077,2.11,2.124,2.145,2.161,2.178,2.195,2.213,2.229,2.244,2.256,2.264,2.267,2.27,2.27,2.265,2.252,2.234,2.215,2.195,2.172,2.146,2.12,2.092,2.064,2.04,2.022,2.008,1.996,1.983,1.971,1.963,1.956,1.951,1.944,1.938,1.93,1.921,1.913,1.904,1.893,1.881,1.867,1.851,1.836,1.817,1.795,1.769,1.742,1.717,1.69,1.664,1.638,1.611,1.586,1.564,1.546,1.532,1.518,1.5,1.49,1.486,1.487,1.485,1.484,1.472,1.441,1.4,1.356,1.31,1.265,1.227,1.191,1.15,1.108,1.057,0.995,0.924,0.854,0.784,0.711,0.638,0.565,0.493,0.422,0.358,0.307,0.265,0.223,0.187,0.158,0.131,0.105,0.084,0.072,0.061,0.046,0.027,0.018,0.012,0.006
TON,2078,2.087,2.099,2.115,2.137,2.156,2.174,2.193,2.21,2.227,2.242,2.254,2.259,2.26,2.258,2.255,2.246,2.23,2.209,2.187,2.163,2.138,2.112,2.086,2.059,2.032,2.008,1.992,1.98,1.969,1.957,1.948,1.942,1.936,1.931,1.926,1.921,1.915,1.907,1.899,1.891,1.881,1.869,1.855,1.84,1.825,1.807,1.783,1.758,1.732,1.707,1.68,1.653,1.627,1.601,1.576,1.552,1.534,1.52,1.504,1.487,1.475,1.471,1.469,1.466,1.463,1.45,1.417,1.374,1.329,1.281,1.234,1.194,1.155,1.113,1.069,1.017,0.952,0.881,0.81,0.738,0.667,0.594,0.522,0.452,0.382,0.321,0.273,0.233,0.193,0.16,0.134,0.109,0.085,0.066,0.057,0.047,0.035,0.021,0.013,0.006
TON,2079,2.062,2.074,2.089,2.107,2.129,2.15,2.169,2.189,2.207,2.225,2.241,2.252,2.255,2.252,2.247,2.24,2.228,2.209,2.184,2.159,2.132,2.104,2.078,2.052,2.026,2,1.978,1.962,1.952,1.942,1.932,1.925,1.919,1.916,1.911,1.908,1.904,1.898,1.892,1.885,1.877,1.868,1.856,1.843,1.829,1.814,1.795,1.773,1.748,1.722,1.696,1.669,1.642,1.616,1.59,1.564,1.541,1.522,1.507,1.491,1.473,1.46,1.454,1.452,1.448,1.443,1.427,1.394,1.349,1.302,1.252,1.204,1.161,1.121,1.076,1.03,0.976,0.911,0.838,0.765,0.693,0.621,0.549,0.479,0.41,0.343,0.284,0.238,0.2,0.162,0.132,0.11,0.088,0.064,0.049,0.041,0.034,0.025,0.014,0.006
TON,2080,2.038,2.049,2.063,2.08,2.101,2.121,2.143,2.164,2.185,2.205,2.223,2.239,2.25,2.249,2.244,2.235,2.226,2.209,2.186,2.159,2.13,2.1,2.071,2.043,2.018,1.993,1.968,1.946,1.933,1.923,1.914,1.907,1.901,1.898,1.895,1.892,1.889,1.886,1.882,1.877,1.87,1.864,1.854,1.844,1.83,1.817,1.802,1.785,1.762,1.736,1.711,1.686,1.659,1.631,1.605,1.579,1.553,1.529,1.51,1.494,1.477,1.459,1.445,1.439,1.434,1.428,1.422,1.404,1.37,1.322,1.275,1.223,1.173,1.129,1.085,1.039,0.991,0.936,0.869,0.795,0.721,0.648,0.575,0.504,0.436,0.369,0.303,0.246,0.202,0.167,0.131,0.104,0.087,0.066,0.043,0.031,0.026,0.021,0.015,0.007
TON,2081,2.015,2.03,2.043,2.059,2.078,2.099,2.12,2.142,2.162,2.181,2.197,2.212,2.225,2.231,2.228,2.219,2.208,2.194,2.176,2.153,2.125,2.098,2.068,2.039,2.014,1.99,1.966,1.943,1.923,1.911,1.903,1.896,1.89,1.885,1.882,1.88,1.878,1.876,1.874,1.871,1.865,1.86,1.852,1.844,1.834,1.821,1.807,1.793,1.774,1.752,1.727,1.7,1.674,1.647,1.62,1.593,1.567,1.539,1.515,1.495,1.478,1.46,1.441,1.425,1.416,1.411,1.402,1.394,1.374,1.337,1.288,1.239,1.185,1.133,1.086,1.041,0.992,0.943,0.886,0.818,0.744,0.671,0.599,0.527,0.459,0.395,0.329,0.269,0.219,0.178,0.144,0.111,0.089,0.073,0.056,0.036,0.027,0.021,0.015,0.007
TON,2082,1.992,2.001,2.022,2.037,2.055,2.076,2.097,2.119,2.14,2.16,2.177,2.189,2.2,2.211,2.213,2.207,2.194,2.179,2.163,2.142,2.119,2.092,2.064,2.036,2.009,1.984,1.962,1.94,1.918,1.9,1.89,1.883,1.877,1.872,1.868,1.866,1.865,1.864,1.864,1.863,1.859,1.854,1.848,1.842,1.834,1.824,1.811,1.797,1.782,1.764,1.741,1.716,1.69,1.663,1.636,1.609,1.581,1.554,1.526,1.501,1.48,1.462,1.443,1.422,1.406,1.394,1.387,1.376,1.366,1.344,1.305,1.254,1.203,1.148,1.093,1.044,0.997,0.946,0.895,0.836,0.768,0.693,0.621,0.549,0.48,0.415,0.353,0.291,0.234,0.192,0.153,0.121,0.092,0.074,0.061,0.046,0.03,0.022,0.015,0.007
TON,2083,1.97,1.977,1.99,2.014,2.031,2.051,2.072,2.095,2.117,2.139,2.158,2.171,2.182,2.189,2.196,2.195,2.186,2.169,2.151,2.132,2.109,2.084,2.058,2.032,2.004,1.978,1.954,1.934,1.913,1.893,1.878,1.868,1.862,1.858,1.854,1.852,1.85,1.85,1.85,1.851,1.85,1.847,1.842,1.838,1.832,1.824,1.814,1.801,1.787,1.772,1.754,1.731,1.705,1.679,1.652,1.624,1.597,1.569,1.541,1.512,1.487,1.465,1.446,1.426,1.404,1.385,1.372,1.362,1.35,1.338,1.314,1.272,1.22,1.167,1.11,1.053,1.002,0.952,0.899,0.846,0.786,0.718,0.643,0.571,0.499,0.432,0.369,0.311,0.252,0.2,0.163,0.13,0.098,0.073,0.059,0.048,0.036,0.022,0.015,0.008
TON,2084,1.948,1.955,1.965,1.981,2.004,2.025,2.047,2.07,2.092,2.115,2.137,2.155,2.167,2.173,2.178,2.181,2.177,2.164,2.144,2.123,2.099,2.075,2.05,2.024,1.998,1.972,1.948,1.925,1.905,1.886,1.868,1.855,1.846,1.842,1.838,1.836,1.835,1.835,1.836,1.837,1.837,1.838,1.835,1.831,1.826,1.821,1.813,1.802,1.791,1.777,1.762,1.743,1.721,1.694,1.668,1.641,1.613,1.585,1.557,1.528,1.499,1.472,1.45,1.43,1.408,1.385,1.365,1.351,1.338,1.324,1.309,1.283,1.24,1.186,1.13,1.072,1.013,0.959,0.908,0.852,0.798,0.736,0.667,0.593,0.521,0.45,0.383,0.324,0.271,0.213,0.165,0.136,0.105,0.075,0.053,0.044,0.035,0.025,0.015,0.008
TON,2085,1.928,1.932,1.943,1.957,1.975,1.996,2.019,2.043,2.066,2.09,2.113,2.135,2.152,2.162,2.165,2.166,2.166,2.158,2.142,2.119,2.095,2.068,2.042,2.016,1.991,1.965,1.94,1.916,1.895,1.877,1.86,1.843,1.831,1.824,1.821,1.819,1.818,1.818,1.818,1.821,1.822,1.824,1.824,1.823,1.819,1.815,1.81,1.802,1.792,1.78,1.766,1.751,1.732,1.71,1.685,1.657,1.629,1.601,1.572,1.545,1.515,1.485,1.458,1.434,1.413,1.391,1.366,1.345,1.329,1.314,1.298,1.28,1.253,1.207,1.151,1.094,1.033,0.973,0.918,0.862,0.806,0.749,0.686,0.616,0.543,0.471,0.401,0.336,0.279,0.229,0.174,0.13,0.107,0.081,0.05,0.033,0.028,0.022,0.015,0.008
TON,2086,1.909,1.919,1.926,1.939,1.955,1.974,1.994,2.017,2.041,2.062,2.083,2.102,2.12,2.135,2.14,2.14,2.138,2.134,2.125,2.108,2.085,2.061,2.036,2.01,1.986,1.962,1.938,1.915,1.893,1.874,1.856,1.841,1.826,1.815,1.808,1.807,1.806,1.805,1.806,1.807,1.809,1.812,1.814,1.814,1.813,1.809,1.805,1.8,1.792,1.783,1.77,1.756,1.74,1.721,1.699,1.672,1.645,1.617,1.588,1.558,1.528,1.499,1.468,1.439,1.414,1.391,1.366,1.34,1.318,1.299,1.281,1.263,1.243,1.212,1.165,1.106,1.047,0.986,0.924,0.866,0.81,0.752,0.693,0.631,0.564,0.493,0.423,0.357,0.298,0.246,0.197,0.148,0.112,0.092,0.069,0.043,0.03,0.023,0.016,0.009
TON,2087,1.89,1.891,1.91,1.92,1.935,1.953,1.972,1.994,2.016,2.037,2.058,2.075,2.091,2.107,2.116,2.119,2.115,2.11,2.103,2.092,2.074,2.052,2.029,2.004,1.98,1.957,1.935,1.913,1.891,1.87,1.852,1.837,1.822,1.808,1.798,1.793,1.792,1.791,1.792,1.794,1.795,1.798,1.8,1.803,1.805,1.803,1.799,1.796,1.79,1.783,1.772,1.759,1.746,1.729,1.711,1.687,1.66,1.633,1.604,1.574,1.543,1.513,1.482,1.449,1.419,1.393,1.369,1.343,1.315,1.291,1.269,1.25,1.228,1.205,1.172,1.123,1.062,1.001,0.937,0.874,0.815,0.757,0.698,0.639,0.577,0.511,0.443,0.375,0.312,0.262,0.213,0.166,0.122,0.094,0.076,0.057,0.035,0.024,0.017,0.009
TON,2088,1.872,1.873,1.879,1.901,1.914,1.931,1.95,1.971,1.992,2.014,2.035,2.052,2.067,2.08,2.092,2.098,2.098,2.091,2.082,2.072,2.058,2.039,2.019,1.996,1.972,1.95,1.928,1.907,1.887,1.866,1.848,1.831,1.816,1.803,1.79,1.781,1.778,1.777,1.778,1.78,1.781,1.784,1.787,1.79,1.793,1.794,1.793,1.79,1.786,1.78,1.773,1.762,1.749,1.735,1.719,1.7,1.675,1.648,1.619,1.59,1.559,1.528,1.497,1.465,1.432,1.4,1.372,1.347,1.319,1.29,1.263,1.239,1.217,1.193,1.168,1.133,1.081,1.018,0.954,0.889,0.825,0.764,0.704,0.644,0.584,0.523,0.458,0.393,0.327,0.269,0.226,0.181,0.134,0.096,0.075,0.061,0.045,0.026,0.018,0.009
TON,2089,1.853,1.854,1.86,1.871,1.892,1.908,1.927,1.947,1.969,1.991,2.013,2.033,2.048,2.059,2.069,2.077,2.08,2.075,2.066,2.054,2.04,2.025,2.006,1.985,1.964,1.94,1.919,1.898,1.879,1.86,1.842,1.824,1.809,1.796,1.784,1.773,1.765,1.763,1.764,1.765,1.767,1.769,1.772,1.776,1.779,1.782,1.784,1.783,1.78,1.776,1.77,1.762,1.752,1.739,1.724,1.708,1.688,1.664,1.636,1.607,1.576,1.545,1.513,1.481,1.448,1.413,1.381,1.352,1.324,1.296,1.264,1.235,1.21,1.185,1.158,1.13,1.093,1.038,0.974,0.908,0.842,0.775,0.712,0.652,0.59,0.529,0.469,0.406,0.344,0.279,0.225,0.188,0.147,0.103,0.071,0.056,0.045,0.033,0.018,0.009
TON,2090,1.835,1.835,1.841,1.851,1.865,1.882,1.902,1.923,1.945,1.967,1.99,2.012,2.029,2.042,2.05,2.057,2.062,2.061,2.054,2.041,2.026,2.009,1.99,1.972,1.952,1.93,1.908,1.888,1.869,1.851,1.833,1.816,1.801,1.788,1.775,1.764,1.755,1.748,1.746,1.749,1.751,1.754,1.757,1.761,1.765,1.768,1.772,1.774,1.773,1.77,1.766,1.761,1.752,1.742,1.729,1.713,1.697,1.677,1.652,1.624,1.594,1.563,1.532,1.499,1.465,1.431,1.395,1.361,1.331,1.302,1.272,1.239,1.207,1.179,1.153,1.123,1.093,1.053,0.996,0.929,0.862,0.793,0.725,0.661,0.599,0.536,0.475,0.414,0.353,0.294,0.23,0.181,0.152,0.115,0.071,0.045,0.038,0.03,0.02,0.011
TON,2091,1.817,1.825,1.829,1.837,1.849,1.863,1.881,1.9,1.92,1.941,1.96,1.978,1.997,2.012,2.021,2.025,2.029,2.03,2.028,2.02,2.007,1.993,1.977,1.96,1.942,1.924,1.904,1.884,1.865,1.847,1.83,1.814,1.799,1.784,1.772,1.761,1.751,1.742,1.736,1.735,1.737,1.74,1.743,1.747,1.751,1.755,1.759,1.762,1.764,1.763,1.76,1.756,1.75,1.741,1.731,1.717,1.701,1.684,1.663,1.637,1.608,1.577,1.545,1.513,1.478,1.444,1.408,1.37,1.335,1.302,1.272,1.24,1.205,1.171,1.141,1.11,1.077,1.045,1.002,0.944,0.875,0.807,0.738,0.67,0.606,0.545,0.483,0.425,0.37,0.312,0.255,0.197,0.156,0.13,0.098,0.06,0.041,0.032,0.022,0.011
TON,2092,1.798,1.799,1.815,1.823,1.834,1.847,1.863,1.88,1.899,1.918,1.935,1.952,1.967,1.982,1.993,2,2.001,2.001,1.999,1.994,1.985,1.974,1.96,1.945,1.93,1.912,1.896,1.878,1.859,1.842,1.826,1.81,1.795,1.781,1.769,1.757,1.747,1.738,1.73,1.725,1.724,1.726,1.73,1.733,1.737,1.741,1.746,1.75,1.753,1.755,1.754,1.75,1.746,1.739,1.731,1.719,1.705,1.689,1.671,1.65,1.623,1.592,1.561,1.528,1.494,1.458,1.422,1.385,1.345,1.309,1.275,1.242,1.207,1.17,1.135,1.102,1.067,1.032,0.996,0.951,0.891,0.821,0.753,0.682,0.615,0.551,0.492,0.431,0.376,0.326,0.272,0.215,0.164,0.131,0.109,0.081,0.049,0.035,0.024,0.012
TON,2093,1.779,1.78,1.786,1.807,1.817,1.83,1.844,1.861,1.879,1.898,1.916,1.931,1.944,1.956,1.968,1.976,1.979,1.977,1.974,1.968,1.961,1.952,1.94,1.927,1.914,1.899,1.884,1.867,1.851,1.835,1.819,1.804,1.79,1.776,1.763,1.752,1.741,1.732,1.724,1.717,1.713,1.712,1.716,1.719,1.723,1.728,1.732,1.736,1.74,1.744,1.745,1.744,1.741,1.736,1.73,1.72,1.708,1.694,1.677,1.658,1.636,1.608,1.577,1.544,1.51,1.475,1.437,1.401,1.361,1.322,1.282,1.246,1.212,1.176,1.137,1.099,1.062,1.025,0.986,0.948,0.901,0.839,0.768,0.698,0.626,0.559,0.497,0.439,0.377,0.327,0.281,0.231,0.175,0.131,0.106,0.087,0.064,0.037,0.026,0.013
TON,2094,1.761,1.762,1.768,1.778,1.797,1.81,1.826,1.842,1.86,1.878,1.896,1.913,1.926,1.936,1.946,1.953,1.958,1.956,1.952,1.945,1.937,1.928,1.918,1.907,1.895,1.882,1.868,1.854,1.839,1.825,1.81,1.796,1.783,1.77,1.757,1.746,1.735,1.726,1.718,1.711,1.704,1.701,1.701,1.705,1.709,1.714,1.718,1.722,1.726,1.73,1.734,1.735,1.734,1.731,1.726,1.719,1.709,1.697,1.682,1.665,1.645,1.622,1.594,1.561,1.527,1.492,1.455,1.418,1.378,1.338,1.297,1.257,1.219,1.181,1.144,1.103,1.063,1.023,0.983,0.942,0.901,0.85,0.786,0.714,0.643,0.572,0.504,0.442,0.385,0.325,0.276,0.237,0.191,0.136,0.097,0.079,0.065,0.047,0.026,0.014
TON,2095,1.742,1.744,1.75,1.76,1.773,1.787,1.804,1.822,1.84,1.859,1.877,1.895,1.91,1.921,1.927,1.934,1.938,1.94,1.935,1.927,1.918,1.906,1.895,1.884,1.874,1.862,1.85,1.838,1.825,1.811,1.798,1.786,1.773,1.762,1.749,1.738,1.729,1.719,1.711,1.704,1.698,1.691,1.689,1.69,1.694,1.698,1.703,1.708,1.713,1.717,1.722,1.725,1.726,1.725,1.722,1.716,1.708,1.699,1.685,1.67,1.652,1.632,1.607,1.579,1.546,1.51,1.474,1.436,1.397,1.357,1.315,1.272,1.23,1.19,1.152,1.111,1.069,1.027,0.984,0.94,0.896,0.852,0.799,0.733,0.659,0.587,0.516,0.448,0.388,0.332,0.273,0.227,0.194,0.15,0.096,0.064,0.054,0.043,0.03,0.015
TON,2096,1.722,1.733,1.738,1.746,1.758,1.771,1.787,1.803,1.82,1.835,1.851,1.866,1.88,1.892,1.899,1.902,1.906,1.907,1.906,1.901,1.893,1.884,1.874,1.864,1.855,1.845,1.836,1.825,1.815,1.803,1.792,1.78,1.768,1.756,1.745,1.735,1.725,1.716,1.707,1.7,1.693,1.687,1.681,1.679,1.68,1.685,1.69,1.694,1.699,1.704,1.708,1.712,1.715,1.716,1.714,1.71,1.704,1.696,1.685,1.672,1.655,1.636,1.615,1.589,1.558,1.524,1.487,1.449,1.41,1.369,1.328,1.284,1.239,1.194,1.153,1.111,1.069,1.025,0.98,0.935,0.888,0.841,0.795,0.741,0.676,0.604,0.532,0.463,0.402,0.344,0.288,0.234,0.195,0.166,0.128,0.082,0.058,0.046,0.033,0.016
TON,2097,1.703,1.707,1.724,1.732,1.742,1.756,1.769,1.785,1.801,1.816,1.831,1.843,1.854,1.865,1.874,1.878,1.879,1.878,1.876,1.873,1.868,1.86,1.852,1.842,1.833,1.825,1.817,1.809,1.801,1.792,1.782,1.771,1.761,1.75,1.741,1.73,1.721,1.712,1.703,1.696,1.689,1.683,1.677,1.672,1.67,1.672,1.676,1.681,1.685,1.69,1.694,1.699,1.703,1.706,1.706,1.703,1.699,1.692,1.684,1.673,1.658,1.639,1.62,1.597,1.571,1.539,1.503,1.465,1.426,1.384,1.341,1.297,1.253,1.206,1.16,1.115,1.072,1.026,0.98,0.933,0.885,0.836,0.786,0.738,0.682,0.618,0.548,0.477,0.411,0.355,0.301,0.246,0.196,0.165,0.139,0.106,0.066,0.05,0.035,0.017
TON,2098,1.683,1.688,1.696,1.715,1.726,1.739,1.753,1.768,1.783,1.8,1.814,1.826,1.834,1.843,1.852,1.855,1.856,1.854,1.85,1.845,1.84,1.833,1.827,1.819,1.811,1.803,1.796,1.79,1.783,1.777,1.77,1.761,1.751,1.742,1.733,1.724,1.715,1.707,1.699,1.69,1.684,1.677,1.672,1.667,1.662,1.661,1.663,1.667,1.671,1.677,1.681,1.686,1.689,1.693,1.695,1.696,1.693,1.688,1.681,1.672,1.659,1.644,1.625,1.603,1.58,1.552,1.518,1.481,1.442,1.401,1.358,1.314,1.268,1.221,1.173,1.125,1.078,1.031,0.984,0.935,0.886,0.835,0.783,0.731,0.68,0.624,0.56,0.491,0.421,0.358,0.309,0.257,0.202,0.158,0.134,0.112,0.084,0.051,0.037,0.018
TON,2099,1.662,1.668,1.676,1.688,1.707,1.72,1.735,1.75,1.766,1.783,1.799,1.812,1.821,1.827,1.832,1.837,1.838,1.835,1.829,1.822,1.814,1.807,1.8,1.794,1.787,1.78,1.773,1.767,1.762,1.757,1.752,1.746,1.739,1.732,1.724,1.716,1.708,1.7,1.693,1.686,1.679,1.672,1.666,1.661,1.657,1.653,1.651,1.653,1.659,1.663,1.667,1.672,1.677,1.681,1.684,1.686,1.686,1.683,1.677,1.669,1.66,1.647,1.63,1.61,1.587,1.562,1.533,1.499,1.459,1.419,1.376,1.332,1.286,1.239,1.19,1.14,1.09,1.041,0.992,0.942,0.891,0.84,0.786,0.731,0.677,0.624,0.567,0.503,0.436,0.366,0.306,0.263,0.214,0.159,0.12,0.102,0.084,0.062,0.036,0.02
TON,2100,1.64,1.647,1.656,1.668,1.682,1.697,1.714,1.731,1.748,1.765,1.781,1.797,1.81,1.816,1.819,1.821,1.822,1.819,1.814,1.804,1.795,1.783,1.773,1.766,1.761,1.754,1.748,1.742,1.738,1.734,1.731,1.728,1.724,1.718,1.712,1.705,1.698,1.692,1.685,1.678,1.672,1.666,1.66,1.655,1.651,1.647,1.643,1.642,1.644,1.65,1.654,1.659,1.663,1.668,1.672,1.675,1.676,1.676,1.672,1.666,1.658,1.647,1.633,1.616,1.594,1.571,1.545,1.514,1.478,1.438,1.396,1.351,1.305,1.258,1.209,1.159,1.107,1.055,1.004,0.953,0.9,0.847,0.793,0.737,0.678,0.622,0.567,0.508,0.445,0.38,0.31,0.253,0.217,0.17,0.115,0.083,0.071,0.057,0.041,0.021
