GMB,1950,12.599,11.877,11.207,10.588,10.017,9.492,9.012,8.576,8.181,7.826,7.504,7.21,6.963,6.771,6.62,6.486,6.373,6.251,6.1,5.934,5.777,5.62,5.477,5.354,5.241,5.126,5.022,4.866,4.627,4.341,4.065,3.784,3.559,3.429,3.362,3.287,3.22,3.145,3.048,2.937,2.838,2.745,2.654,2.566,2.479,2.394,2.31,2.227,2.147,2.068,1.99,1.913,1.838,1.762,1.687,1.613,1.54,1.466,1.394,1.32,1.249,1.177,1.106,1.035,0.965,0.895,0.827,0.761,0.694,0.629,0.566,0.505,0.447,0.392,0.341,0.291,0.246,0.205,0.17,0.141,0.115,0.092,0.072,0.054,0.039,0.025,0.015,0.008,0.004,0.001,0.001,0.001,0.001,0,0,0,0,0,0,0
GMB,1951,12.573,11.955,11.308,10.718,10.179,9.687,9.242,8.846,8.468,8.096,7.739,7.415,7.113,6.861,6.668,6.518,6.381,6.264,6.137,5.986,5.821,5.665,5.509,5.367,5.247,5.135,5.023,4.922,4.768,4.535,4.253,3.982,3.706,3.485,3.357,3.29,3.216,3.15,3.076,2.979,2.871,2.773,2.681,2.592,2.504,2.417,2.333,2.249,2.167,2.086,2.007,1.929,1.852,1.776,1.7,1.624,1.549,1.475,1.4,1.327,1.252,1.179,1.107,1.036,0.965,0.894,0.826,0.759,0.693,0.629,0.566,0.505,0.447,0.393,0.342,0.295,0.251,0.209,0.172,0.142,0.117,0.096,0.076,0.059,0.044,0.031,0.021,0.012,0.007,0.003,0.001,0.001,0.001,0,0,0,0,0,0,0
GMB,1952,12.587,11.784,11.356,10.781,10.268,9.807,9.392,9.025,8.709,8.389,8.038,7.677,7.349,7.041,6.781,6.587,6.439,6.299,6.175,6.045,5.893,5.727,5.572,5.416,5.275,5.156,5.047,4.936,4.838,4.687,4.457,4.179,3.913,3.64,3.423,3.297,3.23,3.157,3.091,3.016,2.921,2.814,2.717,2.627,2.538,2.45,2.364,2.28,2.196,2.114,2.034,1.954,1.876,1.798,1.722,1.644,1.567,1.491,1.415,1.339,1.264,1.189,1.114,1.041,0.969,0.897,0.828,0.759,0.693,0.628,0.565,0.505,0.447,0.391,0.34,0.293,0.25,0.211,0.174,0.142,0.116,0.094,0.076,0.06,0.047,0.034,0.024,0.016,0.009,0.005,0.002,0.001,0.001,0,0,0,0,0,0,0
GMB,1953,12.687,11.846,11.124,10.793,10.289,9.851,9.467,9.127,8.838,8.601,8.336,8.004,7.64,7.308,6.991,6.723,6.527,6.379,6.237,6.107,5.972,5.817,5.653,5.496,5.341,5.2,5.081,4.974,4.866,4.769,4.622,4.394,4.119,3.856,3.587,3.373,3.247,3.18,3.107,3.04,2.967,2.873,2.766,2.671,2.58,2.492,2.404,2.319,2.233,2.149,2.067,1.987,1.907,1.828,1.749,1.672,1.593,1.514,1.437,1.36,1.283,1.206,1.129,1.053,0.979,0.905,0.834,0.763,0.695,0.629,0.566,0.504,0.446,0.39,0.336,0.288,0.245,0.207,0.172,0.14,0.112,0.089,0.072,0.057,0.045,0.035,0.025,0.017,0.012,0.006,0.003,0.002,0,0,0,0,0,0,0,0
GMB,1954,12.897,12.003,11.243,10.605,10.258,9.824,9.459,9.151,8.886,8.672,8.514,8.305,7.992,7.622,7.286,6.959,6.682,6.483,6.337,6.19,6.053,5.913,5.757,5.592,5.436,5.278,5.137,5.021,4.914,4.807,4.712,4.567,4.342,4.07,3.809,3.543,3.33,3.206,3.139,3.065,2.998,2.925,2.83,2.725,2.63,2.54,2.452,2.365,2.279,2.193,2.109,2.027,1.945,1.864,1.785,1.705,1.626,1.546,1.465,1.386,1.308,1.229,1.15,1.072,0.994,0.919,0.844,0.772,0.701,0.633,0.567,0.505,0.444,0.387,0.333,0.283,0.237,0.197,0.164,0.132,0.105,0.082,0.064,0.05,0.038,0.029,0.023,0.016,0.01,0.006,0.004,0.002,0.001,0,0,0,0,0,0,0
GMB,1955,13.224,12.254,11.436,10.754,10.195,9.739,9.374,9.083,8.85,8.661,8.522,8.445,8.291,7.997,7.621,7.278,6.94,6.654,6.453,6.307,6.156,6.012,5.866,5.708,5.542,5.385,5.227,5.085,4.969,4.863,4.758,4.665,4.521,4.297,4.028,3.769,3.506,3.294,3.17,3.103,3.029,2.962,2.888,2.794,2.69,2.594,2.505,2.417,2.33,2.243,2.157,2.072,1.989,1.906,1.825,1.744,1.664,1.584,1.502,1.419,1.338,1.257,1.178,1.096,1.016,0.937,0.859,0.784,0.711,0.64,0.571,0.506,0.443,0.384,0.329,0.277,0.228,0.186,0.15,0.121,0.093,0.07,0.052,0.038,0.027,0.019,0.014,0.01,0.006,0.003,0.001,0.001,0.001,0,0,0,0,0,0,0
GMB,1956,13.511,12.578,11.711,10.986,10.392,9.908,9.523,9.223,8.978,8.767,8.58,8.443,8.358,8.201,7.911,7.545,7.207,6.872,6.59,6.39,6.247,6.099,5.956,5.812,5.655,5.492,5.336,5.181,5.038,4.92,4.812,4.703,4.607,4.461,4.237,3.969,3.71,3.448,3.238,3.113,3.047,2.973,2.907,2.833,2.74,2.635,2.54,2.449,2.362,2.274,2.186,2.1,2.014,1.93,1.847,1.763,1.682,1.6,1.519,1.436,1.352,1.27,1.189,1.107,1.027,0.946,0.869,0.793,0.719,0.647,0.579,0.513,0.45,0.391,0.336,0.286,0.24,0.195,0.158,0.126,0.1,0.078,0.059,0.043,0.031,0.022,0.016,0.011,0.008,0.006,0.003,0.001,0.001,0,0,0,0,0,0,0
GMB,1957,13.886,12.733,11.969,11.2,10.568,10.056,9.648,9.332,9.096,8.897,8.706,8.523,8.384,8.293,8.131,7.847,7.489,7.156,6.823,6.541,6.344,6.203,6.057,5.916,5.773,5.618,5.456,5.301,5.147,5.006,4.884,4.772,4.661,4.561,4.412,4.188,3.92,3.662,3.399,3.189,3.065,2.998,2.925,2.859,2.786,2.692,2.586,2.491,2.4,2.311,2.224,2.136,2.048,1.962,1.877,1.792,1.708,1.624,1.541,1.458,1.373,1.288,1.205,1.123,1.041,0.96,0.88,0.803,0.727,0.655,0.585,0.519,0.456,0.396,0.34,0.29,0.244,0.203,0.164,0.13,0.103,0.081,0.062,0.047,0.034,0.024,0.017,0.012,0.009,0.006,0.004,0.001,0.001,0,0,0,0,0,0,0
GMB,1958,14.308,13.062,12.019,11.384,10.713,10.172,9.743,9.408,9.16,8.988,8.834,8.664,8.483,8.344,8.245,8.079,7.798,7.449,7.119,6.787,6.506,6.311,6.172,6.027,5.887,5.745,5.592,5.431,5.278,5.124,4.981,4.858,4.744,4.629,4.524,4.373,4.148,3.879,3.621,3.357,3.148,3.023,2.957,2.883,2.817,2.743,2.649,2.544,2.447,2.357,2.267,2.177,2.089,2.001,1.915,1.828,1.741,1.654,1.569,1.484,1.399,1.313,1.227,1.142,1.059,0.976,0.895,0.815,0.739,0.664,0.592,0.524,0.461,0.4,0.343,0.291,0.244,0.203,0.166,0.132,0.103,0.08,0.063,0.047,0.035,0.025,0.018,0.011,0.008,0.006,0.004,0.003,0.001,0,0,0,0,0,0,0
GMB,1959,14.724,13.404,12.299,11.387,10.818,10.243,9.791,9.444,9.185,9.004,8.896,8.786,8.636,8.458,8.316,8.212,8.04,7.763,7.42,7.094,6.762,6.482,6.288,6.152,6.008,5.869,5.728,5.574,5.416,5.262,5.109,4.966,4.841,4.722,4.603,4.495,4.342,4.114,3.845,3.586,3.321,3.111,2.987,2.919,2.847,2.781,2.707,2.612,2.505,2.408,2.317,2.226,2.136,2.046,1.958,1.869,1.781,1.693,1.604,1.518,1.431,1.344,1.256,1.168,1.082,0.997,0.914,0.832,0.752,0.675,0.601,0.531,0.465,0.403,0.345,0.29,0.241,0.198,0.163,0.13,0.1,0.077,0.058,0.044,0.032,0.023,0.017,0.011,0.007,0.005,0.003,0.003,0.001,0.001,0,0,0,0,0,0
GMB,1960,15.083,13.732,12.592,11.648,10.877,10.261,9.783,9.42,9.156,8.97,8.858,8.813,8.749,8.618,8.442,8.3,8.187,8.011,7.736,7.401,7.078,6.745,6.466,6.273,6.139,5.997,5.858,5.718,5.565,5.406,5.254,5.1,4.958,4.829,4.706,4.583,4.471,4.315,4.085,3.815,3.554,3.289,3.078,2.953,2.886,2.812,2.746,2.673,2.577,2.47,2.371,2.279,2.187,2.096,2.005,1.915,1.826,1.737,1.646,1.556,1.467,1.379,1.29,1.2,1.11,1.022,0.935,0.851,0.769,0.69,0.613,0.539,0.47,0.405,0.345,0.29,0.237,0.191,0.153,0.121,0.093,0.069,0.049,0.035,0.025,0.017,0.012,0.008,0.005,0.002,0.001,0.001,0.001,0,0,0,0,0,0,0
GMB,1961,15.22,14.323,13.132,12.126,11.29,10.604,10.055,9.624,9.296,9.055,8.882,8.774,8.723,8.654,8.526,8.357,8.217,8.104,7.927,7.656,7.325,7.005,6.675,6.398,6.208,6.076,5.935,5.799,5.659,5.505,5.344,5.189,5.034,4.888,4.758,4.633,4.509,4.395,4.237,4.01,3.744,3.488,3.226,3.017,2.894,2.825,2.752,2.685,2.61,2.514,2.406,2.308,2.215,2.123,2.031,1.939,1.847,1.756,1.666,1.574,1.483,1.392,1.304,1.214,1.125,1.036,0.949,0.863,0.781,0.702,0.625,0.551,0.481,0.415,0.355,0.301,0.251,0.203,0.163,0.13,0.102,0.077,0.058,0.041,0.029,0.02,0.013,0.01,0.007,0.003,0.002,0.001,0.001,0.001,0,0,0,0,0,0
GMB,1962,15.323,14.063,13.613,12.576,11.699,10.967,10.366,9.879,9.495,9.2,8.981,8.823,8.717,8.66,8.586,8.46,8.297,8.159,8.044,7.867,7.597,7.271,6.953,6.626,6.351,6.163,6.032,5.892,5.757,5.616,5.461,5.297,5.14,4.983,4.835,4.702,4.575,4.447,4.331,4.172,3.947,3.685,3.431,3.174,2.968,2.843,2.774,2.699,2.632,2.556,2.46,2.351,2.252,2.159,2.065,1.972,1.878,1.785,1.693,1.601,1.508,1.415,1.323,1.233,1.143,1.054,0.965,0.879,0.795,0.714,0.636,0.563,0.492,0.425,0.363,0.307,0.258,0.212,0.171,0.135,0.106,0.083,0.063,0.046,0.032,0.022,0.015,0.01,0.007,0.005,0.003,0.001,0.001,0,0,0,0,0,0,0
GMB,1963,15.446,14.265,13.236,12.937,12.053,11.301,10.673,10.153,9.73,9.391,9.128,8.93,8.785,8.682,8.618,8.539,8.415,8.259,8.123,8.005,7.828,7.56,7.236,6.919,6.593,6.32,6.133,6.002,5.864,5.73,5.589,5.432,5.265,5.105,4.945,4.793,4.657,4.527,4.398,4.278,4.118,3.894,3.634,3.385,3.129,2.925,2.801,2.731,2.654,2.585,2.509,2.411,2.303,2.203,2.108,2.013,1.917,1.822,1.727,1.633,1.54,1.445,1.351,1.258,1.165,1.075,0.986,0.897,0.811,0.728,0.648,0.573,0.501,0.434,0.369,0.311,0.261,0.216,0.175,0.139,0.108,0.083,0.064,0.048,0.034,0.025,0.017,0.01,0.007,0.005,0.003,0.002,0.001,0,0,0,0,0,0,0
GMB,1964,15.669,14.548,13.558,12.688,12.285,11.552,10.926,10.398,9.96,9.599,9.304,9.073,8.897,8.765,8.665,8.595,8.511,8.388,8.238,8.101,7.983,7.804,7.536,7.214,6.899,6.574,6.301,6.115,5.985,5.848,5.714,5.573,5.413,5.243,5.079,4.916,4.761,4.621,4.489,4.356,4.234,4.072,3.849,3.591,3.344,3.091,2.888,2.763,2.692,2.614,2.544,2.467,2.368,2.258,2.156,2.061,1.965,1.867,1.77,1.674,1.578,1.481,1.385,1.289,1.194,1.101,1.009,0.919,0.831,0.744,0.663,0.584,0.51,0.441,0.376,0.315,0.26,0.214,0.175,0.139,0.106,0.081,0.06,0.045,0.032,0.024,0.017,0.01,0.006,0.005,0.003,0.002,0.001,0,0,0,0,0,0,0
GMB,1965,16.047,14.945,13.961,13.088,12.319,11.648,11.066,10.565,10.139,9.782,9.482,9.233,9.033,8.879,8.758,8.66,8.583,8.494,8.374,8.229,8.093,7.972,7.792,7.524,7.203,6.89,6.565,6.292,6.107,5.978,5.84,5.707,5.565,5.403,5.229,5.062,4.895,4.736,4.593,4.457,4.322,4.196,4.032,3.809,3.554,3.308,3.057,2.855,2.73,2.657,2.578,2.507,2.427,2.328,2.217,2.114,2.017,1.919,1.819,1.72,1.621,1.523,1.425,1.327,1.228,1.132,1.037,0.944,0.853,0.765,0.679,0.598,0.52,0.448,0.381,0.318,0.26,0.209,0.167,0.132,0.102,0.074,0.053,0.037,0.025,0.017,0.012,0.008,0.005,0.002,0.001,0.001,0,0,0,0,0,0,0,0
GMB,1966,16.459,15.491,14.468,13.561,12.76,12.058,11.45,10.928,10.473,10.071,9.722,9.428,9.179,8.983,8.842,8.738,8.653,8.586,8.502,8.381,8.23,8.09,7.96,7.775,7.503,7.179,6.861,6.532,6.255,6.066,5.933,5.791,5.655,5.509,5.343,5.166,4.995,4.824,4.664,4.521,4.386,4.251,4.126,3.963,3.742,3.49,3.245,2.997,2.796,2.671,2.597,2.517,2.443,2.363,2.262,2.15,2.046,1.947,1.847,1.746,1.646,1.545,1.446,1.347,1.249,1.151,1.056,0.961,0.871,0.782,0.696,0.614,0.536,0.462,0.396,0.335,0.277,0.225,0.179,0.141,0.111,0.085,0.062,0.044,0.031,0.021,0.015,0.01,0.007,0.004,0.002,0.001,0,0,0,0,0,0,0,0
GMB,1967,17.041,15.841,14.972,14.027,13.194,12.464,11.826,11.28,10.817,10.406,10.027,9.685,9.397,9.148,8.955,8.825,8.739,8.666,8.609,8.531,8.408,8.251,8.104,7.968,7.775,7.499,7.172,6.849,6.514,6.233,6.038,5.902,5.757,5.616,5.466,5.296,5.115,4.94,4.765,4.603,4.459,4.325,4.19,4.066,3.904,3.685,3.433,3.19,2.944,2.744,2.619,2.543,2.461,2.387,2.304,2.202,2.088,1.982,1.881,1.78,1.678,1.575,1.473,1.373,1.274,1.175,1.077,0.981,0.889,0.799,0.713,0.63,0.551,0.476,0.407,0.344,0.288,0.238,0.19,0.15,0.117,0.092,0.069,0.05,0.036,0.024,0.017,0.011,0.008,0.005,0.003,0.001,0,0,0,0,0,0,0,0
GMB,1968,17.728,16.436,15.289,14.48,13.611,12.85,12.188,11.615,11.128,10.725,10.356,9.999,9.665,9.381,9.132,8.943,8.825,8.754,8.693,8.646,8.573,8.449,8.286,8.133,7.99,7.79,7.508,7.177,6.848,6.508,6.221,6.022,5.881,5.731,5.586,5.434,5.258,5.072,4.894,4.715,4.55,4.405,4.27,4.137,4.012,3.852,3.634,3.383,3.142,2.897,2.697,2.572,2.493,2.411,2.335,2.25,2.145,2.029,1.922,1.819,1.716,1.612,1.507,1.404,1.302,1.202,1.102,1.004,0.91,0.818,0.729,0.645,0.565,0.489,0.417,0.351,0.294,0.243,0.198,0.156,0.12,0.092,0.071,0.053,0.038,0.027,0.018,0.012,0.008,0.005,0.004,0.002,0.001,0,0,0,0,0,0,0
GMB,1969,18.437,17.066,15.853,14.788,14.007,13.213,12.524,11.93,11.42,10.993,10.646,10.321,9.985,9.658,9.379,9.129,8.942,8.836,8.782,8.733,8.696,8.627,8.502,8.333,8.173,8.023,7.816,7.527,7.191,6.858,6.512,6.219,6.014,5.868,5.714,5.565,5.408,5.228,5.037,4.854,4.671,4.503,4.357,4.223,4.089,3.965,3.805,3.587,3.338,3.097,2.853,2.654,2.527,2.447,2.363,2.284,2.199,2.093,1.974,1.864,1.759,1.655,1.548,1.441,1.337,1.233,1.132,1.032,0.934,0.839,0.748,0.66,0.578,0.501,0.427,0.358,0.297,0.244,0.199,0.158,0.122,0.092,0.069,0.051,0.037,0.026,0.019,0.012,0.007,0.005,0.003,0.003,0.002,0,0,0,0,0,0,0
GMB,1970,19.109,17.695,16.444,15.343,14.382,13.547,12.828,12.21,11.684,11.236,10.868,10.581,10.298,9.984,9.662,9.388,9.136,8.952,8.858,8.82,8.783,8.756,8.692,8.565,8.389,8.222,8.064,7.849,7.555,7.214,6.874,6.521,6.222,6.013,5.862,5.703,5.549,5.388,5.204,5.007,4.82,4.633,4.461,4.314,4.18,4.045,3.922,3.762,3.545,3.295,3.056,2.812,2.614,2.486,2.404,2.318,2.237,2.149,2.041,1.921,1.809,1.702,1.595,1.486,1.377,1.27,1.165,1.063,0.961,0.864,0.769,0.678,0.592,0.511,0.436,0.366,0.3,0.242,0.194,0.154,0.118,0.088,0.062,0.044,0.03,0.02,0.014,0.01,0.005,0.002,0.002,0.002,0.001,0,0,0,0,0,0,0
GMB,1971,19.574,18.504,17.211,16.061,15.045,14.153,13.374,12.698,12.114,11.61,11.177,10.816,10.527,10.249,9.953,9.657,9.403,9.169,8.996,8.902,8.857,8.813,8.778,8.704,8.566,8.381,8.202,8.029,7.805,7.507,7.165,6.825,6.473,6.172,5.959,5.803,5.64,5.483,5.318,5.133,4.938,4.752,4.567,4.397,4.249,4.114,3.979,3.854,3.695,3.478,3.231,2.993,2.751,2.554,2.424,2.34,2.252,2.17,2.079,1.969,1.847,1.734,1.626,1.518,1.409,1.301,1.194,1.09,0.988,0.89,0.795,0.703,0.616,0.533,0.457,0.387,0.322,0.262,0.209,0.166,0.132,0.1,0.074,0.053,0.036,0.025,0.017,0.012,0.008,0.005,0.002,0.002,0.001,0,0,0,0,0,0,0
GMB,1972,20.019,18.678,17.945,16.767,15.715,14.781,13.956,13.231,12.598,12.046,11.563,11.143,10.789,10.497,10.224,9.945,9.674,9.439,9.224,9.061,8.967,8.915,8.863,8.819,8.737,8.588,8.39,8.199,8.013,7.779,7.477,7.134,6.792,6.439,6.136,5.919,5.758,5.59,5.428,5.261,5.075,4.882,4.696,4.512,4.342,4.194,4.057,3.922,3.795,3.636,3.42,3.173,2.937,2.696,2.499,2.368,2.281,2.192,2.107,2.014,1.902,1.779,1.664,1.555,1.446,1.336,1.228,1.122,1.018,0.917,0.82,0.727,0.638,0.554,0.475,0.404,0.34,0.28,0.225,0.178,0.14,0.109,0.083,0.06,0.043,0.029,0.02,0.013,0.01,0.007,0.003,0.001,0.001,0,0,0,0,0,0,0
GMB,1973,20.497,19.22,18.053,17.414,16.351,15.396,14.541,13.782,13.11,12.519,11.997,11.535,11.127,10.778,10.484,10.214,9.952,9.706,9.492,9.292,9.14,9.046,8.987,8.928,8.875,8.783,8.623,8.414,8.209,8.01,7.765,7.458,7.113,6.769,6.415,6.11,5.888,5.722,5.549,5.383,5.213,5.026,4.833,4.647,4.465,4.295,4.146,4.007,3.871,3.743,3.583,3.367,3.122,2.886,2.646,2.449,2.316,2.227,2.135,2.047,1.953,1.839,1.714,1.597,1.486,1.376,1.266,1.156,1.05,0.947,0.848,0.753,0.662,0.575,0.493,0.418,0.351,0.293,0.238,0.189,0.146,0.113,0.087,0.065,0.047,0.033,0.022,0.014,0.01,0.007,0.005,0.003,0.001,0,0,0,0,0,0,0
GMB,1974,21.086,19.84,18.69,17.634,16.899,15.948,15.089,14.315,13.621,13.001,12.451,11.96,11.517,11.122,10.778,10.481,10.214,9.969,9.748,9.552,9.37,9.228,9.134,9.067,9,8.94,8.838,8.667,8.445,8.228,8.014,7.758,7.446,7.099,6.754,6.397,6.09,5.863,5.691,5.513,5.342,5.168,4.982,4.789,4.604,4.421,4.252,4.101,3.961,3.822,3.694,3.533,3.317,3.073,2.837,2.598,2.4,2.266,2.174,2.079,1.99,1.893,1.777,1.65,1.531,1.419,1.307,1.195,1.087,0.98,0.877,0.779,0.686,0.597,0.513,0.433,0.361,0.3,0.246,0.196,0.152,0.115,0.086,0.065,0.048,0.034,0.024,0.015,0.008,0.006,0.005,0.003,0.002,0,0,0,0,0,0,0
GMB,1975,21.839,20.566,19.39,18.305,17.307,16.391,15.554,14.79,14.096,13.466,12.898,12.39,11.929,11.506,11.123,10.784,10.484,10.22,9.993,9.795,9.617,9.454,9.321,9.226,9.153,9.079,9.01,8.897,8.715,8.481,8.251,8.024,7.756,7.438,7.09,6.741,6.383,6.073,5.842,5.663,5.481,5.304,5.128,4.939,4.747,4.561,4.38,4.211,4.059,3.917,3.777,3.646,3.485,3.27,3.026,2.79,2.552,2.353,2.217,2.122,2.025,1.934,1.834,1.716,1.587,1.466,1.351,1.238,1.126,1.017,0.91,0.808,0.71,0.617,0.531,0.45,0.373,0.305,0.247,0.199,0.154,0.116,0.083,0.06,0.042,0.03,0.02,0.014,0.008,0.003,0.002,0.002,0.001,0.001,0,0,0,0,0,0
GMB,1976,22.706,21.307,20.088,18.972,17.952,17.02,16.175,15.412,14.707,14.045,13.429,12.876,12.375,11.931,11.542,11.202,10.898,10.631,10.386,10.152,9.933,9.734,9.547,9.389,9.267,9.166,9.063,8.962,8.828,8.64,8.412,8.186,7.964,7.7,7.383,7.032,6.684,6.327,6.018,5.786,5.608,5.424,5.248,5.07,4.882,4.688,4.503,4.321,4.151,3.999,3.855,3.714,3.582,3.418,3.203,2.96,2.724,2.487,2.288,2.151,2.054,1.955,1.86,1.759,1.64,1.51,1.391,1.275,1.163,1.053,0.945,0.841,0.741,0.647,0.559,0.478,0.401,0.33,0.267,0.215,0.171,0.132,0.098,0.07,0.05,0.035,0.024,0.017,0.012,0.007,0.003,0.002,0.001,0.001,0,0,0,0,0,0
GMB,1977,23.759,22.229,20.797,19.631,18.574,17.617,16.751,15.975,15.288,14.64,14.008,13.405,12.866,12.373,11.946,11.59,11.291,11.023,10.789,10.561,10.322,10.08,9.86,9.651,9.467,9.318,9.188,9.055,8.923,8.768,8.574,8.35,8.128,7.912,7.653,7.335,6.982,6.633,6.277,5.967,5.736,5.557,5.374,5.196,5.019,4.83,4.635,4.45,4.267,4.096,3.942,3.797,3.653,3.519,3.355,3.14,2.897,2.663,2.426,2.227,2.087,1.987,1.885,1.79,1.687,1.566,1.437,1.316,1.201,1.089,0.98,0.875,0.773,0.675,0.583,0.5,0.424,0.353,0.287,0.23,0.183,0.144,0.11,0.081,0.058,0.041,0.028,0.019,0.013,0.009,0.005,0.002,0.001,0.001,0,0,0,0,0,0
GMB,1978,24.894,23.186,21.657,20.302,19.188,18.189,17.296,16.495,15.787,15.173,14.582,13.98,13.391,12.864,12.38,11.969,11.646,11.388,11.155,10.954,10.743,10.497,10.235,9.994,9.761,9.551,9.374,9.216,9.055,8.891,8.714,8.514,8.295,8.076,7.865,7.61,7.293,6.938,6.587,6.232,5.922,5.691,5.51,5.327,5.149,4.971,4.781,4.586,4.399,4.215,4.043,3.887,3.741,3.596,3.46,3.294,3.079,2.836,2.602,2.366,2.165,2.025,1.923,1.819,1.72,1.616,1.494,1.364,1.242,1.128,1.016,0.908,0.804,0.704,0.609,0.521,0.442,0.371,0.305,0.244,0.192,0.151,0.117,0.088,0.065,0.046,0.031,0.02,0.014,0.01,0.007,0.004,0.002,0.001,0,0,0,0,0,0
GMB,1979,25.976,24.129,22.488,21.035,19.818,18.755,17.814,16.983,16.247,15.607,15.066,14.532,13.961,13.384,12.87,12.394,11.998,11.71,11.493,11.293,11.125,10.932,10.681,10.396,10.132,9.876,9.64,9.436,9.25,9.058,8.863,8.665,8.459,8.244,8.03,7.824,7.573,7.254,6.897,6.546,6.189,5.88,5.648,5.467,5.282,5.105,4.925,4.735,4.539,4.351,4.167,3.993,3.836,3.687,3.541,3.403,3.236,3.02,2.777,2.543,2.307,2.107,1.964,1.859,1.752,1.651,1.546,1.423,1.291,1.17,1.055,0.944,0.837,0.734,0.637,0.544,0.459,0.384,0.318,0.257,0.202,0.155,0.119,0.091,0.067,0.048,0.032,0.022,0.013,0.008,0.007,0.005,0.003,0.001,0,0,0,0,0,0
GMB,1980,26.913,25.009,23.317,21.819,20.499,19.341,18.329,17.446,16.677,16.006,15.434,14.967,14.489,13.947,13.384,12.882,12.413,12.034,11.778,11.602,11.438,11.301,11.125,10.868,10.56,10.276,9.996,9.734,9.502,9.288,9.067,8.84,8.62,8.407,8.197,7.986,7.785,7.538,7.219,6.859,6.506,6.149,5.841,5.608,5.426,5.241,5.062,4.882,4.69,4.493,4.305,4.119,3.945,3.785,3.636,3.486,3.347,3.178,2.962,2.719,2.486,2.249,2.048,1.904,1.796,1.686,1.584,1.475,1.351,1.219,1.097,0.983,0.872,0.766,0.665,0.569,0.478,0.398,0.327,0.266,0.21,0.16,0.118,0.087,0.063,0.045,0.03,0.02,0.012,0.006,0.003,0.003,0.002,0.002,0,0,0,0,0,0
GMB,1981,27.465,26.167,24.42,22.852,21.454,20.212,19.11,18.136,17.285,16.549,15.909,15.359,14.901,14.442,13.935,13.414,12.949,12.515,12.157,11.899,11.709,11.529,11.377,11.179,10.896,10.563,10.249,9.939,9.655,9.413,9.198,8.977,8.749,8.529,8.316,8.104,7.894,7.694,7.448,7.132,6.772,6.423,6.069,5.761,5.529,5.347,5.162,4.983,4.802,4.61,4.413,4.225,4.038,3.864,3.702,3.55,3.4,3.258,3.088,2.873,2.631,2.399,2.165,1.965,1.82,1.712,1.601,1.498,1.39,1.266,1.136,1.016,0.903,0.796,0.694,0.599,0.509,0.425,0.349,0.285,0.23,0.18,0.136,0.1,0.073,0.052,0.037,0.025,0.017,0.01,0.005,0.003,0.002,0.002,0.001,0,0,0,0,0
GMB,1982,27.893,26.201,25.468,23.871,22.427,21.125,19.957,18.911,17.972,17.152,16.448,15.84,15.308,14.859,14.416,13.943,13.465,13.037,12.636,12.297,12.039,11.833,11.637,11.468,11.25,10.941,10.58,10.238,9.898,9.591,9.34,9.124,8.9,8.673,8.453,8.239,8.025,7.815,7.616,7.371,7.055,6.698,6.35,5.998,5.692,5.46,5.277,5.091,4.912,4.73,4.538,4.341,4.151,3.965,3.788,3.627,3.471,3.319,3.175,3.003,2.789,2.549,2.318,2.085,1.887,1.74,1.63,1.518,1.415,1.306,1.184,1.055,0.938,0.827,0.722,0.625,0.535,0.451,0.371,0.302,0.244,0.195,0.151,0.113,0.082,0.059,0.042,0.029,0.02,0.013,0.008,0.004,0.002,0.002,0.001,0.001,0,0,0,0
GMB,1983,28.396,26.869,25.439,24.834,23.385,22.058,20.85,19.754,18.76,17.855,17.062,16.387,15.809,15.296,14.854,14.427,13.986,13.55,13.156,12.788,12.468,12.207,11.986,11.775,11.588,11.348,11.014,10.624,10.253,9.881,9.551,9.29,9.073,8.847,8.619,8.399,8.182,7.966,7.754,7.556,7.312,6.997,6.64,6.294,5.942,5.636,5.404,5.221,5.034,4.854,4.671,4.478,4.279,4.088,3.902,3.724,3.559,3.402,3.246,3.1,2.927,2.711,2.473,2.243,2.011,1.812,1.665,1.553,1.44,1.334,1.226,1.104,0.978,0.861,0.752,0.65,0.558,0.472,0.394,0.32,0.256,0.203,0.16,0.123,0.091,0.065,0.046,0.032,0.021,0.015,0.01,0.006,0.003,0.002,0.001,0.001,0,0,0,0
GMB,1984,29.247,27.81,26.436,25.127,24.284,22.977,21.764,20.646,19.618,18.671,17.797,17.031,16.383,15.833,15.336,14.899,14.487,14.078,13.681,13.321,12.984,12.68,12.418,12.18,11.952,11.747,11.484,11.123,10.705,10.303,9.899,9.544,9.271,9.052,8.824,8.595,8.372,8.153,7.934,7.721,7.522,7.278,6.962,6.605,6.257,5.907,5.6,5.366,5.182,4.993,4.811,4.627,4.432,4.232,4.04,3.851,3.671,3.503,3.344,3.185,3.036,2.86,2.644,2.406,2.175,1.944,1.745,1.595,1.481,1.366,1.26,1.15,1.029,0.902,0.787,0.68,0.581,0.491,0.412,0.337,0.269,0.21,0.164,0.126,0.095,0.068,0.048,0.032,0.021,0.013,0.01,0.007,0.005,0.002,0.001,0.001,0,0,0,0
GMB,1985,30.628,29.142,27.717,26.354,25.054,23.819,22.65,21.548,20.515,19.552,18.652,17.805,17.061,16.44,15.914,15.433,14.999,14.602,14.222,13.864,13.536,13.229,12.943,12.677,12.421,12.176,11.953,11.665,11.275,10.826,10.391,9.953,9.572,9.286,9.065,8.833,8.6,8.376,8.153,7.93,7.715,7.515,7.27,6.953,6.593,6.244,5.892,5.583,5.348,5.161,4.97,4.786,4.6,4.402,4.199,4.005,3.814,3.631,3.46,3.296,3.135,2.981,2.804,2.586,2.346,2.114,1.883,1.683,1.532,1.414,1.298,1.189,1.078,0.957,0.83,0.716,0.61,0.513,0.427,0.351,0.283,0.219,0.166,0.124,0.094,0.067,0.047,0.03,0.018,0.011,0.006,0.005,0.003,0.002,0.001,0,0,0,0,0
GMB,1986,32.258,30.315,28.811,27.394,26.062,24.809,23.642,22.561,21.535,20.548,19.615,18.752,17.937,17.26,16.765,16.397,16.059,15.767,15.46,15.096,14.699,14.333,13.986,13.627,13.249,12.857,12.473,12.1,11.7,11.256,10.791,10.339,9.884,9.494,9.203,8.977,8.748,8.525,8.306,8.084,7.857,7.64,7.441,7.196,6.879,6.52,6.172,5.819,5.512,5.276,5.088,4.896,4.71,4.523,4.324,4.119,3.923,3.73,3.545,3.372,3.205,3.041,2.885,2.706,2.488,2.25,2.021,1.792,1.593,1.443,1.325,1.21,1.102,0.992,0.875,0.754,0.646,0.545,0.455,0.375,0.307,0.244,0.188,0.141,0.105,0.078,0.056,0.039,0.025,0.016,0.009,0.005,0.003,0.003,0.002,0.001,0,0,0,0
GMB,1987,34.382,32.363,30.092,28.567,27.154,25.848,24.64,23.537,22.542,21.588,20.643,19.738,18.909,18.122,17.512,17.141,16.929,16.733,16.581,16.365,16.016,15.579,15.174,14.785,14.352,13.861,13.332,12.807,12.285,11.77,11.27,10.79,10.317,9.845,9.445,9.146,8.916,8.689,8.474,8.262,8.039,7.807,7.588,7.388,7.142,6.825,6.466,6.118,5.765,5.457,5.22,5.031,4.837,4.649,4.459,4.258,4.051,3.852,3.657,3.471,3.294,3.124,2.956,2.797,2.615,2.398,2.162,1.934,1.707,1.51,1.36,1.241,1.125,1.018,0.91,0.797,0.681,0.578,0.482,0.397,0.325,0.263,0.208,0.159,0.117,0.086,0.063,0.044,0.03,0.02,0.013,0.007,0.003,0.003,0.002,0.001,0,0,0,0
GMB,1988,36.74,34.34,32.166,29.89,28.341,26.932,25.651,24.486,23.446,22.537,21.655,20.752,19.874,19.079,18.321,17.776,17.531,17.475,17.422,17.41,17.284,16.95,16.473,16.028,15.597,15.09,14.484,13.817,13.151,12.478,11.848,11.292,10.795,10.302,9.813,9.403,9.095,8.862,8.637,8.43,8.222,7.998,7.762,7.542,7.34,7.093,6.776,6.417,6.068,5.715,5.406,5.167,4.976,4.78,4.59,4.398,4.195,3.985,3.784,3.587,3.397,3.218,3.044,2.874,2.711,2.527,2.31,2.074,1.848,1.623,1.427,1.277,1.157,1.041,0.935,0.828,0.718,0.608,0.51,0.42,0.34,0.275,0.22,0.171,0.129,0.094,0.068,0.048,0.033,0.023,0.016,0.01,0.005,0.003,0.002,0.001,0.001,0,0,0
GMB,1989,38.968,36.265,33.838,31.67,29.639,28.07,26.665,25.411,24.292,23.317,22.495,21.687,20.828,19.978,19.219,18.49,18.013,17.892,17.994,18.084,18.213,18.178,17.859,17.342,16.859,16.386,15.805,15.085,14.281,13.475,12.652,11.907,11.295,10.783,10.271,9.766,9.345,9.031,8.792,8.57,8.371,8.17,7.945,7.705,7.483,7.28,7.033,6.716,6.357,6.008,5.656,5.346,5.106,4.913,4.716,4.524,4.33,4.124,3.914,3.71,3.511,3.318,3.137,2.96,2.786,2.62,2.435,2.218,1.983,1.759,1.535,1.341,1.191,1.072,0.956,0.849,0.745,0.639,0.534,0.441,0.356,0.283,0.224,0.176,0.134,0.099,0.07,0.049,0.033,0.021,0.015,0.011,0.007,0.003,0.001,0.001,0.001,0,0,0
GMB,1990,40.797,37.956,35.405,33.125,31.097,29.299,27.712,26.318,25.096,24.026,23.118,22.386,21.654,20.841,20.021,19.3,18.603,18.193,18.198,18.456,18.689,18.957,19.015,18.712,18.157,17.635,17.123,16.469,15.64,14.701,13.757,12.787,11.929,11.265,10.739,10.208,9.688,9.257,8.937,8.697,8.478,8.288,8.094,7.869,7.625,7.402,7.199,6.953,6.636,6.279,5.931,5.579,5.27,5.03,4.836,4.638,4.444,4.25,4.042,3.83,3.625,3.424,3.23,3.046,2.865,2.689,2.521,2.334,2.118,1.887,1.663,1.444,1.251,1.102,0.983,0.867,0.761,0.66,0.557,0.458,0.371,0.292,0.225,0.173,0.131,0.096,0.067,0.045,0.029,0.018,0.009,0.008,0.006,0.003,0.001,0,0,0,0,0
GMB,1991,42.53,40.303,37.657,35.249,33.07,31.104,29.334,27.743,26.347,25.145,24.108,23.213,22.477,21.754,20.971,20.19,19.502,18.834,18.433,18.409,18.614,18.795,19.012,19.017,18.66,18.055,17.484,16.919,16.231,15.392,14.463,13.529,12.572,11.729,11.077,10.563,10.048,9.546,9.13,8.824,8.592,8.384,8.205,8.017,7.794,7.547,7.321,7.115,6.867,6.554,6.204,5.863,5.517,5.21,4.968,4.77,4.566,4.368,4.168,3.959,3.743,3.535,3.331,3.133,2.945,2.762,2.582,2.41,2.224,2.008,1.78,1.562,1.346,1.157,1.012,0.897,0.786,0.685,0.589,0.494,0.403,0.324,0.253,0.193,0.147,0.11,0.081,0.057,0.038,0.025,0.014,0.008,0.006,0.005,0.003,0.001,0,0,0,0
GMB,1992,43.893,41.273,39.709,37.264,35.006,32.931,31.034,29.298,27.705,26.311,25.133,24.13,23.252,22.514,21.801,21.049,20.311,19.656,19.022,18.628,18.574,18.726,18.855,19.02,18.97,18.562,17.909,17.287,16.672,15.95,15.105,14.188,13.266,12.324,11.498,10.861,10.361,9.862,9.378,8.98,8.686,8.466,8.269,8.101,7.92,7.699,7.451,7.223,7.013,6.764,6.457,6.115,5.78,5.441,5.138,4.895,4.691,4.484,4.281,4.078,3.864,3.647,3.436,3.229,3.029,2.838,2.651,2.468,2.295,2.107,1.894,1.669,1.454,1.244,1.061,0.919,0.808,0.702,0.606,0.516,0.428,0.346,0.275,0.212,0.16,0.121,0.089,0.064,0.045,0.03,0.02,0.011,0.006,0.005,0.003,0.003,0.001,0,0,0
GMB,1993,44.956,42.631,40.406,39.046,36.807,34.703,32.737,30.911,29.211,27.621,26.23,25.077,24.112,23.25,22.513,21.81,21.092,20.395,19.776,19.175,18.79,18.708,18.805,18.883,18.994,18.891,18.432,17.731,17.062,16.396,15.642,14.793,13.888,12.98,12.055,11.247,10.626,10.141,9.66,9.195,8.815,8.535,8.326,8.14,7.984,7.811,7.592,7.343,7.112,6.899,6.65,6.348,6.014,5.687,5.356,5.057,4.813,4.605,4.394,4.187,3.979,3.764,3.544,3.331,3.122,2.92,2.725,2.536,2.35,2.174,1.985,1.775,1.555,1.345,1.14,0.962,0.825,0.719,0.617,0.525,0.442,0.363,0.289,0.226,0.172,0.128,0.093,0.069,0.048,0.033,0.023,0.015,0.008,0.005,0.003,0.003,0.002,0,0,0
GMB,1994,45.846,43.84,41.848,39.878,38.358,36.326,34.377,32.52,30.767,29.104,27.516,26.131,25.005,24.077,23.233,22.496,21.805,21.119,20.466,19.883,19.316,18.94,18.829,18.872,18.898,18.956,18.8,18.29,17.541,16.824,16.109,15.325,14.469,13.58,12.685,11.779,10.99,10.384,9.914,9.451,9.007,8.644,8.378,8.181,8.006,7.861,7.696,7.479,7.229,6.997,6.78,6.532,6.236,5.911,5.591,5.267,4.972,4.728,4.516,4.301,4.091,3.879,3.661,3.438,3.223,3.013,2.808,2.611,2.418,2.231,2.053,1.863,1.656,1.44,1.235,1.035,0.862,0.731,0.629,0.533,0.446,0.368,0.296,0.232,0.177,0.131,0.095,0.067,0.047,0.031,0.022,0.015,0.01,0.005,0.003,0.002,0.002,0.001,0,0
GMB,1995,46.675,44.952,43.172,41.356,39.518,37.677,35.851,34.056,32.309,30.628,29.001,27.416,26.036,24.936,24.045,23.219,22.482,21.803,21.149,20.54,19.991,19.459,19.091,18.951,18.942,18.915,18.922,18.711,18.151,17.356,16.591,15.826,15.01,14.15,13.274,12.394,11.505,10.734,10.146,9.69,9.244,8.82,8.474,8.223,8.036,7.873,7.74,7.582,7.369,7.116,6.883,6.663,6.415,6.124,5.808,5.496,5.179,4.889,4.643,4.427,4.209,3.994,3.779,3.558,3.335,3.117,2.905,2.697,2.498,2.302,2.112,1.932,1.743,1.537,1.326,1.126,0.93,0.764,0.636,0.539,0.447,0.366,0.295,0.231,0.174,0.128,0.091,0.062,0.041,0.026,0.014,0.011,0.008,0.005,0.003,0.001,0.001,0,0,0
GMB,1996,47.451,46.22,44.546,42.822,41.06,39.278,37.495,35.729,33.981,32.259,30.59,28.973,27.392,26.029,24.972,24.138,23.359,22.667,22.01,21.344,20.699,20.114,19.546,19.127,18.915,18.821,18.711,18.63,18.355,17.771,16.979,16.215,15.457,14.646,13.787,12.909,12.033,11.152,10.394,9.828,9.401,8.984,8.588,8.269,8.037,7.865,7.717,7.599,7.451,7.239,6.984,6.746,6.519,6.269,5.985,5.68,5.377,5.069,4.785,4.538,4.316,4.092,3.872,3.652,3.428,3.204,2.984,2.771,2.562,2.36,2.165,1.975,1.794,1.608,1.41,1.209,1.019,0.835,0.678,0.56,0.471,0.388,0.315,0.252,0.196,0.146,0.106,0.076,0.052,0.034,0.021,0.012,0.008,0.006,0.005,0.002,0.001,0,0,0
GMB,1997,48.185,46.904,45.794,44.171,42.498,40.791,39.064,37.337,35.631,33.928,32.231,30.571,28.964,27.384,26.039,25.025,24.247,23.513,22.865,22.23,21.552,20.871,20.251,19.646,19.175,18.89,18.713,18.52,18.35,18.013,17.404,16.613,15.851,15.099,14.294,13.434,12.553,11.681,10.805,10.061,9.517,9.118,8.729,8.362,8.068,7.856,7.699,7.566,7.464,7.325,7.114,6.854,6.613,6.379,6.126,5.849,5.555,5.262,4.963,4.683,4.434,4.207,3.978,3.753,3.528,3.301,3.074,2.853,2.638,2.428,2.225,2.028,1.838,1.658,1.475,1.283,1.093,0.913,0.74,0.593,0.485,0.404,0.329,0.266,0.211,0.161,0.119,0.085,0.06,0.042,0.028,0.017,0.009,0.006,0.005,0.003,0.002,0,0,0
GMB,1998,48.964,47.827,46.553,45.392,43.817,42.196,40.542,38.869,37.197,35.55,33.892,32.217,30.568,28.969,27.392,26.062,25.09,24.367,23.681,23.075,22.461,21.771,21.053,20.396,19.757,19.233,18.875,18.614,18.337,18.081,17.679,17.046,16.257,15.495,14.748,13.948,13.088,12.204,11.335,10.465,9.732,9.211,8.84,8.479,8.14,7.873,7.679,7.536,7.417,7.331,7.202,6.992,6.729,6.482,6.243,5.988,5.716,5.434,5.148,4.859,4.584,4.334,4.1,3.866,3.635,3.406,3.175,2.946,2.724,2.506,2.296,2.091,1.893,1.702,1.522,1.342,1.158,0.977,0.807,0.645,0.509,0.409,0.337,0.271,0.216,0.169,0.127,0.092,0.064,0.045,0.031,0.021,0.013,0.006,0.005,0.003,0.002,0.001,0,0
GMB,1999,49.902,48.82,47.615,46.301,45.003,43.477,41.908,40.307,38.686,37.069,35.48,33.866,32.215,30.575,28.984,27.408,26.094,25.163,24.496,23.856,23.294,22.7,21.997,21.243,20.55,19.874,19.297,18.867,18.522,18.162,17.816,17.351,16.694,15.905,15.145,14.403,13.607,12.746,11.859,10.992,10.127,9.407,8.906,8.564,8.23,7.921,7.678,7.504,7.375,7.272,7.201,7.081,6.873,6.606,6.355,6.108,5.851,5.584,5.313,5.037,4.756,4.487,4.234,3.994,3.755,3.519,3.285,3.051,2.82,2.595,2.376,2.163,1.958,1.758,1.567,1.387,1.209,1.033,0.862,0.702,0.55,0.424,0.334,0.27,0.213,0.166,0.126,0.093,0.064,0.043,0.03,0.021,0.014,0.008,0.003,0.003,0.002,0.001,0,0
GMB,2000,51.081,49.948,48.726,47.425,46.056,44.627,43.148,41.63,40.083,38.515,36.951,35.42,33.85,32.221,30.589,29.008,27.431,26.133,25.244,24.631,24.037,23.518,22.946,22.231,21.439,20.709,19.996,19.367,18.865,18.435,17.99,17.556,17.028,16.344,15.558,14.797,14.061,13.269,12.406,11.516,10.651,9.79,9.084,8.606,8.291,7.985,7.704,7.487,7.331,7.217,7.129,7.073,6.963,6.755,6.484,6.229,5.975,5.715,5.455,5.194,4.928,4.656,4.39,4.136,3.89,3.645,3.402,3.163,2.927,2.694,2.467,2.247,2.031,1.824,1.624,1.433,1.252,1.078,0.908,0.747,0.597,0.455,0.34,0.259,0.203,0.154,0.116,0.084,0.058,0.037,0.022,0.014,0.011,0.008,0.003,0.001,0.001,0,0,0
GMB,2001,52.484,50.762,49.566,48.324,47.039,45.713,44.357,42.981,41.542,40.022,38.451,36.898,35.375,33.83,32.249,30.678,29.148,27.623,26.351,25.45,24.797,24.166,23.608,22.987,22.215,21.36,20.568,19.788,19.112,18.595,18.173,17.735,17.312,16.793,16.114,15.329,14.575,13.847,13.066,12.217,11.343,10.495,9.65,8.956,8.488,8.179,7.88,7.605,7.391,7.235,7.12,7.029,6.969,6.855,6.646,6.373,6.116,5.859,5.598,5.333,5.068,4.797,4.521,4.252,3.994,3.745,3.496,3.252,3.011,2.772,2.539,2.312,2.092,1.88,1.677,1.483,1.298,1.125,0.96,0.803,0.657,0.521,0.394,0.291,0.219,0.17,0.128,0.096,0.071,0.048,0.03,0.017,0.012,0.009,0.006,0.003,0.001,0,0,0
GMB,2002,54.134,52.55,50.448,49.188,47.926,46.657,45.374,44.09,42.818,41.457,39.965,38.391,36.847,35.334,33.812,32.279,30.769,29.292,27.818,26.571,25.657,24.966,24.296,23.699,23.03,22.2,21.283,20.427,19.581,18.859,18.328,17.913,17.482,17.069,16.56,15.885,15.102,14.354,13.633,12.864,12.029,11.171,10.338,9.511,8.83,8.371,8.069,7.776,7.506,7.295,7.14,7.022,6.928,6.866,6.749,6.537,6.263,6.003,5.745,5.48,5.212,4.942,4.668,4.388,4.114,3.853,3.599,3.348,3.101,2.857,2.618,2.384,2.157,1.938,1.729,1.531,1.343,1.165,0.998,0.843,0.699,0.566,0.445,0.333,0.242,0.179,0.137,0.102,0.077,0.057,0.039,0.024,0.014,0.009,0.008,0.005,0.002,0,0,0
GMB,2003,55.966,54.039,52.253,50.138,48.814,47.532,46.278,45.039,43.827,42.658,41.376,39.911,38.334,36.799,35.296,33.797,32.312,30.862,29.437,28.014,26.792,25.866,25.136,24.428,23.793,23.075,22.187,21.208,20.289,19.375,18.607,18.061,17.654,17.229,16.827,16.327,15.657,14.876,14.134,13.422,12.663,11.843,11,10.183,9.371,8.704,8.255,7.958,7.671,7.408,7.201,7.045,6.926,6.829,6.762,6.642,6.429,6.154,5.892,5.631,5.363,5.091,4.818,4.537,4.254,3.977,3.711,3.455,3.2,2.95,2.705,2.464,2.229,2.003,1.784,1.577,1.383,1.202,1.032,0.872,0.725,0.594,0.476,0.369,0.271,0.194,0.14,0.105,0.077,0.058,0.043,0.03,0.018,0.009,0.007,0.005,0.003,0.002,0,0
GMB,2004,57.88,55.612,53.564,51.714,49.828,48.439,47.138,45.9,44.703,43.564,42.497,41.294,39.857,38.277,36.751,35.257,33.782,32.345,30.955,29.583,28.21,27.014,26.075,25.306,24.56,23.885,23.12,22.174,21.134,20.151,19.17,18.355,17.795,17.394,16.977,16.585,16.094,15.428,14.649,13.914,13.209,12.463,11.655,10.829,10.028,9.232,8.579,8.139,7.848,7.568,7.31,7.105,6.951,6.829,6.731,6.659,6.537,6.321,6.045,5.781,5.517,5.246,4.97,4.692,4.408,4.12,3.839,3.569,3.31,3.053,2.8,2.553,2.311,2.074,1.847,1.631,1.426,1.236,1.061,0.897,0.745,0.608,0.489,0.386,0.292,0.21,0.145,0.1,0.073,0.051,0.039,0.029,0.02,0.011,0.006,0.005,0.003,0.002,0.001,0
GMB,2005,59.79,57.232,54.955,52.93,51.127,49.513,48.061,46.738,45.516,44.364,43.297,42.333,41.208,39.799,38.215,36.7,35.215,33.763,32.375,31.046,29.725,28.404,27.234,26.281,25.473,24.69,23.976,23.162,22.159,21.056,20.01,18.962,18.101,17.527,17.134,16.723,16.341,15.86,15.199,14.422,13.692,12.996,12.259,11.467,10.656,9.871,9.092,8.453,8.021,7.738,7.463,7.211,7.011,6.856,6.732,6.63,6.555,6.43,6.212,5.934,5.668,5.403,5.129,4.849,4.566,4.278,3.986,3.701,3.428,3.165,2.904,2.65,2.4,2.156,1.919,1.693,1.476,1.274,1.089,0.92,0.764,0.619,0.491,0.384,0.295,0.216,0.148,0.095,0.061,0.04,0.025,0.021,0.016,0.011,0.005,0.002,0.002,0.001,0,0
GMB,2006,61.675,59.042,56.607,54.435,52.498,50.766,49.211,47.801,46.521,45.346,44.242,43.214,42.282,41.181,39.79,38.218,36.708,35.227,33.771,32.369,31.021,29.68,28.336,27.14,26.159,25.319,24.505,23.759,22.923,21.912,20.811,19.767,18.724,17.867,17.294,16.901,16.492,16.114,15.639,14.989,14.227,13.512,12.831,12.107,11.326,10.526,9.75,8.98,8.347,7.918,7.634,7.357,7.102,6.899,6.742,6.616,6.511,6.434,6.302,6.08,5.795,5.523,5.251,4.971,4.687,4.4,4.11,3.814,3.526,3.252,2.986,2.726,2.471,2.224,1.985,1.756,1.538,1.329,1.137,0.965,0.81,0.667,0.536,0.421,0.327,0.249,0.181,0.123,0.08,0.051,0.033,0.02,0.016,0.013,0.008,0.003,0.002,0.001,0,0
GMB,2007,63.554,60.601,58.288,55.979,53.911,52.061,50.403,48.905,47.538,46.3,45.173,44.118,43.129,42.226,41.151,39.776,38.216,36.714,35.235,33.775,32.361,30.994,29.632,28.265,27.044,26.033,25.163,24.318,23.54,22.682,21.663,20.564,19.524,18.485,17.632,17.061,16.667,16.26,15.885,15.417,14.779,14.031,13.329,12.664,11.955,11.185,10.394,9.629,8.868,8.242,7.815,7.53,7.252,6.994,6.787,6.628,6.499,6.392,6.311,6.176,5.947,5.656,5.378,5.099,4.814,4.526,4.235,3.94,3.642,3.352,3.074,2.809,2.548,2.293,2.049,1.815,1.593,1.382,1.182,1.001,0.84,0.699,0.57,0.453,0.351,0.269,0.203,0.145,0.098,0.064,0.041,0.026,0.016,0.013,0.01,0.006,0.003,0.001,0,0
GMB,2008,65.436,62.371,59.632,57.546,55.359,53.396,51.633,50.046,48.607,47.283,46.086,45.006,44,43.05,42.178,41.126,39.77,38.221,36.725,35.249,33.785,32.358,30.972,29.589,28.199,26.953,25.911,25.01,24.135,23.325,22.444,21.417,20.32,19.283,18.249,17.4,16.829,16.436,16.031,15.659,15.198,14.571,13.837,13.151,12.499,11.802,11.045,10.265,9.509,8.758,8.138,7.713,7.426,7.146,6.886,6.676,6.515,6.385,6.274,6.189,6.05,5.815,5.518,5.234,4.949,4.658,4.364,4.07,3.772,3.471,3.178,2.898,2.631,2.369,2.115,1.873,1.645,1.43,1.226,1.035,0.864,0.717,0.589,0.473,0.369,0.282,0.212,0.157,0.109,0.074,0.049,0.031,0.019,0.011,0.009,0.007,0.005,0.002,0,0
GMB,2009,67.337,64.208,61.386,58.849,56.82,54.757,52.898,51.221,49.707,48.324,47.042,45.888,44.855,43.897,42.985,42.143,41.115,39.777,38.238,36.749,35.276,33.806,32.365,30.959,29.555,28.142,26.869,25.799,24.867,23.96,23.118,22.214,21.179,20.084,19.048,18.019,17.174,16.604,16.209,15.807,15.438,14.983,14.367,13.649,12.976,12.338,11.655,10.909,10.138,9.391,8.65,8.036,7.613,7.325,7.043,6.781,6.567,6.404,6.271,6.158,6.069,5.925,5.686,5.382,5.091,4.8,4.503,4.205,3.906,3.604,3.3,3.005,2.724,2.454,2.192,1.938,1.698,1.475,1.268,1.073,0.89,0.729,0.593,0.478,0.376,0.286,0.212,0.155,0.111,0.073,0.048,0.033,0.021,0.013,0.006,0.005,0.004,0.003,0.001,0
GMB,2010,69.261,66.111,63.24,60.63,58.262,56.116,54.175,52.419,50.829,49.386,48.059,46.82,45.705,44.72,43.81,42.935,42.124,41.12,39.798,38.27,36.786,35.314,33.839,32.385,30.958,29.532,28.096,26.796,25.695,24.732,23.793,22.919,21.992,20.948,19.855,18.82,17.796,16.954,16.384,15.989,15.588,15.223,14.774,14.17,13.465,12.805,12.181,11.512,10.777,10.015,9.278,8.545,7.937,7.516,7.227,6.944,6.677,6.462,6.296,6.161,6.043,5.952,5.803,5.558,5.248,4.951,4.652,4.35,4.047,3.743,3.438,3.131,2.833,2.55,2.279,2.015,1.761,1.524,1.306,1.105,0.918,0.744,0.592,0.469,0.368,0.28,0.204,0.143,0.098,0.065,0.038,0.024,0.018,0.012,0.005,0.002,0.002,0.001,0.001,0
GMB,2011,71.074,68.449,65.464,62.721,60.206,57.908,55.805,53.88,52.147,50.605,49.223,47.941,46.735,45.646,44.677,43.775,42.904,42.093,41.082,39.748,38.201,36.696,35.202,33.703,32.222,30.767,29.314,27.85,26.53,25.421,24.459,23.522,22.652,21.73,20.691,19.601,18.571,17.554,16.721,16.162,15.778,15.39,15.036,14.599,14.004,13.307,12.655,12.038,11.375,10.644,9.885,9.15,8.417,7.811,7.391,7.103,6.82,6.554,6.335,6.162,6.017,5.889,5.788,5.629,5.376,5.06,4.758,4.455,4.148,3.842,3.537,3.23,2.923,2.628,2.35,2.087,1.833,1.588,1.362,1.157,0.973,0.802,0.644,0.508,0.399,0.311,0.234,0.17,0.12,0.082,0.053,0.03,0.019,0.015,0.01,0.005,0.002,0.001,0.001,0
GMB,2012,72.912,69.869,67.687,64.864,62.246,59.827,57.596,55.535,53.625,51.914,50.418,49.095,47.856,46.684,45.62,44.666,43.771,42.904,42.093,41.075,39.726,38.159,36.633,35.115,33.59,32.082,30.599,29.116,27.623,26.283,25.167,24.205,23.269,22.403,21.484,20.447,19.36,18.337,17.325,16.5,15.951,15.58,15.202,14.861,14.435,13.849,13.158,12.514,11.905,11.246,10.518,9.762,9.028,8.296,7.689,7.27,6.984,6.701,6.435,6.214,6.033,5.877,5.741,5.628,5.461,5.2,4.878,4.568,4.261,3.949,3.639,3.332,3.024,2.719,2.425,2.152,1.897,1.651,1.416,1.201,1.011,0.843,0.687,0.546,0.426,0.33,0.254,0.188,0.136,0.097,0.066,0.042,0.024,0.016,0.011,0.008,0.003,0.001,0.001,0
GMB,2013,74.749,71.817,69.029,66.953,64.291,61.798,59.471,57.307,55.287,53.39,51.701,50.251,48.987,47.791,46.651,45.613,44.674,43.786,42.921,42.109,41.084,39.72,38.133,36.585,35.044,33.492,31.954,30.443,28.931,27.409,26.046,24.921,23.961,23.025,22.162,21.247,20.212,19.128,18.109,17.103,16.286,15.746,15.386,15.022,14.692,14.277,13.699,13.016,12.378,11.775,11.122,10.398,9.643,8.909,8.177,7.571,7.153,6.867,6.586,6.319,6.094,5.906,5.74,5.593,5.47,5.293,5.025,4.697,4.381,4.068,3.752,3.438,3.13,2.82,2.514,2.224,1.956,1.707,1.47,1.244,1.041,0.864,0.711,0.573,0.447,0.342,0.26,0.197,0.142,0.103,0.073,0.05,0.031,0.017,0.011,0.008,0.005,0.003,0.001,0
GMB,2014,76.566,73.755,71.039,68.424,66.229,63.727,61.358,59.124,57.027,55.047,53.164,51.496,50.092,48.887,47.733,46.627,45.612,44.688,43.807,42.945,42.131,41.099,39.72,38.112,36.541,34.977,33.398,31.832,30.291,28.75,27.198,25.814,24.68,23.719,22.786,21.924,21.013,19.981,18.898,17.884,16.883,16.074,15.545,15.196,14.843,14.525,14.121,13.551,12.875,12.244,11.648,11,10.279,9.525,8.792,8.061,7.454,7.036,6.752,6.47,6.204,5.976,5.78,5.604,5.447,5.313,5.127,4.85,4.517,4.194,3.876,3.556,3.239,2.927,2.617,2.31,2.022,1.759,1.518,1.289,1.072,0.88,0.718,0.581,0.458,0.349,0.259,0.191,0.14,0.097,0.069,0.05,0.034,0.019,0.01,0.006,0.005,0.003,0.002,0
GMB,2015,78.348,75.655,73.016,70.439,67.933,65.506,63.166,60.922,58.78,56.75,54.81,52.94,51.294,49.936,48.789,47.678,46.603,45.613,44.704,43.829,42.971,42.156,41.116,39.722,38.093,36.5,34.911,33.307,31.711,30.14,28.57,26.988,25.583,24.441,23.479,22.546,21.688,20.78,19.75,18.67,17.66,16.665,15.862,15.343,15.007,14.665,14.359,13.965,13.404,12.735,12.111,11.521,10.877,10.159,9.407,8.676,7.944,7.336,6.92,6.638,6.356,6.089,5.858,5.655,5.468,5.301,5.156,4.961,4.676,4.336,4.008,3.684,3.358,3.038,2.724,2.413,2.106,1.821,1.562,1.33,1.108,0.901,0.72,0.572,0.45,0.343,0.25,0.177,0.122,0.083,0.05,0.035,0.027,0.018,0.008,0.003,0.003,0.002,0.001,0
GMB,2016,80.018,77.655,75.046,72.484,69.978,67.537,65.167,62.878,60.68,58.588,56.604,54.704,52.869,51.249,49.908,48.768,47.661,46.587,45.589,44.664,43.767,42.883,42.043,40.975,39.552,37.895,36.274,34.655,33.031,31.429,29.862,28.295,26.72,25.32,24.181,23.222,22.291,21.437,20.536,19.52,18.455,17.46,16.481,15.691,15.18,14.847,14.51,14.208,13.817,13.256,12.585,11.958,11.365,10.721,10.006,9.259,8.532,7.803,7.198,6.779,6.489,6.201,5.929,5.69,5.477,5.278,5.1,4.944,4.739,4.448,4.102,3.772,3.445,3.121,2.805,2.5,2.198,1.902,1.629,1.388,1.172,0.97,0.782,0.619,0.488,0.38,0.287,0.209,0.147,0.102,0.068,0.042,0.029,0.022,0.015,0.006,0.003,0.002,0.001,0
GMB,2017,81.668,79.185,76.988,74.461,71.975,69.539,67.161,64.848,62.608,60.459,58.414,56.475,54.615,52.815,51.221,49.895,48.763,47.66,46.585,45.58,44.638,43.718,42.809,41.943,40.847,39.395,37.71,36.059,34.411,32.766,31.158,29.594,28.03,26.46,25.065,23.928,22.97,22.044,21.194,20.301,19.296,18.248,17.267,16.303,15.526,15.021,14.693,14.359,14.061,13.673,13.112,12.44,11.811,11.214,10.568,9.856,9.114,8.391,7.666,7.061,6.638,6.344,6.049,5.771,5.524,5.3,5.091,4.9,4.734,4.519,4.222,3.872,3.537,3.208,2.885,2.573,2.276,1.984,1.698,1.437,1.213,1.017,0.832,0.663,0.519,0.403,0.312,0.231,0.167,0.119,0.082,0.054,0.032,0.023,0.017,0.011,0.005,0.002,0.001,0
GMB,2018,83.287,80.896,78.489,76.337,73.893,71.482,69.115,66.799,64.543,62.353,60.251,58.253,56.36,54.539,52.772,51.203,49.894,48.769,47.669,46.594,45.581,44.622,43.678,42.745,41.851,40.727,39.246,37.531,35.853,34.175,32.509,30.893,29.332,27.771,26.206,24.816,23.681,22.724,21.801,20.955,20.07,19.077,18.043,17.077,16.128,15.363,14.866,14.542,14.212,13.918,13.532,12.971,12.296,11.666,11.065,10.418,9.708,8.972,8.252,7.53,6.926,6.5,6.199,5.898,5.615,5.36,5.125,4.903,4.701,4.524,4.3,3.996,3.641,3.303,2.971,2.648,2.342,2.053,1.77,1.495,1.247,1.039,0.86,0.695,0.544,0.418,0.319,0.242,0.175,0.126,0.09,0.062,0.04,0.023,0.016,0.013,0.008,0.003,0.001,0
GMB,2019,84.864,82.56,80.229,77.886,75.699,73.337,71.002,68.703,66.45,64.25,62.109,60.054,58.103,56.255,54.472,52.739,51.195,49.901,48.783,47.686,46.611,45.591,44.614,43.647,42.689,41.768,40.615,39.105,37.36,35.652,33.944,32.258,30.635,29.074,27.517,25.956,24.571,23.438,22.482,21.562,20.72,19.842,18.861,17.842,16.89,15.956,15.203,14.713,14.393,14.067,13.778,13.393,12.832,12.156,11.522,10.918,10.269,9.562,8.83,8.113,7.395,6.791,6.362,6.055,5.748,5.458,5.196,4.951,4.718,4.504,4.315,4.082,3.77,3.412,3.069,2.736,2.412,2.112,1.831,1.557,1.291,1.057,0.864,0.704,0.558,0.426,0.317,0.235,0.173,0.119,0.085,0.062,0.042,0.025,0.013,0.01,0.008,0.005,0.002,0
GMB,2020,86.398,84.176,81.923,79.648,77.361,75.071,72.792,70.531,68.3,66.11,63.965,61.873,59.865,57.96,56.157,54.413,52.712,51.194,49.914,48.804,47.711,46.634,45.605,44.612,43.621,42.637,41.69,40.508,38.967,37.194,35.456,33.718,32.01,30.38,28.821,27.265,25.71,24.329,23.199,22.243,21.326,20.488,19.616,18.648,17.643,16.706,15.787,15.045,14.563,14.245,13.924,13.639,13.256,12.695,12.016,11.381,10.772,10.121,9.417,8.69,7.977,7.262,6.659,6.226,5.912,5.599,5.304,5.033,4.777,4.532,4.307,4.108,3.864,3.546,3.182,2.836,2.499,2.177,1.881,1.608,1.343,1.088,0.867,0.69,0.548,0.42,0.307,0.217,0.151,0.103,0.064,0.043,0.033,0.023,0.011,0.004,0.003,0.003,0.002,0
GMB,2021,87.801,85.773,83.601,81.4,79.181,76.953,74.725,72.506,70.302,68.118,65.968,63.861,61.803,59.822,57.935,56.141,54.401,52.702,51.179,49.883,48.751,47.633,46.531,45.473,44.449,43.426,42.41,41.43,40.225,38.676,36.906,35.17,33.437,31.734,30.107,28.553,27.002,25.454,24.082,22.963,22.021,21.117,20.292,19.432,18.473,17.477,16.547,15.635,14.897,14.413,14.09,13.763,13.471,13.083,12.519,11.841,11.204,10.593,9.941,9.235,8.507,7.794,7.077,6.471,6.034,5.713,5.396,5.094,4.816,4.55,4.292,4.057,3.847,3.6,3.283,2.926,2.589,2.26,1.951,1.673,1.422,1.178,0.945,0.746,0.588,0.464,0.352,0.257,0.182,0.126,0.086,0.052,0.036,0.028,0.018,0.008,0.003,0.003,0.002,0
GMB,2022,89.165,87.106,85.172,83.046,80.898,78.735,76.565,74.397,72.239,70.091,67.954,65.842,63.773,61.749,59.795,57.924,56.139,54.404,52.707,51.175,49.864,48.71,47.567,46.439,45.353,44.296,43.242,42.193,41.18,39.953,38.396,36.626,34.893,33.165,31.466,29.844,28.291,26.747,25.205,23.841,22.733,21.804,20.913,20.1,19.252,18.304,17.314,16.392,15.487,14.753,14.267,13.938,13.606,13.307,12.913,12.346,11.668,11.029,10.417,9.763,9.056,8.327,7.612,6.894,6.286,5.844,5.517,5.193,4.886,4.601,4.324,4.054,3.808,3.589,3.335,3.021,2.672,2.341,2.023,1.726,1.466,1.235,1.014,0.803,0.625,0.487,0.38,0.284,0.206,0.147,0.102,0.067,0.04,0.028,0.021,0.015,0.006,0.003,0.002,0
GMB,2023,90.503,88.511,86.481,84.586,82.508,80.411,78.305,76.192,74.083,71.986,69.893,67.803,65.73,63.698,61.708,59.778,57.924,56.148,54.417,52.72,51.182,49.855,48.677,47.509,46.356,45.241,44.152,43.065,41.985,40.939,39.688,38.122,36.355,34.624,32.899,31.206,29.585,28.035,26.495,24.959,23.605,22.508,21.591,20.712,19.913,19.076,18.137,17.155,16.24,15.342,14.612,14.123,13.79,13.45,13.144,12.745,12.176,11.497,10.856,10.242,9.587,8.879,8.148,7.433,6.713,6.102,5.654,5.321,4.99,4.679,4.386,4.098,3.817,3.56,3.331,3.072,2.76,2.417,2.095,1.784,1.501,1.259,1.05,0.849,0.661,0.505,0.386,0.296,0.216,0.156,0.112,0.077,0.049,0.028,0.02,0.015,0.01,0.005,0.002,0
GMB,2024,91.831,89.891,87.921,85.923,84.012,81.981,79.936,77.884,75.829,73.78,71.743,69.704,67.66,65.626,63.63,61.674,59.771,57.933,56.164,54.438,52.742,51.195,49.853,48.652,47.46,46.28,45.135,44.015,42.895,41.783,40.703,39.428,37.853,36.087,34.358,32.637,30.949,29.332,27.783,26.248,24.718,23.371,22.285,21.382,20.515,19.729,18.903,17.972,16.999,16.09,15.2,14.473,13.982,13.642,13.297,12.984,12.579,12.007,11.327,10.686,10.068,9.412,8.703,7.971,7.254,6.533,5.919,5.466,5.126,4.789,4.472,4.172,3.874,3.58,3.312,3.073,2.809,2.498,2.163,1.85,1.547,1.277,1.052,0.863,0.685,0.519,0.385,0.285,0.213,0.149,0.106,0.077,0.053,0.032,0.017,0.012,0.009,0.006,0.003,0
GMB,2025,93.163,91.258,89.33,87.383,85.421,83.445,81.46,79.468,77.471,75.474,73.482,71.506,69.523,67.523,65.528,63.569,61.646,59.769,57.947,56.186,54.464,52.767,51.214,49.855,48.631,47.414,46.207,45.033,43.881,42.728,41.583,40.471,39.172,37.589,35.823,34.095,32.379,30.695,29.079,27.534,26.004,24.479,23.14,22.065,21.174,20.32,19.545,18.732,17.81,16.844,15.942,15.059,14.335,13.842,13.496,13.144,12.825,12.414,11.84,11.159,10.515,9.897,9.238,8.527,7.795,7.076,6.353,5.736,5.278,4.932,4.588,4.267,3.959,3.649,3.343,3.065,2.816,2.547,2.237,1.909,1.603,1.31,1.052,0.845,0.677,0.521,0.378,0.264,0.184,0.128,0.08,0.054,0.042,0.028,0.013,0.005,0.004,0.003,0.002,0
GMB,2026,94.45,92.584,90.715,88.833,86.938,85.03,83.113,81.189,79.253,77.302,75.341,73.387,71.444,69.487,67.505,65.518,63.563,61.642,59.758,57.921,56.138,54.393,52.672,51.091,49.701,48.444,47.196,45.956,44.758,43.596,42.442,41.296,40.185,38.889,37.307,35.544,33.819,32.109,30.432,28.83,27.299,25.783,24.274,22.947,21.881,20.995,20.147,19.376,18.565,17.645,16.676,15.774,14.887,14.158,13.661,13.309,12.951,12.625,12.208,11.626,10.936,10.284,9.655,8.991,8.278,7.547,6.829,6.109,5.492,5.031,4.677,4.33,4.005,3.696,3.385,3.079,2.801,2.553,2.291,1.998,1.694,1.411,1.141,0.907,0.723,0.576,0.438,0.316,0.222,0.154,0.107,0.066,0.045,0.035,0.023,0.011,0.004,0.003,0.002,0.001
GMB,2027,95.745,93.847,92.016,90.185,88.347,86.502,84.65,82.792,80.929,79.048,77.142,75.219,73.3,71.392,69.46,67.494,65.515,63.564,61.643,59.753,57.901,56.098,54.329,52.583,50.974,49.553,48.265,46.983,45.712,44.489,43.316,42.161,41.014,39.905,38.61,37.029,35.267,33.548,31.842,30.173,28.583,27.067,25.566,24.072,22.757,21.699,20.818,19.976,19.209,18.401,17.48,16.511,15.605,14.716,13.984,13.481,13.123,12.76,12.428,12.003,11.412,10.714,10.053,9.417,8.745,8.031,7.301,6.584,5.866,5.249,4.784,4.425,4.074,3.746,3.433,3.121,2.814,2.537,2.29,2.035,1.76,1.479,1.219,0.973,0.762,0.599,0.474,0.355,0.254,0.18,0.124,0.084,0.051,0.035,0.027,0.018,0.008,0.003,0.002,0.001
GMB,2028,97.029,95.118,93.234,91.46,89.665,87.872,86.078,84.28,82.479,80.678,78.852,76.991,75.105,73.223,71.347,69.441,67.491,65.521,63.574,61.653,59.756,57.889,56.064,54.271,52.5,50.863,49.411,48.09,46.776,45.472,44.225,43.041,41.884,40.737,39.628,38.336,36.756,34.996,33.28,31.579,29.918,28.341,26.839,25.352,23.872,22.57,21.521,20.645,19.806,19.045,18.239,17.318,16.348,15.44,14.547,13.811,13.303,12.939,12.57,12.231,11.799,11.201,10.493,9.825,9.178,8.501,7.785,7.055,6.34,5.624,5.007,4.537,4.172,3.816,3.486,3.171,2.857,2.549,2.274,2.027,1.781,1.521,1.263,1.026,0.805,0.618,0.477,0.372,0.271,0.192,0.137,0.095,0.062,0.037,0.025,0.02,0.013,0.006,0.003,0.001
GMB,2029,98.275,96.359,94.484,92.644,90.914,89.156,87.407,85.663,83.92,82.177,80.436,78.665,76.85,75,73.154,71.311,69.43,67.497,65.533,63.591,61.67,59.766,57.883,56.036,54.219,52.423,50.757,49.274,47.921,46.575,45.237,43.967,42.771,41.613,40.463,39.357,38.066,36.488,34.73,33.016,31.319,29.667,28.1,26.614,25.14,23.675,22.386,21.344,20.473,19.64,18.883,18.079,17.159,16.187,15.277,14.38,13.639,13.127,12.757,12.381,12.037,11.597,10.99,10.275,9.597,8.941,8.257,7.54,6.812,6.096,5.381,4.764,4.291,3.921,3.56,3.227,2.91,2.593,2.286,2.01,1.765,1.525,1.284,1.048,0.834,0.636,0.472,0.353,0.269,0.188,0.13,0.095,0.065,0.039,0.022,0.015,0.012,0.008,0.003,0.001
GMB,2030,99.463,97.56,95.706,93.895,92.12,90.376,88.654,86.951,85.257,83.567,81.882,80.202,78.485,76.715,74.902,73.091,71.281,69.427,67.508,65.552,63.613,61.693,59.781,57.883,56.014,54.174,52.351,50.657,49.142,47.756,46.379,45.008,43.712,42.506,41.345,40.195,39.088,37.8,36.222,34.465,32.756,31.063,29.418,27.863,26.39,24.932,23.481,22.204,21.17,20.304,19.475,18.721,17.921,17.001,16.027,15.114,14.215,13.469,12.951,12.577,12.194,11.842,11.397,10.781,10.056,9.369,8.705,8.015,7.295,6.567,5.853,5.14,4.523,4.045,3.668,3.304,2.968,2.649,2.331,2.022,1.747,1.502,1.271,1.045,0.833,0.642,0.468,0.328,0.231,0.167,0.105,0.069,0.053,0.036,0.016,0.006,0.005,0.004,0.003,0.001
GMB,2031,100.529,98.854,97.026,95.239,93.489,91.769,90.073,88.393,86.73,85.08,83.435,81.788,80.141,78.45,76.695,74.889,73.081,71.272,69.41,67.476,65.499,63.536,61.59,59.651,57.723,55.822,53.951,52.098,50.38,48.855,47.468,46.09,44.721,43.427,42.219,41.057,39.907,38.803,37.519,35.952,34.208,32.512,30.833,29.2,27.655,26.189,24.737,23.294,22.02,20.984,20.114,19.28,18.52,17.714,16.792,15.819,14.904,14.004,13.253,12.723,12.331,11.935,11.567,11.107,10.48,9.747,9.051,8.378,7.684,6.966,6.244,5.537,4.833,4.223,3.753,3.381,3.024,2.698,2.39,2.086,1.795,1.538,1.311,1.1,0.899,0.71,0.541,0.392,0.276,0.194,0.138,0.085,0.057,0.043,0.03,0.014,0.006,0.005,0.003,0.001
GMB,2032,101.545,99.737,98.262,96.508,94.789,93.099,91.433,89.785,88.147,86.524,84.918,83.317,81.707,80.093,78.427,76.688,74.889,73.084,71.275,69.406,67.456,65.456,63.469,61.498,59.53,57.572,55.641,53.739,51.852,50.112,48.576,47.189,45.809,44.442,43.148,41.941,40.776,39.627,38.523,37.245,35.688,33.957,32.273,30.608,28.986,27.45,25.991,24.547,23.11,21.839,20.802,19.928,19.088,18.321,17.509,16.586,15.612,14.697,13.795,13.038,12.496,12.089,11.676,11.294,10.82,10.182,9.44,8.735,8.054,7.356,6.64,5.923,5.222,4.527,3.925,3.46,3.095,2.746,2.428,2.13,1.842,1.569,1.329,1.121,0.929,0.751,0.588,0.441,0.315,0.224,0.157,0.109,0.066,0.044,0.034,0.023,0.011,0.005,0.003,0.001
GMB,2033,102.53,100.786,99.081,97.682,96.002,94.349,92.719,91.108,89.508,87.91,86.328,84.766,83.208,81.636,80.055,78.414,76.689,74.898,73.096,71.287,69.408,67.443,65.421,63.41,61.413,59.417,57.428,55.465,53.532,51.614,49.85,48.304,46.914,45.534,44.167,42.876,41.667,40.5,39.351,38.248,36.975,35.428,33.71,32.039,30.386,28.776,27.249,25.797,24.359,22.929,21.661,20.623,19.743,18.898,18.123,17.306,16.381,15.408,14.491,13.588,12.826,12.271,11.847,11.419,11.022,10.534,9.885,9.134,8.421,7.73,7.028,6.313,5.603,4.908,4.221,3.627,3.169,2.809,2.467,2.157,1.872,1.599,1.343,1.122,0.93,0.759,0.604,0.466,0.34,0.239,0.172,0.12,0.08,0.047,0.032,0.025,0.016,0.008,0.003,0.001
GMB,2034,103.511,101.826,100.171,98.545,97.108,95.501,93.914,92.344,90.788,89.235,87.678,86.137,84.619,83.104,81.57,80.021,78.406,76.695,74.91,73.111,71.302,69.416,67.435,65.39,63.355,61.332,59.307,57.288,55.294,53.328,51.378,49.59,48.033,46.643,45.261,43.896,42.605,41.395,40.226,39.077,37.976,36.708,35.17,33.465,31.806,30.167,28.568,27.049,25.604,24.172,22.749,21.485,20.445,19.561,18.709,17.928,17.105,16.177,15.204,14.286,13.382,12.614,12.046,11.607,11.163,10.751,10.25,9.588,8.828,8.105,7.407,6.7,5.987,5.281,4.594,3.915,3.329,2.878,2.523,2.189,1.887,1.613,1.354,1.116,0.913,0.739,0.588,0.456,0.344,0.238,0.164,0.119,0.083,0.051,0.028,0.02,0.015,0.01,0.005,0.001
GMB,2035,104.509,102.862,101.244,99.652,98.083,96.534,95.001,93.482,91.971,90.469,88.964,87.448,85.948,84.473,83.002,81.505,79.988,78.398,76.702,74.924,73.128,71.317,69.425,67.427,65.36,63.3,61.252,59.199,57.148,55.122,53.126,51.143,49.331,47.764,46.371,44.989,43.625,42.336,41.123,39.952,38.804,37.704,36.44,34.913,33.22,31.574,29.948,28.36,26.85,25.412,23.987,22.57,21.309,20.267,19.378,18.521,17.732,16.904,15.974,15,14.082,13.175,12.402,11.822,11.366,10.907,10.479,9.964,9.292,8.522,7.791,7.085,6.373,5.66,4.96,4.28,3.609,3.032,2.586,2.238,1.91,1.617,1.355,1.111,0.891,0.705,0.549,0.418,0.31,0.221,0.138,0.087,0.068,0.046,0.023,0.009,0.008,0.006,0.003,0.001
GMB,2036,105.51,103.964,102.369,100.803,99.263,97.745,96.244,94.759,93.284,91.817,90.354,88.886,87.402,85.926,84.466,83,81.506,79.99,78.39,76.678,74.875,73.054,71.217,69.296,67.267,65.169,63.078,60.996,58.92,56.86,54.834,52.837,50.857,49.047,47.479,46.085,44.703,43.341,42.054,40.85,39.688,38.548,37.458,36.202,34.681,32.993,31.352,29.729,28.144,26.634,25.193,23.764,22.344,21.077,20.031,19.137,18.275,17.479,16.643,15.707,14.724,13.796,12.883,12.097,11.501,11.025,10.547,10.103,9.573,8.892,8.116,7.381,6.671,5.963,5.267,4.589,3.932,3.287,2.736,2.314,1.987,1.684,1.415,1.177,0.957,0.761,0.595,0.462,0.352,0.26,0.183,0.113,0.072,0.055,0.038,0.018,0.008,0.006,0.004,0.001
GMB,2037,106.532,104.895,103.425,101.882,100.367,98.879,97.412,95.96,94.522,93.092,91.668,90.245,88.812,87.361,85.909,84.463,83.004,81.512,79.994,78.386,76.656,74.831,72.985,71.122,69.171,67.111,64.98,62.858,60.744,58.644,56.574,54.548,52.552,50.574,48.766,47.197,45.801,44.42,43.058,41.776,40.579,39.427,38.295,37.214,35.966,34.45,32.768,31.131,29.512,27.929,26.419,24.975,23.544,22.118,20.848,19.797,18.898,18.03,17.227,16.383,15.439,14.449,13.513,12.591,11.794,11.18,10.684,10.189,9.727,9.183,8.491,7.71,6.971,6.257,5.555,4.873,4.218,3.584,2.967,2.44,2.041,1.738,1.458,1.214,0.999,0.804,0.63,0.486,0.375,0.287,0.211,0.145,0.087,0.056,0.043,0.03,0.014,0.006,0.004,0.001
GMB,2038,107.546,105.899,104.303,102.89,101.398,99.935,98.499,97.082,95.68,94.288,92.904,91.522,90.138,88.742,87.323,85.896,84.464,83.01,81.52,80.001,78.385,76.638,74.789,72.918,71.028,69.048,66.957,64.795,62.641,60.495,58.372,56.292,54.265,52.269,50.292,48.486,46.916,45.518,44.137,42.778,41.5,40.308,39.166,38.043,36.971,35.731,34.222,32.543,30.911,29.296,27.715,26.204,24.758,23.323,21.893,20.619,19.563,18.66,17.785,16.976,16.125,15.173,14.174,13.229,12.299,11.491,10.86,10.344,9.83,9.352,8.794,8.091,7.304,6.561,5.845,5.146,4.479,3.847,3.237,2.645,2.144,1.77,1.488,1.232,1.012,0.821,0.65,0.5,0.377,0.288,0.221,0.161,0.107,0.063,0.041,0.031,0.021,0.01,0.005,0.002
GMB,2039,108.519,106.872,105.282,103.745,102.358,100.918,99.507,98.121,96.754,95.402,94.058,92.718,91.379,90.035,88.673,87.287,85.885,84.467,83.019,81.531,80.012,78.386,76.623,74.75,72.854,70.937,68.927,66.805,64.612,62.426,60.247,58.101,56.01,53.983,51.987,50.013,48.208,46.637,45.238,43.857,42.498,41.224,40.041,38.906,37.792,36.729,35.498,33.994,32.32,30.692,29.082,27.503,25.991,24.542,23.103,21.67,20.39,19.33,18.421,17.541,16.724,15.866,14.907,13.9,12.946,12.008,11.188,10.54,10.004,9.473,8.976,8.404,7.692,6.899,6.151,5.431,4.738,4.086,3.476,2.89,2.323,1.849,1.497,1.239,1.007,0.809,0.644,0.497,0.37,0.267,0.201,0.155,0.111,0.069,0.038,0.026,0.02,0.013,0.006,0.002
GMB,2040,109.426,107.8,106.233,104.719,103.253,101.827,100.439,99.081,97.746,96.43,95.126,93.828,92.534,91.238,89.933,88.607,87.253,85.875,84.471,83.029,81.544,80.023,78.39,76.609,74.713,72.791,70.847,68.809,66.655,64.43,62.212,60,57.83,55.73,53.702,51.706,49.733,47.93,46.36,44.958,43.577,42.22,40.95,39.772,38.647,37.542,36.488,35.264,33.767,32.098,30.474,28.867,27.29,25.778,24.326,22.885,21.446,20.162,19.097,18.184,17.298,16.474,15.609,14.641,13.625,12.663,11.717,10.885,10.22,9.665,9.114,8.601,8.015,7.294,6.494,5.741,5.019,4.33,3.693,3.106,2.543,2.002,1.553,1.225,0.989,0.78,0.608,0.466,0.343,0.24,0.157,0.114,0.089,0.062,0.03,0.012,0.011,0.008,0.005,0.002
GMB,2041,110.238,108.868,107.318,105.818,104.362,102.945,101.563,100.207,98.883,97.59,96.319,95.052,93.786,92.516,91.234,89.934,88.61,87.255,85.868,84.447,82.98,81.468,79.92,78.256,76.443,74.515,72.56,70.583,68.52,66.356,64.131,61.912,59.703,57.533,55.433,53.405,51.41,49.44,47.641,46.077,44.685,43.313,41.966,40.701,39.527,38.401,37.295,36.24,35.014,33.512,31.836,30.206,28.592,27.008,25.491,24.039,22.594,21.153,19.862,18.785,17.857,16.956,16.116,15.237,14.258,13.234,12.263,11.311,10.468,9.787,9.211,8.643,8.114,7.522,6.805,6.02,5.285,4.58,3.916,3.316,2.771,2.252,1.757,1.349,1.054,0.843,0.659,0.513,0.394,0.289,0.199,0.129,0.094,0.074,0.05,0.024,0.011,0.008,0.005,0.002
GMB,2042,110.988,109.482,108.318,106.846,105.411,104.013,102.647,101.306,99.983,98.694,97.442,96.215,94.985,93.752,92.505,91.236,89.942,88.621,87.264,85.868,84.429,82.938,81.399,79.822,78.129,76.283,74.322,72.335,70.324,68.237,66.062,63.836,61.617,59.409,57.241,55.141,53.112,51.117,49.149,47.355,45.798,44.415,43.053,41.714,40.457,39.284,38.158,37.052,35.995,34.766,33.26,31.578,29.94,28.318,26.728,25.208,23.753,22.306,20.861,19.565,18.475,17.531,16.615,15.76,14.866,13.876,12.843,11.864,10.905,10.053,9.353,8.757,8.172,7.628,7.028,6.318,5.549,4.829,4.141,3.504,2.939,2.438,1.962,1.512,1.144,0.881,0.697,0.538,0.418,0.321,0.235,0.159,0.101,0.074,0.057,0.039,0.019,0.009,0.006,0.003
GMB,2043,111.688,110.263,108.866,107.773,106.377,105.009,103.668,102.352,101.052,99.762,98.508,97.298,96.114,94.922,93.72,92.497,91.242,89.954,88.634,87.276,85.871,84.413,82.897,81.332,79.728,78.004,76.126,74.132,72.113,70.068,67.956,65.771,63.543,61.324,59.117,56.951,54.851,52.821,50.827,48.86,47.07,45.522,44.147,42.793,41.464,40.213,39.043,37.915,36.809,35.751,34.518,33.008,31.32,29.676,28.045,26.448,24.925,23.468,22.018,20.57,19.267,18.167,17.207,16.275,15.403,14.496,13.496,12.453,11.466,10.5,9.637,8.921,8.304,7.701,7.143,6.535,5.831,5.076,4.373,3.702,3.091,2.563,2.104,1.672,1.267,0.941,0.709,0.551,0.417,0.323,0.249,0.18,0.117,0.073,0.054,0.042,0.029,0.014,0.006,0.003
GMB,2044,112.359,111.012,109.681,108.364,107.227,105.907,104.605,103.322,102.056,100.798,99.542,98.321,97.153,96.014,94.858,93.687,92.49,91.248,89.964,88.647,87.287,85.874,84.398,82.857,81.266,79.633,77.879,75.969,73.942,71.889,69.811,67.675,65.479,63.25,61.03,58.825,56.661,54.56,52.529,50.537,48.572,46.786,45.244,43.879,42.534,41.214,39.969,38.802,37.673,36.565,35.506,34.272,32.756,31.062,29.411,27.772,26.17,24.642,23.182,21.73,20.28,18.97,17.857,16.882,15.935,15.047,14.125,13.114,12.063,11.067,10.096,9.222,8.488,7.85,7.231,6.657,6.043,5.343,4.604,3.917,3.263,2.678,2.186,1.77,1.381,1.022,0.736,0.538,0.405,0.295,0.229,0.177,0.126,0.077,0.045,0.033,0.026,0.017,0.008,0.003
GMB,2045,113.014,111.732,110.457,109.189,107.929,106.677,105.434,104.198,102.973,101.757,100.541,99.317,98.131,97.005,95.909,94.79,93.653,92.478,91.251,89.973,88.656,87.296,85.873,84.379,82.814,81.196,79.536,77.751,75.809,73.75,71.664,69.552,67.392,65.185,62.956,60.735,58.531,56.369,54.268,52.235,50.244,48.281,46.499,44.965,43.61,42.274,40.963,39.725,38.559,37.43,36.321,35.261,34.023,32.503,30.804,29.146,27.498,25.889,24.359,22.897,21.441,19.988,18.671,17.548,16.557,15.594,14.691,13.754,12.732,11.673,10.668,9.691,8.806,8.055,7.397,6.76,6.171,5.55,4.856,4.131,3.46,2.825,2.266,1.809,1.436,1.092,0.777,0.532,0.365,0.26,0.174,0.134,0.104,0.072,0.036,0.016,0.013,0.009,0.006,0.003
GMB,2046,113.669,112.525,111.291,110.062,108.841,107.628,106.42,105.219,104.026,102.84,101.663,100.481,99.288,98.127,97.014,95.923,94.806,93.667,92.483,91.237,89.934,88.59,87.201,85.747,84.219,82.621,80.969,79.273,77.464,75.509,73.447,71.36,69.248,67.088,64.881,62.649,60.428,58.226,56.067,53.975,51.952,49.97,48.016,46.242,44.71,43.354,42.017,40.705,39.462,38.286,37.143,36.02,34.945,33.695,32.164,30.458,28.792,27.136,25.518,23.977,22.504,21.036,19.572,18.243,17.102,16.093,15.113,14.193,13.244,12.213,11.147,10.139,9.161,8.276,7.523,6.864,6.231,5.644,5.04,4.379,3.7,3.075,2.485,1.972,1.561,1.231,0.924,0.654,0.45,0.309,0.216,0.143,0.111,0.086,0.059,0.029,0.013,0.01,0.006,0.003
GMB,2047,114.313,113.107,112.036,110.849,109.668,108.494,107.326,106.163,105.004,103.852,102.707,101.568,100.422,99.261,98.123,97.023,95.937,94.821,93.68,92.488,91.224,89.894,88.523,87.106,85.621,84.06,82.427,80.741,79.011,77.176,75.209,73.146,71.056,68.945,66.785,64.576,62.343,60.123,57.921,55.767,53.68,51.668,49.695,47.752,45.984,44.455,43.098,41.76,40.446,39.198,38.013,36.857,35.72,34.629,33.365,31.827,30.113,28.44,26.774,25.146,23.595,22.109,20.63,19.156,17.813,16.656,15.629,14.632,13.696,12.733,11.692,10.621,9.61,8.632,7.748,6.993,6.332,5.701,5.118,4.53,3.903,3.269,2.688,2.145,1.679,1.313,1.026,0.758,0.532,0.369,0.253,0.172,0.113,0.087,0.068,0.047,0.023,0.01,0.007,0.003
GMB,2048,114.923,113.742,112.572,111.545,110.404,109.271,108.145,107.022,105.904,104.787,103.675,102.572,101.471,100.36,99.23,98.116,97.03,95.949,94.836,93.693,92.491,91.207,89.853,88.456,87.01,85.493,83.899,82.232,80.512,78.748,76.887,74.908,72.842,70.751,68.64,66.481,64.271,62.036,59.816,57.614,55.464,53.386,51.383,49.42,47.487,45.725,44.199,42.841,41.503,40.188,38.935,37.738,36.569,35.418,34.312,33.035,31.487,29.767,28.086,26.412,24.774,23.212,21.715,20.225,18.739,17.383,16.209,15.165,14.151,13.198,12.221,11.172,10.096,9.081,8.103,7.218,6.461,5.799,5.171,4.593,4.02,3.426,2.837,2.303,1.806,1.386,1.064,0.821,0.59,0.409,0.288,0.198,0.129,0.082,0.063,0.049,0.033,0.017,0.007,0.003
GMB,2049,115.47,114.32,113.186,112.065,111.051,109.958,108.872,107.792,106.716,105.643,104.568,103.498,102.435,101.372,100.296,99.198,98.107,97.035,95.96,94.847,93.703,92.492,91.19,89.81,88.385,86.91,85.363,83.736,82.035,80.282,78.482,76.594,74.606,72.537,70.444,68.335,66.176,63.964,61.727,59.507,57.307,55.16,53.09,51.098,49.145,47.22,45.465,43.942,42.583,41.244,39.928,38.67,37.464,36.282,35.117,33.995,32.705,31.148,29.421,27.731,26.048,24.401,22.829,21.32,19.818,18.322,16.954,15.763,14.7,13.67,12.7,11.709,10.651,9.569,8.551,7.574,6.688,5.93,5.267,4.641,4.066,3.51,2.949,2.406,1.916,1.466,1.093,0.817,0.615,0.423,0.286,0.207,0.142,0.085,0.05,0.04,0.031,0.02,0.01,0.003
GMB,2050,115.936,114.832,113.745,112.67,111.607,110.553,109.508,108.47,107.437,106.407,105.378,104.346,103.317,102.295,101.271,100.229,99.162,98.096,97.037,95.966,94.855,93.711,92.489,91.169,89.764,88.312,86.809,85.231,83.57,81.835,80.048,78.215,76.301,74.3,72.23,70.136,68.027,65.869,63.656,61.417,59.197,56.997,54.855,52.793,50.811,48.867,46.952,45.204,43.684,42.325,40.984,39.667,38.404,37.188,35.992,34.814,33.677,32.374,30.807,29.073,27.375,25.685,24.029,22.445,20.924,19.411,17.905,16.523,15.316,14.235,13.187,12.202,11.197,10.13,9.044,8.022,7.043,6.158,5.398,4.735,4.111,3.54,2.999,2.473,1.975,1.53,1.126,0.799,0.568,0.411,0.256,0.163,0.125,0.086,0.042,0.019,0.016,0.012,0.007,0.003
GMB,2051,116.323,115.452,114.408,113.373,112.346,111.328,110.315,109.304,108.301,107.308,106.319,105.324,104.323,103.318,102.308,101.29,100.249,99.182,98.105,97.027,95.931,94.793,93.618,92.365,91.011,89.571,88.085,86.546,84.941,83.268,81.53,79.74,77.904,75.99,73.987,71.912,69.816,67.706,65.55,63.344,61.113,58.902,56.711,54.574,52.515,50.533,48.588,46.672,44.92,43.389,42.017,40.662,39.329,38.051,36.818,35.604,34.407,33.252,31.929,30.343,28.589,26.873,25.163,23.49,21.892,20.359,18.834,17.319,15.927,14.705,13.607,12.546,11.549,10.543,9.485,8.416,7.415,6.46,5.603,4.873,4.244,3.656,3.122,2.624,2.146,1.702,1.301,0.95,0.678,0.482,0.342,0.21,0.135,0.104,0.071,0.035,0.016,0.012,0.009,0.003
GMB,2052,116.636,115.682,114.97,113.983,113.002,112.024,111.05,110.077,109.101,108.133,107.179,106.23,105.271,104.301,103.32,102.323,101.309,100.271,99.201,98.115,97.019,95.896,94.73,93.526,92.242,90.854,89.379,87.858,86.284,84.652,82.966,81.224,79.431,77.595,75.681,73.673,71.595,69.498,67.387,65.233,63.033,60.811,58.608,56.424,54.294,52.237,50.255,48.31,46.392,44.634,43.094,41.71,40.34,38.992,37.697,36.447,35.216,34.001,32.827,31.485,29.88,28.107,26.371,24.642,22.952,21.339,19.793,18.257,16.733,15.33,14.094,12.979,11.904,10.896,9.887,8.838,7.789,6.808,5.878,5.048,4.349,3.753,3.201,2.703,2.247,1.82,1.428,1.073,0.776,0.557,0.395,0.273,0.165,0.106,0.082,0.056,0.027,0.013,0.009,0.004
GMB,2053,116.897,116.027,115.149,114.486,113.557,112.629,111.7,110.77,109.837,108.895,107.963,107.049,106.14,105.216,104.278,103.32,102.336,101.326,100.29,99.218,98.123,97.007,95.859,94.665,93.432,92.116,90.694,89.186,87.63,86.02,84.361,82.662,80.917,79.121,77.285,75.369,73.358,71.277,69.178,67.066,64.914,62.72,60.508,58.312,56.138,54.013,51.958,49.976,48.031,46.112,44.349,42.799,41.401,40.018,38.654,37.342,36.076,34.827,33.594,32.401,31.04,29.415,27.624,25.869,24.121,22.413,20.785,19.227,17.68,16.147,14.733,13.481,12.35,11.264,10.243,9.232,8.193,7.161,6.202,5.294,4.492,3.824,3.262,2.746,2.284,1.871,1.493,1.155,0.845,0.601,0.437,0.308,0.203,0.119,0.078,0.06,0.04,0.02,0.009,0.004
GMB,2054,117.139,116.34,115.528,114.703,113.995,113.125,112.25,111.37,110.484,109.591,108.684,107.787,106.912,106.044,105.155,104.248,103.313,102.343,101.34,100.303,99.231,98.127,96.992,95.817,94.596,93.334,91.986,90.531,88.987,87.397,85.751,84.066,82.354,80.605,78.807,76.969,75.054,73.04,70.955,68.854,66.741,64.592,62.405,60.201,58.013,55.847,53.728,51.677,49.695,47.749,45.828,44.061,42.502,41.09,39.693,38.314,36.986,35.702,34.437,33.185,31.973,30.593,28.949,27.139,25.364,23.598,21.873,20.231,18.66,17.101,15.56,14.135,12.868,11.721,10.621,9.59,8.575,7.546,6.533,5.595,4.71,3.936,3.298,2.771,2.291,1.866,1.494,1.166,0.882,0.616,0.426,0.316,0.22,0.134,0.072,0.05,0.038,0.025,0.012,0.004
GMB,2055,117.385,116.633,115.868,115.09,114.299,113.497,112.685,111.862,111.031,110.191,109.337,108.465,107.603,106.769,105.941,105.087,104.211,103.3,102.344,101.345,100.311,99.236,98.122,96.969,95.769,94.52,93.23,91.849,90.36,88.782,87.157,85.476,83.764,82.04,80.289,78.487,76.649,74.732,72.716,70.627,68.526,66.412,64.266,62.084,59.889,57.711,55.553,53.44,51.392,49.41,47.463,45.542,43.769,42.201,40.777,39.366,37.972,36.627,35.327,34.043,32.774,31.543,30.145,28.481,26.652,24.859,23.074,21.331,19.675,18.091,16.523,14.972,13.537,12.255,11.091,9.979,8.937,7.919,6.9,5.905,4.986,4.127,3.38,2.773,2.28,1.836,1.448,1.117,0.839,0.608,0.387,0.251,0.195,0.133,0.064,0.027,0.022,0.016,0.01,0.004
GMB,2056,117.679,116.972,116.247,115.513,114.773,114.022,113.263,112.497,111.717,110.924,110.118,109.298,108.456,107.619,106.796,105.972,105.121,104.243,103.323,102.346,101.321,100.259,99.156,98.009,96.821,95.586,94.302,92.974,91.567,90.064,88.482,86.853,85.17,83.457,81.728,79.971,78.165,76.325,74.408,72.395,70.313,68.216,66.109,63.966,61.785,59.588,57.406,55.243,53.124,51.066,49.072,47.112,45.174,43.386,41.801,40.359,38.929,37.517,36.148,34.817,33.498,32.194,30.929,29.5,27.81,25.958,24.143,22.34,20.583,18.913,17.322,15.749,14.199,12.767,11.49,10.337,9.238,8.212,7.224,6.249,5.312,4.45,3.651,2.962,2.409,1.966,1.566,1.23,0.951,0.71,0.507,0.319,0.207,0.162,0.11,0.053,0.024,0.018,0.012,0.004
GMB,2057,117.975,117.237,116.551,115.852,115.151,114.448,113.738,113.023,112.301,111.564,110.81,110.039,109.251,108.44,107.626,106.816,105.997,105.147,104.267,103.337,102.342,101.29,100.201,99.068,97.889,96.667,95.396,94.077,92.713,91.278,89.761,88.175,86.543,84.858,83.143,81.41,79.647,77.838,75.995,74.078,72.07,69.994,67.903,65.801,63.663,61.481,59.282,57.097,54.931,52.805,50.738,48.731,46.758,44.805,42.999,41.397,39.938,38.49,37.059,35.666,34.305,32.951,31.612,30.313,28.852,27.136,25.262,23.427,21.605,19.831,18.152,16.551,14.974,13.424,11.996,10.726,9.583,8.498,7.488,6.529,5.599,4.718,3.914,3.174,2.543,2.044,1.651,1.296,1.012,0.784,0.582,0.404,0.25,0.165,0.128,0.087,0.041,0.02,0.013,0.006
GMB,2058,118.268,117.511,116.774,116.122,115.45,114.781,114.115,113.446,112.775,112.098,111.405,110.689,109.952,109.196,108.417,107.626,106.829,106.016,105.166,104.285,103.345,102.332,101.254,100.136,98.973,97.763,96.506,95.2,93.846,92.445,90.983,89.454,87.863,86.227,84.542,82.824,81.086,79.318,77.506,75.66,73.744,71.74,69.67,67.586,65.49,63.355,61.174,58.972,56.785,54.614,52.483,50.405,48.387,46.4,44.43,42.61,40.991,39.515,38.049,36.599,35.184,33.79,32.4,31.027,29.695,28.203,26.461,24.564,22.709,20.868,19.079,17.387,15.779,14.198,12.648,11.224,9.96,8.828,7.756,6.763,5.832,4.948,4.124,3.378,2.698,2.124,1.679,1.336,1.026,0.794,0.617,0.453,0.302,0.182,0.121,0.094,0.063,0.03,0.014,0.006
GMB,2059,118.544,117.767,117.024,116.313,115.686,115.04,114.406,113.776,113.149,112.52,111.888,111.238,110.561,109.858,109.137,108.387,107.62,106.836,106.027,105.18,104.296,103.348,102.314,101.21,100.065,98.874,97.631,96.34,94.999,93.61,92.173,90.684,89.14,87.547,85.907,84.219,82.5,80.757,78.984,77.169,75.321,73.405,71.406,69.343,67.264,65.174,63.043,60.864,58.659,56.468,54.295,52.156,50.07,48.04,46.039,44.055,42.217,40.583,39.089,37.605,36.137,34.698,33.274,31.848,30.442,29.075,27.551,25.784,23.865,21.99,20.13,18.327,16.623,15.006,13.421,11.872,10.451,9.194,8.071,7.015,6.038,5.136,4.298,3.531,2.842,2.22,1.705,1.314,1.021,0.756,0.576,0.45,0.324,0.2,0.113,0.079,0.061,0.04,0.019,0.007
GMB,2060,118.789,118,117.257,116.554,115.884,115.243,114.624,114.022,113.429,112.843,112.258,111.671,111.065,110.426,109.758,109.069,108.351,107.607,106.837,106.032,105.186,104.302,103.342,102.291,101.161,99.988,98.767,97.492,96.167,94.792,93.367,91.895,90.378,88.821,87.224,85.58,83.892,82.171,80.425,78.646,76.828,74.977,73.062,71.067,69.011,66.938,64.854,62.727,60.548,58.342,56.149,53.971,51.828,49.732,47.69,45.675,43.676,41.823,40.172,38.662,37.159,35.672,34.209,32.755,31.296,29.854,28.454,26.899,25.105,23.165,21.268,19.391,17.572,15.856,14.233,12.643,11.096,9.678,8.427,7.315,6.273,5.313,4.439,3.647,2.937,2.306,1.743,1.286,0.949,0.706,0.486,0.358,0.282,0.195,0.098,0.044,0.035,0.027,0.017,0.007
GMB,2061,119.049,118.358,117.622,116.928,116.268,115.639,115.034,114.447,113.876,113.322,112.775,112.224,111.667,111.084,110.458,109.795,109.107,108.387,107.634,106.845,106.013,105.139,104.224,103.233,102.146,100.981,99.772,98.514,97.212,95.873,94.493,93.063,91.589,90.069,88.507,86.903,85.255,83.561,81.839,80.095,78.321,76.506,74.659,72.744,70.747,68.684,66.605,64.514,62.377,60.184,57.962,55.752,53.555,51.393,49.281,47.223,45.191,43.173,41.296,39.613,38.068,36.529,35.009,33.508,32.01,30.506,29.023,27.582,25.994,24.174,22.215,20.304,18.417,16.598,14.897,13.298,11.737,10.224,8.849,7.648,6.593,5.61,4.711,3.903,3.181,2.542,1.971,1.482,1.097,0.807,0.589,0.402,0.296,0.233,0.162,0.081,0.039,0.029,0.019,0.008
GMB,2062,119.284,118.497,117.92,117.238,116.591,115.976,115.388,114.819,114.262,113.725,113.208,112.7,112.184,111.658,111.096,110.484,109.826,109.139,108.418,107.654,106.846,105.988,105.085,104.141,103.117,101.996,100.796,99.551,98.256,96.926,95.573,94.188,92.755,91.276,89.755,88.187,86.577,84.924,83.227,81.503,79.762,77.991,76.18,74.337,72.423,70.422,68.353,66.268,64.17,62.022,59.817,57.58,55.352,53.137,50.956,48.828,46.755,44.704,42.667,40.765,39.053,37.472,35.898,34.343,32.804,31.264,29.715,28.19,26.709,25.086,23.241,21.264,19.339,17.441,15.624,13.936,12.362,10.832,9.352,8.019,6.869,5.87,4.948,4.11,3.366,2.713,2.146,1.638,1.219,0.908,0.664,0.473,0.317,0.235,0.185,0.128,0.064,0.032,0.021,0.008
GMB,2063,119.475,118.705,117.987,117.474,116.844,116.246,115.675,115.128,114.596,114.07,113.566,113.087,112.618,112.135,111.64,111.101,110.502,109.849,109.164,108.441,107.667,106.84,105.956,105.025,104.05,102.994,101.838,100.602,99.322,97.991,96.633,95.266,93.877,92.439,90.959,89.435,87.862,86.244,84.588,82.887,81.162,79.423,77.657,75.849,74.009,72.097,70.093,68.018,65.926,63.82,61.663,59.445,57.193,54.949,52.714,50.515,48.371,46.281,44.213,42.158,40.233,38.49,36.873,35.264,33.675,32.097,30.515,28.92,27.354,25.833,24.177,22.306,20.311,18.372,16.464,14.648,12.974,11.425,9.924,8.479,7.188,6.09,5.148,4.284,3.507,2.829,2.247,1.751,1.303,0.957,0.719,0.522,0.357,0.232,0.174,0.136,0.093,0.046,0.022,0.009
GMB,2064,119.595,118.857,118.167,117.52,117.018,116.442,115.892,115.366,114.859,114.363,113.869,113.397,112.957,112.527,112.078,111.613,111.099,110.512,109.863,109.18,108.455,107.673,106.825,105.915,104.956,103.952,102.863,101.673,100.402,99.086,97.718,96.333,94.952,93.558,92.116,90.634,89.107,87.529,85.906,84.245,82.54,80.815,79.077,77.315,75.512,73.676,71.764,69.758,67.678,65.579,63.467,61.3,59.07,56.802,54.542,52.288,50.07,47.91,45.805,43.72,41.646,39.697,37.923,36.272,34.627,33.003,31.389,29.764,28.125,26.517,24.956,23.266,21.37,19.357,17.404,15.486,13.671,12.013,10.488,9.016,7.606,6.357,5.309,4.425,3.621,2.905,2.293,1.779,1.357,0.969,0.695,0.529,0.379,0.241,0.147,0.113,0.088,0.059,0.028,0.011
GMB,2065,119.628,118.941,118.293,117.682,117.103,116.554,116.03,115.529,115.047,114.581,114.121,113.658,113.22,112.817,112.427,112.012,111.578,111.086,110.512,109.868,109.187,108.461,107.669,106.802,105.866,104.878,103.845,102.724,101.498,100.192,98.842,97.437,96.026,94.63,93.232,91.786,90.302,88.772,87.19,85.56,83.894,82.187,80.46,78.726,76.968,75.169,73.337,71.426,69.417,67.331,65.227,63.107,60.932,58.689,56.406,54.129,51.858,49.621,47.446,45.326,43.222,41.13,39.158,37.355,35.667,33.988,32.329,30.677,29.01,27.328,25.677,24.078,22.354,20.432,18.401,16.435,14.508,12.693,11.048,9.549,8.107,6.732,5.526,4.529,3.701,2.957,2.302,1.755,1.312,0.961,0.634,0.433,0.34,0.237,0.124,0.064,0.051,0.039,0.026,0.011
GMB,2066,119.603,119.2,118.574,117.98,117.414,116.876,116.359,115.86,115.387,114.943,114.517,114.093,113.659,113.243,112.854,112.468,112.055,111.619,111.117,110.525,109.854,109.143,108.388,107.563,106.661,105.688,104.664,103.595,102.445,101.206,99.894,98.54,97.132,95.717,94.315,92.91,91.459,89.97,88.438,86.855,85.229,83.566,81.859,80.131,78.39,76.625,74.815,72.971,71.047,69.021,66.915,64.789,62.645,60.446,58.181,55.879,53.579,51.284,49.021,46.814,44.66,42.521,40.393,38.384,36.537,34.804,33.082,31.384,29.689,27.974,26.242,24.549,22.912,21.167,19.247,17.237,15.296,13.4,11.633,10.055,8.636,7.278,5.99,4.871,3.957,3.211,2.537,1.964,1.501,1.118,0.804,0.525,0.36,0.282,0.196,0.102,0.054,0.041,0.027,0.012
GMB,2067,119.493,118.978,118.766,118.203,117.662,117.143,116.644,116.159,115.686,115.241,114.834,114.45,114.059,113.656,113.264,112.886,112.505,112.093,111.656,111.145,110.532,109.834,109.096,108.31,107.453,106.516,105.507,104.447,103.34,102.163,100.909,99.593,98.233,96.823,95.404,93.997,92.585,91.127,89.633,88.099,86.517,84.894,83.233,81.529,79.799,78.053,76.278,74.458,72.604,70.665,68.622,66.496,64.348,62.18,59.958,57.673,55.35,53.027,50.708,48.419,46.181,43.991,41.819,39.655,37.607,35.718,33.939,32.174,30.437,28.699,26.936,25.156,23.421,21.746,19.98,18.062,16.073,14.158,12.292,10.572,9.061,7.722,6.447,5.246,4.215,3.386,2.72,2.116,1.627,1.246,0.923,0.647,0.414,0.286,0.224,0.156,0.081,0.043,0.029,0.012
GMB,2068,119.344,118.924,118.498,118.325,117.824,117.337,116.863,116.404,115.952,115.503,115.087,114.716,114.374,114.018,113.645,113.275,112.911,112.534,112.125,111.686,111.164,110.532,109.808,109.041,108.225,107.334,106.363,105.318,104.224,103.078,101.874,100.606,99.284,97.92,96.508,95.085,93.672,92.253,90.79,89.291,87.754,86.174,84.554,82.895,81.193,79.462,77.71,75.925,74.096,72.231,70.279,68.218,66.071,63.902,61.711,59.466,57.16,54.816,52.471,50.129,47.813,45.544,43.321,41.113,38.915,36.828,34.896,33.072,31.264,29.487,27.707,25.896,24.068,22.29,20.578,18.791,16.876,14.907,13.018,11.184,9.51,8.065,6.807,5.616,4.504,3.56,2.814,2.229,1.695,1.289,0.992,0.728,0.489,0.305,0.214,0.167,0.115,0.059,0.03,0.013
GMB,2069,119.212,118.864,118.499,118.121,117.872,117.433,116.999,116.572,116.153,115.734,115.31,114.922,114.589,114.286,113.965,113.622,113.276,112.924,112.551,112.144,111.703,111.173,110.522,109.77,108.975,108.13,107.206,106.199,105.119,103.988,102.807,101.574,100.292,98.966,97.597,96.182,94.757,93.338,91.911,90.443,88.94,87.401,85.823,84.204,82.549,80.848,79.117,77.359,75.566,73.726,71.851,69.886,67.807,65.641,63.45,61.236,58.967,56.641,54.277,51.911,49.544,47.202,44.902,42.645,40.404,38.17,36.046,34.071,32.203,30.352,28.536,26.712,24.853,22.978,21.157,19.408,17.6,15.687,13.74,11.877,10.074,8.448,7.069,5.892,4.785,3.759,2.903,2.242,1.737,1.274,0.951,0.738,0.533,0.332,0.194,0.141,0.109,0.074,0.037,0.014
GMB,2070,119.139,118.821,118.486,118.136,117.775,117.404,117.028,116.648,116.267,115.887,115.501,115.102,114.743,114.447,114.186,113.899,113.587,113.262,112.924,112.556,112.15,111.709,111.168,110.498,109.72,108.896,108.021,107.065,106.024,104.909,103.741,102.523,101.262,99.966,98.636,97.262,95.845,94.417,92.992,91.559,90.086,88.579,87.037,85.46,83.847,82.193,80.494,78.763,77,75.197,73.348,71.462,69.484,67.389,65.202,62.991,60.753,58.463,56.115,53.733,51.344,48.955,46.586,44.256,41.966,39.689,37.422,35.259,33.242,31.328,29.435,27.58,25.715,23.809,21.884,20.023,18.236,16.408,14.498,12.573,10.735,8.963,7.384,6.073,4.976,3.954,3.016,2.247,1.67,1.246,0.853,0.613,0.484,0.338,0.174,0.084,0.068,0.051,0.034,0.015
GMB,2071,119.213,118.807,118.496,118.179,117.857,117.531,117.202,116.872,116.536,116.19,115.842,115.487,115.118,114.781,114.498,114.241,113.957,113.642,113.31,112.951,112.556,112.121,111.65,111.077,110.371,109.557,108.696,107.783,106.799,105.743,104.622,103.45,102.228,100.964,99.661,98.323,96.944,95.521,94.089,92.665,91.233,89.761,88.253,86.708,85.125,83.499,81.833,80.121,78.372,76.588,74.761,72.885,70.971,68.964,66.84,64.627,62.386,60.117,57.793,55.406,52.981,50.55,48.117,45.705,43.331,40.998,38.68,36.373,34.167,32.101,30.137,28.198,26.306,24.41,22.481,20.545,18.678,16.89,15.091,13.246,11.414,9.672,7.999,6.526,5.322,4.333,3.402,2.578,1.928,1.428,1.045,0.707,0.511,0.402,0.281,0.144,0.073,0.055,0.037,0.016
GMB,2072,119.346,118.935,118.458,118.154,117.857,117.563,117.272,116.983,116.7,116.408,116.099,115.781,115.458,115.118,114.805,114.534,114.283,113.999,113.684,113.341,112.964,112.542,112.078,111.577,110.97,110.229,109.378,108.482,107.532,106.519,105.448,104.322,103.145,101.92,100.651,99.343,97.998,96.613,95.183,93.748,92.325,90.895,89.424,87.916,86.369,84.778,83.141,81.462,79.737,77.971,76.166,74.314,72.412,70.469,68.434,66.283,64.042,61.772,59.473,57.115,54.69,52.223,49.75,47.273,44.818,42.402,40.025,37.665,35.319,33.071,30.955,28.94,26.957,25.027,23.101,21.15,19.201,17.33,15.544,13.771,11.992,10.253,8.606,7.034,5.666,4.57,3.689,2.85,2.139,1.608,1.185,0.844,0.561,0.408,0.321,0.222,0.113,0.06,0.039,0.017
GMB,2073,119.492,118.997,118.547,118.096,117.8,117.521,117.255,116.999,116.753,116.515,116.266,115.995,115.707,115.415,115.105,114.815,114.557,114.31,114.029,113.713,113.36,112.963,112.514,112.021,111.49,110.851,110.074,109.188,108.256,107.267,106.226,105.141,104.01,102.828,101.6,100.327,99.013,97.66,96.27,94.835,93.398,91.973,90.546,89.076,87.569,86.02,84.42,82.773,81.083,79.344,77.561,75.735,73.859,71.931,69.959,67.895,65.718,63.45,61.151,58.823,56.431,53.968,51.459,48.943,46.424,43.925,41.466,39.047,36.646,34.261,31.97,29.806,27.741,25.714,23.746,21.789,19.816,17.856,15.98,14.194,12.45,10.738,9.091,7.541,6.068,4.805,3.818,3.044,2.298,1.701,1.29,0.942,0.642,0.414,0.305,0.239,0.165,0.083,0.042,0.019
GMB,2074,119.591,119.027,118.53,118.095,117.723,117.435,117.175,116.938,116.716,116.511,116.32,116.114,115.879,115.623,115.361,115.083,114.815,114.57,114.328,114.048,113.731,113.37,112.952,112.477,111.956,111.394,110.722,109.91,108.987,108.018,106.994,105.924,104.824,103.689,102.502,101.271,99.995,98.675,97.315,95.918,94.479,93.038,91.615,90.19,88.721,87.214,85.662,84.056,82.398,80.696,78.945,77.145,75.298,73.397,71.444,69.443,67.351,65.147,62.853,60.525,58.168,55.742,53.241,50.69,48.133,45.571,43.029,40.527,38.065,35.623,33.201,30.867,28.655,26.539,24.468,22.463,20.476,18.481,16.508,14.629,12.843,11.127,9.482,7.928,6.473,5.101,3.945,3.065,2.399,1.746,1.262,0.97,0.698,0.441,0.269,0.203,0.158,0.107,0.052,0.02
GMB,2075,119.593,119.003,118.491,118.048,117.667,117.34,117.061,116.819,116.611,116.424,116.26,116.116,115.954,115.755,115.53,115.299,115.051,114.805,114.574,114.337,114.059,113.741,113.369,112.933,112.431,111.881,111.288,110.584,109.737,108.779,107.774,106.711,105.614,104.5,103.359,102.168,100.935,99.655,98.329,96.961,95.559,94.115,92.671,91.249,89.826,88.358,86.853,85.299,83.685,82.017,80.302,78.538,76.722,74.854,72.93,70.951,68.923,66.803,64.571,62.251,59.895,57.507,55.048,52.509,49.918,47.319,44.714,42.13,39.584,37.081,34.598,32.137,29.762,27.502,25.335,23.22,21.178,19.162,17.144,15.161,13.277,11.492,9.804,8.227,6.765,5.406,4.135,3.084,2.311,1.754,1.192,0.823,0.65,0.455,0.239,0.123,0.101,0.076,0.05,0.022
GMB,2076,119.533,119.179,118.661,118.207,117.811,117.468,117.169,116.906,116.688,116.514,116.371,116.241,116.127,115.987,115.802,115.581,115.353,115.104,114.849,114.598,114.333,114.027,113.679,113.274,112.803,112.264,111.677,111.048,110.314,109.452,108.488,107.478,106.412,105.31,104.19,103.041,101.844,100.603,99.321,97.994,96.628,95.226,93.781,92.333,90.903,89.466,87.985,86.464,84.89,83.253,81.557,79.813,78.017,76.168,74.268,72.31,70.296,68.232,66.069,63.789,61.415,59.005,56.563,54.051,51.457,48.812,46.161,43.507,40.874,38.28,35.728,33.203,30.708,28.303,26.02,23.837,21.715,19.674,17.679,15.713,13.8,11.993,10.287,8.699,7.243,5.918,4.671,3.543,2.654,1.98,1.473,0.99,0.688,0.542,0.379,0.199,0.108,0.081,0.054,0.024
GMB,2077,119.38,118.885,118.758,118.312,117.917,117.568,117.263,116.992,116.746,116.55,116.411,116.311,116.217,116.131,116.015,115.843,115.627,115.401,115.151,114.887,114.617,114.325,113.99,113.611,113.173,112.667,112.091,111.468,110.799,110.037,109.16,108.192,107.176,106.107,105,103.873,102.718,101.513,100.266,98.981,97.654,96.289,94.887,93.442,91.991,90.551,89.102,87.606,86.069,84.476,82.816,81.093,79.321,77.492,75.611,73.678,71.688,69.637,67.536,65.332,63.003,60.576,58.112,55.617,53.049,50.402,47.704,45.001,42.298,39.614,36.971,34.373,31.806,29.277,26.843,24.536,22.338,20.209,18.169,16.195,14.278,12.437,10.707,9.081,7.592,6.259,5.071,3.935,2.951,2.223,1.649,1.191,0.787,0.552,0.434,0.302,0.157,0.088,0.058,0.025
GMB,2078,119.158,118.755,118.386,118.327,117.953,117.617,117.316,117.049,116.806,116.576,116.402,116.301,116.242,116.182,116.128,116.035,115.874,115.664,115.439,115.188,114.916,114.626,114.308,113.943,113.535,113.065,112.521,111.91,111.25,110.544,109.753,108.861,107.887,106.866,105.793,104.683,103.55,102.385,101.175,99.923,98.633,97.306,95.943,94.542,93.097,91.641,90.193,88.731,87.222,85.668,84.056,82.372,80.622,78.821,76.961,75.047,73.083,71.058,68.973,66.835,64.59,62.213,59.732,57.214,54.665,52.043,49.342,46.591,43.838,41.085,38.353,35.661,33.015,30.407,27.842,25.38,23.05,20.836,18.702,16.662,14.71,12.844,11.075,9.42,7.875,6.485,5.275,4.224,3.199,2.358,1.792,1.317,0.909,0.584,0.416,0.326,0.225,0.115,0.062,0.028
GMB,2079,118.902,118.591,118.29,118.003,117.885,117.583,117.305,117.051,116.823,116.607,116.394,116.243,116.177,116.161,116.137,116.112,116.041,115.894,115.688,115.466,115.214,114.932,114.622,114.277,113.885,113.446,112.943,112.365,111.716,111.019,110.276,109.456,108.55,107.571,106.544,105.468,104.355,103.215,102.043,100.826,99.568,98.275,96.948,95.587,94.187,92.741,91.282,89.825,88.35,86.827,85.258,83.628,81.921,80.144,78.314,76.422,74.477,72.479,70.422,68.302,66.128,63.841,61.415,58.881,56.312,53.708,51.032,48.278,45.474,42.669,39.867,37.087,34.346,31.653,29.005,26.407,23.915,21.561,19.332,17.192,15.154,13.225,11.408,9.71,8.133,6.668,5.377,4.289,3.376,2.462,1.764,1.361,0.986,0.627,0.381,0.281,0.219,0.149,0.074,0.03
GMB,2080,118.64,118.398,118.153,117.908,117.665,117.428,117.198,116.979,116.773,116.582,116.395,116.199,116.069,116.039,116.066,116.077,116.082,116.033,115.9,115.699,115.478,115.226,114.935,114.607,114.235,113.812,113.344,112.808,112.194,111.51,110.777,109.995,109.146,108.226,107.242,106.21,105.131,104.014,102.867,101.688,100.465,99.202,97.905,96.578,95.219,93.819,92.374,90.912,89.446,87.96,86.422,84.838,83.189,81.459,79.656,77.797,75.874,73.896,71.867,69.778,67.623,65.412,63.084,60.611,58.025,55.401,52.744,50.015,47.208,44.351,41.496,38.646,35.817,33.028,30.288,27.599,24.967,22.447,20.071,17.828,15.681,13.643,11.736,9.97,8.346,6.845,5.46,4.268,3.305,2.528,1.725,1.172,0.93,0.655,0.345,0.178,0.145,0.111,0.072,0.033
GMB,2081,118.444,118.299,118.085,117.871,117.658,117.451,117.248,117.052,116.868,116.698,116.541,116.386,116.219,116.113,116.096,116.128,116.14,116.144,116.087,115.934,115.707,115.458,115.175,114.852,114.487,114.078,113.62,113.113,112.548,111.919,111.229,110.49,109.705,108.852,107.924,106.931,105.894,104.808,103.686,102.539,101.361,100.138,98.872,97.572,96.235,94.862,93.447,91.984,90.502,89.01,87.494,85.926,84.308,82.622,80.856,79.017,77.119,75.154,73.128,71.042,68.889,66.669,64.393,61.999,59.457,56.8,54.11,51.388,48.595,45.724,42.806,39.895,36.998,34.134,31.321,28.573,25.884,23.262,20.772,18.448,16.277,14.21,12.258,10.455,8.813,7.326,5.938,4.703,3.684,2.835,2.125,1.435,0.982,0.778,0.546,0.286,0.157,0.12,0.079,0.035
GMB,2082,118.241,118.061,117.944,117.759,117.577,117.398,117.224,117.056,116.895,116.745,116.609,116.489,116.365,116.229,116.145,116.141,116.178,116.193,116.196,116.13,115.958,115.703,115.427,115.114,114.756,114.356,113.911,113.415,112.87,112.277,111.632,110.937,110.192,109.404,108.546,107.611,106.611,105.566,104.474,103.349,102.2,101.023,99.8,98.534,97.228,95.881,94.495,93.065,91.585,90.082,88.566,87.02,85.42,83.768,82.046,80.245,78.37,76.432,74.426,72.352,70.209,67.993,65.709,63.368,60.907,58.296,55.57,52.813,50.027,47.17,44.235,41.256,38.291,35.347,32.447,29.612,26.855,24.167,21.554,19.093,16.823,14.725,12.737,10.871,9.171,7.654,6.307,5.032,3.945,3.098,2.365,1.723,1.143,0.791,0.625,0.438,0.227,0.13,0.086,0.038
GMB,2083,118.018,117.847,117.676,117.578,117.422,117.27,117.124,116.984,116.852,116.724,116.61,116.51,116.423,116.332,116.226,116.165,116.174,116.216,116.232,116.235,116.16,115.968,115.688,115.382,115.039,114.649,114.214,113.731,113.2,112.616,111.992,111.333,110.633,109.883,109.09,108.228,107.287,106.278,105.227,104.128,102.999,101.851,100.675,99.451,98.185,96.874,95.518,94.118,92.673,91.176,89.652,88.111,86.538,84.906,83.218,81.461,79.626,77.714,75.737,73.691,71.569,69.37,67.089,64.742,62.336,59.808,57.128,54.335,51.51,48.66,45.739,42.741,39.701,36.682,33.692,30.755,27.899,25.134,22.447,19.843,17.412,15.196,13.171,11.264,9.483,7.886,6.494,5.286,4.125,3.186,2.512,1.895,1.32,0.852,0.601,0.473,0.328,0.169,0.094,0.042
GMB,2084,117.76,117.595,117.437,117.286,117.198,117.072,116.951,116.838,116.733,116.634,116.542,116.462,116.398,116.345,116.287,116.211,116.172,116.194,116.241,116.26,116.262,116.177,115.967,115.659,115.325,114.952,114.529,114.058,113.54,112.971,112.35,111.697,111.024,110.317,109.563,108.766,107.901,106.952,105.936,104.878,103.773,102.64,101.491,100.316,99.093,97.825,96.51,95.145,93.732,92.27,90.757,89.213,87.647,86.046,84.383,82.661,80.869,78.999,77.051,75.035,72.948,70.779,68.522,66.179,63.768,61.299,58.704,55.956,53.094,50.201,47.288,44.304,41.242,38.142,35.07,32.033,29.06,26.183,23.41,20.724,18.13,15.729,13.567,11.616,9.789,8.093,6.6,5.334,4.265,3.218,2.427,1.927,1.426,0.917,0.56,0.411,0.32,0.219,0.109,0.046
GMB,2085,117.452,117.302,117.162,117.034,116.915,116.807,116.708,116.62,116.54,116.469,116.405,116.347,116.302,116.274,116.256,116.229,116.182,116.167,116.202,116.255,116.275,116.277,116.184,115.953,115.618,115.256,114.854,114.397,113.891,113.336,112.731,112.072,111.391,110.702,109.99,109.23,108.43,107.56,106.605,105.58,104.517,103.406,102.27,101.12,99.946,98.723,97.455,96.136,94.762,93.335,91.859,90.329,88.765,87.175,85.544,83.851,82.094,80.268,78.362,76.378,74.325,72.197,69.981,67.668,65.262,62.787,60.254,57.593,54.777,51.846,48.888,45.911,42.865,39.739,36.58,33.453,30.371,27.364,24.466,21.684,19,16.417,14.045,11.938,10.06,8.314,6.704,5.314,4.175,3.243,2.311,1.669,1.34,0.955,0.514,0.268,0.221,0.168,0.111,0.05
GMB,2086,117.154,117.109,116.995,116.891,116.797,116.713,116.637,116.568,116.51,116.465,116.43,116.4,116.371,116.348,116.333,116.321,116.297,116.249,116.226,116.242,116.267,116.259,116.231,116.105,115.839,115.467,115.069,114.627,114.142,113.621,113.06,112.45,111.786,111.101,110.405,109.685,108.918,108.11,107.236,106.281,105.257,104.193,103.08,101.938,100.778,99.59,98.35,97.063,95.723,94.322,92.865,91.357,89.791,88.189,86.561,84.893,83.156,81.355,79.475,77.508,75.455,73.33,71.129,68.836,66.441,63.951,61.394,58.781,56.038,53.137,50.122,47.088,44.043,40.942,37.778,34.596,31.46,28.376,25.396,22.559,19.868,17.281,14.803,12.553,10.586,8.861,7.241,5.796,4.602,3.592,2.736,1.928,1.401,1.122,0.799,0.428,0.24,0.183,0.122,0.054
GMB,2087,116.814,116.716,116.755,116.677,116.608,116.548,116.499,116.454,116.415,116.389,116.38,116.381,116.382,116.383,116.383,116.381,116.375,116.354,116.306,116.274,116.271,116.269,116.232,116.174,116.014,115.714,115.306,114.87,114.39,113.877,113.339,112.774,112.157,111.49,110.8,110.097,109.369,108.595,107.781,106.902,105.945,104.922,103.858,102.744,101.597,100.427,99.223,97.968,96.663,95.3,93.873,92.387,90.847,89.243,87.604,85.939,84.232,82.454,80.608,78.675,76.646,74.524,72.328,70.055,67.685,65.209,62.635,59.995,57.302,54.478,51.493,48.393,45.282,42.17,39.014,35.813,32.61,29.463,26.377,23.425,20.651,18.049,15.561,13.187,11.06,9.234,7.662,6.166,4.889,3.888,3.009,2.229,1.545,1.133,0.905,0.641,0.34,0.199,0.132,0.059
GMB,2088,116.437,116.371,116.315,116.389,116.347,116.314,116.288,116.272,116.26,116.251,116.257,116.282,116.319,116.353,116.384,116.407,116.419,116.418,116.398,116.351,116.31,116.287,116.259,116.194,116.106,115.913,115.576,115.132,114.659,114.142,113.599,113.047,112.476,111.853,111.183,110.488,109.779,109.042,108.261,107.441,106.558,105.6,104.578,103.513,102.397,101.246,100.065,98.847,97.575,96.252,94.868,93.416,91.899,90.327,88.688,87.011,85.309,83.564,81.743,79.852,77.868,75.777,73.585,71.318,68.974,66.527,63.97,61.312,58.589,55.817,52.912,49.842,46.659,43.473,40.294,37.083,33.844,30.619,27.462,24.376,21.452,18.74,16.229,13.837,11.571,9.565,7.881,6.461,5.091,3.98,3.174,2.427,1.722,1.163,0.865,0.688,0.483,0.252,0.144,0.065
GMB,2089,116.03,115.993,115.964,115.945,116.011,116.004,116.006,116.016,116.033,116.054,116.075,116.112,116.173,116.246,116.311,116.372,116.418,116.443,116.447,116.431,116.384,116.334,116.292,116.237,116.143,116.024,115.798,115.425,114.946,114.435,113.881,113.309,112.742,112.165,111.538,110.863,110.165,109.448,108.703,107.915,107.088,106.201,105.242,104.222,103.157,102.04,100.882,99.692,98.46,97.171,95.831,94.425,92.947,91.403,89.797,88.122,86.409,84.67,82.886,81.023,79.088,77.052,74.899,72.638,70.301,67.883,65.361,62.723,59.982,57.177,54.327,51.34,48.186,44.92,41.658,38.411,35.147,31.871,28.626,25.459,22.373,19.475,16.828,14.407,12.113,9.952,8.07,6.527,5.26,4.016,3.072,2.46,1.843,1.214,0.78,0.597,0.47,0.326,0.165,0.071
GMB,2090,115.601,115.585,115.58,115.584,115.597,115.618,115.648,115.685,115.729,115.78,115.834,115.883,115.953,116.048,116.157,116.255,116.346,116.415,116.453,116.463,116.45,116.402,116.343,116.282,116.2,116.077,115.928,115.67,115.262,114.745,114.199,113.606,113.005,112.424,111.842,111.209,110.531,109.828,109.104,108.351,107.557,106.723,105.832,104.873,103.854,102.787,101.669,100.508,99.308,98.061,96.757,95.398,93.971,92.468,90.894,89.256,87.546,85.795,84.02,82.198,80.295,78.314,76.227,74.012,71.684,69.275,66.787,64.188,61.469,58.645,55.759,52.83,49.763,46.525,43.176,39.839,36.526,33.208,29.896,26.63,23.453,20.368,17.497,14.913,12.584,10.388,8.333,6.574,5.172,4.059,2.939,2.164,1.745,1.26,0.707,0.397,0.328,0.253,0.169,0.077
GMB,2091,115.217,115.276,115.29,115.315,115.351,115.396,115.45,115.511,115.581,115.66,115.746,115.831,115.911,116.003,116.112,116.226,116.328,116.418,116.479,116.498,116.482,116.44,116.362,116.27,116.174,116.056,115.895,115.708,115.421,114.998,114.476,113.924,113.327,112.722,112.134,111.543,110.904,110.219,109.512,108.786,108.034,107.239,106.403,105.507,104.537,103.502,102.419,101.282,100.098,98.871,97.594,96.255,94.858,93.393,91.852,90.238,88.558,86.8,84.994,83.153,81.257,79.275,77.217,75.044,72.74,70.318,67.818,65.238,62.543,59.721,56.789,53.804,50.785,47.64,44.336,40.938,37.565,34.227,30.918,27.661,24.485,21.408,18.43,15.695,13.275,11.129,9.081,7.228,5.713,4.467,3.435,2.461,1.822,1.466,1.054,0.588,0.351,0.271,0.18,0.083
GMB,2092,114.819,114.827,114.94,114.982,115.038,115.105,115.183,115.27,115.362,115.466,115.579,115.7,115.817,115.927,116.041,116.164,116.285,116.389,116.479,116.532,116.532,116.489,116.418,116.31,116.187,116.054,115.899,115.703,115.477,115.16,114.722,114.195,113.637,113.037,112.428,111.832,111.233,110.587,109.896,109.184,108.458,107.706,106.91,106.073,105.17,104.19,103.139,102.04,100.884,99.677,98.423,97.115,95.744,94.309,92.805,91.226,89.573,87.849,86.045,84.184,82.277,80.307,78.249,76.11,73.854,71.46,68.945,66.352,63.683,60.892,57.965,54.925,51.843,48.735,45.511,42.143,38.695,35.287,31.923,28.626,25.422,22.337,19.359,16.491,13.89,11.635,9.673,7.773,6.122,4.852,3.761,2.811,1.982,1.479,1.187,0.85,0.468,0.289,0.193,0.089
GMB,2093,114.41,114.42,114.451,114.591,114.662,114.748,114.848,114.958,115.078,115.202,115.338,115.486,115.642,115.79,115.93,116.068,116.204,116.329,116.437,116.527,116.572,116.554,116.483,116.385,116.247,116.09,115.922,115.73,115.497,115.232,114.886,114.434,113.901,113.339,112.734,112.12,111.518,110.912,110.259,109.56,108.844,108.118,107.366,106.569,105.731,104.823,103.832,102.766,101.65,100.475,99.246,97.965,96.627,95.223,93.75,92.207,90.59,88.899,87.131,85.281,83.366,81.393,79.348,77.214,74.996,72.655,70.173,67.565,64.88,62.12,59.233,56.202,53.057,49.875,46.679,43.377,39.945,36.449,33.005,29.617,26.328,23.182,20.187,17.309,14.549,12.083,9.993,8.216,6.464,5.015,3.989,3.055,2.187,1.503,1.137,0.908,0.645,0.349,0.206,0.096
GMB,2094,113.993,114.001,114.033,114.09,114.231,114.331,114.448,114.578,114.722,114.873,115.029,115.198,115.381,115.571,115.751,115.921,116.08,116.231,116.363,116.473,116.563,116.599,116.562,116.465,116.338,116.172,115.981,115.778,115.548,115.278,114.976,114.601,114.133,113.595,113.028,112.42,111.802,111.193,110.578,109.918,109.213,108.494,107.766,107.015,106.217,105.377,104.464,103.462,102.381,101.249,100.055,98.804,97.497,96.129,94.69,93.181,91.599,89.944,88.215,86.404,84.507,82.537,80.5,78.381,76.17,73.873,71.449,68.877,66.177,63.399,60.551,57.569,54.435,51.182,47.903,44.618,41.239,37.743,34.198,30.718,27.307,24.029,20.938,18.034,15.256,12.606,10.275,8.351,6.758,5.153,3.909,3.126,2.349,1.563,1.024,0.794,0.627,0.439,0.23,0.103
GMB,2095,113.571,113.573,113.604,113.664,113.749,113.857,113.986,114.133,114.295,114.471,114.655,114.843,115.044,115.262,115.486,115.7,115.898,116.081,116.244,116.383,116.496,116.587,116.614,116.557,116.434,116.279,116.082,115.859,115.62,115.354,115.048,114.707,114.302,113.82,113.277,112.704,112.093,111.471,110.855,110.232,109.565,108.855,108.13,107.402,106.652,105.853,105.012,104.094,103.081,101.986,100.836,99.625,98.351,97.017,95.619,94.148,92.6,90.982,89.289,87.521,85.667,83.724,81.701,79.597,77.405,75.119,72.742,70.234,67.575,64.782,61.913,58.976,55.899,52.66,49.303,45.927,42.553,39.096,35.537,31.945,28.43,24.995,21.728,18.693,15.88,13.204,10.662,8.466,6.707,5.3,3.843,2.801,2.263,1.643,0.938,0.544,0.451,0.348,0.234,0.111
GMB,2096,113.211,113.257,113.285,113.345,113.436,113.552,113.693,113.853,114.033,114.229,114.44,114.656,114.873,115.097,115.329,115.559,115.775,115.975,116.149,116.294,116.405,116.491,116.553,116.547,116.454,116.295,116.103,115.868,115.616,115.362,115.091,114.778,114.434,114.025,113.537,112.985,112.405,111.788,111.161,110.546,109.923,109.256,108.544,107.814,107.074,106.309,105.493,104.631,103.691,102.651,101.525,100.341,99.09,97.778,96.405,94.967,93.451,91.856,90.179,88.419,86.574,84.64,82.614,80.501,78.301,76.009,73.621,71.145,68.529,65.751,62.836,59.852,56.81,53.634,50.303,46.864,43.422,39.995,36.522,32.995,29.474,26.042,22.7,19.565,16.708,14.105,11.59,9.284,7.386,5.813,4.497,3.226,2.366,1.907,1.379,0.782,0.481,0.371,0.25,0.118
GMB,2097,112.862,112.838,112.932,112.986,113.076,113.197,113.345,113.517,113.708,113.921,114.152,114.398,114.645,114.892,115.14,115.385,115.621,115.84,116.04,116.208,116.334,116.418,116.475,116.507,116.469,116.342,116.145,115.916,115.643,115.362,115.092,114.816,114.498,114.149,113.737,113.242,112.682,112.096,111.472,110.842,110.224,109.604,108.935,108.222,107.487,106.736,105.955,105.122,104.241,103.277,102.21,101.053,99.836,98.547,97.194,95.783,94.306,92.745,91.1,89.367,87.54,85.618,83.604,81.495,79.293,76.998,74.605,72.115,69.539,66.817,63.921,60.884,57.786,54.639,51.364,47.94,44.42,40.913,37.432,33.944,30.449,26.999,23.651,20.403,17.399,14.72,12.328,9.975,7.904,6.303,4.918,3.694,2.607,1.93,1.551,1.116,0.625,0.396,0.267,0.127
GMB,2098,112.534,112.485,112.482,112.595,112.677,112.794,112.946,113.125,113.33,113.553,113.798,114.064,114.343,114.623,114.899,115.17,115.428,115.671,115.893,116.094,116.252,116.36,116.418,116.447,116.45,116.379,116.215,115.983,115.717,115.405,115.095,114.811,114.529,114.206,113.854,113.437,112.935,112.368,111.775,111.144,110.511,109.893,109.272,108.605,107.889,107.149,106.387,105.59,104.74,103.84,102.853,101.759,100.571,99.32,97.993,96.602,95.152,93.634,92.029,90.336,88.547,86.651,84.654,82.561,80.367,78.076,75.686,73.193,70.603,67.927,65.097,62.084,58.925,55.713,52.462,49.088,45.573,41.973,38.398,34.866,31.361,27.899,24.522,21.257,18.103,15.231,12.731,10.548,8.359,6.522,5.22,4.021,2.89,1.989,1.495,1.195,0.853,0.469,0.285,0.136
GMB,2099,112.239,112.154,112.121,112.137,112.246,112.354,112.5,112.682,112.894,113.13,113.384,113.662,113.963,114.275,114.588,114.894,115.187,115.46,115.708,115.934,116.134,116.285,116.374,116.406,116.407,116.38,116.276,116.078,115.808,115.505,115.156,114.816,114.517,114.23,113.901,113.545,113.125,112.616,112.041,111.441,110.805,110.167,109.549,108.93,108.261,107.545,106.799,106.027,105.214,104.347,103.427,102.417,101.297,100.079,98.794,97.428,95.998,94.51,92.953,91.303,89.563,87.717,85.754,83.68,81.507,79.232,76.851,74.366,71.773,69.082,66.307,63.369,60.239,56.959,53.633,50.278,46.807,43.199,39.519,35.88,32.296,28.775,25.346,22.041,18.862,15.801,13.062,10.742,8.769,6.742,5.141,4.137,3.125,2.087,1.37,1.059,0.839,0.589,0.312,0.146
GMB,2100,111.99,111.85,111.773,111.757,111.794,111.883,112.018,112.194,112.406,112.649,112.917,113.202,113.513,113.848,114.195,114.539,114.875,115.19,115.477,115.732,115.96,116.161,116.304,116.374,116.38,116.352,116.295,116.159,115.926,115.62,115.28,114.892,114.524,114.21,113.918,113.583,113.224,112.799,112.284,111.701,111.096,110.452,109.811,109.192,108.573,107.905,107.188,106.437,105.654,104.826,103.941,103.002,101.969,100.822,99.575,98.255,96.851,95.382,93.857,92.26,90.566,88.778,86.876,84.847,82.696,80.444,78.086,75.617,73.038,70.345,67.554,64.679,61.636,58.389,54.987,51.549,48.09,44.52,40.822,37.062,33.358,29.722,26.186,22.791,19.56,16.464,13.499,10.893,8.751,6.988,5.125,3.758,3.054,2.228,1.283,0.751,0.623,0.482,0.326,0.156
