STP,1950,2.238,2.098,1.953,1.807,1.662,1.518,1.378,1.244,1.118,1.001,0.899,0.813,0.738,0.67,0.619,0.579,0.532,0.573,0.737,0.979,1.211,1.457,1.623,1.655,1.599,1.552,1.496,1.44,1.399,1.362,1.312,1.254,1.185,1.103,1.013,0.924,0.833,0.757,0.705,0.67,0.635,0.603,0.574,0.548,0.526,0.506,0.489,0.474,0.461,0.449,0.439,0.429,0.415,0.396,0.37,0.346,0.323,0.3,0.28,0.263,0.245,0.229,0.213,0.201,0.193,0.183,0.176,0.167,0.161,0.153,0.146,0.141,0.133,0.124,0.115,0.105,0.096,0.088,0.083,0.08,0.077,0.074,0.069,0.059,0.047,0.035,0.024,0.015,0.011,0.008,0.006,0.003,0.003,0.002,0.001,0,0,0,0,0
STP,1951,2.178,2.065,1.928,1.788,1.648,1.51,1.375,1.246,1.124,1.012,0.91,0.821,0.744,0.693,0.672,0.678,0.69,0.701,0.764,0.901,1.08,1.254,1.437,1.557,1.575,1.524,1.477,1.421,1.364,1.315,1.269,1.213,1.149,1.08,1.005,0.929,0.851,0.773,0.708,0.662,0.63,0.598,0.57,0.544,0.522,0.501,0.484,0.468,0.454,0.439,0.425,0.412,0.401,0.385,0.365,0.342,0.32,0.298,0.277,0.26,0.244,0.228,0.214,0.2,0.19,0.181,0.173,0.165,0.158,0.15,0.143,0.135,0.129,0.122,0.114,0.106,0.096,0.088,0.081,0.075,0.072,0.067,0.064,0.059,0.05,0.039,0.029,0.019,0.013,0.009,0.006,0.005,0.003,0.003,0.002,0.001,0,0,0,0
STP,1952,2.119,2,1.904,1.771,1.635,1.501,1.368,1.243,1.124,1.014,0.914,0.826,0.75,0.681,0.652,0.675,0.738,0.802,0.869,0.956,1.065,1.185,1.302,1.425,1.501,1.504,1.458,1.411,1.356,1.297,1.241,1.186,1.122,1.053,0.983,0.916,0.849,0.785,0.718,0.663,0.623,0.594,0.565,0.54,0.518,0.498,0.479,0.464,0.45,0.436,0.421,0.403,0.388,0.373,0.357,0.338,0.317,0.296,0.275,0.256,0.241,0.227,0.213,0.2,0.188,0.179,0.17,0.163,0.156,0.149,0.141,0.133,0.126,0.119,0.112,0.104,0.096,0.089,0.08,0.073,0.068,0.064,0.059,0.055,0.049,0.042,0.032,0.024,0.016,0.011,0.007,0.006,0.003,0.003,0.002,0.001,0,0,0,0
STP,1953,2.082,1.974,1.857,1.761,1.629,1.496,1.365,1.24,1.121,1.011,0.911,0.823,0.748,0.684,0.623,0.616,0.684,0.802,0.919,1.042,1.153,1.236,1.298,1.361,1.425,1.458,1.447,1.404,1.357,1.303,1.241,1.178,1.113,1.042,0.966,0.896,0.834,0.779,0.724,0.67,0.624,0.589,0.562,0.538,0.515,0.496,0.477,0.462,0.447,0.435,0.422,0.405,0.386,0.368,0.35,0.333,0.314,0.293,0.274,0.255,0.238,0.223,0.211,0.199,0.188,0.178,0.169,0.161,0.153,0.147,0.14,0.133,0.125,0.116,0.109,0.102,0.095,0.088,0.081,0.074,0.067,0.061,0.056,0.05,0.045,0.04,0.033,0.026,0.019,0.013,0.008,0.006,0.004,0.003,0.002,0.002,0.001,0,0,0
STP,1954,2.079,1.977,1.864,1.744,1.632,1.501,1.371,1.243,1.121,1.009,0.908,0.818,0.739,0.677,0.625,0.571,0.585,0.7,0.875,1.045,1.226,1.362,1.42,1.423,1.434,1.439,1.428,1.403,1.364,1.316,1.261,1.196,1.125,1.049,0.97,0.888,0.816,0.76,0.716,0.671,0.627,0.591,0.561,0.537,0.514,0.494,0.478,0.462,0.448,0.435,0.425,0.412,0.393,0.371,0.35,0.331,0.311,0.292,0.273,0.255,0.237,0.221,0.208,0.198,0.187,0.178,0.168,0.16,0.153,0.146,0.14,0.134,0.126,0.117,0.109,0.102,0.094,0.087,0.08,0.074,0.068,0.062,0.055,0.049,0.042,0.037,0.032,0.025,0.02,0.014,0.009,0.006,0.005,0.003,0.002,0.001,0.001,0,0,0
STP,1955,2.117,2.013,1.899,1.777,1.648,1.517,1.384,1.254,1.128,1.01,0.903,0.81,0.728,0.66,0.611,0.569,0.523,0.561,0.722,0.958,1.185,1.427,1.589,1.622,1.567,1.52,1.466,1.412,1.371,1.336,1.286,1.23,1.162,1.082,0.994,0.907,0.816,0.742,0.691,0.656,0.622,0.59,0.562,0.536,0.514,0.495,0.478,0.463,0.451,0.439,0.428,0.419,0.405,0.385,0.36,0.336,0.313,0.291,0.272,0.255,0.238,0.221,0.206,0.194,0.186,0.176,0.169,0.161,0.154,0.147,0.14,0.135,0.128,0.12,0.111,0.102,0.093,0.085,0.079,0.073,0.068,0.062,0.056,0.049,0.042,0.036,0.029,0.023,0.018,0.014,0.009,0.005,0.004,0.003,0.002,0.001,0.001,0,0,0
STP,1956,2.133,2.008,1.897,1.78,1.658,1.531,1.407,1.285,1.166,1.05,0.944,0.848,0.761,0.703,0.685,0.696,0.713,0.729,0.795,0.93,1.107,1.278,1.459,1.577,1.594,1.542,1.495,1.439,1.382,1.331,1.283,1.224,1.159,1.089,1.013,0.936,0.858,0.779,0.714,0.667,0.635,0.604,0.574,0.549,0.525,0.505,0.487,0.471,0.457,0.442,0.427,0.414,0.401,0.386,0.366,0.342,0.32,0.298,0.276,0.258,0.243,0.227,0.212,0.199,0.188,0.179,0.171,0.163,0.155,0.148,0.141,0.133,0.127,0.12,0.112,0.104,0.096,0.088,0.081,0.074,0.068,0.061,0.055,0.049,0.042,0.036,0.029,0.024,0.02,0.015,0.011,0.008,0.005,0.003,0.003,0.001,0.001,0,0,0
STP,1957,2.179,2.062,1.911,1.792,1.671,1.547,1.424,1.305,1.193,1.084,0.979,0.882,0.796,0.716,0.682,0.711,0.786,0.861,0.939,1.033,1.145,1.261,1.378,1.498,1.573,1.574,1.526,1.478,1.42,1.358,1.298,1.238,1.169,1.094,1.021,0.95,0.882,0.815,0.747,0.689,0.648,0.617,0.588,0.561,0.538,0.517,0.498,0.482,0.468,0.454,0.437,0.419,0.402,0.386,0.368,0.348,0.326,0.304,0.283,0.263,0.246,0.232,0.218,0.205,0.192,0.182,0.174,0.165,0.158,0.151,0.143,0.135,0.127,0.119,0.112,0.106,0.098,0.091,0.085,0.078,0.07,0.062,0.055,0.047,0.041,0.035,0.03,0.024,0.02,0.016,0.012,0.009,0.006,0.003,0.003,0.002,0.001,0,0,0
STP,1958,2.246,2.115,1.978,1.817,1.69,1.564,1.44,1.319,1.205,1.103,1.005,0.908,0.822,0.747,0.674,0.662,0.741,0.877,1.012,1.152,1.275,1.361,1.418,1.479,1.54,1.57,1.556,1.512,1.461,1.403,1.337,1.267,1.193,1.114,1.03,0.953,0.886,0.829,0.771,0.714,0.666,0.629,0.6,0.573,0.549,0.528,0.509,0.493,0.478,0.465,0.45,0.432,0.411,0.391,0.371,0.352,0.331,0.31,0.289,0.269,0.25,0.235,0.222,0.209,0.197,0.186,0.177,0.169,0.161,0.153,0.146,0.138,0.129,0.121,0.112,0.105,0.098,0.092,0.085,0.08,0.073,0.066,0.056,0.048,0.04,0.033,0.028,0.023,0.019,0.016,0.012,0.009,0.007,0.004,0.003,0.002,0.001,0,0,0
STP,1959,2.315,2.17,2.023,1.875,1.719,1.584,1.454,1.328,1.21,1.102,1.01,0.923,0.836,0.76,0.696,0.628,0.641,0.768,0.968,1.159,1.363,1.514,1.575,1.573,1.579,1.578,1.563,1.535,1.494,1.442,1.383,1.312,1.232,1.146,1.056,0.964,0.883,0.822,0.774,0.726,0.681,0.642,0.609,0.582,0.557,0.535,0.517,0.5,0.486,0.472,0.462,0.447,0.427,0.402,0.379,0.357,0.334,0.313,0.293,0.273,0.253,0.236,0.222,0.211,0.2,0.189,0.18,0.172,0.163,0.156,0.149,0.142,0.133,0.124,0.115,0.105,0.098,0.091,0.086,0.081,0.076,0.07,0.061,0.051,0.043,0.033,0.025,0.021,0.018,0.014,0.012,0.009,0.007,0.005,0.003,0.002,0.001,0.001,0,0
STP,1960,2.371,2.217,2.064,1.91,1.76,1.614,1.472,1.338,1.212,1.096,0.995,0.913,0.836,0.76,0.695,0.642,0.581,0.616,0.792,1.052,1.302,1.566,1.745,1.781,1.719,1.669,1.609,1.55,1.505,1.468,1.415,1.354,1.28,1.191,1.092,0.993,0.893,0.809,0.753,0.716,0.678,0.644,0.614,0.586,0.561,0.539,0.52,0.504,0.49,0.477,0.465,0.455,0.441,0.418,0.391,0.365,0.34,0.316,0.294,0.275,0.256,0.238,0.222,0.21,0.199,0.189,0.181,0.173,0.165,0.157,0.15,0.144,0.136,0.127,0.117,0.108,0.099,0.09,0.084,0.08,0.075,0.071,0.066,0.056,0.046,0.036,0.026,0.018,0.013,0.011,0.009,0.008,0.006,0.004,0.003,0.001,0.001,0,0,0
STP,1961,2.431,2.288,2.139,1.991,1.846,1.705,1.57,1.442,1.321,1.209,1.108,1.021,0.949,0.888,0.838,0.804,0.777,0.746,0.785,0.922,1.119,1.308,1.508,1.64,1.656,1.594,1.542,1.481,1.421,1.373,1.333,1.28,1.22,1.154,1.079,0.998,0.92,0.839,0.772,0.724,0.689,0.656,0.626,0.598,0.573,0.549,0.528,0.509,0.492,0.478,0.466,0.455,0.446,0.43,0.402,0.369,0.337,0.305,0.278,0.258,0.243,0.228,0.214,0.2,0.19,0.179,0.171,0.163,0.155,0.148,0.141,0.133,0.128,0.12,0.112,0.102,0.093,0.085,0.076,0.072,0.069,0.065,0.063,0.058,0.05,0.04,0.031,0.021,0.015,0.011,0.009,0.008,0.006,0.006,0.004,0.002,0.001,0,0,0
STP,1962,2.475,2.318,2.193,2.048,1.908,1.772,1.642,1.519,1.404,1.297,1.2,1.116,1.042,0.98,0.936,0.913,0.908,0.908,0.907,0.949,1.047,1.179,1.306,1.442,1.524,1.521,1.461,1.405,1.344,1.282,1.233,1.189,1.137,1.078,1.019,0.96,0.9,0.841,0.781,0.73,0.691,0.66,0.631,0.603,0.578,0.555,0.534,0.514,0.495,0.479,0.466,0.453,0.442,0.434,0.416,0.384,0.345,0.307,0.268,0.238,0.219,0.209,0.197,0.187,0.179,0.168,0.159,0.151,0.144,0.137,0.13,0.123,0.117,0.111,0.104,0.096,0.087,0.078,0.07,0.063,0.059,0.056,0.054,0.053,0.05,0.043,0.034,0.026,0.018,0.013,0.009,0.008,0.006,0.005,0.004,0.003,0.001,0,0,0
STP,1963,2.522,2.366,2.211,2.096,1.956,1.823,1.696,1.576,1.466,1.363,1.272,1.191,1.121,1.062,1.01,0.982,0.984,1.009,1.037,1.067,1.109,1.169,1.236,1.302,1.372,1.405,1.384,1.325,1.268,1.205,1.144,1.092,1.045,0.992,0.936,0.884,0.839,0.799,0.76,0.723,0.688,0.657,0.63,0.604,0.58,0.558,0.538,0.519,0.499,0.481,0.464,0.451,0.441,0.429,0.421,0.402,0.366,0.32,0.277,0.232,0.198,0.181,0.175,0.168,0.162,0.157,0.148,0.139,0.131,0.125,0.119,0.112,0.106,0.1,0.094,0.088,0.08,0.071,0.064,0.056,0.049,0.046,0.045,0.044,0.044,0.042,0.036,0.029,0.021,0.013,0.01,0.008,0.006,0.004,0.004,0.003,0.002,0.001,0,0
STP,1964,2.6,2.438,2.282,2.129,2.007,1.873,1.745,1.627,1.517,1.419,1.33,1.252,1.185,1.132,1.086,1.043,1.032,1.06,1.115,1.169,1.228,1.274,1.296,1.298,1.303,1.307,1.293,1.254,1.195,1.135,1.071,1.01,0.955,0.905,0.852,0.798,0.754,0.723,0.703,0.684,0.667,0.648,0.626,0.602,0.58,0.56,0.541,0.522,0.505,0.487,0.468,0.452,0.439,0.429,0.418,0.41,0.39,0.349,0.297,0.248,0.197,0.16,0.144,0.142,0.139,0.138,0.135,0.128,0.119,0.112,0.107,0.102,0.095,0.09,0.083,0.078,0.072,0.065,0.057,0.049,0.041,0.035,0.034,0.034,0.034,0.035,0.034,0.029,0.022,0.016,0.01,0.008,0.005,0.003,0.003,0.003,0.002,0.001,0,0
STP,1965,2.728,2.553,2.385,2.225,2.075,1.934,1.802,1.681,1.57,1.47,1.382,1.305,1.241,1.189,1.15,1.118,1.085,1.088,1.144,1.229,1.311,1.4,1.449,1.431,1.37,1.313,1.253,1.191,1.131,1.074,1.011,0.946,0.884,0.825,0.771,0.718,0.665,0.628,0.613,0.612,0.612,0.615,0.613,0.6,0.579,0.561,0.544,0.527,0.511,0.496,0.479,0.459,0.443,0.431,0.421,0.41,0.402,0.38,0.334,0.276,0.221,0.163,0.122,0.107,0.11,0.11,0.114,0.114,0.108,0.1,0.094,0.089,0.084,0.079,0.073,0.067,0.063,0.057,0.049,0.042,0.035,0.027,0.022,0.021,0.022,0.025,0.027,0.026,0.023,0.017,0.011,0.006,0.005,0.003,0.002,0.001,0.001,0.001,0,0
STP,1966,2.856,2.642,2.476,2.322,2.178,2.045,1.923,1.809,1.705,1.609,1.521,1.443,1.376,1.315,1.258,1.207,1.162,1.117,1.103,1.133,1.19,1.244,1.303,1.33,1.303,1.24,1.182,1.124,1.064,1.009,0.957,0.902,0.845,0.794,0.751,0.715,0.68,0.645,0.62,0.607,0.604,0.602,0.602,0.598,0.583,0.562,0.544,0.525,0.509,0.495,0.482,0.468,0.452,0.436,0.422,0.408,0.393,0.381,0.358,0.319,0.272,0.226,0.179,0.144,0.131,0.132,0.132,0.133,0.131,0.124,0.113,0.105,0.097,0.09,0.084,0.08,0.076,0.072,0.066,0.057,0.046,0.036,0.025,0.018,0.016,0.018,0.021,0.022,0.022,0.019,0.014,0.009,0.005,0.003,0.003,0.001,0.001,0.001,0,0
STP,1967,3.033,2.801,2.573,2.418,2.275,2.147,2.03,1.924,1.829,1.741,1.659,1.581,1.514,1.456,1.398,1.335,1.272,1.216,1.157,1.125,1.13,1.159,1.185,1.216,1.222,1.186,1.121,1.061,1.003,0.945,0.894,0.848,0.8,0.752,0.712,0.684,0.664,0.645,0.629,0.616,0.607,0.6,0.596,0.593,0.586,0.571,0.551,0.532,0.512,0.494,0.482,0.472,0.46,0.449,0.433,0.417,0.399,0.38,0.362,0.339,0.306,0.268,0.232,0.194,0.167,0.156,0.155,0.153,0.153,0.151,0.141,0.127,0.116,0.105,0.096,0.09,0.087,0.084,0.081,0.076,0.064,0.049,0.036,0.022,0.013,0.013,0.014,0.018,0.019,0.019,0.015,0.011,0.006,0.004,0.003,0.002,0.001,0.001,0,0
STP,1968,3.229,2.961,2.725,2.515,2.368,2.238,2.124,2.023,1.934,1.856,1.784,1.715,1.649,1.59,1.541,1.485,1.417,1.343,1.272,1.201,1.151,1.132,1.132,1.131,1.134,1.119,1.072,1.005,0.945,0.886,0.831,0.783,0.743,0.702,0.661,0.631,0.618,0.616,0.614,0.615,0.614,0.608,0.6,0.592,0.587,0.577,0.561,0.541,0.521,0.499,0.482,0.471,0.464,0.455,0.446,0.433,0.413,0.39,0.368,0.346,0.322,0.295,0.268,0.24,0.212,0.19,0.181,0.178,0.175,0.174,0.17,0.158,0.142,0.128,0.113,0.102,0.097,0.095,0.092,0.092,0.086,0.072,0.054,0.038,0.02,0.009,0.009,0.009,0.014,0.015,0.014,0.012,0.009,0.005,0.003,0.003,0.002,0.001,0,0
STP,1969,3.401,3.108,2.854,2.637,2.459,2.32,2.201,2.101,2.016,1.944,1.884,1.829,1.773,1.718,1.669,1.629,1.576,1.501,1.414,1.331,1.247,1.178,1.135,1.106,1.077,1.052,1.014,0.958,0.889,0.827,0.768,0.715,0.672,0.637,0.604,0.57,0.552,0.554,0.568,0.583,0.602,0.613,0.61,0.599,0.589,0.58,0.568,0.552,0.532,0.511,0.487,0.47,0.46,0.455,0.449,0.443,0.432,0.41,0.382,0.355,0.329,0.305,0.283,0.266,0.248,0.229,0.214,0.207,0.201,0.198,0.196,0.19,0.175,0.157,0.139,0.121,0.108,0.102,0.102,0.101,0.102,0.096,0.08,0.059,0.038,0.017,0.004,0.004,0.005,0.011,0.011,0.011,0.009,0.006,0.003,0.002,0.001,0.001,0,0
STP,1970,3.519,3.221,2.963,2.742,2.554,2.398,2.268,2.162,2.076,2.007,1.952,1.909,1.87,1.828,1.784,1.745,1.714,1.663,1.583,1.484,1.388,1.29,1.203,1.135,1.079,1.022,0.967,0.909,0.843,0.772,0.708,0.649,0.598,0.559,0.53,0.503,0.477,0.47,0.486,0.519,0.551,0.588,0.611,0.612,0.597,0.585,0.573,0.559,0.541,0.521,0.5,0.476,0.457,0.449,0.447,0.443,0.44,0.43,0.406,0.373,0.342,0.311,0.287,0.271,0.264,0.255,0.246,0.238,0.232,0.226,0.221,0.217,0.208,0.192,0.171,0.151,0.129,0.114,0.109,0.11,0.11,0.111,0.106,0.088,0.063,0.04,0.015,0,0,0,0.008,0.008,0.007,0.006,0.003,0.001,0.001,0.001,0,0
STP,1971,3.552,3.374,3.109,2.878,2.678,2.507,2.361,2.235,2.134,2.055,1.993,1.944,1.905,1.865,1.812,1.753,1.7,1.652,1.592,1.513,1.423,1.336,1.247,1.165,1.096,1.035,0.974,0.917,0.858,0.798,0.736,0.68,0.627,0.585,0.558,0.542,0.528,0.516,0.514,0.527,0.549,0.572,0.597,0.613,0.609,0.594,0.58,0.566,0.551,0.535,0.518,0.499,0.478,0.46,0.449,0.441,0.432,0.423,0.409,0.387,0.359,0.332,0.305,0.283,0.267,0.256,0.244,0.232,0.222,0.214,0.206,0.2,0.195,0.185,0.168,0.147,0.127,0.105,0.092,0.088,0.091,0.093,0.097,0.094,0.078,0.056,0.033,0.012,0,0,0,0.006,0.006,0.006,0.004,0.003,0.001,0.001,0,0
STP,1972,3.532,3.297,3.235,3.003,2.798,2.618,2.462,2.325,2.205,2.108,2.036,1.982,1.937,1.904,1.861,1.798,1.725,1.656,1.591,1.522,1.446,1.364,1.285,1.206,1.129,1.059,0.992,0.929,0.868,0.81,0.753,0.701,0.652,0.606,0.573,0.558,0.554,0.553,0.554,0.558,0.568,0.58,0.593,0.607,0.614,0.608,0.592,0.577,0.56,0.544,0.529,0.515,0.499,0.482,0.464,0.449,0.435,0.421,0.406,0.389,0.368,0.345,0.322,0.3,0.279,0.262,0.248,0.233,0.218,0.206,0.195,0.186,0.179,0.172,0.162,0.145,0.123,0.103,0.082,0.07,0.068,0.072,0.076,0.083,0.082,0.069,0.048,0.027,0.01,0,0,0,0.005,0.005,0.004,0.003,0.002,0.001,0,0
STP,1973,3.5,3.313,3.138,3.1,2.9,2.721,2.561,2.42,2.293,2.178,2.085,2.02,1.974,1.934,1.904,1.859,1.787,1.698,1.615,1.534,1.455,1.38,1.308,1.236,1.165,1.095,1.023,0.951,0.883,0.82,0.762,0.71,0.665,0.625,0.586,0.562,0.558,0.567,0.578,0.592,0.604,0.609,0.611,0.614,0.619,0.618,0.607,0.591,0.574,0.555,0.538,0.524,0.513,0.5,0.486,0.47,0.451,0.43,0.41,0.389,0.369,0.35,0.331,0.313,0.295,0.276,0.259,0.241,0.223,0.205,0.19,0.178,0.168,0.159,0.151,0.139,0.122,0.1,0.079,0.059,0.049,0.047,0.053,0.06,0.068,0.071,0.059,0.041,0.02,0.007,0,0,0,0.003,0.003,0.003,0.003,0.001,0,0
STP,1974,3.514,3.355,3.201,3.051,2.97,2.802,2.648,2.508,2.382,2.265,2.153,2.065,2.008,1.969,1.934,1.908,1.86,1.779,1.674,1.577,1.479,1.389,1.316,1.253,1.188,1.127,1.061,0.988,0.91,0.84,0.773,0.715,0.668,0.632,0.599,0.567,0.551,0.559,0.582,0.605,0.632,0.65,0.652,0.643,0.637,0.631,0.621,0.607,0.59,0.572,0.55,0.533,0.52,0.511,0.5,0.49,0.475,0.453,0.426,0.401,0.374,0.35,0.333,0.318,0.304,0.291,0.274,0.255,0.233,0.212,0.192,0.174,0.16,0.149,0.138,0.129,0.118,0.099,0.077,0.056,0.036,0.026,0.026,0.034,0.044,0.054,0.058,0.05,0.034,0.015,0.005,0.001,0,0,0.003,0.003,0.002,0.001,0.001,0
STP,1975,3.612,3.448,3.288,3.135,2.986,2.844,2.709,2.581,2.46,2.348,2.241,2.133,2.05,1.999,1.968,1.937,1.915,1.866,1.773,1.653,1.54,1.426,1.327,1.254,1.2,1.144,1.09,1.03,0.955,0.872,0.797,0.728,0.669,0.627,0.599,0.573,0.549,0.542,0.561,0.596,0.633,0.672,0.698,0.696,0.677,0.661,0.644,0.627,0.609,0.591,0.571,0.547,0.529,0.518,0.51,0.503,0.496,0.482,0.456,0.423,0.391,0.358,0.331,0.316,0.306,0.296,0.285,0.272,0.252,0.227,0.203,0.18,0.159,0.143,0.131,0.119,0.109,0.095,0.075,0.053,0.033,0.011,0.005,0.006,0.016,0.026,0.04,0.046,0.041,0.027,0.008,0.001,0.001,0.001,0,0.001,0.001,0.001,0,0
STP,1976,3.794,3.5,3.336,3.183,3.041,2.906,2.781,2.666,2.554,2.442,2.336,2.233,2.133,2.049,1.99,1.944,1.899,1.861,1.802,1.707,1.593,1.483,1.372,1.276,1.204,1.147,1.09,1.038,0.979,0.91,0.837,0.771,0.709,0.661,0.632,0.617,0.605,0.594,0.595,0.609,0.632,0.657,0.685,0.701,0.696,0.677,0.66,0.643,0.625,0.608,0.591,0.572,0.55,0.53,0.516,0.505,0.492,0.48,0.463,0.438,0.408,0.379,0.349,0.324,0.308,0.298,0.287,0.277,0.264,0.243,0.221,0.198,0.175,0.155,0.143,0.132,0.123,0.115,0.103,0.082,0.058,0.036,0.012,0.004,0.005,0.012,0.023,0.035,0.039,0.034,0.023,0.006,0.001,0.001,0,0,0.001,0.001,0,0
STP,1977,4.06,3.764,3.389,3.226,3.08,2.948,2.827,2.72,2.624,2.528,2.427,2.324,2.228,2.134,2.051,1.982,1.922,1.863,1.808,1.739,1.643,1.532,1.427,1.321,1.228,1.154,1.096,1.038,0.985,0.93,0.867,0.803,0.745,0.69,0.652,0.636,0.636,0.636,0.64,0.648,0.657,0.669,0.682,0.697,0.703,0.695,0.678,0.661,0.642,0.624,0.607,0.591,0.572,0.552,0.532,0.515,0.498,0.481,0.464,0.445,0.42,0.393,0.367,0.339,0.317,0.301,0.29,0.279,0.269,0.255,0.236,0.214,0.193,0.17,0.153,0.142,0.135,0.128,0.122,0.112,0.09,0.062,0.038,0.011,0.003,0.003,0.009,0.019,0.029,0.032,0.029,0.019,0.005,0.001,0.001,0,0,0,0,0
STP,1978,4.337,3.954,3.626,3.281,3.119,2.979,2.857,2.751,2.66,2.584,2.504,2.413,2.314,2.223,2.135,2.053,1.975,1.901,1.827,1.757,1.677,1.58,1.473,1.371,1.27,1.179,1.105,1.044,0.986,0.933,0.88,0.824,0.769,0.72,0.673,0.644,0.641,0.654,0.669,0.686,0.701,0.706,0.705,0.707,0.71,0.707,0.696,0.678,0.661,0.642,0.623,0.607,0.591,0.574,0.555,0.536,0.515,0.493,0.471,0.449,0.426,0.402,0.379,0.355,0.331,0.31,0.295,0.283,0.271,0.261,0.247,0.228,0.208,0.187,0.167,0.15,0.141,0.137,0.132,0.13,0.12,0.097,0.067,0.04,0.012,0.002,0.002,0.006,0.016,0.023,0.026,0.022,0.014,0.003,0.001,0,0,0,0,0
STP,1979,4.531,4.1,3.735,3.43,3.177,3.015,2.881,2.771,2.678,2.603,2.547,2.483,2.4,2.307,2.221,2.141,2.057,1.971,1.882,1.793,1.708,1.617,1.519,1.417,1.317,1.22,1.131,1.057,0.995,0.935,0.882,0.832,0.782,0.735,0.695,0.655,0.637,0.646,0.674,0.702,0.734,0.755,0.756,0.743,0.732,0.723,0.711,0.696,0.681,0.662,0.642,0.624,0.607,0.591,0.575,0.558,0.539,0.515,0.488,0.461,0.434,0.408,0.385,0.364,0.344,0.322,0.304,0.289,0.276,0.263,0.252,0.239,0.222,0.201,0.182,0.162,0.147,0.14,0.139,0.137,0.137,0.128,0.105,0.072,0.042,0.011,0.001,0.001,0.003,0.013,0.017,0.019,0.016,0.009,0.002,0,0,0,0,0
STP,1980,4.575,4.164,3.813,3.518,3.274,3.074,2.913,2.785,2.685,2.606,2.549,2.511,2.464,2.391,2.301,2.221,2.146,2.063,1.967,1.863,1.762,1.659,1.558,1.458,1.36,1.264,1.171,1.085,1.011,0.945,0.886,0.832,0.784,0.74,0.702,0.67,0.639,0.63,0.652,0.694,0.736,0.782,0.81,0.805,0.78,0.759,0.737,0.715,0.698,0.683,0.664,0.643,0.623,0.607,0.593,0.577,0.562,0.542,0.514,0.482,0.451,0.419,0.391,0.369,0.35,0.332,0.314,0.297,0.283,0.269,0.256,0.244,0.231,0.215,0.196,0.177,0.158,0.144,0.14,0.141,0.141,0.144,0.136,0.111,0.077,0.045,0.012,0,0,0,0.008,0.012,0.013,0.01,0.005,0,0,0,0,0
STP,1981,4.403,4.427,4.08,3.772,3.502,3.266,3.059,2.877,2.732,2.632,2.561,2.505,2.465,2.416,2.341,2.249,2.167,2.09,2.006,1.91,1.808,1.707,1.608,1.507,1.41,1.315,1.221,1.131,1.048,0.976,0.913,0.855,0.803,0.758,0.716,0.68,0.649,0.619,0.611,0.634,0.676,0.717,0.764,0.791,0.788,0.763,0.743,0.721,0.699,0.682,0.667,0.649,0.627,0.608,0.592,0.577,0.561,0.546,0.526,0.499,0.467,0.435,0.403,0.375,0.353,0.334,0.316,0.299,0.282,0.266,0.253,0.239,0.227,0.214,0.197,0.18,0.162,0.143,0.13,0.125,0.125,0.124,0.126,0.119,0.097,0.067,0.037,0.009,0,0,0,0.007,0.009,0.01,0.008,0.004,0,0,0,0
STP,1982,4.106,3.967,4.301,4.018,3.75,3.502,3.273,3.059,2.853,2.692,2.591,2.529,2.474,2.432,2.38,2.302,2.208,2.124,2.045,1.959,1.864,1.762,1.662,1.562,1.465,1.369,1.275,1.185,1.097,1.017,0.947,0.885,0.829,0.78,0.736,0.696,0.661,0.631,0.603,0.596,0.618,0.661,0.702,0.749,0.777,0.774,0.75,0.729,0.707,0.687,0.669,0.655,0.636,0.615,0.595,0.579,0.564,0.548,0.533,0.512,0.485,0.453,0.421,0.39,0.362,0.339,0.321,0.303,0.284,0.267,0.252,0.237,0.224,0.211,0.198,0.182,0.164,0.147,0.129,0.117,0.11,0.109,0.108,0.109,0.102,0.083,0.057,0.028,0.007,0,0,0,0.005,0.008,0.008,0.007,0.003,0.001,0,0
STP,1983,3.751,3.809,3.817,4.187,3.966,3.739,3.512,3.289,3.067,2.838,2.66,2.557,2.504,2.451,2.405,2.35,2.269,2.173,2.086,2.005,1.918,1.822,1.72,1.621,1.523,1.425,1.331,1.24,1.151,1.066,0.988,0.92,0.86,0.806,0.758,0.715,0.676,0.644,0.614,0.587,0.581,0.605,0.648,0.689,0.737,0.765,0.762,0.738,0.718,0.697,0.675,0.659,0.644,0.626,0.604,0.585,0.568,0.553,0.536,0.521,0.5,0.472,0.44,0.409,0.378,0.349,0.327,0.308,0.288,0.271,0.253,0.237,0.222,0.209,0.196,0.182,0.166,0.148,0.132,0.116,0.102,0.097,0.094,0.093,0.092,0.086,0.07,0.047,0.02,0.005,0,0,0,0.004,0.006,0.006,0.005,0.002,0.001,0
STP,1984,3.446,3.674,3.814,3.876,4.075,3.916,3.73,3.524,3.308,3.076,2.825,2.63,2.525,2.48,2.427,2.379,2.321,2.237,2.139,2.05,1.967,1.877,1.781,1.68,1.581,1.483,1.387,1.294,1.205,1.119,1.036,0.96,0.894,0.835,0.782,0.736,0.695,0.658,0.626,0.598,0.572,0.567,0.591,0.635,0.678,0.725,0.754,0.751,0.727,0.707,0.686,0.666,0.648,0.633,0.615,0.594,0.574,0.558,0.542,0.526,0.509,0.489,0.461,0.428,0.397,0.365,0.337,0.314,0.294,0.275,0.256,0.239,0.223,0.207,0.193,0.181,0.167,0.15,0.134,0.118,0.102,0.089,0.082,0.079,0.076,0.075,0.069,0.055,0.037,0.012,0.003,0,0,0,0.003,0.004,0.003,0.003,0.002,0
STP,1985,3.269,3.603,3.828,3.954,3.994,3.96,3.863,3.717,3.533,3.324,3.084,2.81,2.597,2.491,2.455,2.403,2.352,2.29,2.204,2.104,2.012,1.926,1.836,1.738,1.637,1.539,1.442,1.348,1.256,1.169,1.085,1.004,0.931,0.867,0.81,0.759,0.715,0.675,0.639,0.609,0.583,0.556,0.553,0.578,0.621,0.665,0.712,0.741,0.739,0.716,0.696,0.675,0.654,0.638,0.623,0.605,0.583,0.563,0.546,0.531,0.514,0.497,0.476,0.448,0.416,0.384,0.353,0.324,0.3,0.281,0.262,0.243,0.225,0.208,0.193,0.178,0.164,0.151,0.135,0.118,0.103,0.087,0.075,0.068,0.064,0.06,0.057,0.052,0.042,0.028,0.004,0.001,0,0,0,0.001,0.001,0.002,0.001,0
STP,1986,3.256,3.452,3.715,3.885,3.973,3.989,3.943,3.846,3.701,3.511,3.292,3.049,2.776,2.564,2.457,2.418,2.366,2.314,2.253,2.168,2.069,1.978,1.893,1.805,1.708,1.607,1.507,1.41,1.317,1.232,1.152,1.076,1.004,0.936,0.874,0.818,0.769,0.725,0.686,0.651,0.622,0.596,0.57,0.566,0.59,0.631,0.672,0.717,0.744,0.739,0.713,0.691,0.668,0.645,0.628,0.613,0.595,0.574,0.554,0.536,0.519,0.501,0.483,0.461,0.432,0.398,0.366,0.332,0.303,0.28,0.262,0.243,0.225,0.208,0.192,0.177,0.162,0.15,0.137,0.122,0.106,0.092,0.077,0.066,0.06,0.055,0.052,0.049,0.045,0.035,0.023,0.004,0,0,0,0,0.001,0.001,0.001,0
STP,1987,3.368,3.697,3.629,3.819,3.935,3.986,3.976,3.917,3.821,3.676,3.48,3.252,3.007,2.736,2.525,2.418,2.377,2.323,2.272,2.212,2.128,2.028,1.939,1.858,1.769,1.672,1.571,1.473,1.374,1.283,1.205,1.133,1.065,1,0.939,0.881,0.826,0.777,0.734,0.696,0.662,0.633,0.608,0.584,0.578,0.6,0.639,0.678,0.721,0.745,0.738,0.709,0.685,0.659,0.634,0.616,0.602,0.584,0.563,0.543,0.525,0.506,0.487,0.469,0.445,0.414,0.379,0.346,0.311,0.281,0.259,0.241,0.224,0.206,0.191,0.175,0.16,0.147,0.135,0.122,0.108,0.094,0.081,0.067,0.057,0.051,0.047,0.044,0.041,0.037,0.029,0.018,0.003,0,0,0,0,0.001,0,0
STP,1988,3.565,3.811,3.987,3.796,3.912,3.975,3.986,3.951,3.881,3.785,3.64,3.439,3.202,2.957,2.688,2.48,2.371,2.329,2.274,2.223,2.163,2.079,1.983,1.896,1.816,1.729,1.633,1.531,1.433,1.335,1.247,1.174,1.112,1.051,0.994,0.94,0.884,0.831,0.783,0.741,0.704,0.671,0.644,0.619,0.594,0.588,0.609,0.647,0.683,0.723,0.744,0.734,0.704,0.677,0.647,0.622,0.603,0.589,0.572,0.551,0.532,0.511,0.492,0.472,0.452,0.428,0.396,0.36,0.325,0.29,0.259,0.237,0.22,0.203,0.188,0.172,0.157,0.143,0.13,0.118,0.107,0.094,0.081,0.068,0.057,0.048,0.042,0.038,0.035,0.033,0.029,0.023,0.014,0.002,0,0,0,0,0,0
STP,1989,3.792,3.938,4.043,4.108,3.954,3.997,4.004,3.978,3.919,3.836,3.741,3.598,3.391,3.147,2.899,2.635,2.429,2.321,2.275,2.22,2.169,2.11,2.028,1.932,1.847,1.77,1.685,1.59,1.488,1.39,1.293,1.208,1.14,1.087,1.035,0.986,0.938,0.887,0.834,0.787,0.747,0.71,0.678,0.653,0.629,0.604,0.598,0.617,0.652,0.685,0.723,0.742,0.729,0.697,0.667,0.636,0.607,0.588,0.575,0.558,0.538,0.517,0.498,0.476,0.455,0.435,0.409,0.376,0.339,0.304,0.267,0.236,0.214,0.198,0.183,0.168,0.154,0.14,0.126,0.113,0.102,0.091,0.079,0.068,0.057,0.046,0.039,0.033,0.029,0.027,0.025,0.021,0.016,0.009,0.001,0,0,0,0,0
STP,1990,4.006,4.057,4.093,4.114,4.118,4.106,4.076,4.03,3.964,3.88,3.787,3.693,3.55,3.338,3.087,2.839,2.579,2.375,2.266,2.219,2.163,2.113,2.054,1.975,1.88,1.798,1.723,1.64,1.545,1.444,1.346,1.249,1.166,1.106,1.061,1.017,0.977,0.936,0.887,0.836,0.791,0.751,0.716,0.685,0.66,0.638,0.613,0.606,0.624,0.656,0.687,0.722,0.738,0.723,0.688,0.656,0.623,0.593,0.573,0.56,0.543,0.524,0.504,0.483,0.461,0.438,0.417,0.391,0.357,0.319,0.282,0.244,0.213,0.191,0.177,0.162,0.148,0.135,0.122,0.108,0.096,0.086,0.076,0.066,0.055,0.045,0.037,0.03,0.024,0.02,0.018,0.016,0.013,0.01,0.004,0,0,0,0,0
STP,1991,4.243,4.024,4.053,4.076,4.09,4.093,4.085,4.064,4.023,3.956,3.866,3.768,3.672,3.527,3.313,3.057,2.806,2.542,2.337,2.227,2.181,2.125,2.076,2.018,1.939,1.847,1.766,1.693,1.613,1.52,1.42,1.324,1.229,1.147,1.088,1.044,1.001,0.962,0.921,0.874,0.824,0.779,0.739,0.705,0.675,0.651,0.627,0.604,0.597,0.615,0.647,0.677,0.711,0.727,0.712,0.677,0.644,0.61,0.58,0.561,0.546,0.529,0.509,0.489,0.466,0.444,0.421,0.399,0.372,0.34,0.302,0.265,0.229,0.198,0.177,0.163,0.148,0.135,0.122,0.109,0.096,0.085,0.076,0.067,0.057,0.048,0.039,0.031,0.025,0.021,0.017,0.015,0.013,0.012,0.009,0.003,0,0,0,0
STP,1992,4.466,4.347,4.027,4.035,4.044,4.051,4.052,4.048,4.037,4.002,3.933,3.837,3.736,3.638,3.49,3.274,3.016,2.762,2.497,2.29,2.181,2.134,2.079,2.03,1.973,1.896,1.807,1.727,1.658,1.579,1.488,1.391,1.297,1.203,1.123,1.065,1.023,0.98,0.943,0.903,0.857,0.807,0.765,0.726,0.692,0.663,0.638,0.616,0.592,0.586,0.603,0.634,0.664,0.698,0.713,0.697,0.663,0.63,0.596,0.565,0.545,0.53,0.513,0.493,0.471,0.449,0.426,0.402,0.38,0.353,0.321,0.284,0.248,0.213,0.182,0.162,0.148,0.134,0.121,0.109,0.097,0.085,0.075,0.066,0.057,0.049,0.041,0.033,0.026,0.02,0.017,0.014,0.012,0.012,0.009,0.006,0.003,0.001,0,0
STP,1993,4.664,4.471,4.32,4.023,4.009,4.004,4.005,4.005,4.004,4.003,3.973,3.903,3.801,3.697,3.597,3.447,3.229,2.97,2.714,2.447,2.239,2.129,2.083,2.029,1.981,1.926,1.85,1.763,1.687,1.618,1.543,1.455,1.359,1.267,1.176,1.097,1.041,1,0.96,0.923,0.884,0.839,0.791,0.748,0.71,0.677,0.648,0.625,0.603,0.581,0.573,0.59,0.621,0.651,0.683,0.698,0.682,0.647,0.615,0.58,0.549,0.529,0.514,0.495,0.475,0.453,0.431,0.407,0.383,0.36,0.334,0.3,0.265,0.23,0.196,0.167,0.147,0.133,0.119,0.107,0.095,0.084,0.073,0.064,0.056,0.048,0.041,0.034,0.026,0.02,0.017,0.013,0.011,0.009,0.009,0.007,0.004,0.002,0.001,0
STP,1994,4.825,4.572,4.373,4.22,4.017,3.983,3.964,3.958,3.956,3.959,3.966,3.944,3.872,3.764,3.657,3.555,3.404,3.183,2.923,2.665,2.397,2.188,2.078,2.032,1.979,1.931,1.878,1.805,1.719,1.645,1.58,1.507,1.421,1.327,1.237,1.147,1.072,1.017,0.977,0.938,0.903,0.866,0.821,0.774,0.732,0.695,0.663,0.634,0.611,0.59,0.568,0.561,0.577,0.607,0.636,0.668,0.683,0.667,0.631,0.599,0.565,0.534,0.513,0.497,0.478,0.457,0.436,0.412,0.388,0.363,0.34,0.313,0.281,0.247,0.213,0.179,0.151,0.131,0.118,0.104,0.093,0.082,0.071,0.061,0.052,0.045,0.039,0.032,0.026,0.02,0.015,0.012,0.009,0.008,0.006,0.006,0.004,0.003,0.001,0
STP,1995,4.941,4.645,4.412,4.235,4.104,4.015,3.958,3.927,3.914,3.91,3.917,3.934,3.917,3.844,3.729,3.62,3.516,3.363,3.141,2.878,2.618,2.348,2.138,2.028,1.983,1.93,1.884,1.831,1.76,1.677,1.605,1.543,1.472,1.387,1.296,1.208,1.121,1.046,0.994,0.954,0.917,0.882,0.846,0.803,0.757,0.716,0.68,0.648,0.621,0.598,0.578,0.555,0.549,0.566,0.595,0.623,0.654,0.667,0.652,0.616,0.584,0.549,0.518,0.497,0.481,0.461,0.44,0.418,0.394,0.368,0.344,0.32,0.294,0.262,0.228,0.195,0.162,0.135,0.116,0.103,0.091,0.079,0.068,0.059,0.049,0.041,0.035,0.029,0.024,0.019,0.013,0.01,0.007,0.006,0.004,0.003,0.003,0.003,0.001,0
STP,1996,4.987,4.771,4.521,4.326,4.179,4.072,4,3.956,3.928,3.905,3.884,3.871,3.863,3.831,3.76,3.656,3.556,3.461,3.313,3.086,2.814,2.548,2.271,2.057,1.951,1.914,1.868,1.83,1.784,1.715,1.633,1.563,1.502,1.435,1.357,1.274,1.194,1.114,1.045,0.991,0.95,0.908,0.87,0.831,0.789,0.745,0.706,0.672,0.641,0.612,0.587,0.565,0.54,0.532,0.547,0.575,0.602,0.634,0.646,0.628,0.59,0.554,0.516,0.484,0.464,0.448,0.43,0.41,0.389,0.366,0.341,0.316,0.293,0.268,0.238,0.208,0.178,0.148,0.124,0.106,0.093,0.081,0.07,0.06,0.05,0.042,0.036,0.03,0.025,0.02,0.015,0.011,0.008,0.006,0.005,0.003,0.003,0.003,0.001,0
STP,1997,4.986,4.671,4.611,4.406,4.248,4.131,4.045,3.99,3.96,3.935,3.903,3.864,3.831,3.799,3.752,3.681,3.589,3.497,3.412,3.268,3.038,2.757,2.483,2.197,1.981,1.877,1.849,1.81,1.78,1.74,1.674,1.593,1.525,1.465,1.401,1.329,1.254,1.181,1.109,1.046,0.991,0.946,0.901,0.859,0.818,0.775,0.734,0.697,0.665,0.634,0.604,0.578,0.552,0.526,0.515,0.529,0.558,0.584,0.614,0.626,0.605,0.564,0.525,0.485,0.452,0.43,0.417,0.4,0.382,0.362,0.339,0.314,0.29,0.266,0.242,0.215,0.187,0.161,0.134,0.112,0.095,0.083,0.071,0.061,0.052,0.042,0.036,0.03,0.025,0.02,0.016,0.013,0.009,0.006,0.006,0.004,0.003,0.002,0.001,0
STP,1998,4.971,4.671,4.435,4.458,4.299,4.178,4.09,4.027,3.99,3.973,3.95,3.908,3.851,3.798,3.742,3.68,3.61,3.529,3.445,3.37,3.23,2.995,2.703,2.421,2.128,1.907,1.808,1.786,1.755,1.732,1.699,1.636,1.556,1.49,1.431,1.369,1.304,1.236,1.171,1.107,1.047,0.993,0.944,0.895,0.849,0.805,0.764,0.725,0.689,0.659,0.628,0.597,0.568,0.541,0.512,0.5,0.513,0.541,0.567,0.597,0.606,0.583,0.54,0.499,0.456,0.419,0.398,0.386,0.371,0.354,0.335,0.313,0.287,0.264,0.24,0.216,0.193,0.168,0.145,0.121,0.102,0.086,0.074,0.062,0.051,0.042,0.035,0.029,0.024,0.02,0.016,0.014,0.01,0.007,0.005,0.004,0.003,0.002,0.001,0
STP,1999,4.985,4.703,4.478,4.305,4.31,4.196,4.112,4.053,4.013,3.992,3.988,3.969,3.917,3.842,3.77,3.688,3.611,3.542,3.472,3.396,3.33,3.194,2.955,2.654,2.363,2.061,1.837,1.74,1.726,1.702,1.686,1.659,1.599,1.52,1.455,1.397,1.339,1.28,1.221,1.163,1.106,1.051,0.996,0.942,0.89,0.84,0.794,0.753,0.717,0.683,0.653,0.623,0.592,0.56,0.53,0.499,0.485,0.497,0.525,0.55,0.58,0.588,0.562,0.515,0.471,0.425,0.387,0.366,0.355,0.341,0.326,0.309,0.287,0.261,0.237,0.214,0.192,0.17,0.149,0.128,0.108,0.09,0.076,0.064,0.053,0.042,0.034,0.027,0.022,0.018,0.015,0.013,0.01,0.006,0.004,0.003,0.003,0.002,0.001,0
STP,2000,5.058,4.786,4.567,4.394,4.26,4.161,4.092,4.046,4.016,3.998,3.994,4.004,3.988,3.926,3.833,3.74,3.634,3.542,3.474,3.415,3.348,3.291,3.16,2.914,2.603,2.303,1.993,1.765,1.671,1.665,1.649,1.642,1.62,1.563,1.484,1.421,1.364,1.309,1.256,1.204,1.154,1.105,1.054,0.998,0.94,0.885,0.831,0.782,0.742,0.708,0.675,0.648,0.618,0.585,0.551,0.519,0.485,0.47,0.481,0.508,0.532,0.562,0.57,0.542,0.491,0.444,0.396,0.356,0.334,0.325,0.312,0.298,0.283,0.261,0.235,0.211,0.188,0.167,0.147,0.129,0.111,0.095,0.079,0.066,0.054,0.043,0.033,0.025,0.019,0.015,0.012,0.01,0.009,0.006,0.004,0.003,0.002,0.001,0.001,0
STP,2001,5.183,5.005,4.751,4.543,4.373,4.239,4.134,4.053,3.997,3.965,3.948,3.943,3.949,3.931,3.865,3.768,3.671,3.563,3.467,3.4,3.341,3.275,3.219,3.09,2.848,2.54,2.245,1.94,1.716,1.625,1.622,1.607,1.603,1.584,1.529,1.453,1.39,1.336,1.283,1.231,1.181,1.132,1.083,1.033,0.979,0.922,0.868,0.814,0.767,0.726,0.693,0.661,0.634,0.604,0.571,0.538,0.507,0.473,0.457,0.468,0.493,0.516,0.544,0.55,0.522,0.472,0.425,0.378,0.338,0.317,0.306,0.293,0.28,0.263,0.241,0.216,0.193,0.171,0.151,0.132,0.115,0.099,0.083,0.069,0.058,0.047,0.037,0.028,0.021,0.016,0.013,0.01,0.009,0.006,0.005,0.003,0.001,0.001,0.001,0
STP,2002,5.368,5.096,4.954,4.72,4.522,4.356,4.221,4.109,4.016,3.952,3.916,3.901,3.893,3.898,3.875,3.806,3.705,3.604,3.493,3.396,3.327,3.269,3.204,3.149,3.022,2.783,2.48,2.189,1.888,1.668,1.58,1.579,1.568,1.565,1.549,1.496,1.421,1.362,1.309,1.257,1.207,1.158,1.11,1.064,1.014,0.961,0.905,0.851,0.798,0.751,0.712,0.679,0.647,0.62,0.59,0.559,0.525,0.494,0.461,0.445,0.454,0.477,0.5,0.526,0.531,0.503,0.454,0.407,0.36,0.321,0.299,0.289,0.274,0.26,0.244,0.222,0.198,0.176,0.154,0.134,0.117,0.102,0.087,0.072,0.06,0.049,0.039,0.031,0.023,0.018,0.014,0.01,0.008,0.006,0.005,0.004,0.002,0.001,0.001,0
STP,2003,5.58,5.305,5.061,4.908,4.69,4.502,4.341,4.204,4.086,3.982,3.908,3.87,3.855,3.846,3.848,3.822,3.749,3.644,3.54,3.425,3.326,3.256,3.2,3.135,3.081,2.956,2.72,2.421,2.134,1.838,1.621,1.537,1.538,1.528,1.528,1.514,1.463,1.391,1.333,1.282,1.232,1.183,1.136,1.088,1.044,0.995,0.943,0.888,0.834,0.783,0.736,0.697,0.664,0.634,0.606,0.578,0.545,0.512,0.482,0.449,0.432,0.441,0.463,0.484,0.508,0.513,0.485,0.436,0.389,0.342,0.303,0.282,0.27,0.255,0.241,0.224,0.203,0.179,0.157,0.137,0.118,0.101,0.088,0.074,0.062,0.05,0.041,0.033,0.024,0.019,0.014,0.011,0.008,0.006,0.005,0.004,0.003,0.001,0.001,0
STP,2004,5.776,5.509,5.264,5.041,4.868,4.669,4.49,4.332,4.194,4.07,3.953,3.87,3.829,3.815,3.804,3.804,3.775,3.697,3.589,3.482,3.363,3.261,3.191,3.134,3.07,3.018,2.894,2.662,2.366,2.082,1.789,1.577,1.495,1.499,1.492,1.494,1.482,1.434,1.363,1.307,1.257,1.208,1.162,1.115,1.069,1.025,0.978,0.926,0.872,0.819,0.768,0.721,0.683,0.652,0.621,0.593,0.565,0.534,0.5,0.47,0.437,0.421,0.429,0.449,0.468,0.491,0.495,0.466,0.418,0.373,0.325,0.286,0.264,0.252,0.237,0.222,0.206,0.185,0.162,0.14,0.12,0.103,0.087,0.074,0.062,0.051,0.041,0.033,0.025,0.019,0.014,0.011,0.008,0.006,0.004,0.004,0.002,0.002,0.001,0
STP,2005,5.926,5.687,5.458,5.241,5.034,4.84,4.658,4.489,4.334,4.194,4.063,3.934,3.842,3.798,3.784,3.771,3.768,3.736,3.655,3.542,3.43,3.308,3.204,3.132,3.076,3.013,2.962,2.84,2.609,2.316,2.035,1.746,1.536,1.457,1.463,1.458,1.463,1.453,1.406,1.338,1.283,1.235,1.188,1.142,1.097,1.053,1.009,0.963,0.912,0.858,0.806,0.755,0.709,0.671,0.639,0.609,0.582,0.554,0.522,0.49,0.459,0.427,0.41,0.416,0.436,0.454,0.476,0.478,0.449,0.4,0.355,0.309,0.27,0.248,0.235,0.22,0.204,0.187,0.166,0.144,0.123,0.104,0.086,0.072,0.06,0.05,0.04,0.031,0.025,0.019,0.013,0.009,0.007,0.005,0.003,0.002,0.001,0.001,0.001,0
STP,2006,5.971,5.874,5.651,5.431,5.217,5.009,4.808,4.615,4.439,4.281,4.141,4.01,3.879,3.784,3.736,3.718,3.702,3.695,3.66,3.579,3.467,3.357,3.237,3.135,3.064,3.009,2.946,2.895,2.779,2.562,2.286,2.023,1.75,1.555,1.486,1.497,1.5,1.511,1.503,1.45,1.372,1.305,1.245,1.19,1.144,1.104,1.063,1.023,0.979,0.924,0.865,0.809,0.753,0.703,0.664,0.632,0.6,0.572,0.543,0.511,0.478,0.447,0.415,0.396,0.401,0.418,0.435,0.454,0.455,0.427,0.38,0.335,0.29,0.253,0.232,0.219,0.205,0.192,0.175,0.155,0.132,0.111,0.092,0.075,0.062,0.052,0.043,0.035,0.027,0.021,0.016,0.01,0.008,0.006,0.004,0.003,0.001,0.001,0.001,0
STP,2007,5.978,5.863,5.841,5.634,5.423,5.211,5.001,4.794,4.589,4.403,4.242,4.104,3.969,3.836,3.738,3.687,3.664,3.644,3.634,3.597,3.515,3.404,3.295,3.177,3.077,3.006,2.95,2.889,2.838,2.727,2.523,2.265,2.018,1.76,1.579,1.519,1.537,1.546,1.565,1.558,1.499,1.409,1.332,1.258,1.195,1.15,1.114,1.077,1.041,0.997,0.94,0.876,0.814,0.753,0.7,0.659,0.626,0.594,0.565,0.535,0.502,0.467,0.436,0.403,0.384,0.386,0.402,0.416,0.434,0.434,0.406,0.36,0.316,0.272,0.236,0.215,0.205,0.192,0.18,0.165,0.145,0.122,0.101,0.081,0.064,0.052,0.043,0.036,0.028,0.022,0.017,0.013,0.009,0.006,0.005,0.003,0.002,0.001,0.001,0
STP,2008,5.96,5.921,5.841,5.816,5.624,5.421,5.211,4.999,4.784,4.568,4.372,4.209,4.07,3.933,3.799,3.696,3.641,3.615,3.592,3.577,3.539,3.455,3.345,3.237,3.122,3.023,2.953,2.896,2.836,2.786,2.68,2.487,2.246,2.015,1.773,1.605,1.554,1.58,1.595,1.621,1.616,1.55,1.448,1.36,1.274,1.203,1.156,1.126,1.092,1.06,1.017,0.957,0.887,0.821,0.755,0.698,0.654,0.62,0.587,0.558,0.527,0.493,0.457,0.424,0.391,0.372,0.373,0.386,0.398,0.414,0.414,0.386,0.34,0.298,0.254,0.219,0.2,0.19,0.179,0.168,0.154,0.134,0.111,0.09,0.07,0.053,0.043,0.035,0.029,0.022,0.018,0.014,0.01,0.006,0.005,0.003,0.003,0.001,0.001,0
STP,2009,5.94,5.964,5.936,5.861,5.785,5.608,5.414,5.207,4.992,4.77,4.543,4.337,4.17,4.033,3.894,3.756,3.652,3.593,3.562,3.535,3.516,3.476,3.392,3.282,3.176,3.062,2.965,2.896,2.839,2.779,2.729,2.629,2.449,2.224,2.01,1.783,1.629,1.588,1.62,1.642,1.675,1.67,1.6,1.486,1.387,1.289,1.208,1.161,1.137,1.106,1.078,1.037,0.974,0.898,0.827,0.755,0.694,0.649,0.615,0.58,0.55,0.518,0.482,0.447,0.413,0.379,0.359,0.358,0.37,0.38,0.394,0.392,0.364,0.32,0.279,0.236,0.202,0.184,0.176,0.165,0.156,0.143,0.123,0.1,0.079,0.058,0.043,0.032,0.027,0.022,0.017,0.014,0.01,0.007,0.004,0.003,0.003,0.002,0.001,0
STP,2010,5.935,5.999,6.004,5.959,5.868,5.739,5.58,5.393,5.189,4.972,4.745,4.506,4.293,4.122,3.985,3.846,3.706,3.598,3.535,3.5,3.469,3.449,3.405,3.32,3.211,3.106,2.997,2.901,2.832,2.775,2.716,2.668,2.573,2.405,2.198,2,1.79,1.65,1.618,1.657,1.685,1.725,1.722,1.645,1.522,1.411,1.3,1.212,1.165,1.144,1.118,1.094,1.053,0.988,0.907,0.83,0.755,0.69,0.642,0.608,0.573,0.54,0.508,0.472,0.435,0.401,0.366,0.345,0.343,0.352,0.361,0.373,0.37,0.343,0.299,0.259,0.217,0.184,0.168,0.161,0.152,0.144,0.132,0.113,0.089,0.067,0.047,0.032,0.023,0.018,0.015,0.011,0.01,0.007,0.004,0.003,0.002,0.001,0.001,0
STP,2011,5.994,5.977,6.013,5.999,5.942,5.847,5.718,5.565,5.382,5.174,4.949,4.717,4.474,4.257,4.084,3.941,3.799,3.655,3.544,3.481,3.446,3.416,3.395,3.354,3.272,3.166,3.063,2.956,2.864,2.797,2.743,2.687,2.64,2.547,2.381,2.176,1.979,1.771,1.632,1.602,1.641,1.67,1.71,1.709,1.631,1.509,1.399,1.287,1.199,1.153,1.132,1.105,1.081,1.041,0.975,0.893,0.818,0.743,0.677,0.63,0.596,0.56,0.528,0.495,0.459,0.422,0.388,0.354,0.332,0.328,0.336,0.343,0.353,0.35,0.322,0.279,0.241,0.201,0.169,0.152,0.145,0.137,0.128,0.117,0.1,0.079,0.059,0.041,0.027,0.019,0.015,0.012,0.01,0.008,0.006,0.003,0.002,0.001,0.001,0
STP,2012,6.068,6.128,6.003,6.011,5.979,5.91,5.809,5.682,5.535,5.357,5.145,4.912,4.676,4.431,4.21,4.033,3.888,3.74,3.594,3.481,3.416,3.383,3.353,3.335,3.294,3.215,3.111,3.012,2.909,2.819,2.755,2.704,2.65,2.605,2.514,2.352,2.147,1.952,1.746,1.609,1.58,1.62,1.649,1.69,1.689,1.613,1.491,1.382,1.271,1.183,1.137,1.116,1.09,1.066,1.026,0.96,0.879,0.804,0.729,0.663,0.616,0.581,0.546,0.514,0.48,0.445,0.407,0.374,0.34,0.318,0.313,0.319,0.324,0.333,0.328,0.3,0.26,0.222,0.183,0.153,0.136,0.129,0.121,0.113,0.103,0.087,0.068,0.05,0.034,0.023,0.017,0.013,0.009,0.008,0.006,0.004,0.003,0.001,0.001,0
STP,2013,6.147,6.177,6.174,6.019,5.999,5.948,5.868,5.761,5.635,5.495,5.321,5.107,4.868,4.627,4.38,4.158,3.977,3.827,3.676,3.526,3.411,3.346,3.314,3.285,3.267,3.229,3.152,3.051,2.955,2.855,2.77,2.709,2.66,2.608,2.565,2.478,2.317,2.116,1.924,1.72,1.583,1.556,1.596,1.627,1.668,1.668,1.593,1.471,1.363,1.253,1.167,1.121,1.1,1.073,1.049,1.009,0.943,0.863,0.788,0.713,0.649,0.601,0.566,0.531,0.499,0.465,0.43,0.393,0.36,0.326,0.304,0.297,0.301,0.304,0.311,0.306,0.279,0.239,0.203,0.165,0.136,0.121,0.113,0.105,0.097,0.087,0.073,0.057,0.041,0.026,0.018,0.014,0.01,0.007,0.006,0.004,0.003,0.001,0.001,0
STP,2014,6.222,6.219,6.197,6.156,6.034,5.984,5.915,5.823,5.712,5.588,5.455,5.285,5.069,4.822,4.576,4.328,4.103,3.918,3.766,3.612,3.458,3.341,3.277,3.245,3.217,3.2,3.163,3.088,2.991,2.899,2.803,2.72,2.661,2.615,2.566,2.526,2.44,2.283,2.084,1.894,1.692,1.558,1.532,1.573,1.604,1.646,1.646,1.572,1.451,1.344,1.235,1.149,1.103,1.083,1.055,1.032,0.992,0.927,0.847,0.772,0.698,0.634,0.587,0.552,0.516,0.484,0.45,0.415,0.378,0.345,0.312,0.289,0.282,0.283,0.285,0.29,0.283,0.257,0.218,0.183,0.148,0.12,0.104,0.097,0.089,0.081,0.073,0.06,0.046,0.031,0.02,0.014,0.01,0.007,0.005,0.004,0.003,0.003,0.001,0.001
STP,2015,6.284,6.254,6.218,6.172,6.117,6.052,5.975,5.886,5.784,5.668,5.544,5.417,5.253,5.032,4.779,4.53,4.278,4.051,3.863,3.706,3.549,3.393,3.274,3.209,3.177,3.15,3.133,3.099,3.027,2.932,2.844,2.751,2.671,2.616,2.572,2.525,2.488,2.405,2.25,2.053,1.865,1.666,1.533,1.508,1.55,1.582,1.625,1.626,1.552,1.433,1.326,1.218,1.132,1.087,1.067,1.039,1.015,0.975,0.911,0.831,0.756,0.683,0.619,0.572,0.537,0.501,0.468,0.435,0.4,0.363,0.331,0.298,0.275,0.266,0.266,0.266,0.268,0.261,0.235,0.199,0.165,0.131,0.104,0.089,0.081,0.073,0.067,0.059,0.048,0.035,0.022,0.012,0.01,0.008,0.004,0.003,0.003,0.001,0.001,0.001
STP,2016,6.328,6.264,6.233,6.197,6.153,6.1,6.037,5.965,5.877,5.77,5.645,5.514,5.38,5.208,4.981,4.721,4.465,4.207,3.975,3.787,3.632,3.476,3.321,3.206,3.142,3.114,3.091,3.078,3.047,2.979,2.886,2.801,2.711,2.635,2.581,2.538,2.494,2.459,2.376,2.223,2.029,1.842,1.645,1.513,1.488,1.531,1.562,1.605,1.605,1.533,1.414,1.308,1.201,1.115,1.07,1.048,1.021,0.996,0.956,0.892,0.813,0.739,0.665,0.602,0.555,0.52,0.484,0.45,0.417,0.382,0.347,0.314,0.282,0.259,0.249,0.248,0.245,0.247,0.239,0.214,0.18,0.149,0.117,0.091,0.077,0.071,0.064,0.057,0.05,0.041,0.029,0.018,0.011,0.008,0.006,0.003,0.003,0.001,0.001,0.001
STP,2017,6.36,6.303,6.246,6.214,6.178,6.136,6.085,6.026,5.956,5.868,5.757,5.624,5.485,5.345,5.165,4.931,4.664,4.401,4.137,3.901,3.711,3.558,3.404,3.251,3.138,3.078,3.053,3.032,3.023,2.996,2.931,2.841,2.758,2.671,2.597,2.546,2.506,2.462,2.429,2.35,2.198,2.004,1.819,1.623,1.493,1.469,1.511,1.544,1.586,1.587,1.514,1.396,1.291,1.184,1.099,1.053,1.032,1.004,0.979,0.939,0.875,0.796,0.722,0.649,0.585,0.539,0.502,0.467,0.433,0.4,0.365,0.329,0.298,0.266,0.244,0.232,0.229,0.226,0.226,0.218,0.194,0.162,0.132,0.103,0.08,0.067,0.061,0.054,0.049,0.042,0.034,0.024,0.014,0.009,0.006,0.005,0.003,0.001,0.001,0.001
STP,2018,6.39,6.327,6.273,6.231,6.198,6.162,6.122,6.072,6.016,5.95,5.864,5.747,5.606,5.459,5.312,5.125,4.884,4.609,4.34,4.069,3.829,3.638,3.485,3.333,3.183,3.073,3.015,2.992,2.975,2.97,2.946,2.884,2.797,2.717,2.634,2.562,2.512,2.475,2.432,2.401,2.322,2.172,1.982,1.797,1.603,1.474,1.451,1.493,1.525,1.568,1.568,1.496,1.379,1.275,1.168,1.083,1.037,1.015,0.987,0.961,0.921,0.857,0.779,0.705,0.632,0.569,0.522,0.486,0.45,0.416,0.383,0.348,0.313,0.282,0.25,0.227,0.215,0.211,0.207,0.205,0.196,0.174,0.144,0.117,0.09,0.068,0.056,0.051,0.044,0.04,0.034,0.027,0.018,0.011,0.006,0.005,0.003,0.002,0.001,0.001
STP,2019,6.43,6.358,6.3,6.252,6.216,6.183,6.149,6.109,6.061,6.007,5.946,5.86,5.739,5.589,5.436,5.28,5.085,4.837,4.556,4.28,4.002,3.756,3.565,3.413,3.263,3.115,3.007,2.952,2.933,2.919,2.918,2.897,2.838,2.754,2.677,2.596,2.526,2.48,2.443,2.403,2.373,2.297,2.148,1.958,1.777,1.584,1.455,1.433,1.475,1.507,1.549,1.551,1.479,1.363,1.258,1.152,1.068,1.021,0.999,0.97,0.944,0.904,0.84,0.761,0.688,0.616,0.553,0.506,0.47,0.433,0.399,0.366,0.332,0.297,0.265,0.235,0.211,0.199,0.192,0.186,0.184,0.174,0.153,0.126,0.101,0.076,0.057,0.045,0.04,0.035,0.032,0.026,0.021,0.013,0.007,0.005,0.003,0.003,0.001,0.001
STP,2020,6.487,6.404,6.337,6.285,6.241,6.203,6.169,6.135,6.098,6.052,6.001,5.943,5.857,5.732,5.573,5.412,5.249,5.048,4.791,4.503,4.22,3.936,3.685,3.493,3.343,3.194,3.048,2.942,2.89,2.874,2.863,2.866,2.849,2.793,2.712,2.637,2.559,2.492,2.447,2.413,2.375,2.346,2.271,2.124,1.936,1.756,1.564,1.437,1.414,1.457,1.489,1.532,1.533,1.461,1.346,1.242,1.136,1.052,1.006,0.983,0.953,0.927,0.886,0.822,0.744,0.672,0.599,0.536,0.49,0.453,0.417,0.382,0.349,0.315,0.281,0.249,0.219,0.196,0.182,0.174,0.167,0.163,0.153,0.133,0.108,0.085,0.062,0.045,0.035,0.03,0.025,0.022,0.019,0.014,0.007,0.003,0.003,0.002,0.001,0.001
STP,2021,6.556,6.462,6.384,6.322,6.271,6.229,6.193,6.16,6.125,6.082,6.032,5.975,5.911,5.818,5.687,5.524,5.356,5.187,4.982,4.725,4.439,4.157,3.874,3.626,3.436,3.29,3.144,3.001,2.899,2.849,2.835,2.826,2.832,2.816,2.762,2.683,2.61,2.533,2.467,2.423,2.39,2.353,2.324,2.25,2.104,1.917,1.738,1.547,1.42,1.397,1.44,1.472,1.513,1.514,1.443,1.327,1.223,1.118,1.034,0.987,0.963,0.933,0.906,0.864,0.801,0.723,0.651,0.579,0.516,0.47,0.433,0.397,0.362,0.33,0.296,0.262,0.231,0.202,0.18,0.166,0.158,0.15,0.145,0.136,0.118,0.095,0.074,0.054,0.038,0.03,0.026,0.021,0.019,0.015,0.011,0.006,0.003,0.003,0.001,0.001
STP,2022,6.641,6.523,6.438,6.365,6.307,6.259,6.22,6.185,6.152,6.115,6.07,6.013,5.95,5.88,5.782,5.644,5.474,5.301,5.127,4.917,4.66,4.375,4.095,3.815,3.569,3.381,3.237,3.094,2.955,2.856,2.809,2.796,2.79,2.797,2.785,2.732,2.654,2.582,2.507,2.443,2.401,2.368,2.331,2.304,2.23,2.085,1.899,1.72,1.53,1.404,1.381,1.423,1.454,1.495,1.496,1.424,1.309,1.206,1.1,1.016,0.968,0.944,0.914,0.885,0.844,0.779,0.702,0.63,0.559,0.497,0.45,0.413,0.377,0.343,0.31,0.277,0.244,0.215,0.186,0.164,0.15,0.141,0.134,0.128,0.119,0.102,0.082,0.063,0.045,0.033,0.025,0.02,0.017,0.015,0.013,0.009,0.005,0.003,0.001,0.001
STP,2023,6.742,6.603,6.492,6.417,6.348,6.294,6.249,6.212,6.179,6.146,6.109,6.059,5.997,5.928,5.852,5.747,5.602,5.428,5.249,5.069,4.855,4.596,4.312,4.034,3.756,3.513,3.328,3.186,3.046,2.909,2.813,2.77,2.759,2.755,2.765,2.753,2.703,2.627,2.557,2.483,2.42,2.379,2.346,2.311,2.284,2.21,2.066,1.882,1.704,1.515,1.389,1.366,1.407,1.437,1.477,1.477,1.406,1.291,1.188,1.083,0.998,0.95,0.925,0.894,0.864,0.822,0.758,0.681,0.61,0.539,0.477,0.431,0.393,0.357,0.323,0.291,0.257,0.225,0.197,0.169,0.148,0.134,0.124,0.117,0.111,0.102,0.087,0.069,0.052,0.036,0.027,0.02,0.016,0.013,0.012,0.009,0.006,0.004,0.002,0.001
STP,2024,6.855,6.698,6.57,6.467,6.398,6.335,6.284,6.242,6.207,6.175,6.144,6.104,6.051,5.983,5.908,5.825,5.714,5.564,5.383,5.197,5.011,4.794,4.535,4.253,3.976,3.699,3.458,3.275,3.136,2.999,2.866,2.773,2.731,2.723,2.721,2.733,2.724,2.675,2.6,2.532,2.46,2.398,2.357,2.326,2.291,2.264,2.192,2.048,1.865,1.688,1.5,1.374,1.351,1.391,1.421,1.46,1.459,1.389,1.274,1.171,1.066,0.981,0.933,0.907,0.874,0.844,0.802,0.738,0.662,0.59,0.519,0.458,0.411,0.375,0.338,0.303,0.271,0.238,0.208,0.179,0.153,0.132,0.117,0.108,0.1,0.094,0.086,0.073,0.056,0.04,0.027,0.021,0.015,0.012,0.009,0.008,0.006,0.005,0.002,0.001
STP,2025,6.977,6.806,6.663,6.548,6.455,6.381,6.323,6.276,6.239,6.205,6.174,6.143,6.103,6.045,5.971,5.89,5.802,5.684,5.527,5.341,5.149,4.957,4.735,4.475,4.194,3.919,3.643,3.405,3.224,3.087,2.953,2.823,2.733,2.694,2.688,2.688,2.702,2.696,2.648,2.576,2.509,2.438,2.377,2.337,2.306,2.273,2.246,2.174,2.032,1.848,1.673,1.485,1.36,1.336,1.376,1.405,1.444,1.443,1.372,1.257,1.154,1.05,0.965,0.916,0.888,0.855,0.824,0.78,0.717,0.641,0.57,0.5,0.439,0.392,0.355,0.318,0.284,0.252,0.219,0.189,0.162,0.136,0.116,0.102,0.092,0.084,0.077,0.069,0.058,0.044,0.028,0.018,0.014,0.011,0.007,0.005,0.004,0.004,0.002,0.001
STP,2026,7.096,6.944,6.785,6.652,6.541,6.451,6.377,6.315,6.266,6.224,6.188,6.154,6.119,6.073,6.011,5.932,5.847,5.755,5.634,5.477,5.29,5.1,4.91,4.69,4.432,4.153,3.88,3.607,3.371,3.193,3.057,2.925,2.797,2.709,2.67,2.665,2.667,2.682,2.676,2.629,2.557,2.491,2.42,2.36,2.32,2.289,2.254,2.227,2.156,2.014,1.832,1.657,1.47,1.344,1.32,1.358,1.386,1.424,1.421,1.349,1.235,1.132,1.028,0.943,0.893,0.864,0.831,0.798,0.755,0.691,0.615,0.545,0.476,0.415,0.369,0.333,0.296,0.263,0.232,0.201,0.172,0.146,0.123,0.104,0.091,0.081,0.073,0.066,0.06,0.049,0.036,0.024,0.015,0.012,0.009,0.005,0.004,0.004,0.002,0.001
STP,2027,7.222,7.034,6.917,6.77,6.645,6.538,6.45,6.375,6.311,6.257,6.213,6.175,6.136,6.097,6.046,5.98,5.898,5.807,5.711,5.587,5.429,5.244,5.055,4.865,4.647,4.391,4.114,3.843,3.573,3.34,3.162,3.03,2.898,2.772,2.686,2.648,2.645,2.647,2.663,2.657,2.611,2.539,2.473,2.403,2.343,2.303,2.273,2.238,2.211,2.139,1.998,1.816,1.641,1.455,1.33,1.304,1.341,1.368,1.403,1.4,1.328,1.214,1.111,1.007,0.922,0.871,0.841,0.806,0.772,0.728,0.664,0.59,0.52,0.452,0.392,0.346,0.311,0.276,0.243,0.212,0.182,0.156,0.132,0.11,0.092,0.078,0.07,0.062,0.057,0.05,0.041,0.03,0.019,0.012,0.009,0.007,0.004,0.004,0.002,0.001
STP,2028,7.352,7.162,6.995,6.89,6.755,6.638,6.537,6.451,6.375,6.308,6.251,6.204,6.163,6.121,6.077,6.022,5.951,5.864,5.77,5.668,5.542,5.383,5.198,5.01,4.822,4.605,4.351,4.077,3.807,3.54,3.309,3.134,3.002,2.873,2.749,2.663,2.627,2.624,2.628,2.644,2.639,2.594,2.523,2.457,2.387,2.328,2.288,2.257,2.222,2.194,2.122,1.982,1.8,1.626,1.44,1.316,1.289,1.325,1.35,1.384,1.379,1.308,1.193,1.091,0.986,0.901,0.849,0.818,0.782,0.747,0.702,0.639,0.565,0.496,0.429,0.369,0.324,0.289,0.254,0.221,0.192,0.164,0.139,0.116,0.096,0.079,0.067,0.058,0.051,0.047,0.041,0.033,0.023,0.014,0.009,0.008,0.005,0.004,0.002,0.001
STP,2029,7.477,7.289,7.122,6.973,6.865,6.742,6.633,6.537,6.453,6.376,6.306,6.245,6.196,6.153,6.106,6.058,5.998,5.923,5.831,5.733,5.627,5.497,5.338,5.155,4.967,4.78,4.565,4.312,4.039,3.772,3.507,3.278,3.105,2.975,2.848,2.725,2.641,2.606,2.604,2.608,2.626,2.622,2.577,2.507,2.441,2.372,2.312,2.273,2.241,2.207,2.179,2.107,1.965,1.785,1.611,1.426,1.301,1.275,1.308,1.332,1.364,1.359,1.287,1.172,1.07,0.966,0.88,0.827,0.795,0.757,0.721,0.676,0.613,0.54,0.471,0.405,0.347,0.302,0.267,0.232,0.201,0.172,0.145,0.122,0.101,0.082,0.067,0.055,0.047,0.041,0.036,0.032,0.024,0.016,0.009,0.007,0.005,0.004,0.002,0.001
STP,2030,7.591,7.41,7.245,7.096,6.962,6.838,6.727,6.628,6.537,6.454,6.377,6.304,6.24,6.187,6.141,6.092,6.039,5.975,5.895,5.798,5.696,5.585,5.453,5.292,5.11,4.923,4.737,4.524,4.273,4.002,3.738,3.474,3.248,3.076,2.948,2.823,2.702,2.619,2.586,2.584,2.59,2.608,2.604,2.56,2.49,2.426,2.356,2.297,2.257,2.226,2.191,2.162,2.09,1.95,1.77,1.597,1.412,1.287,1.26,1.292,1.314,1.345,1.338,1.266,1.152,1.049,0.945,0.86,0.806,0.772,0.733,0.696,0.65,0.588,0.515,0.447,0.381,0.324,0.279,0.245,0.211,0.18,0.152,0.127,0.105,0.085,0.068,0.054,0.044,0.036,0.03,0.027,0.022,0.017,0.009,0.005,0.004,0.003,0.002,0.001
STP,2031,7.687,7.563,7.394,7.238,7.093,6.96,6.837,6.723,6.619,6.526,6.442,6.361,6.284,6.216,6.159,6.109,6.055,5.998,5.932,5.85,5.755,5.653,5.543,5.413,5.254,5.072,4.888,4.705,4.493,4.244,3.975,3.713,3.451,3.225,3.056,2.928,2.804,2.684,2.602,2.569,2.569,2.574,2.592,2.588,2.544,2.475,2.409,2.34,2.281,2.24,2.209,2.172,2.143,2.07,1.93,1.751,1.578,1.395,1.269,1.24,1.27,1.291,1.32,1.312,1.238,1.124,1.022,0.918,0.832,0.778,0.743,0.702,0.664,0.618,0.556,0.485,0.419,0.355,0.3,0.257,0.224,0.191,0.162,0.136,0.113,0.092,0.074,0.059,0.047,0.038,0.03,0.025,0.023,0.018,0.014,0.008,0.004,0.003,0.002,0.001
STP,2032,7.774,7.625,7.538,7.38,7.231,7.091,6.96,6.837,6.72,6.613,6.517,6.43,6.347,6.265,6.192,6.132,6.078,6.02,5.959,5.89,5.807,5.713,5.611,5.503,5.374,5.217,5.037,4.854,4.673,4.463,4.217,3.949,3.687,3.428,3.205,3.035,2.909,2.787,2.667,2.586,2.553,2.553,2.559,2.576,2.573,2.53,2.459,2.394,2.325,2.265,2.224,2.191,2.153,2.124,2.051,1.911,1.732,1.56,1.377,1.251,1.221,1.249,1.268,1.294,1.284,1.21,1.097,0.995,0.891,0.805,0.749,0.713,0.672,0.632,0.585,0.525,0.455,0.391,0.329,0.274,0.234,0.202,0.172,0.145,0.12,0.098,0.079,0.063,0.05,0.04,0.032,0.025,0.02,0.018,0.015,0.011,0.006,0.004,0.003,0.001
STP,2033,7.852,7.723,7.596,7.512,7.366,7.226,7.09,6.96,6.836,6.717,6.606,6.508,6.419,6.333,6.247,6.17,6.105,6.047,5.985,5.921,5.848,5.766,5.672,5.57,5.464,5.336,5.179,5.001,4.821,4.642,4.434,4.189,3.923,3.664,3.406,3.183,3.016,2.891,2.769,2.65,2.569,2.537,2.537,2.543,2.562,2.558,2.514,2.444,2.378,2.309,2.249,2.207,2.174,2.136,2.106,2.031,1.891,1.714,1.542,1.359,1.234,1.202,1.228,1.244,1.269,1.257,1.183,1.07,0.967,0.864,0.778,0.721,0.683,0.642,0.601,0.554,0.494,0.426,0.363,0.303,0.25,0.211,0.181,0.153,0.127,0.104,0.084,0.067,0.053,0.041,0.032,0.026,0.02,0.015,0.014,0.011,0.008,0.004,0.003,0.001
STP,2034,7.925,7.817,7.703,7.585,7.487,7.353,7.219,7.089,6.961,6.836,6.714,6.6,6.499,6.409,6.318,6.228,6.148,6.079,6.016,5.95,5.882,5.807,5.723,5.63,5.53,5.424,5.296,5.142,4.966,4.787,4.61,4.406,4.162,3.896,3.639,3.382,3.162,2.996,2.872,2.75,2.633,2.553,2.522,2.522,2.527,2.546,2.543,2.499,2.428,2.363,2.294,2.233,2.191,2.157,2.118,2.086,2.012,1.873,1.695,1.524,1.342,1.217,1.183,1.207,1.22,1.243,1.231,1.155,1.042,0.94,0.838,0.751,0.693,0.653,0.611,0.569,0.522,0.462,0.396,0.335,0.277,0.225,0.188,0.159,0.133,0.109,0.088,0.07,0.055,0.041,0.032,0.026,0.02,0.014,0.011,0.01,0.008,0.005,0.003,0.001
STP,2035,7.999,7.906,7.804,7.696,7.58,7.461,7.338,7.213,7.086,6.961,6.835,6.71,6.593,6.49,6.397,6.303,6.209,6.124,6.051,5.985,5.915,5.842,5.765,5.68,5.587,5.489,5.383,5.258,5.104,4.93,4.753,4.579,4.375,4.133,3.87,3.614,3.36,3.14,2.976,2.852,2.732,2.616,2.536,2.506,2.506,2.513,2.53,2.527,2.483,2.413,2.347,2.277,2.217,2.175,2.139,2.1,2.067,1.992,1.853,1.677,1.505,1.324,1.199,1.163,1.185,1.197,1.218,1.203,1.128,1.015,0.913,0.811,0.724,0.665,0.625,0.58,0.538,0.49,0.431,0.366,0.307,0.249,0.201,0.165,0.139,0.113,0.091,0.072,0.056,0.043,0.031,0.023,0.018,0.014,0.009,0.007,0.005,0.004,0.003,0.001
STP,2036,8.074,7.991,7.896,7.795,7.687,7.573,7.455,7.334,7.209,7.081,6.952,6.823,6.693,6.573,6.466,6.368,6.272,6.174,6.087,6.013,5.947,5.878,5.806,5.73,5.646,5.555,5.457,5.355,5.231,5.079,4.906,4.73,4.557,4.355,4.114,3.852,3.597,3.343,3.124,2.96,2.838,2.718,2.602,2.523,2.492,2.492,2.497,2.515,2.512,2.468,2.396,2.331,2.26,2.198,2.154,2.118,2.078,2.043,1.968,1.828,1.652,1.482,1.302,1.176,1.138,1.157,1.167,1.184,1.168,1.092,0.98,0.879,0.776,0.69,0.631,0.59,0.545,0.503,0.455,0.398,0.337,0.281,0.227,0.18,0.147,0.123,0.099,0.08,0.063,0.049,0.037,0.025,0.02,0.015,0.011,0.007,0.005,0.004,0.003,0.001
STP,2037,8.147,8.07,7.981,7.887,7.785,7.678,7.566,7.448,7.33,7.206,7.075,6.942,6.809,6.676,6.552,6.442,6.341,6.24,6.139,6.05,5.975,5.909,5.841,5.77,5.694,5.612,5.522,5.426,5.325,5.203,5.053,4.881,4.707,4.535,4.333,4.094,3.833,3.579,3.327,3.109,2.945,2.823,2.703,2.588,2.509,2.478,2.477,2.483,2.5,2.495,2.451,2.38,2.313,2.242,2.18,2.135,2.097,2.055,2.019,1.942,1.804,1.628,1.459,1.279,1.153,1.114,1.13,1.136,1.151,1.133,1.057,0.944,0.843,0.743,0.656,0.597,0.555,0.509,0.467,0.421,0.366,0.307,0.254,0.203,0.16,0.129,0.106,0.085,0.067,0.053,0.041,0.03,0.021,0.016,0.013,0.01,0.005,0.004,0.003,0.001
STP,2038,8.222,8.147,8.065,7.972,7.877,7.775,7.669,7.557,7.443,7.326,7.202,7.07,6.932,6.796,6.659,6.531,6.417,6.313,6.208,6.104,6.011,5.937,5.871,5.803,5.733,5.659,5.578,5.49,5.396,5.296,5.175,5.027,4.856,4.684,4.513,4.313,4.074,3.815,3.561,3.309,3.092,2.929,2.808,2.689,2.573,2.495,2.464,2.463,2.468,2.484,2.48,2.434,2.362,2.295,2.224,2.161,2.114,2.075,2.033,1.995,1.918,1.779,1.604,1.435,1.256,1.129,1.089,1.101,1.105,1.117,1.097,1.02,0.909,0.808,0.708,0.623,0.563,0.52,0.474,0.431,0.385,0.333,0.277,0.226,0.179,0.139,0.111,0.09,0.071,0.055,0.044,0.034,0.024,0.016,0.012,0.01,0.007,0.004,0.003,0.001
STP,2039,8.298,8.223,8.142,8.055,7.963,7.867,7.766,7.66,7.549,7.436,7.321,7.199,7.064,6.922,6.782,6.642,6.51,6.392,6.285,6.176,6.069,5.974,5.898,5.833,5.766,5.697,5.623,5.544,5.457,5.364,5.266,5.148,5.001,4.831,4.66,4.489,4.291,4.054,3.795,3.543,3.292,3.076,2.914,2.793,2.675,2.559,2.481,2.449,2.448,2.453,2.469,2.463,2.418,2.345,2.277,2.206,2.141,2.095,2.054,2.009,1.97,1.892,1.754,1.58,1.412,1.233,1.106,1.064,1.074,1.075,1.084,1.062,0.985,0.874,0.774,0.674,0.589,0.529,0.485,0.439,0.395,0.351,0.3,0.248,0.2,0.155,0.118,0.092,0.074,0.056,0.044,0.035,0.026,0.017,0.011,0.008,0.007,0.005,0.003,0.001
STP,2040,8.375,8.298,8.219,8.134,8.046,7.953,7.857,7.755,7.651,7.541,7.429,7.316,7.194,7.057,6.911,6.768,6.625,6.49,6.367,6.256,6.145,6.032,5.935,5.859,5.795,5.728,5.66,5.588,5.51,5.424,5.333,5.237,5.12,4.974,4.806,4.636,4.467,4.271,4.033,3.776,3.525,3.275,3.06,2.898,2.778,2.659,2.545,2.467,2.435,2.434,2.438,2.454,2.448,2.401,2.328,2.26,2.188,2.123,2.074,2.033,1.987,1.946,1.868,1.729,1.555,1.388,1.21,1.083,1.039,1.045,1.044,1.05,1.026,0.949,0.838,0.738,0.64,0.555,0.495,0.45,0.404,0.36,0.315,0.267,0.217,0.173,0.131,0.097,0.074,0.058,0.042,0.031,0.025,0.019,0.011,0.007,0.005,0.004,0.003,0.001
STP,2041,8.457,8.368,8.291,8.21,8.127,8.039,7.948,7.853,7.753,7.645,7.533,7.417,7.302,7.176,7.036,6.887,6.741,6.594,6.456,6.334,6.223,6.112,6,5.905,5.829,5.766,5.701,5.634,5.563,5.487,5.402,5.312,5.216,5.1,4.955,4.788,4.618,4.451,4.254,4.019,3.761,3.511,3.261,3.045,2.885,2.765,2.646,2.532,2.453,2.42,2.418,2.421,2.436,2.429,2.382,2.308,2.238,2.164,2.098,2.048,2.005,1.957,1.915,1.834,1.695,1.524,1.356,1.18,1.053,1.007,1.009,1.005,1.008,0.982,0.905,0.795,0.697,0.6,0.517,0.457,0.415,0.369,0.327,0.284,0.24,0.194,0.152,0.114,0.085,0.065,0.05,0.036,0.027,0.022,0.016,0.009,0.005,0.004,0.003,0.001
STP,2042,8.541,8.455,8.36,8.282,8.201,8.118,8.032,7.942,7.85,7.75,7.64,7.524,7.405,7.287,7.158,7.014,6.862,6.712,6.562,6.422,6.299,6.189,6.078,5.967,5.873,5.798,5.737,5.673,5.608,5.539,5.463,5.379,5.29,5.196,5.08,4.937,4.77,4.601,4.433,4.237,4.002,3.745,3.495,3.246,3.031,2.871,2.75,2.632,2.517,2.438,2.405,2.403,2.405,2.418,2.41,2.361,2.286,2.216,2.141,2.074,2.023,1.977,1.927,1.882,1.801,1.662,1.491,1.325,1.15,1.023,0.974,0.973,0.965,0.965,0.937,0.859,0.753,0.656,0.56,0.479,0.421,0.379,0.335,0.294,0.254,0.211,0.17,0.131,0.097,0.073,0.055,0.041,0.029,0.022,0.017,0.013,0.007,0.004,0.003,0.001
STP,2043,8.625,8.532,8.443,8.351,8.272,8.192,8.11,8.024,7.936,7.845,7.745,7.634,7.514,7.393,7.271,7.138,6.992,6.837,6.683,6.53,6.388,6.265,6.154,6.045,5.935,5.841,5.767,5.707,5.645,5.582,5.514,5.439,5.356,5.268,5.174,5.06,4.917,4.751,4.583,4.416,4.22,3.986,3.73,3.481,3.231,3.017,2.856,2.736,2.618,2.503,2.423,2.39,2.386,2.387,2.4,2.391,2.341,2.265,2.194,2.118,2.049,1.996,1.948,1.896,1.85,1.768,1.629,1.459,1.293,1.12,0.992,0.941,0.937,0.926,0.922,0.892,0.815,0.709,0.614,0.521,0.441,0.385,0.343,0.3,0.261,0.223,0.184,0.146,0.11,0.081,0.061,0.045,0.032,0.023,0.017,0.013,0.01,0.005,0.003,0.001
STP,2044,8.706,8.609,8.517,8.429,8.343,8.263,8.183,8.101,8.017,7.93,7.841,7.742,7.629,7.505,7.38,7.255,7.12,6.97,6.811,6.655,6.499,6.354,6.23,6.12,6.011,5.902,5.809,5.737,5.678,5.617,5.555,5.488,5.415,5.333,5.246,5.154,5.04,4.897,4.732,4.565,4.399,4.204,3.97,3.715,3.465,3.217,3.002,2.842,2.722,2.603,2.488,2.408,2.375,2.37,2.371,2.382,2.372,2.321,2.244,2.172,2.095,2.025,1.97,1.921,1.867,1.818,1.733,1.596,1.427,1.262,1.09,0.963,0.908,0.901,0.887,0.879,0.848,0.771,0.666,0.573,0.481,0.403,0.347,0.307,0.266,0.228,0.192,0.155,0.122,0.089,0.063,0.048,0.036,0.024,0.015,0.013,0.01,0.007,0.004,0.001
STP,2045,8.781,8.682,8.588,8.501,8.416,8.334,8.254,8.174,8.093,8.009,7.924,7.836,7.738,7.623,7.496,7.368,7.24,7.101,6.948,6.786,6.626,6.466,6.32,6.195,6.087,5.978,5.87,5.778,5.706,5.648,5.589,5.528,5.464,5.391,5.31,5.224,5.132,5.02,4.879,4.714,4.547,4.382,4.187,3.954,3.7,3.45,3.202,2.988,2.828,2.707,2.59,2.474,2.394,2.359,2.354,2.354,2.364,2.353,2.301,2.223,2.149,2.071,2,1.943,1.892,1.836,1.785,1.7,1.562,1.394,1.231,1.059,0.932,0.876,0.865,0.847,0.836,0.803,0.726,0.623,0.532,0.441,0.366,0.311,0.271,0.231,0.194,0.161,0.128,0.099,0.068,0.046,0.037,0.026,0.015,0.009,0.008,0.005,0.004,0.001
STP,2046,8.851,8.768,8.672,8.583,8.497,8.414,8.332,8.251,8.169,8.087,8.001,7.913,7.824,7.722,7.604,7.474,7.343,7.212,7.072,6.917,6.756,6.597,6.438,6.292,6.169,6.061,5.953,5.846,5.755,5.686,5.628,5.569,5.51,5.446,5.374,5.293,5.207,5.116,5.004,4.862,4.698,4.531,4.366,4.171,3.939,3.683,3.435,3.187,2.973,2.812,2.691,2.573,2.457,2.377,2.341,2.334,2.332,2.342,2.328,2.274,2.195,2.119,2.041,1.968,1.908,1.854,1.796,1.742,1.656,1.518,1.351,1.189,1.02,0.893,0.835,0.82,0.799,0.786,0.752,0.676,0.577,0.489,0.403,0.33,0.278,0.241,0.204,0.171,0.14,0.112,0.084,0.057,0.039,0.032,0.022,0.012,0.008,0.007,0.004,0.002
STP,2047,8.916,8.821,8.753,8.663,8.577,8.493,8.411,8.331,8.249,8.166,8.081,7.993,7.903,7.81,7.706,7.586,7.452,7.318,7.185,7.042,6.887,6.726,6.568,6.409,6.265,6.141,6.035,5.928,5.823,5.733,5.664,5.608,5.551,5.491,5.428,5.357,5.276,5.19,5.1,4.988,4.846,4.683,4.516,4.349,4.156,3.922,3.668,3.42,3.171,2.957,2.796,2.676,2.557,2.441,2.359,2.322,2.314,2.311,2.318,2.303,2.249,2.167,2.09,2.01,1.934,1.873,1.816,1.756,1.699,1.611,1.474,1.308,1.148,0.981,0.854,0.794,0.776,0.752,0.737,0.7,0.626,0.531,0.446,0.365,0.295,0.247,0.212,0.177,0.147,0.121,0.095,0.069,0.047,0.032,0.026,0.018,0.011,0.007,0.005,0.002
STP,2048,8.977,8.886,8.801,8.738,8.654,8.571,8.49,8.409,8.328,8.246,8.162,8.075,7.985,7.893,7.797,7.69,7.566,7.431,7.294,7.157,7.013,6.857,6.697,6.539,6.381,6.237,6.115,6.009,5.904,5.8,5.711,5.643,5.588,5.531,5.473,5.41,5.339,5.259,5.174,5.084,4.972,4.83,4.667,4.5,4.334,4.14,3.907,3.653,3.404,3.155,2.941,2.781,2.66,2.54,2.425,2.342,2.304,2.295,2.289,2.295,2.279,2.222,2.139,2.06,1.979,1.902,1.838,1.779,1.716,1.656,1.566,1.43,1.266,1.107,0.941,0.816,0.753,0.732,0.706,0.687,0.649,0.578,0.486,0.404,0.325,0.26,0.214,0.182,0.15,0.123,0.102,0.078,0.055,0.035,0.026,0.02,0.015,0.008,0.005,0.003
STP,2049,9.036,8.951,8.869,8.791,8.724,8.644,8.564,8.486,8.406,8.325,8.242,8.157,8.068,7.976,7.881,7.783,7.673,7.547,7.408,7.268,7.129,6.982,6.827,6.667,6.509,6.352,6.209,6.088,5.983,5.88,5.777,5.689,5.622,5.568,5.511,5.454,5.392,5.321,5.242,5.157,5.067,4.956,4.815,4.65,4.483,4.318,4.124,3.891,3.637,3.388,3.14,2.925,2.764,2.644,2.524,2.407,2.324,2.285,2.274,2.267,2.272,2.254,2.195,2.111,2.031,1.948,1.87,1.803,1.741,1.675,1.613,1.522,1.385,1.223,1.065,0.903,0.777,0.713,0.687,0.658,0.636,0.598,0.528,0.44,0.362,0.287,0.225,0.183,0.153,0.123,0.099,0.082,0.062,0.04,0.025,0.019,0.015,0.011,0.005,0.003
STP,2050,9.096,9.015,8.936,8.859,8.784,8.708,8.633,8.557,8.481,8.403,8.321,8.238,8.151,8.061,7.967,7.87,7.769,7.657,7.527,7.384,7.243,7.1,6.952,6.795,6.636,6.479,6.323,6.181,6.061,5.956,5.854,5.753,5.667,5.6,5.546,5.491,5.434,5.373,5.303,5.224,5.14,5.05,4.938,4.797,4.634,4.467,4.301,4.108,3.874,3.62,3.372,3.124,2.909,2.748,2.627,2.507,2.391,2.307,2.266,2.254,2.246,2.248,2.228,2.169,2.083,2.001,1.916,1.836,1.768,1.703,1.634,1.57,1.477,1.341,1.18,1.024,0.863,0.738,0.672,0.643,0.611,0.586,0.547,0.478,0.394,0.319,0.249,0.19,0.15,0.124,0.096,0.076,0.062,0.045,0.026,0.014,0.012,0.009,0.006,0.003
STP,2051,9.161,9.086,9.008,8.931,8.855,8.781,8.707,8.631,8.555,8.477,8.396,8.312,8.226,8.136,8.043,7.947,7.845,7.742,7.627,7.497,7.356,7.214,7.073,6.924,6.769,6.611,6.455,6.299,6.159,6.04,5.937,5.835,5.735,5.649,5.583,5.53,5.475,5.418,5.357,5.288,5.208,5.123,5.034,4.923,4.781,4.616,4.449,4.283,4.088,3.856,3.601,3.353,3.104,2.89,2.729,2.607,2.487,2.369,2.285,2.242,2.227,2.216,2.216,2.195,2.133,2.044,1.962,1.875,1.792,1.72,1.652,1.581,1.513,1.418,1.283,1.126,0.973,0.816,0.693,0.626,0.595,0.562,0.535,0.497,0.433,0.354,0.283,0.218,0.168,0.132,0.106,0.082,0.065,0.052,0.038,0.022,0.013,0.01,0.007,0.004
STP,2052,9.228,9.148,9.076,8.999,8.925,8.851,8.777,8.703,8.628,8.552,8.472,8.388,8.302,8.213,8.12,8.024,7.925,7.822,7.715,7.598,7.467,7.326,7.185,7.044,6.896,6.742,6.585,6.43,6.277,6.137,6.019,5.918,5.816,5.717,5.631,5.566,5.514,5.459,5.402,5.341,5.272,5.192,5.108,5.017,4.906,4.764,4.599,4.431,4.265,4.07,3.837,3.583,3.334,3.085,2.87,2.708,2.586,2.465,2.347,2.261,2.218,2.201,2.188,2.186,2.161,2.097,2.007,1.921,1.832,1.747,1.673,1.601,1.527,1.457,1.361,1.227,1.072,0.922,0.768,0.647,0.58,0.548,0.513,0.486,0.447,0.387,0.314,0.247,0.188,0.145,0.113,0.089,0.067,0.054,0.043,0.032,0.018,0.012,0.008,0.004
STP,2053,9.293,9.213,9.135,9.064,8.99,8.918,8.846,8.772,8.699,8.625,8.548,8.466,8.38,8.292,8.2,8.104,8.005,7.902,7.796,7.687,7.568,7.437,7.296,7.156,7.015,6.868,6.715,6.559,6.405,6.253,6.115,5.998,5.896,5.796,5.697,5.613,5.549,5.496,5.442,5.386,5.325,5.255,5.176,5.091,5.001,4.889,4.747,4.581,4.413,4.245,4.051,3.817,3.563,3.315,3.066,2.85,2.688,2.566,2.444,2.325,2.239,2.193,2.174,2.159,2.154,2.127,2.061,1.968,1.88,1.79,1.703,1.625,1.552,1.473,1.4,1.303,1.17,1.017,0.871,0.72,0.602,0.534,0.5,0.465,0.436,0.398,0.341,0.275,0.211,0.156,0.123,0.095,0.071,0.053,0.042,0.035,0.025,0.013,0.009,0.004
STP,2054,9.354,9.272,9.196,9.121,9.052,8.981,8.911,8.839,8.767,8.695,8.621,8.543,8.459,8.371,8.28,8.185,8.086,7.985,7.879,7.77,7.658,7.537,7.406,7.265,7.124,6.985,6.84,6.688,6.532,6.38,6.229,6.092,5.976,5.876,5.776,5.678,5.595,5.531,5.479,5.424,5.369,5.308,5.239,5.158,5.073,4.983,4.87,4.728,4.562,4.394,4.227,4.031,3.798,3.543,3.294,3.045,2.829,2.667,2.545,2.423,2.303,2.215,2.168,2.146,2.129,2.122,2.092,2.024,1.93,1.84,1.747,1.658,1.578,1.5,1.42,1.342,1.244,1.112,0.963,0.819,0.672,0.555,0.487,0.452,0.415,0.385,0.349,0.296,0.234,0.174,0.126,0.101,0.076,0.054,0.038,0.031,0.025,0.018,0.009,0.005
STP,2055,9.406,9.327,9.253,9.18,9.109,9.04,8.971,8.902,8.832,8.762,8.69,8.616,8.538,8.453,8.361,8.267,8.17,8.069,7.965,7.856,7.743,7.629,7.506,7.374,7.234,7.094,6.955,6.81,6.659,6.505,6.354,6.204,6.069,5.954,5.854,5.756,5.659,5.576,5.512,5.461,5.406,5.351,5.29,5.221,5.141,5.056,4.965,4.853,4.71,4.544,4.375,4.207,4.011,3.777,3.523,3.275,3.026,2.81,2.647,2.523,2.402,2.281,2.193,2.143,2.119,2.1,2.09,2.058,1.987,1.891,1.799,1.705,1.614,1.53,1.449,1.366,1.286,1.185,1.056,0.909,0.768,0.624,0.51,0.441,0.405,0.366,0.335,0.3,0.25,0.195,0.138,0.096,0.078,0.058,0.035,0.024,0.02,0.016,0.011,0.005
STP,2056,9.453,9.394,9.32,9.248,9.176,9.107,9.038,8.969,8.899,8.828,8.754,8.68,8.604,8.522,8.434,8.34,8.244,8.143,8.04,7.935,7.826,7.715,7.6,7.479,7.347,7.209,7.07,6.931,6.788,6.638,6.485,6.335,6.186,6.052,5.937,5.838,5.74,5.643,5.56,5.497,5.445,5.391,5.336,5.275,5.204,5.124,5.038,4.946,4.832,4.689,4.522,4.352,4.183,3.986,3.753,3.498,3.25,2.999,2.783,2.62,2.496,2.373,2.252,2.161,2.109,2.083,2.059,2.047,2.012,1.938,1.839,1.744,1.648,1.555,1.468,1.385,1.299,1.217,1.116,0.99,0.848,0.712,0.574,0.464,0.398,0.362,0.326,0.298,0.264,0.219,0.167,0.117,0.083,0.067,0.049,0.029,0.021,0.017,0.012,0.005
STP,2057,9.493,9.426,9.382,9.312,9.242,9.173,9.105,9.036,8.967,8.895,8.823,8.747,8.67,8.592,8.507,8.416,8.319,8.219,8.115,8.011,7.905,7.797,7.686,7.572,7.451,7.32,7.183,7.045,6.909,6.767,6.618,6.465,6.316,6.168,6.034,5.92,5.822,5.724,5.627,5.544,5.481,5.429,5.375,5.319,5.258,5.186,5.106,5.018,4.926,4.812,4.668,4.5,4.33,4.159,3.962,3.728,3.473,3.224,2.974,2.758,2.593,2.468,2.345,2.222,2.131,2.075,2.045,2.019,2.003,1.965,1.889,1.787,1.69,1.592,1.495,1.406,1.32,1.233,1.147,1.047,0.922,0.786,0.656,0.524,0.419,0.356,0.321,0.286,0.261,0.23,0.188,0.139,0.096,0.068,0.056,0.04,0.024,0.017,0.012,0.006
STP,2058,9.53,9.471,9.411,9.369,9.303,9.237,9.17,9.102,9.033,8.963,8.891,8.817,8.739,8.66,8.578,8.491,8.397,8.297,8.194,8.088,7.981,7.874,7.767,7.656,7.543,7.423,7.293,7.157,7.02,6.885,6.744,6.596,6.444,6.296,6.149,6.016,5.903,5.804,5.707,5.61,5.528,5.465,5.413,5.358,5.303,5.241,5.169,5.087,5,4.907,4.791,4.646,4.478,4.306,4.135,3.937,3.703,3.448,3.199,2.949,2.731,2.566,2.441,2.315,2.192,2.099,2.042,2.008,1.98,1.96,1.919,1.84,1.735,1.636,1.535,1.436,1.345,1.256,1.165,1.078,0.977,0.856,0.725,0.6,0.474,0.374,0.313,0.279,0.246,0.223,0.194,0.157,0.112,0.075,0.054,0.044,0.032,0.019,0.013,0.006
STP,2059,9.567,9.514,9.46,9.404,9.356,9.294,9.23,9.164,9.098,9.03,8.96,8.886,8.81,8.731,8.649,8.564,8.474,8.377,8.274,8.169,8.06,7.95,7.844,7.737,7.626,7.513,7.394,7.265,7.129,6.994,6.861,6.721,6.574,6.424,6.276,6.13,5.997,5.885,5.787,5.69,5.594,5.512,5.448,5.397,5.342,5.286,5.223,5.151,5.069,4.98,4.886,4.77,4.624,4.455,4.283,4.11,3.912,3.677,3.423,3.173,2.922,2.705,2.539,2.413,2.286,2.163,2.067,2.008,1.972,1.939,1.917,1.872,1.79,1.683,1.581,1.478,1.378,1.283,1.191,1.098,1.008,0.908,0.79,0.664,0.544,0.424,0.328,0.27,0.238,0.206,0.186,0.16,0.125,0.084,0.054,0.041,0.033,0.024,0.013,0.006
STP,2060,9.61,9.558,9.506,9.453,9.397,9.341,9.283,9.222,9.159,9.093,9.025,8.955,8.881,8.802,8.721,8.636,8.549,8.457,8.356,8.251,8.142,8.03,7.919,7.811,7.705,7.594,7.483,7.364,7.236,7.102,6.968,6.836,6.697,6.552,6.402,6.255,6.11,5.979,5.866,5.769,5.672,5.576,5.495,5.431,5.379,5.325,5.267,5.205,5.132,5.049,4.96,4.865,4.749,4.602,4.431,4.259,4.086,3.886,3.652,3.397,3.147,2.896,2.678,2.512,2.384,2.258,2.133,2.035,1.973,1.934,1.899,1.873,1.825,1.74,1.631,1.526,1.421,1.318,1.22,1.126,1.03,0.939,0.838,0.723,0.603,0.488,0.373,0.283,0.227,0.196,0.165,0.148,0.125,0.094,0.056,0.033,0.027,0.022,0.014,0.008
STP,2061,9.663,9.604,9.553,9.501,9.448,9.394,9.338,9.281,9.221,9.156,9.087,9.017,8.943,8.866,8.785,8.7,8.613,8.524,8.428,8.327,8.222,8.114,8.003,7.892,7.785,7.68,7.571,7.461,7.343,7.216,7.083,6.95,6.818,6.68,6.534,6.386,6.239,6.095,5.963,5.851,5.753,5.657,5.561,5.479,5.415,5.361,5.307,5.249,5.186,5.111,5.027,4.936,4.841,4.722,4.574,4.403,4.228,4.055,3.853,3.618,3.363,3.113,2.861,2.642,2.475,2.346,2.218,2.092,1.993,1.928,1.884,1.844,1.814,1.764,1.676,1.563,1.457,1.35,1.246,1.147,1.053,0.958,0.866,0.767,0.658,0.545,0.435,0.33,0.251,0.2,0.17,0.142,0.127,0.107,0.08,0.048,0.03,0.023,0.017,0.008
STP,2062,9.72,9.662,9.597,9.546,9.494,9.442,9.389,9.334,9.278,9.218,9.152,9.081,9.007,8.931,8.851,8.767,8.679,8.589,8.496,8.399,8.297,8.192,8.085,7.974,7.864,7.759,7.654,7.546,7.437,7.321,7.195,7.063,6.93,6.799,6.662,6.518,6.369,6.223,6.079,5.948,5.836,5.738,5.642,5.545,5.463,5.398,5.344,5.287,5.23,5.165,5.09,5.004,4.912,4.816,4.696,4.547,4.374,4.198,4.022,3.82,3.585,3.33,3.078,2.826,2.606,2.438,2.308,2.178,2.051,1.95,1.88,1.833,1.79,1.756,1.702,1.61,1.495,1.387,1.279,1.173,1.073,0.979,0.884,0.792,0.695,0.592,0.488,0.384,0.286,0.22,0.174,0.143,0.119,0.105,0.088,0.066,0.038,0.026,0.018,0.009
STP,2063,9.779,9.714,9.653,9.59,9.538,9.487,9.436,9.383,9.329,9.275,9.215,9.146,9.072,8.996,8.917,8.834,8.747,8.657,8.564,8.468,8.369,8.267,8.162,8.055,7.945,7.836,7.731,7.627,7.521,7.413,7.298,7.173,7.041,6.91,6.78,6.644,6.499,6.351,6.206,6.062,5.93,5.819,5.722,5.625,5.529,5.446,5.38,5.326,5.269,5.21,5.144,5.068,4.981,4.888,4.79,4.669,4.519,4.345,4.167,3.99,3.787,3.55,3.295,3.043,2.79,2.569,2.4,2.269,2.138,2.009,1.906,1.834,1.782,1.735,1.697,1.639,1.545,1.428,1.317,1.207,1.101,1,0.905,0.81,0.718,0.625,0.528,0.43,0.331,0.242,0.188,0.149,0.116,0.095,0.084,0.07,0.051,0.03,0.021,0.01
STP,2064,9.835,9.765,9.699,9.639,9.581,9.529,9.479,9.429,9.377,9.323,9.271,9.211,9.141,9.064,8.984,8.903,8.817,8.727,8.634,8.537,8.439,8.338,8.236,8.131,8.025,7.915,7.806,7.703,7.6,7.495,7.389,7.275,7.151,7.019,6.89,6.76,6.625,6.481,6.333,6.189,6.044,5.914,5.802,5.705,5.609,5.511,5.428,5.363,5.307,5.249,5.189,5.122,5.045,4.957,4.863,4.763,4.642,4.49,4.315,4.137,3.958,3.754,3.517,3.26,3.008,2.754,2.532,2.363,2.23,2.099,1.969,1.864,1.788,1.732,1.68,1.638,1.576,1.48,1.36,1.247,1.135,1.027,0.927,0.831,0.735,0.644,0.554,0.462,0.373,0.278,0.198,0.157,0.122,0.09,0.071,0.063,0.052,0.038,0.021,0.011
STP,2065,9.887,9.813,9.746,9.684,9.626,9.572,9.52,9.47,9.42,9.369,9.317,9.265,9.205,9.135,9.054,8.972,8.888,8.799,8.706,8.611,8.512,8.409,8.306,8.203,8.099,7.993,7.884,7.776,7.674,7.573,7.468,7.363,7.251,7.128,6.997,6.868,6.74,6.605,6.462,6.315,6.17,6.027,5.897,5.785,5.687,5.591,5.494,5.411,5.344,5.289,5.229,5.168,5.101,5.022,4.933,4.838,4.737,4.614,4.46,4.284,4.105,3.925,3.72,3.482,3.226,2.973,2.718,2.495,2.326,2.191,2.058,1.928,1.82,1.741,1.68,1.625,1.579,1.514,1.414,1.291,1.176,1.064,0.954,0.852,0.756,0.661,0.57,0.482,0.397,0.316,0.227,0.154,0.125,0.096,0.064,0.048,0.041,0.033,0.024,0.012
STP,2066,9.936,9.875,9.805,9.742,9.682,9.626,9.572,9.519,9.468,9.416,9.362,9.308,9.254,9.191,9.117,9.033,8.949,8.861,8.771,8.678,8.581,8.483,8.382,8.28,8.177,8.075,7.969,7.862,7.756,7.653,7.553,7.45,7.345,7.233,7.111,6.981,6.852,6.724,6.589,6.447,6.3,6.155,6.011,5.88,5.768,5.671,5.573,5.476,5.391,5.323,5.266,5.206,5.144,5.075,4.995,4.903,4.807,4.703,4.579,4.423,4.245,4.063,3.881,3.674,3.434,3.177,2.924,2.669,2.445,2.274,2.138,2.004,1.872,1.762,1.679,1.614,1.555,1.504,1.436,1.334,1.212,1.097,0.985,0.878,0.779,0.686,0.594,0.509,0.429,0.35,0.273,0.193,0.133,0.108,0.081,0.054,0.043,0.034,0.024,0.013
STP,2067,9.98,9.908,9.862,9.798,9.737,9.679,9.624,9.57,9.517,9.464,9.41,9.355,9.298,9.242,9.176,9.098,9.012,8.925,8.834,8.742,8.648,8.552,8.454,8.354,8.252,8.151,8.049,7.945,7.838,7.734,7.632,7.533,7.43,7.326,7.215,7.094,6.964,6.835,6.708,6.573,6.43,6.284,6.139,5.996,5.865,5.752,5.654,5.555,5.457,5.371,5.302,5.244,5.183,5.119,5.049,4.967,4.873,4.774,4.67,4.543,4.385,4.205,4.021,3.837,3.629,3.388,3.13,2.877,2.62,2.396,2.222,2.085,1.949,1.815,1.704,1.617,1.547,1.483,1.429,1.358,1.255,1.132,1.018,0.906,0.8,0.704,0.616,0.526,0.447,0.378,0.304,0.229,0.16,0.112,0.09,0.068,0.044,0.034,0.024,0.013
STP,2068,10.019,9.953,9.891,9.85,9.789,9.732,9.676,9.622,9.568,9.515,9.459,9.404,9.347,9.288,9.228,9.16,9.08,8.99,8.9,8.807,8.712,8.617,8.522,8.425,8.324,8.224,8.123,8.023,7.92,7.814,7.71,7.611,7.511,7.41,7.308,7.197,7.076,6.947,6.819,6.691,6.557,6.414,6.267,6.123,5.979,5.848,5.735,5.636,5.537,5.437,5.351,5.281,5.222,5.159,5.094,5.022,4.938,4.843,4.743,4.636,4.507,4.347,4.165,3.979,3.792,3.582,3.341,3.082,2.828,2.57,2.346,2.171,2.032,1.895,1.759,1.645,1.555,1.48,1.411,1.354,1.28,1.175,1.053,0.937,0.826,0.722,0.63,0.546,0.458,0.385,0.325,0.259,0.186,0.126,0.091,0.073,0.054,0.034,0.024,0.013
STP,2069,10.056,9.994,9.935,9.879,9.835,9.78,9.726,9.672,9.618,9.565,9.51,9.455,9.397,9.338,9.277,9.214,9.143,9.06,8.968,8.875,8.778,8.681,8.586,8.491,8.394,8.294,8.195,8.095,7.995,7.894,7.79,7.688,7.588,7.491,7.39,7.288,7.178,7.057,6.928,6.801,6.673,6.54,6.397,6.251,6.106,5.962,5.83,5.717,5.617,5.517,5.417,5.33,5.26,5.199,5.135,5.068,4.995,4.91,4.813,4.71,4.601,4.471,4.309,4.124,3.936,3.747,3.535,3.293,3.034,2.779,2.522,2.296,2.119,1.979,1.839,1.703,1.586,1.492,1.413,1.341,1.278,1.201,1.095,0.972,0.858,0.748,0.646,0.555,0.475,0.391,0.324,0.273,0.212,0.143,0.093,0.07,0.055,0.041,0.024,0.014
STP,2070,10.089,10.032,9.977,9.924,9.871,9.819,9.769,9.718,9.666,9.614,9.561,9.506,9.448,9.389,9.328,9.264,9.2,9.126,9.039,8.944,8.848,8.749,8.65,8.555,8.46,8.363,8.264,8.165,8.067,7.968,7.867,7.764,7.663,7.565,7.467,7.368,7.266,7.158,7.038,6.91,6.782,6.655,6.522,6.379,6.232,6.089,5.944,5.812,5.699,5.598,5.498,5.397,5.308,5.237,5.175,5.11,5.042,4.967,4.88,4.782,4.677,4.567,4.434,4.27,4.083,3.893,3.702,3.488,3.244,2.986,2.729,2.472,2.244,2.068,1.925,1.785,1.647,1.528,1.43,1.346,1.269,1.203,1.123,1.015,0.892,0.779,0.669,0.568,0.481,0.405,0.323,0.262,0.22,0.166,0.099,0.059,0.048,0.039,0.027,0.014
STP,2071,10.125,10.08,10.025,9.973,9.921,9.87,9.818,9.767,9.715,9.663,9.608,9.552,9.494,9.434,9.372,9.308,9.241,9.173,9.097,9.01,8.916,8.82,8.721,8.624,8.529,8.435,8.34,8.242,8.144,8.047,7.948,7.848,7.746,7.646,7.549,7.451,7.352,7.251,7.142,7.023,6.895,6.766,6.64,6.506,6.363,6.216,6.071,5.926,5.792,5.678,5.577,5.476,5.373,5.283,5.21,5.146,5.079,5.01,4.933,4.842,4.741,4.634,4.52,4.384,4.217,4.027,3.834,3.639,3.424,3.18,2.919,2.663,2.403,2.176,1.997,1.855,1.712,1.574,1.453,1.353,1.266,1.186,1.118,1.037,0.932,0.813,0.702,0.598,0.507,0.426,0.351,0.277,0.226,0.189,0.142,0.084,0.054,0.043,0.029,0.016
STP,2072,10.159,10.109,10.07,10.018,9.967,9.917,9.867,9.816,9.766,9.713,9.657,9.601,9.542,9.482,9.419,9.354,9.287,9.218,9.146,9.068,8.981,8.887,8.791,8.693,8.596,8.502,8.41,8.315,8.219,8.123,8.025,7.928,7.829,7.728,7.628,7.532,7.435,7.335,7.235,7.126,7.006,6.879,6.751,6.623,6.49,6.346,6.199,6.053,5.907,5.773,5.657,5.555,5.452,5.349,5.258,5.183,5.118,5.049,4.977,4.897,4.804,4.7,4.589,4.473,4.334,4.164,3.971,3.775,3.578,3.359,3.114,2.852,2.595,2.336,2.107,1.928,1.783,1.639,1.5,1.378,1.276,1.185,1.103,1.032,0.951,0.848,0.735,0.625,0.527,0.448,0.372,0.298,0.232,0.19,0.159,0.117,0.069,0.048,0.033,0.018
STP,2073,10.189,10.142,10.096,10.059,10.01,9.962,9.913,9.863,9.813,9.762,9.709,9.653,9.593,9.532,9.468,9.403,9.336,9.266,9.193,9.119,9.039,8.951,8.857,8.761,8.664,8.568,8.475,8.383,8.29,8.195,8.099,8.004,7.907,7.809,7.709,7.61,7.514,7.417,7.319,7.219,7.11,6.99,6.862,6.734,6.607,6.472,6.329,6.18,6.034,5.887,5.753,5.636,5.533,5.43,5.325,5.232,5.156,5.088,5.017,4.944,4.861,4.766,4.659,4.545,4.425,4.283,4.111,3.914,3.715,3.515,3.294,3.047,2.785,2.528,2.268,2.038,1.857,1.711,1.566,1.427,1.304,1.197,1.104,1.019,0.947,0.865,0.765,0.656,0.549,0.458,0.388,0.318,0.244,0.187,0.154,0.127,0.094,0.053,0.037,0.02
STP,2074,10.214,10.171,10.127,10.084,10.047,10.001,9.955,9.908,9.859,9.809,9.759,9.704,9.646,9.585,9.521,9.454,9.386,9.316,9.243,9.167,9.09,9.009,8.92,8.826,8.731,8.634,8.539,8.447,8.356,8.264,8.171,8.077,7.981,7.886,7.789,7.689,7.591,7.494,7.399,7.301,7.201,7.093,6.973,6.845,6.716,6.589,6.454,6.31,6.162,6.014,5.867,5.732,5.615,5.51,5.406,5.3,5.205,5.128,5.058,4.986,4.909,4.825,4.727,4.616,4.499,4.378,4.232,4.056,3.857,3.655,3.452,3.228,2.98,2.718,2.46,2.199,1.97,1.787,1.639,1.493,1.353,1.229,1.12,1.024,0.936,0.861,0.779,0.681,0.577,0.472,0.387,0.328,0.263,0.191,0.141,0.118,0.097,0.07,0.039,0.021
STP,2075,10.233,10.194,10.154,10.115,10.074,10.033,9.991,9.947,9.902,9.854,9.805,9.753,9.699,9.638,9.575,9.509,9.44,9.368,9.295,9.219,9.14,9.061,8.977,8.887,8.795,8.7,8.604,8.509,8.418,8.328,8.238,8.145,8.053,7.959,7.863,7.767,7.669,7.571,7.476,7.38,7.282,7.182,7.075,6.955,6.827,6.699,6.571,6.435,6.291,6.142,5.994,5.847,5.71,5.592,5.487,5.381,5.274,5.179,5.099,5.028,4.953,4.875,4.788,4.687,4.573,4.455,4.33,4.181,4.002,3.8,3.594,3.388,3.163,2.913,2.651,2.392,2.13,1.9,1.717,1.567,1.42,1.279,1.153,1.042,0.943,0.853,0.774,0.691,0.597,0.498,0.396,0.316,0.268,0.208,0.137,0.096,0.083,0.066,0.047,0.024
STP,2076,10.251,10.224,10.189,10.15,10.112,10.073,10.032,9.99,9.945,9.898,9.848,9.796,9.743,9.685,9.622,9.555,9.486,9.414,9.341,9.266,9.191,9.113,9.034,8.95,8.863,8.77,8.677,8.582,8.489,8.398,8.31,8.219,8.128,8.035,7.943,7.847,7.751,7.653,7.555,7.461,7.365,7.267,7.166,7.058,6.938,6.81,6.681,6.553,6.416,6.271,6.121,5.972,5.823,5.686,5.566,5.459,5.352,5.243,5.145,5.063,4.989,4.91,4.83,4.739,4.634,4.516,4.392,4.263,4.111,3.927,3.721,3.512,3.302,3.073,2.823,2.561,2.301,2.041,1.811,1.627,1.479,1.333,1.194,1.069,0.96,0.862,0.772,0.698,0.621,0.531,0.434,0.34,0.274,0.231,0.179,0.117,0.088,0.071,0.05,0.025
STP,2077,10.262,10.234,10.216,10.181,10.146,10.109,10.071,10.03,9.988,9.943,9.894,9.842,9.787,9.731,9.67,9.604,9.534,9.462,9.388,9.312,9.237,9.162,9.085,9.006,8.924,8.837,8.745,8.654,8.56,8.467,8.378,8.29,8.2,8.11,8.019,7.925,7.831,7.735,7.637,7.54,7.445,7.349,7.251,7.151,7.042,6.921,6.792,6.663,6.533,6.396,6.251,6.1,5.949,5.799,5.661,5.539,5.431,5.322,5.211,5.112,5.027,4.949,4.868,4.784,4.689,4.58,4.458,4.33,4.196,4.04,3.852,3.642,3.429,3.214,2.984,2.731,2.469,2.211,1.95,1.721,1.539,1.39,1.245,1.107,0.984,0.876,0.78,0.691,0.621,0.549,0.464,0.37,0.286,0.232,0.195,0.149,0.096,0.075,0.053,0.028
STP,2078,10.27,10.247,10.222,10.205,10.174,10.141,10.105,10.067,10.027,9.986,9.94,9.889,9.834,9.777,9.718,9.655,9.585,9.513,9.438,9.361,9.283,9.208,9.133,9.056,8.978,8.896,8.809,8.72,8.628,8.536,8.445,8.357,8.27,8.18,8.091,8,7.908,7.814,7.719,7.621,7.524,7.428,7.333,7.234,7.134,7.025,6.904,6.774,6.644,6.513,6.375,6.228,6.077,5.925,5.775,5.634,5.512,5.402,5.292,5.179,5.077,4.989,4.908,4.825,4.736,4.639,4.526,4.399,4.266,4.13,3.968,3.777,3.561,3.345,3.127,2.893,2.64,2.378,2.119,1.86,1.632,1.45,1.302,1.157,1.022,0.9,0.793,0.698,0.61,0.545,0.479,0.398,0.305,0.232,0.19,0.158,0.12,0.075,0.055,0.029
STP,2079,10.277,10.258,10.237,10.214,10.195,10.164,10.133,10.099,10.062,10.023,9.981,9.934,9.883,9.825,9.766,9.703,9.637,9.565,9.491,9.413,9.332,9.253,9.177,9.103,9.026,8.948,8.867,8.781,8.692,8.603,8.511,8.421,8.334,8.248,8.16,8.071,7.981,7.889,7.796,7.701,7.604,7.506,7.41,7.316,7.217,7.116,7.007,6.885,6.755,6.624,6.492,6.354,6.207,6.054,5.902,5.749,5.608,5.484,5.373,5.26,5.146,5.042,4.951,4.868,4.78,4.69,4.588,4.471,4.339,4.204,4.062,3.896,3.701,3.482,3.26,3.039,2.803,2.548,2.286,2.028,1.769,1.541,1.36,1.213,1.07,0.935,0.815,0.709,0.616,0.529,0.469,0.407,0.332,0.241,0.177,0.148,0.121,0.09,0.054,0.032
STP,2080,10.284,10.267,10.248,10.227,10.206,10.181,10.154,10.125,10.092,10.056,10.017,9.976,9.928,9.875,9.815,9.753,9.689,9.619,9.545,9.466,9.386,9.302,9.221,9.145,9.07,8.994,8.917,8.837,8.752,8.664,8.575,8.486,8.397,8.31,8.225,8.138,8.05,7.961,7.869,7.777,7.682,7.584,7.488,7.392,7.298,7.198,7.097,6.988,6.866,6.734,6.603,6.471,6.332,6.183,6.03,5.876,5.723,5.581,5.456,5.343,5.229,5.113,5.006,4.913,4.827,4.736,4.642,4.537,4.415,4.28,4.139,3.993,3.825,3.624,3.401,3.176,2.951,2.712,2.457,2.195,1.936,1.678,1.452,1.27,1.123,0.982,0.848,0.73,0.626,0.534,0.447,0.392,0.337,0.265,0.177,0.123,0.106,0.086,0.061,0.033
STP,2081,10.299,10.279,10.262,10.244,10.225,10.203,10.18,10.154,10.124,10.091,10.052,10.01,9.965,9.916,9.859,9.797,9.731,9.664,9.592,9.518,9.439,9.359,9.276,9.195,9.12,9.047,8.971,8.896,8.817,8.733,8.646,8.559,8.469,8.381,8.295,8.21,8.124,8.036,7.946,7.855,7.762,7.668,7.57,7.473,7.377,7.281,7.182,7.079,6.969,6.846,6.714,6.581,6.448,6.307,6.157,6.002,5.848,5.692,5.548,5.42,5.305,5.188,5.069,4.959,4.861,4.77,4.675,4.576,4.466,4.34,4.198,4.051,3.9,3.726,3.519,3.292,3.062,2.833,2.593,2.338,2.079,1.824,1.571,1.348,1.173,1.03,0.891,0.766,0.659,0.559,0.469,0.389,0.34,0.291,0.228,0.151,0.112,0.09,0.064,0.036
STP,2082,10.315,10.295,10.272,10.256,10.239,10.22,10.199,10.178,10.153,10.123,10.087,10.045,10.001,9.954,9.901,9.842,9.776,9.709,9.637,9.565,9.489,9.41,9.331,9.249,9.169,9.094,9.022,8.949,8.874,8.796,8.713,8.627,8.539,8.451,8.364,8.279,8.194,8.108,8.02,7.931,7.84,7.747,7.652,7.555,7.456,7.36,7.263,7.164,7.061,6.949,6.825,6.692,6.557,6.424,6.281,6.13,5.973,5.818,5.66,5.514,5.384,5.267,5.147,5.024,4.911,4.81,4.715,4.614,4.511,4.396,4.263,4.115,3.962,3.805,3.626,3.414,3.182,2.948,2.716,2.472,2.219,1.963,1.712,1.463,1.245,1.074,0.936,0.801,0.684,0.586,0.492,0.402,0.33,0.289,0.246,0.191,0.124,0.096,0.069,0.038
STP,2083,10.329,10.306,10.285,10.264,10.249,10.233,10.215,10.195,10.173,10.15,10.119,10.082,10.037,9.99,9.941,9.885,9.822,9.754,9.684,9.61,9.536,9.459,9.381,9.302,9.221,9.141,9.068,8.997,8.923,8.85,8.774,8.692,8.606,8.519,8.433,8.346,8.261,8.177,8.091,8.004,7.914,7.824,7.731,7.635,7.538,7.44,7.343,7.246,7.144,7.041,6.929,6.803,6.669,6.534,6.398,6.255,6.102,5.944,5.788,5.628,5.48,5.348,5.227,5.104,4.979,4.862,4.757,4.657,4.553,4.444,4.324,4.185,4.031,3.873,3.71,3.525,3.309,3.072,2.834,2.597,2.353,2.1,1.848,1.6,1.355,1.141,0.974,0.843,0.712,0.601,0.513,0.425,0.336,0.272,0.237,0.201,0.154,0.098,0.073,0.04
STP,2084,10.339,10.313,10.292,10.273,10.256,10.241,10.225,10.208,10.189,10.168,10.145,10.115,10.076,10.029,9.979,9.927,9.868,9.802,9.732,9.658,9.582,9.505,9.428,9.351,9.272,9.191,9.112,9.039,8.969,8.898,8.826,8.75,8.669,8.585,8.499,8.413,8.327,8.242,8.158,8.074,7.986,7.898,7.806,7.713,7.619,7.52,7.421,7.324,7.226,7.125,7.02,6.907,6.78,6.645,6.509,6.372,6.228,6.074,5.915,5.756,5.595,5.445,5.311,5.188,5.061,4.933,4.813,4.704,4.599,4.49,4.378,4.253,4.108,3.948,3.783,3.615,3.424,3.203,2.961,2.719,2.479,2.232,1.981,1.731,1.488,1.246,1.038,0.876,0.749,0.621,0.518,0.44,0.358,0.271,0.213,0.186,0.156,0.117,0.071,0.043
STP,2085,10.342,10.316,10.295,10.276,10.26,10.245,10.231,10.216,10.199,10.181,10.161,10.14,10.109,10.068,10.018,9.966,9.911,9.85,9.781,9.708,9.631,9.552,9.473,9.396,9.319,9.24,9.16,9.082,9.01,8.94,8.87,8.8,8.725,8.645,8.562,8.477,8.392,8.306,8.222,8.14,8.054,7.968,7.878,7.788,7.695,7.6,7.502,7.403,7.305,7.206,7.103,6.998,6.884,6.757,6.62,6.483,6.344,6.199,6.044,5.884,5.724,5.561,5.409,5.272,5.147,5.018,4.887,4.763,4.649,4.541,4.427,4.311,4.18,4.03,3.863,3.693,3.519,3.322,3.097,2.85,2.604,2.359,2.112,1.861,1.615,1.375,1.138,0.934,0.777,0.655,0.531,0.435,0.368,0.291,0.205,0.154,0.134,0.109,0.08,0.045
STP,2086,10.344,10.332,10.311,10.292,10.275,10.26,10.246,10.231,10.214,10.197,10.176,10.153,10.129,10.096,10.052,9.999,9.944,9.887,9.823,9.754,9.681,9.604,9.526,9.448,9.372,9.295,9.218,9.138,9.063,8.991,8.922,8.853,8.784,8.71,8.631,8.547,8.463,8.377,8.293,8.209,8.126,8.04,7.953,7.864,7.773,7.679,7.583,7.484,7.384,7.286,7.186,7.082,6.975,6.859,6.731,6.593,6.454,6.314,6.165,6.008,5.845,5.683,5.518,5.361,5.222,5.092,4.959,4.824,4.694,4.576,4.46,4.34,4.216,4.079,3.922,3.747,3.57,3.389,3.187,2.957,2.708,2.46,2.215,1.969,1.726,1.489,1.253,1.029,0.846,0.698,0.576,0.462,0.38,0.32,0.251,0.175,0.139,0.114,0.082,0.046
STP,2087,10.338,10.319,10.321,10.304,10.288,10.273,10.26,10.245,10.23,10.212,10.193,10.17,10.145,10.118,10.082,10.035,9.98,9.921,9.861,9.796,9.726,9.653,9.577,9.5,9.422,9.346,9.271,9.194,9.117,9.041,8.972,8.904,8.835,8.766,8.693,8.615,8.531,8.447,8.363,8.277,8.194,8.111,8.025,7.938,7.849,7.757,7.663,7.565,7.466,7.365,7.265,7.163,7.059,6.951,6.834,6.704,6.565,6.424,6.281,6.132,5.972,5.807,5.641,5.473,5.314,5.17,5.037,4.899,4.76,4.625,4.501,4.379,4.252,4.123,3.979,3.813,3.63,3.445,3.259,3.051,2.817,2.566,2.317,2.07,1.827,1.589,1.362,1.131,0.919,0.758,0.619,0.496,0.392,0.325,0.271,0.212,0.145,0.116,0.085,0.049
STP,2088,10.328,10.315,10.304,10.31,10.296,10.283,10.271,10.257,10.243,10.226,10.209,10.188,10.163,10.135,10.105,10.067,10.017,9.958,9.898,9.835,9.767,9.697,9.624,9.549,9.471,9.395,9.32,9.246,9.17,9.093,9.02,8.95,8.884,8.816,8.748,8.676,8.597,8.515,8.431,8.347,8.261,8.179,8.095,8.009,7.922,7.832,7.74,7.645,7.547,7.446,7.344,7.243,7.142,7.035,6.926,6.807,6.676,6.536,6.393,6.249,6.097,5.935,5.767,5.599,5.428,5.266,5.118,4.981,4.84,4.696,4.556,4.426,4.297,4.164,4.028,3.877,3.704,3.514,3.321,3.127,2.915,2.677,2.423,2.172,1.925,1.684,1.453,1.235,1.009,0.809,0.67,0.54,0.417,0.323,0.269,0.223,0.173,0.115,0.087,0.05
STP,2089,10.316,10.308,10.301,10.295,10.297,10.286,10.277,10.266,10.254,10.239,10.222,10.203,10.18,10.154,10.123,10.09,10.049,9.997,9.936,9.872,9.806,9.737,9.666,9.593,9.518,9.442,9.366,9.292,9.219,9.145,9.069,8.996,8.928,8.863,8.795,8.729,8.657,8.579,8.497,8.414,8.329,8.245,8.161,8.077,7.992,7.904,7.814,7.722,7.626,7.528,7.426,7.323,7.221,7.118,7.01,6.9,6.779,6.648,6.505,6.361,6.215,6.061,5.897,5.727,5.556,5.381,5.216,5.065,4.924,4.779,4.63,4.487,4.349,4.215,4.075,3.933,3.775,3.594,3.396,3.196,2.996,2.778,2.536,2.281,2.028,1.78,1.54,1.316,1.109,0.887,0.698,0.58,0.461,0.337,0.255,0.214,0.176,0.133,0.085,0.052
STP,2090,10.306,10.3,10.296,10.292,10.287,10.281,10.276,10.268,10.259,10.248,10.233,10.216,10.197,10.172,10.142,10.11,10.075,10.031,9.976,9.911,9.845,9.776,9.704,9.633,9.561,9.486,9.411,9.335,9.262,9.191,9.118,9.043,8.971,8.905,8.839,8.773,8.707,8.636,8.559,8.477,8.394,8.31,8.226,8.143,8.059,7.973,7.886,7.795,7.702,7.606,7.507,7.403,7.3,7.197,7.093,6.985,6.872,6.751,6.617,6.474,6.328,6.18,6.024,5.858,5.685,5.512,5.334,5.166,5.011,4.867,4.718,4.565,4.415,4.273,4.131,3.985,3.836,3.672,3.484,3.278,3.07,2.864,2.641,2.395,2.137,1.884,1.634,1.396,1.18,0.982,0.765,0.588,0.492,0.382,0.257,0.186,0.159,0.128,0.093,0.055
STP,2091,10.304,10.3,10.296,10.292,10.289,10.285,10.281,10.276,10.269,10.257,10.243,10.227,10.207,10.183,10.156,10.124,10.089,10.051,10.005,9.949,9.885,9.819,9.751,9.68,9.61,9.539,9.465,9.391,9.316,9.244,9.173,9.101,9.028,8.957,8.89,8.825,8.759,8.693,8.623,8.546,8.464,8.381,8.297,8.212,8.128,8.044,7.957,7.869,7.777,7.683,7.586,7.486,7.381,7.276,7.172,7.066,6.956,6.842,6.718,6.582,6.436,6.287,6.136,5.976,5.807,5.631,5.452,5.271,5.097,4.938,4.786,4.631,4.473,4.317,4.166,4.015,3.861,3.704,3.532,3.336,3.123,2.91,2.698,2.473,2.23,1.977,1.724,1.486,1.27,1.063,0.863,0.665,0.515,0.43,0.331,0.221,0.168,0.135,0.098,0.058
STP,2092,10.302,10.296,10.293,10.29,10.289,10.286,10.283,10.28,10.275,10.267,10.254,10.237,10.218,10.196,10.169,10.14,10.105,10.066,10.025,9.978,9.921,9.858,9.792,9.724,9.655,9.584,9.514,9.442,9.369,9.296,9.225,9.155,9.083,9.01,8.941,8.875,8.81,8.745,8.679,8.609,8.531,8.449,8.367,8.282,8.197,8.112,8.027,7.94,7.851,7.759,7.663,7.565,7.463,7.358,7.251,7.145,7.038,6.927,6.81,6.684,6.545,6.396,6.244,6.09,5.927,5.754,5.574,5.393,5.207,5.028,4.863,4.706,4.545,4.38,4.217,4.058,3.899,3.736,3.572,3.392,3.188,2.968,2.749,2.532,2.305,2.064,1.817,1.566,1.338,1.143,0.946,0.746,0.565,0.443,0.368,0.282,0.184,0.144,0.104,0.061
STP,2093,10.298,10.291,10.286,10.284,10.283,10.283,10.281,10.28,10.276,10.271,10.263,10.249,10.23,10.208,10.184,10.155,10.12,10.083,10.042,9.998,9.949,9.891,9.829,9.763,9.696,9.627,9.558,9.488,9.418,9.346,9.274,9.203,9.134,9.064,8.992,8.923,8.857,8.793,8.729,8.663,8.593,8.515,8.433,8.351,8.266,8.18,8.095,8.01,7.923,7.831,7.739,7.642,7.543,7.44,7.334,7.225,7.118,7.009,6.895,6.777,6.649,6.508,6.356,6.201,6.043,5.877,5.701,5.517,5.331,5.141,4.958,4.787,4.625,4.457,4.287,4.118,3.95,3.781,3.61,3.439,3.251,3.04,2.812,2.588,2.366,2.136,1.898,1.657,1.407,1.19,1.016,0.829,0.627,0.466,0.371,0.306,0.231,0.147,0.112,0.064
STP,2094,10.29,10.281,10.276,10.274,10.274,10.275,10.275,10.275,10.274,10.271,10.267,10.259,10.242,10.221,10.197,10.169,10.137,10.101,10.061,10.017,9.97,9.918,9.86,9.798,9.733,9.667,9.598,9.53,9.462,9.392,9.322,9.251,9.182,9.113,9.043,8.973,8.904,8.839,8.776,8.711,8.645,8.575,8.499,8.417,8.334,8.249,8.163,8.078,7.992,7.903,7.812,7.717,7.62,7.52,7.416,7.308,7.199,7.09,6.98,6.864,6.744,6.614,6.47,6.315,6.157,5.996,5.826,5.647,5.459,5.269,5.075,4.887,4.711,4.543,4.37,4.193,4.016,3.841,3.664,3.485,3.305,3.11,2.892,2.657,2.426,2.199,1.967,1.731,1.496,1.247,1.042,0.889,0.712,0.509,0.366,0.299,0.244,0.181,0.111,0.069
STP,2095,10.276,10.268,10.263,10.261,10.261,10.262,10.264,10.266,10.267,10.267,10.265,10.261,10.253,10.235,10.21,10.183,10.153,10.118,10.079,10.036,9.99,9.94,9.886,9.828,9.766,9.701,9.635,9.568,9.501,9.434,9.365,9.295,9.226,9.158,9.091,9.022,8.952,8.884,8.819,8.756,8.692,8.626,8.557,8.48,8.399,8.315,8.231,8.144,8.059,7.972,7.883,7.79,7.695,7.597,7.496,7.39,7.281,7.17,7.06,6.948,6.831,6.71,6.577,6.43,6.273,6.112,5.948,5.775,5.592,5.401,5.207,5.008,4.816,4.635,4.46,4.281,4.099,3.915,3.732,3.545,3.358,3.171,2.969,2.742,2.501,2.264,2.032,1.798,1.565,1.335,1.088,0.893,0.762,0.594,0.39,0.266,0.226,0.182,0.13,0.074
STP,2096,10.262,10.267,10.262,10.26,10.26,10.261,10.263,10.263,10.265,10.264,10.262,10.257,10.251,10.239,10.218,10.192,10.162,10.128,10.093,10.052,10.01,9.964,9.915,9.862,9.804,9.743,9.679,9.614,9.548,9.483,9.416,9.348,9.279,9.211,9.143,9.076,9.008,8.938,8.87,8.806,8.742,8.678,8.613,8.543,8.466,8.384,8.3,8.213,8.127,8.04,7.952,7.862,7.768,7.672,7.572,7.469,7.363,7.251,7.138,7.025,6.91,6.789,6.665,6.529,6.378,6.216,6.051,5.882,5.704,5.515,5.319,5.119,4.914,4.714,4.526,4.343,4.157,3.966,3.775,3.583,3.388,3.191,2.998,2.79,2.562,2.322,2.083,1.858,1.641,1.414,1.18,0.952,0.785,0.668,0.518,0.335,0.247,0.198,0.143,0.08
STP,2097,10.24,10.237,10.256,10.256,10.256,10.258,10.26,10.261,10.263,10.262,10.26,10.255,10.249,10.24,10.225,10.202,10.171,10.14,10.103,10.065,10.025,9.983,9.937,9.889,9.836,9.779,9.719,9.657,9.593,9.528,9.463,9.398,9.331,9.263,9.195,9.128,9.061,8.993,8.924,8.856,8.792,8.729,8.664,8.599,8.529,8.451,8.368,8.283,8.196,8.108,8.02,7.932,7.84,7.745,7.648,7.546,7.442,7.334,7.22,7.105,6.99,6.871,6.747,6.619,6.479,6.325,6.159,5.989,5.815,5.632,5.437,5.236,5.03,4.819,4.613,4.417,4.226,4.031,3.834,3.635,3.433,3.229,3.025,2.824,2.612,2.381,2.142,1.9,1.684,1.483,1.263,1.026,0.816,0.678,0.573,0.44,0.28,0.216,0.155,0.087
STP,2098,10.211,10.215,10.22,10.244,10.248,10.252,10.255,10.259,10.26,10.26,10.259,10.255,10.248,10.239,10.227,10.21,10.184,10.151,10.116,10.077,10.037,9.996,9.954,9.908,9.86,9.809,9.753,9.694,9.633,9.57,9.507,9.443,9.378,9.311,9.245,9.178,9.111,9.045,8.977,8.908,8.84,8.776,8.714,8.649,8.583,8.513,8.434,8.351,8.266,8.178,8.09,8,7.911,7.818,7.722,7.622,7.52,7.414,7.304,7.188,7.071,6.954,6.832,6.705,6.572,6.429,6.271,6.101,5.927,5.749,5.56,5.36,5.152,4.94,4.724,4.511,4.308,4.108,3.905,3.7,3.494,3.283,3.07,2.858,2.65,2.433,2.201,1.962,1.718,1.51,1.325,1.111,0.871,0.68,0.571,0.479,0.364,0.226,0.171,0.096
STP,2099,10.175,10.187,10.197,10.209,10.231,10.238,10.246,10.251,10.255,10.257,10.256,10.254,10.248,10.24,10.228,10.214,10.193,10.164,10.129,10.091,10.049,10.007,9.966,9.924,9.879,9.831,9.781,9.726,9.668,9.607,9.546,9.484,9.421,9.357,9.292,9.226,9.159,9.093,9.028,8.96,8.892,8.824,8.76,8.698,8.633,8.567,8.496,8.418,8.333,8.247,8.159,8.069,7.98,7.889,7.794,7.697,7.597,7.492,7.385,7.273,7.157,7.037,6.916,6.792,6.661,6.526,6.378,6.216,6.043,5.863,5.681,5.487,5.282,5.068,4.851,4.628,4.409,4.197,3.99,3.779,3.567,3.352,3.133,2.91,2.691,2.476,2.254,2.02,1.782,1.535,1.336,1.166,0.96,0.717,0.544,0.463,0.384,0.287,0.171,0.105
STP,2100,10.133,10.153,10.171,10.187,10.203,10.216,10.228,10.238,10.246,10.25,10.253,10.251,10.248,10.24,10.229,10.215,10.198,10.176,10.143,10.105,10.064,10.02,9.975,9.933,9.893,9.847,9.801,9.751,9.697,9.639,9.581,9.521,9.46,9.398,9.334,9.271,9.205,9.14,9.074,9.009,8.942,8.873,8.807,8.743,8.68,8.615,8.55,8.478,8.399,8.314,8.227,8.138,8.047,7.957,7.865,7.769,7.671,7.569,7.464,7.354,7.241,7.122,7,6.877,6.75,6.617,6.478,6.327,6.161,5.982,5.799,5.611,5.413,5.202,4.983,4.76,4.532,4.306,4.087,3.871,3.652,3.433,3.21,2.982,2.751,2.523,2.301,2.074,1.839,1.602,1.352,1.161,1.008,0.809,0.561,0.408,0.356,0.29,0.209,0.116
