CPV,1950,4.818,4.171,3.705,3.399,3.229,3.179,3.226,3.349,3.528,3.743,3.999,4.303,4.5,4.521,4.421,4.332,4.224,4.113,4.021,3.931,3.821,3.716,3.531,3.227,2.858,2.504,2.14,1.891,1.82,1.87,1.915,1.976,2.037,2.077,2.106,2.149,2.186,2.251,2.356,2.476,2.587,2.711,2.719,2.551,2.272,2.002,1.709,1.495,1.42,1.431,1.425,1.43,1.393,1.279,1.123,0.986,0.849,0.771,0.787,0.863,0.931,1.006,1.055,1.059,1.03,1.011,0.992,0.969,0.938,0.903,0.865,0.819,0.777,0.742,0.708,0.674,0.639,0.593,0.528,0.453,0.382,0.31,0.249,0.205,0.175,0.146,0.118,0.094,0.074,0.056,0.04,0.03,0.024,0.017,0.01,0.006,0.005,0.004,0.003,0.001
CPV,1951,7.482,4.859,4.207,3.738,3.429,3.262,3.213,3.263,3.39,3.572,3.789,4.048,4.355,4.552,4.568,4.462,4.364,4.248,4.132,4.033,3.939,3.826,3.718,3.531,3.227,2.858,2.507,2.145,1.899,1.833,1.889,1.94,2.007,2.073,2.114,2.144,2.185,2.221,2.284,2.391,2.513,2.624,2.749,2.756,2.585,2.301,2.026,1.729,1.511,1.433,1.444,1.436,1.439,1.401,1.285,1.128,0.989,0.85,0.77,0.784,0.857,0.923,0.995,1.042,1.043,1.012,0.989,0.968,0.939,0.907,0.869,0.828,0.78,0.737,0.699,0.665,0.627,0.592,0.545,0.484,0.413,0.346,0.278,0.221,0.181,0.155,0.127,0.102,0.082,0.063,0.048,0.034,0.025,0.02,0.015,0.008,0.005,0.004,0.003,0.001
CPV,1952,9.394,7.587,4.773,4.132,3.672,3.371,3.208,3.163,3.216,3.342,3.523,3.737,3.991,4.293,4.486,4.497,4.385,4.282,4.161,4.04,3.941,3.845,3.731,3.622,3.438,3.142,2.785,2.444,2.093,1.857,1.799,1.86,1.915,1.988,2.056,2.098,2.124,2.163,2.197,2.258,2.363,2.483,2.592,2.715,2.721,2.55,2.269,1.997,1.704,1.487,1.41,1.419,1.41,1.411,1.372,1.259,1.103,0.967,0.828,0.749,0.761,0.829,0.89,0.959,1.003,0.999,0.966,0.94,0.916,0.886,0.851,0.812,0.769,0.721,0.676,0.637,0.601,0.564,0.528,0.483,0.426,0.362,0.301,0.24,0.188,0.153,0.129,0.105,0.084,0.068,0.052,0.039,0.027,0.02,0.017,0.011,0.007,0.004,0.003,0.001
CPV,1953,10.511,8.456,6.776,4.649,4.025,3.578,3.286,3.129,3.088,3.142,3.268,3.446,3.655,3.903,4.198,4.384,4.39,4.273,4.167,4.042,3.919,3.818,3.721,3.608,3.498,3.319,3.033,2.689,2.362,2.026,1.8,1.75,1.815,1.874,1.952,2.022,2.063,2.089,2.125,2.157,2.215,2.316,2.434,2.54,2.658,2.664,2.496,2.22,1.954,1.664,1.452,1.374,1.383,1.373,1.373,1.334,1.221,1.07,0.936,0.801,0.722,0.731,0.795,0.852,0.916,0.955,0.949,0.913,0.885,0.859,0.826,0.789,0.749,0.704,0.657,0.611,0.572,0.535,0.497,0.461,0.418,0.365,0.308,0.253,0.199,0.154,0.123,0.103,0.083,0.066,0.053,0.041,0.029,0.02,0.015,0.012,0.008,0.005,0.003,0.001
CPV,1954,10.902,8.87,7.189,5.83,4.53,3.921,3.486,3.203,3.053,3.017,3.072,3.198,3.372,3.576,3.819,4.106,4.286,4.287,4.166,4.056,3.927,3.801,3.698,3.601,3.487,3.379,3.203,2.927,2.598,2.283,1.961,1.747,1.703,1.772,1.836,1.917,1.991,2.032,2.054,2.089,2.117,2.173,2.272,2.387,2.49,2.605,2.609,2.444,2.173,1.91,1.626,1.417,1.341,1.347,1.336,1.336,1.296,1.186,1.038,0.906,0.774,0.697,0.702,0.762,0.815,0.874,0.91,0.9,0.861,0.831,0.802,0.768,0.729,0.688,0.642,0.594,0.548,0.507,0.47,0.431,0.395,0.354,0.306,0.255,0.206,0.159,0.12,0.094,0.077,0.06,0.048,0.038,0.029,0.02,0.013,0.01,0.008,0.006,0.003,0.001
CPV,1955,10.659,8.909,7.43,6.204,5.207,4.421,3.826,3.403,3.129,2.984,2.951,3.009,3.134,3.306,3.505,3.743,4.024,4.198,4.193,4.069,3.955,3.823,3.694,3.588,3.491,3.377,3.269,3.097,2.829,2.512,2.211,1.901,1.697,1.66,1.734,1.802,1.887,1.963,2.004,2.024,2.057,2.083,2.136,2.232,2.344,2.446,2.557,2.561,2.398,2.131,1.873,1.593,1.387,1.31,1.315,1.304,1.302,1.262,1.154,1.008,0.88,0.75,0.673,0.676,0.732,0.781,0.834,0.866,0.853,0.813,0.78,0.748,0.712,0.672,0.628,0.582,0.533,0.486,0.445,0.407,0.368,0.33,0.291,0.248,0.203,0.161,0.12,0.087,0.066,0.053,0.039,0.03,0.024,0.017,0.01,0.006,0.005,0.004,0.003,0.001
CPV,1956,9.804,9.86,8.393,7.116,6.02,5.098,4.33,3.697,3.245,2.986,2.878,2.853,2.903,3.016,3.171,3.351,3.568,3.826,3.984,3.976,3.856,3.747,3.62,3.5,3.409,3.328,3.231,3.14,2.983,2.726,2.415,2.12,1.816,1.616,1.581,1.653,1.721,1.803,1.875,1.914,1.931,1.961,1.984,2.034,2.126,2.234,2.331,2.44,2.444,2.29,2.035,1.789,1.524,1.328,1.256,1.262,1.251,1.249,1.211,1.107,0.965,0.84,0.714,0.637,0.638,0.689,0.732,0.781,0.808,0.793,0.752,0.718,0.685,0.647,0.608,0.566,0.522,0.474,0.43,0.391,0.355,0.32,0.285,0.25,0.211,0.172,0.135,0.1,0.073,0.055,0.043,0.032,0.024,0.02,0.014,0.008,0.005,0.004,0.003,0.001
CPV,1957,8.774,8.143,9.206,7.997,6.901,5.92,5.058,4.297,3.62,3.133,2.884,2.812,2.795,2.838,2.939,3.079,3.244,3.443,3.68,3.826,3.814,3.699,3.592,3.469,3.357,3.277,3.211,3.13,3.055,2.911,2.66,2.352,2.06,1.758,1.559,1.524,1.596,1.662,1.743,1.814,1.849,1.865,1.891,1.912,1.96,2.049,2.155,2.25,2.357,2.363,2.214,1.969,1.732,1.476,1.287,1.219,1.225,1.214,1.214,1.176,1.074,0.936,0.812,0.688,0.611,0.609,0.655,0.694,0.738,0.761,0.745,0.702,0.665,0.631,0.593,0.554,0.512,0.468,0.423,0.38,0.344,0.309,0.276,0.245,0.212,0.179,0.145,0.112,0.083,0.06,0.045,0.035,0.025,0.02,0.016,0.011,0.007,0.004,0.003,0.001
CPV,1958,7.741,7.727,7.559,8.62,7.662,6.739,5.865,5.057,4.297,3.569,3.045,2.804,2.767,2.758,2.794,2.885,3.012,3.161,3.343,3.563,3.696,3.681,3.569,3.465,3.344,3.238,3.17,3.118,3.052,2.993,2.86,2.615,2.306,2.014,1.712,1.514,1.478,1.552,1.617,1.697,1.766,1.799,1.812,1.836,1.855,1.9,1.987,2.093,2.187,2.291,2.299,2.155,1.918,1.688,1.439,1.257,1.19,1.198,1.188,1.187,1.151,1.05,0.913,0.791,0.667,0.589,0.585,0.626,0.661,0.702,0.722,0.702,0.656,0.619,0.583,0.544,0.504,0.462,0.42,0.375,0.334,0.298,0.266,0.235,0.205,0.176,0.146,0.118,0.089,0.064,0.048,0.036,0.026,0.019,0.015,0.011,0.008,0.004,0.003,0.001
CPV,1959,6.926,7.408,7.624,7.607,8.048,7.34,6.589,5.823,5.067,4.306,3.526,2.963,2.731,2.728,2.727,2.756,2.837,2.95,3.084,3.25,3.453,3.573,3.555,3.445,3.345,3.226,3.125,3.069,3.032,2.98,2.937,2.815,2.574,2.265,1.972,1.67,1.471,1.436,1.509,1.575,1.655,1.722,1.754,1.763,1.785,1.801,1.845,1.93,2.034,2.128,2.231,2.239,2.1,1.87,1.648,1.406,1.228,1.166,1.173,1.164,1.163,1.128,1.027,0.891,0.771,0.647,0.569,0.562,0.599,0.63,0.666,0.682,0.66,0.612,0.572,0.534,0.494,0.454,0.413,0.371,0.327,0.287,0.253,0.224,0.194,0.166,0.14,0.115,0.091,0.067,0.046,0.035,0.026,0.018,0.012,0.01,0.008,0.006,0.003,0.001
CPV,1960,6.564,7.297,7.716,7.858,7.763,7.469,7.015,6.44,5.781,5.079,4.318,3.482,2.88,2.656,2.688,2.696,2.718,2.788,2.888,3.007,3.156,3.341,3.449,3.427,3.321,3.222,3.105,3.011,2.966,2.944,2.907,2.88,2.77,2.533,2.223,1.931,1.627,1.428,1.392,1.467,1.532,1.611,1.677,1.707,1.714,1.733,1.747,1.788,1.872,1.975,2.067,2.17,2.178,2.045,1.821,1.606,1.372,1.201,1.139,1.147,1.139,1.139,1.104,1.005,0.87,0.749,0.627,0.549,0.538,0.571,0.598,0.63,0.642,0.617,0.567,0.526,0.486,0.444,0.403,0.363,0.321,0.279,0.24,0.208,0.179,0.152,0.126,0.104,0.083,0.063,0.044,0.028,0.024,0.017,0.01,0.006,0.005,0.004,0.003,0.001
CPV,1961,6.744,6.725,7.267,7.569,7.656,7.555,7.305,6.943,6.436,5.787,5.055,4.289,3.463,2.864,2.641,2.671,2.675,2.694,2.76,2.859,2.976,3.124,3.307,3.413,3.391,3.286,3.188,3.073,2.979,2.934,2.912,2.875,2.848,2.74,2.505,2.197,1.908,1.607,1.409,1.374,1.447,1.511,1.589,1.655,1.683,1.69,1.708,1.721,1.761,1.842,1.941,2.03,2.129,2.136,2.003,1.782,1.569,1.338,1.168,1.106,1.111,1.102,1.099,1.062,0.966,0.834,0.716,0.597,0.519,0.507,0.534,0.558,0.585,0.595,0.568,0.52,0.478,0.439,0.398,0.36,0.323,0.284,0.244,0.209,0.18,0.155,0.131,0.108,0.088,0.07,0.053,0.036,0.024,0.019,0.014,0.008,0.005,0.004,0.003,0.001
CPV,1962,7.46,7.768,6.87,7.22,7.405,7.437,7.33,7.123,6.855,6.417,5.778,5.02,4.251,3.434,2.843,2.62,2.647,2.648,2.663,2.727,2.823,2.939,3.084,3.264,3.369,3.347,3.242,3.146,3.032,2.939,2.895,2.873,2.836,2.81,2.703,2.47,2.165,1.879,1.582,1.386,1.352,1.424,1.488,1.564,1.629,1.656,1.661,1.679,1.691,1.729,1.807,1.903,1.988,2.083,2.089,1.957,1.739,1.529,1.301,1.133,1.07,1.073,1.061,1.056,1.018,0.923,0.796,0.681,0.566,0.489,0.474,0.497,0.516,0.539,0.546,0.519,0.471,0.43,0.391,0.353,0.316,0.281,0.245,0.21,0.178,0.151,0.129,0.108,0.089,0.072,0.058,0.042,0.029,0.02,0.015,0.011,0.007,0.004,0.003,0.001
CPV,1963,8.476,8.287,8.08,7.014,7.173,7.24,7.218,7.106,6.943,6.767,6.398,5.768,4.984,4.214,3.406,2.822,2.599,2.622,2.621,2.633,2.693,2.787,2.9,3.044,3.221,3.324,3.303,3.199,3.103,2.99,2.899,2.855,2.834,2.797,2.771,2.665,2.435,2.135,1.852,1.558,1.364,1.33,1.401,1.463,1.539,1.602,1.628,1.633,1.649,1.661,1.697,1.773,1.865,1.946,2.038,2.041,1.91,1.696,1.489,1.264,1.098,1.034,1.034,1.02,1.013,0.975,0.882,0.758,0.646,0.534,0.458,0.441,0.459,0.474,0.494,0.497,0.47,0.423,0.382,0.344,0.306,0.272,0.24,0.208,0.175,0.147,0.123,0.104,0.086,0.069,0.057,0.044,0.032,0.021,0.014,0.011,0.008,0.004,0.003,0.001
CPV,1964,9.458,8.837,8.321,7.896,7.188,7.157,7.108,7.03,6.913,6.793,6.709,6.408,5.783,4.97,4.195,3.393,2.812,2.589,2.61,2.606,2.614,2.671,2.763,2.876,3.017,3.192,3.294,3.272,3.169,3.073,2.962,2.872,2.829,2.806,2.771,2.745,2.639,2.411,2.113,1.831,1.541,1.347,1.314,1.385,1.446,1.521,1.583,1.608,1.613,1.627,1.639,1.673,1.746,1.835,1.913,2.001,2.002,1.873,1.661,1.455,1.233,1.068,1.002,1.001,0.985,0.975,0.936,0.844,0.723,0.614,0.505,0.43,0.41,0.424,0.436,0.45,0.451,0.422,0.376,0.336,0.298,0.262,0.23,0.201,0.171,0.142,0.116,0.095,0.08,0.064,0.052,0.042,0.032,0.022,0.014,0.01,0.008,0.005,0.003,0.001
CPV,1965,10.154,9.306,8.63,8.101,7.699,7.398,7.177,7.011,6.877,6.753,6.676,6.684,6.448,5.828,4.982,4.195,3.398,2.817,2.592,2.61,2.603,2.608,2.662,2.752,2.864,3.005,3.179,3.28,3.258,3.156,3.06,2.949,2.859,2.815,2.793,2.757,2.731,2.626,2.399,2.101,1.821,1.53,1.338,1.304,1.375,1.436,1.509,1.571,1.596,1.6,1.614,1.624,1.657,1.727,1.813,1.889,1.974,1.974,1.844,1.633,1.429,1.208,1.042,0.977,0.972,0.954,0.94,0.901,0.81,0.691,0.584,0.478,0.404,0.381,0.391,0.397,0.409,0.407,0.377,0.33,0.291,0.254,0.218,0.188,0.162,0.135,0.109,0.085,0.068,0.055,0.042,0.033,0.027,0.019,0.011,0.006,0.005,0.004,0.003,0.001
CPV,1966,10.38,10.058,9.33,8.727,8.235,7.836,7.509,7.23,7.019,6.874,6.757,6.673,6.663,6.418,5.793,4.947,4.162,3.366,2.785,2.557,2.57,2.559,2.56,2.613,2.702,2.816,2.959,3.135,3.238,3.219,3.119,3.026,2.919,2.831,2.788,2.765,2.73,2.703,2.599,2.372,2.078,1.8,1.511,1.321,1.287,1.356,1.416,1.489,1.548,1.572,1.575,1.588,1.597,1.629,1.695,1.776,1.848,1.927,1.925,1.796,1.588,1.386,1.169,1.005,0.938,0.931,0.911,0.896,0.854,0.767,0.651,0.548,0.446,0.374,0.35,0.357,0.362,0.37,0.366,0.338,0.295,0.257,0.222,0.19,0.163,0.139,0.115,0.092,0.073,0.058,0.046,0.034,0.027,0.022,0.016,0.009,0.005,0.004,0.003,0.001
CPV,1967,10.351,9.782,10.017,9.406,8.875,8.414,8.017,7.662,7.325,7.067,6.908,6.798,6.705,6.68,6.421,5.79,4.941,4.152,3.352,2.768,2.536,2.544,2.529,2.527,2.577,2.668,2.784,2.929,3.108,3.214,3.198,3.1,3.011,2.905,2.819,2.777,2.753,2.717,2.69,2.584,2.359,2.066,1.789,1.501,1.311,1.276,1.345,1.404,1.476,1.535,1.557,1.558,1.57,1.579,1.608,1.671,1.748,1.816,1.892,1.886,1.757,1.552,1.351,1.136,0.973,0.904,0.895,0.872,0.855,0.812,0.727,0.615,0.515,0.416,0.346,0.321,0.325,0.327,0.334,0.328,0.301,0.26,0.225,0.193,0.163,0.138,0.118,0.096,0.076,0.061,0.048,0.037,0.028,0.022,0.018,0.013,0.007,0.004,0.003,0.001
CPV,1968,10.119,9.899,9.677,9.973,9.481,9.021,8.595,8.2,7.815,7.419,7.115,6.942,6.838,6.737,6.697,6.424,5.787,4.933,4.141,3.338,2.751,2.515,2.517,2.498,2.493,2.542,2.633,2.751,2.899,3.081,3.19,3.175,3.08,2.993,2.891,2.807,2.765,2.741,2.704,2.676,2.571,2.346,2.054,1.778,1.491,1.3,1.266,1.334,1.392,1.462,1.521,1.542,1.542,1.554,1.56,1.587,1.648,1.721,1.785,1.856,1.848,1.718,1.514,1.315,1.102,0.941,0.87,0.858,0.833,0.813,0.77,0.686,0.578,0.481,0.386,0.318,0.292,0.293,0.292,0.296,0.29,0.264,0.225,0.193,0.163,0.136,0.114,0.096,0.077,0.06,0.048,0.037,0.028,0.021,0.016,0.013,0.01,0.006,0.003,0.001
CPV,1969,9.799,9.894,9.901,9.828,9.864,9.494,9.109,8.718,8.328,7.916,7.464,7.114,6.93,6.833,6.725,6.668,6.384,5.744,4.893,4.102,3.302,2.715,2.476,2.474,2.45,2.441,2.488,2.58,2.7,2.85,3.032,3.144,3.132,3.04,2.957,2.857,2.776,2.734,2.711,2.673,2.645,2.539,2.317,2.028,1.755,1.47,1.281,1.247,1.313,1.371,1.44,1.497,1.517,1.516,1.526,1.531,1.556,1.612,1.681,1.74,1.807,1.796,1.668,1.467,1.271,1.061,0.902,0.83,0.815,0.788,0.766,0.723,0.641,0.537,0.444,0.353,0.288,0.26,0.259,0.256,0.257,0.249,0.225,0.189,0.159,0.131,0.108,0.088,0.073,0.057,0.044,0.036,0.027,0.019,0.013,0.012,0.009,0.006,0.003,0.001
CPV,1970,9.508,9.773,9.907,9.925,9.841,9.668,9.423,9.116,8.765,8.382,7.948,7.444,7.053,6.857,6.769,6.653,6.581,6.289,5.651,4.809,4.027,3.236,2.657,2.416,2.409,2.382,2.37,2.414,2.505,2.626,2.776,2.959,3.072,3.063,2.974,2.894,2.8,2.722,2.68,2.656,2.619,2.59,2.486,2.268,1.985,1.716,1.437,1.251,1.217,1.282,1.338,1.405,1.459,1.478,1.476,1.484,1.489,1.512,1.564,1.627,1.681,1.743,1.73,1.604,1.407,1.216,1.012,0.854,0.783,0.766,0.737,0.713,0.669,0.591,0.492,0.404,0.318,0.254,0.227,0.222,0.217,0.216,0.208,0.184,0.152,0.124,0.099,0.078,0.062,0.051,0.038,0.028,0.022,0.016,0.01,0.007,0.006,0.004,0.003,0.001
CPV,1971,9.529,9.409,9.614,9.721,9.735,9.667,9.531,9.343,9.07,8.704,8.278,7.812,7.278,6.865,6.658,6.567,6.448,6.369,6.079,5.45,4.626,3.86,3.089,2.523,2.288,2.28,2.254,2.243,2.29,2.389,2.518,2.676,2.868,2.987,2.984,2.901,2.826,2.737,2.663,2.626,2.605,2.571,2.545,2.444,2.228,1.948,1.681,1.405,1.221,1.187,1.254,1.309,1.377,1.431,1.45,1.447,1.455,1.459,1.48,1.528,1.587,1.638,1.694,1.679,1.553,1.36,1.171,0.969,0.814,0.742,0.723,0.693,0.667,0.625,0.548,0.454,0.371,0.29,0.23,0.203,0.198,0.192,0.19,0.183,0.161,0.132,0.107,0.085,0.067,0.054,0.043,0.032,0.023,0.019,0.014,0.009,0.006,0.004,0.003,0.001
CPV,1972,9.563,9.701,9.225,9.37,9.447,9.459,9.406,9.307,9.181,8.944,8.567,8.1,7.606,7.048,6.615,6.399,6.306,6.182,6.099,5.812,5.201,4.4,3.658,2.913,2.366,2.138,2.13,2.105,2.096,2.146,2.249,2.388,2.552,2.75,2.876,2.879,2.801,2.732,2.649,2.581,2.548,2.531,2.5,2.477,2.379,2.169,1.894,1.632,1.36,1.179,1.147,1.214,1.27,1.337,1.391,1.409,1.405,1.412,1.416,1.434,1.479,1.532,1.578,1.63,1.612,1.489,1.299,1.115,0.918,0.766,0.695,0.674,0.642,0.615,0.573,0.501,0.412,0.335,0.259,0.202,0.177,0.172,0.165,0.164,0.157,0.138,0.111,0.09,0.07,0.056,0.044,0.034,0.025,0.019,0.015,0.011,0.007,0.004,0.003,0.001
CPV,1973,9.633,9.558,9.482,9.006,9.088,9.136,9.144,9.108,9.048,8.982,8.782,8.395,7.89,7.369,6.791,6.34,6.115,6.02,5.894,5.805,5.524,4.931,4.156,3.442,2.725,2.2,1.981,1.972,1.95,1.94,1.993,2.103,2.249,2.419,2.623,2.754,2.763,2.692,2.628,2.551,2.488,2.461,2.447,2.419,2.4,2.306,2.101,1.832,1.576,1.309,1.134,1.103,1.169,1.225,1.291,1.345,1.361,1.358,1.364,1.367,1.384,1.424,1.472,1.513,1.56,1.54,1.419,1.234,1.054,0.863,0.715,0.644,0.622,0.59,0.562,0.52,0.453,0.369,0.297,0.227,0.175,0.151,0.144,0.139,0.136,0.13,0.113,0.09,0.071,0.055,0.043,0.034,0.026,0.018,0.013,0.012,0.009,0.004,0.003,0.001
CPV,1974,9.752,9.461,9.237,9.071,8.802,8.823,8.842,8.847,8.828,8.805,8.799,8.636,8.239,7.695,7.147,6.546,6.078,5.845,5.748,5.617,5.525,5.247,4.671,3.922,3.233,2.545,2.039,1.827,1.819,1.797,1.79,1.845,1.96,2.113,2.29,2.5,2.637,2.653,2.587,2.53,2.459,2.401,2.377,2.368,2.344,2.327,2.238,2.037,1.774,1.524,1.262,1.089,1.062,1.128,1.183,1.249,1.301,1.318,1.313,1.318,1.32,1.335,1.372,1.415,1.452,1.494,1.471,1.351,1.171,0.996,0.81,0.666,0.595,0.572,0.539,0.509,0.469,0.404,0.328,0.26,0.196,0.148,0.125,0.118,0.112,0.11,0.104,0.09,0.07,0.053,0.04,0.032,0.024,0.018,0.012,0.009,0.007,0.006,0.003,0.001
CPV,1975,9.922,9.461,9.121,8.883,8.728,8.64,8.6,8.589,8.591,8.588,8.603,8.658,8.531,8.121,7.536,6.959,6.333,5.846,5.603,5.502,5.368,5.27,4.996,4.435,3.707,3.04,2.375,1.888,1.684,1.674,1.654,1.648,1.706,1.828,1.989,2.174,2.39,2.534,2.556,2.496,2.444,2.378,2.325,2.306,2.3,2.279,2.266,2.179,1.984,1.725,1.479,1.22,1.051,1.024,1.091,1.146,1.211,1.264,1.28,1.275,1.279,1.28,1.293,1.325,1.365,1.397,1.433,1.408,1.29,1.115,0.943,0.762,0.62,0.549,0.524,0.49,0.459,0.419,0.358,0.287,0.225,0.166,0.122,0.1,0.092,0.086,0.083,0.078,0.065,0.049,0.035,0.025,0.021,0.015,0.009,0.006,0.004,0.004,0.003,0.001
CPV,1976,10.012,9.617,9.22,8.931,8.734,8.611,8.543,8.515,8.512,8.521,8.52,8.532,8.583,8.437,7.99,7.355,6.732,6.058,5.535,5.273,5.17,5.031,4.928,4.666,4.14,3.463,2.845,2.235,1.786,1.592,1.578,1.554,1.544,1.6,1.724,1.891,2.079,2.296,2.443,2.468,2.413,2.365,2.304,2.254,2.238,2.233,2.214,2.202,2.118,1.927,1.673,1.432,1.179,1.013,0.987,1.052,1.107,1.17,1.22,1.235,1.227,1.23,1.23,1.24,1.268,1.302,1.327,1.358,1.331,1.216,1.046,0.881,0.708,0.571,0.502,0.477,0.444,0.414,0.376,0.32,0.255,0.198,0.145,0.105,0.086,0.079,0.074,0.071,0.066,0.056,0.041,0.029,0.021,0.018,0.013,0.007,0.004,0.004,0.003,0.001
CPV,1977,10.158,9.536,9.354,9.019,8.781,8.624,8.531,8.485,8.467,8.472,8.486,8.489,8.499,8.545,8.381,7.895,7.209,6.537,5.812,5.25,4.97,4.862,4.72,4.611,4.359,3.865,3.235,2.665,2.106,1.692,1.51,1.488,1.463,1.448,1.502,1.629,1.803,1.994,2.214,2.364,2.393,2.341,2.297,2.24,2.194,2.179,2.177,2.16,2.148,2.067,1.879,1.63,1.393,1.144,0.98,0.954,1.018,1.072,1.134,1.182,1.196,1.187,1.188,1.186,1.193,1.217,1.244,1.265,1.289,1.26,1.148,0.984,0.825,0.656,0.525,0.458,0.432,0.399,0.37,0.335,0.283,0.224,0.173,0.126,0.091,0.072,0.066,0.062,0.059,0.054,0.045,0.033,0.023,0.017,0.013,0.01,0.006,0.004,0.003,0.001
CPV,1978,10.364,9.713,9.216,9.126,8.852,8.663,8.545,8.483,8.457,8.451,8.463,8.483,8.489,8.497,8.539,8.355,7.829,7.089,6.364,5.589,4.986,4.687,4.574,4.426,4.311,4.069,3.607,3.02,2.494,1.984,1.606,1.432,1.405,1.376,1.357,1.409,1.54,1.72,1.917,2.14,2.293,2.326,2.278,2.238,2.185,2.142,2.13,2.129,2.113,2.103,2.024,1.839,1.593,1.359,1.113,0.95,0.925,0.988,1.041,1.102,1.148,1.16,1.15,1.149,1.146,1.151,1.17,1.192,1.206,1.226,1.193,1.084,0.924,0.771,0.607,0.48,0.414,0.389,0.357,0.329,0.295,0.248,0.194,0.148,0.107,0.075,0.059,0.053,0.051,0.047,0.043,0.035,0.026,0.018,0.013,0.01,0.007,0.004,0.003,0.001
CPV,1979,10.626,9.96,9.437,9.042,8.92,8.705,8.565,8.486,8.453,8.449,8.454,8.473,8.5,8.509,8.514,8.553,8.349,7.78,6.984,6.206,5.375,4.732,4.412,4.295,4.142,4.02,3.786,3.354,2.811,2.328,1.867,1.522,1.358,1.324,1.292,1.269,1.319,1.453,1.642,1.843,2.07,2.227,2.263,2.22,2.184,2.135,2.094,2.085,2.085,2.071,2.062,1.984,1.802,1.559,1.328,1.084,0.923,0.898,0.961,1.012,1.071,1.117,1.128,1.116,1.113,1.109,1.111,1.124,1.14,1.15,1.165,1.13,1.021,0.867,0.717,0.56,0.437,0.372,0.347,0.315,0.287,0.255,0.212,0.164,0.124,0.087,0.06,0.046,0.04,0.039,0.036,0.032,0.026,0.017,0.012,0.009,0.007,0.005,0.003,0.001
CPV,1980,10.942,10.26,9.711,9.28,8.956,8.724,8.569,8.479,8.439,8.437,8.454,8.47,8.496,8.529,8.541,8.543,8.578,8.354,7.741,6.888,6.054,5.166,4.479,4.139,4.017,3.858,3.73,3.506,3.104,2.603,2.165,1.751,1.439,1.285,1.244,1.208,1.182,1.23,1.369,1.565,1.771,2.003,2.163,2.204,2.164,2.132,2.086,2.049,2.042,2.043,2.03,2.023,1.946,1.766,1.526,1.297,1.056,0.897,0.871,0.934,0.984,1.043,1.087,1.096,1.083,1.078,1.072,1.072,1.081,1.091,1.096,1.105,1.067,0.96,0.81,0.665,0.513,0.393,0.331,0.304,0.273,0.245,0.216,0.176,0.134,0.099,0.068,0.045,0.032,0.027,0.027,0.024,0.021,0.015,0.009,0.006,0.004,0.003,0.003,0.001
CPV,1981,11.214,10.673,10.047,9.536,9.131,8.817,8.584,8.417,8.317,8.278,8.283,8.299,8.313,8.334,8.358,8.358,8.349,8.373,8.144,7.535,6.691,5.867,4.989,4.315,3.991,3.888,3.749,3.642,3.435,3.045,2.554,2.124,1.719,1.414,1.264,1.225,1.19,1.164,1.212,1.35,1.545,1.75,1.979,2.139,2.178,2.139,2.108,2.063,2.027,2.019,2.022,2.009,2.001,1.924,1.748,1.513,1.287,1.05,0.892,0.867,0.925,0.972,1.027,1.068,1.072,1.053,1.044,1.034,1.028,1.031,1.034,1.033,1.035,0.994,0.891,0.749,0.612,0.467,0.355,0.296,0.271,0.243,0.216,0.189,0.154,0.116,0.084,0.058,0.038,0.027,0.023,0.022,0.021,0.016,0.013,0.007,0.004,0.003,0.003,0.001
CPV,1982,11.546,10.845,10.436,9.865,9.392,9.008,8.705,8.47,8.29,8.18,8.141,8.151,8.169,8.181,8.197,8.212,8.199,8.18,8.193,7.958,7.35,6.512,5.694,4.824,4.16,3.852,3.77,3.65,3.563,3.373,2.995,2.511,2.089,1.691,1.392,1.245,1.209,1.176,1.15,1.197,1.335,1.529,1.733,1.961,2.119,2.159,2.12,2.09,2.045,2.009,2.002,2.004,1.992,1.983,1.909,1.735,1.502,1.281,1.046,0.89,0.863,0.919,0.963,1.015,1.051,1.05,1.028,1.013,0.998,0.987,0.983,0.98,0.972,0.967,0.924,0.824,0.69,0.559,0.424,0.317,0.261,0.238,0.211,0.187,0.163,0.132,0.098,0.07,0.047,0.032,0.023,0.019,0.018,0.016,0.013,0.01,0.006,0.003,0.003,0.001
CPV,1983,11.9,11.201,10.591,10.211,9.694,9.257,8.896,8.603,8.366,8.172,8.053,8.014,8.031,8.048,8.058,8.07,8.074,8.05,8.02,8.022,7.779,7.171,6.34,5.527,4.662,4.008,3.717,3.653,3.553,3.487,3.315,2.948,2.47,2.056,1.665,1.371,1.228,1.193,1.161,1.136,1.184,1.321,1.515,1.718,1.944,2.101,2.142,2.104,2.074,2.03,1.994,1.987,1.989,1.977,1.968,1.894,1.722,1.494,1.276,1.044,0.89,0.861,0.913,0.955,1.003,1.035,1.03,1.002,0.983,0.964,0.948,0.937,0.927,0.912,0.9,0.855,0.758,0.631,0.508,0.38,0.28,0.227,0.206,0.181,0.159,0.137,0.111,0.081,0.056,0.037,0.026,0.019,0.014,0.013,0.012,0.01,0.007,0.004,0.003,0.001
CPV,1984,12.229,11.545,10.931,10.383,9.981,9.517,9.117,8.778,8.496,8.258,8.05,7.92,7.882,7.905,7.923,7.931,7.937,7.932,7.896,7.854,7.845,7.596,6.989,6.163,5.355,4.496,3.854,3.578,3.535,3.454,3.408,3.254,2.899,2.429,2.021,1.638,1.35,1.21,1.178,1.147,1.122,1.17,1.307,1.5,1.702,1.926,2.084,2.123,2.086,2.056,2.013,1.978,1.971,1.973,1.96,1.951,1.879,1.71,1.485,1.269,1.041,0.889,0.859,0.908,0.945,0.99,1.018,1.009,0.976,0.952,0.929,0.907,0.89,0.872,0.851,0.833,0.784,0.691,0.572,0.456,0.336,0.243,0.194,0.173,0.151,0.131,0.112,0.089,0.064,0.042,0.026,0.019,0.014,0.01,0.009,0.009,0.007,0.005,0.003,0.001
CPV,1985,12.502,11.85,11.247,10.695,10.19,9.734,9.326,8.963,8.648,8.376,8.137,7.916,7.775,7.739,7.768,7.786,7.792,7.792,7.778,7.73,7.677,7.657,7.402,6.796,5.976,5.177,4.325,3.694,3.435,3.412,3.35,3.325,3.188,2.845,2.384,1.985,1.609,1.327,1.191,1.16,1.131,1.106,1.154,1.291,1.482,1.683,1.906,2.061,2.101,2.065,2.035,1.993,1.959,1.951,1.954,1.941,1.932,1.859,1.694,1.474,1.261,1.037,0.886,0.855,0.901,0.935,0.977,1,0.987,0.95,0.92,0.893,0.866,0.841,0.818,0.789,0.764,0.714,0.624,0.512,0.403,0.292,0.205,0.159,0.14,0.119,0.102,0.086,0.066,0.045,0.027,0.017,0.013,0.01,0.006,0.005,0.004,0.003,0.003,0.001
CPV,1986,12.711,12.237,11.625,11.052,10.519,10.027,9.574,9.158,8.794,8.489,8.236,8.008,7.799,7.653,7.584,7.565,7.54,7.502,7.468,7.433,7.375,7.313,7.283,7.039,6.473,5.712,4.97,4.181,3.598,3.361,3.345,3.293,3.276,3.147,2.813,2.361,1.969,1.597,1.32,1.192,1.173,1.151,1.135,1.186,1.319,1.503,1.695,1.91,2.058,2.092,2.052,2.017,1.968,1.931,1.921,1.924,1.912,1.901,1.831,1.669,1.453,1.244,1.024,0.874,0.842,0.883,0.914,0.951,0.97,0.952,0.91,0.877,0.845,0.814,0.786,0.757,0.726,0.698,0.646,0.563,0.459,0.36,0.258,0.179,0.137,0.121,0.102,0.088,0.073,0.056,0.038,0.023,0.014,0.011,0.008,0.005,0.004,0.003,0.003,0.001
CPV,1987,12.86,12.318,11.964,11.394,10.851,10.337,9.858,9.408,8.984,8.619,8.325,8.089,7.874,7.677,7.525,7.424,7.358,7.289,7.208,7.138,7.083,7.018,6.947,6.907,6.672,6.147,5.445,4.761,4.035,3.5,3.287,3.275,3.232,3.226,3.104,2.779,2.337,1.952,1.584,1.313,1.194,1.183,1.171,1.162,1.217,1.347,1.523,1.707,1.913,2.054,2.082,2.035,1.996,1.943,1.902,1.891,1.893,1.88,1.871,1.802,1.642,1.43,1.225,1.01,0.862,0.827,0.865,0.892,0.925,0.939,0.917,0.87,0.833,0.797,0.761,0.73,0.697,0.663,0.631,0.58,0.502,0.408,0.317,0.225,0.153,0.115,0.101,0.086,0.073,0.061,0.046,0.03,0.018,0.011,0.008,0.006,0.004,0.003,0.002,0.001
CPV,1988,12.973,12.503,12.022,11.701,11.17,10.656,10.163,9.696,9.248,8.817,8.45,8.167,7.949,7.745,7.559,7.403,7.271,7.157,7.044,6.92,6.816,6.74,6.666,6.587,6.536,6.312,5.826,5.182,4.557,3.892,3.405,3.214,3.208,3.176,3.176,3.064,2.748,2.315,1.936,1.572,1.306,1.196,1.196,1.191,1.191,1.248,1.375,1.543,1.72,1.917,2.049,2.072,2.022,1.978,1.919,1.874,1.862,1.863,1.851,1.841,1.773,1.617,1.408,1.208,0.996,0.851,0.815,0.848,0.871,0.899,0.91,0.882,0.831,0.789,0.749,0.71,0.674,0.638,0.6,0.565,0.514,0.441,0.356,0.275,0.191,0.127,0.094,0.082,0.068,0.059,0.049,0.037,0.023,0.013,0.008,0.007,0.004,0.003,0.001,0.001
CPV,1989,13.081,12.689,12.268,11.826,11.47,10.978,10.491,10.017,9.559,9.114,8.674,8.305,8.033,7.83,7.638,7.464,7.3,7.137,6.975,6.817,6.651,6.512,6.416,6.333,6.244,6.182,5.969,5.521,4.933,4.364,3.76,3.319,3.15,3.15,3.127,3.136,3.031,2.723,2.299,1.925,1.565,1.303,1.202,1.211,1.214,1.222,1.283,1.407,1.567,1.737,1.927,2.052,2.069,2.014,1.964,1.9,1.852,1.837,1.839,1.826,1.816,1.75,1.596,1.391,1.193,0.985,0.841,0.803,0.833,0.852,0.876,0.882,0.851,0.795,0.748,0.705,0.661,0.62,0.58,0.539,0.499,0.449,0.382,0.305,0.232,0.159,0.102,0.073,0.062,0.051,0.044,0.037,0.026,0.016,0.008,0.006,0.004,0.003,0.001,0.001
CPV,1990,13.205,12.892,12.536,12.144,11.723,11.282,10.827,10.367,9.909,9.46,9.015,8.565,8.191,7.928,7.743,7.56,7.397,7.226,7.03,6.819,6.618,6.407,6.232,6.115,6.022,5.924,5.852,5.647,5.236,4.702,4.187,3.641,3.245,3.098,3.104,3.089,3.108,3.01,2.71,2.292,1.922,1.563,1.306,1.211,1.23,1.243,1.258,1.324,1.445,1.598,1.761,1.943,2.061,2.073,2.013,1.958,1.888,1.836,1.82,1.822,1.809,1.799,1.732,1.58,1.379,1.184,0.979,0.836,0.795,0.82,0.836,0.856,0.858,0.822,0.761,0.71,0.662,0.614,0.568,0.524,0.479,0.436,0.386,0.324,0.256,0.191,0.126,0.077,0.051,0.043,0.035,0.03,0.024,0.017,0.008,0.004,0.003,0.003,0.001,0.001
CPV,1991,13.172,13.034,12.742,12.405,12.03,11.625,11.198,10.756,10.302,9.84,9.381,8.926,8.465,8.079,7.807,7.612,7.422,7.248,7.075,6.884,6.685,6.495,6.297,6.133,6.023,5.935,5.843,5.777,5.579,5.175,4.649,4.141,3.601,3.212,3.071,3.082,3.073,3.097,3.002,2.704,2.285,1.915,1.555,1.295,1.2,1.218,1.229,1.243,1.306,1.426,1.579,1.74,1.921,2.039,2.05,1.991,1.936,1.868,1.814,1.796,1.794,1.778,1.764,1.696,1.545,1.347,1.156,0.954,0.811,0.767,0.786,0.795,0.808,0.806,0.766,0.705,0.653,0.604,0.556,0.512,0.469,0.426,0.385,0.338,0.282,0.222,0.163,0.107,0.066,0.044,0.036,0.029,0.025,0.02,0.014,0.007,0.004,0.003,0.001,0.001
CPV,1992,13.165,13.011,12.919,12.646,12.326,11.967,11.576,11.161,10.731,10.281,9.814,9.343,8.874,8.401,8.003,7.719,7.515,7.314,7.13,6.953,6.767,6.579,6.4,6.214,6.061,5.957,5.874,5.788,5.727,5.534,5.136,4.615,4.111,3.577,3.191,3.056,3.075,3.07,3.099,3.009,2.709,2.288,1.916,1.553,1.292,1.194,1.211,1.22,1.232,1.294,1.413,1.566,1.727,1.908,2.025,2.036,1.977,1.923,1.855,1.801,1.779,1.775,1.754,1.736,1.666,1.516,1.322,1.133,0.933,0.791,0.743,0.755,0.757,0.765,0.756,0.715,0.653,0.6,0.55,0.502,0.458,0.416,0.375,0.335,0.292,0.242,0.189,0.136,0.087,0.055,0.037,0.029,0.023,0.02,0.016,0.011,0.006,0.003,0.001,0.001
CPV,1993,13.137,13.063,12.922,12.836,12.582,12.279,11.935,11.556,11.151,10.733,10.286,9.811,9.327,8.845,8.357,7.946,7.65,7.436,7.225,7.031,6.848,6.666,6.489,6.321,6.146,6.003,5.906,5.828,5.746,5.691,5.503,5.109,4.593,4.092,3.561,3.179,3.05,3.074,3.075,3.11,3.021,2.722,2.298,1.922,1.555,1.291,1.191,1.207,1.214,1.225,1.285,1.404,1.556,1.718,1.899,2.016,2.027,1.968,1.914,1.846,1.792,1.768,1.759,1.735,1.713,1.641,1.492,1.299,1.112,0.916,0.773,0.721,0.726,0.721,0.723,0.71,0.665,0.602,0.547,0.497,0.448,0.404,0.364,0.324,0.287,0.247,0.202,0.157,0.11,0.068,0.044,0.03,0.022,0.017,0.015,0.012,0.008,0.004,0.003,0.001
CPV,1994,13.026,13.042,12.988,12.866,12.76,12.525,12.239,11.909,11.543,11.15,10.74,10.297,9.816,9.317,8.821,8.319,7.892,7.586,7.362,7.14,6.935,6.747,6.571,6.404,6.246,6.084,5.95,5.859,5.785,5.707,5.659,5.476,5.086,4.573,4.077,3.547,3.17,3.044,3.075,3.082,3.122,3.036,2.735,2.308,1.929,1.559,1.291,1.19,1.204,1.209,1.219,1.277,1.396,1.549,1.71,1.892,2.008,2.019,1.961,1.907,1.839,1.783,1.757,1.745,1.717,1.691,1.616,1.468,1.277,1.093,0.898,0.755,0.698,0.696,0.686,0.682,0.663,0.616,0.55,0.495,0.443,0.395,0.352,0.312,0.274,0.238,0.201,0.162,0.125,0.082,0.049,0.034,0.024,0.016,0.012,0.01,0.008,0.006,0.003,0.001
CPV,1995,12.796,12.92,12.965,12.935,12.837,12.677,12.46,12.19,11.877,11.522,11.141,10.742,10.301,9.813,9.301,8.792,8.275,7.835,7.516,7.283,7.051,6.835,6.642,6.469,6.314,6.166,6.016,5.893,5.808,5.737,5.666,5.624,5.446,5.061,4.552,4.059,3.532,3.158,3.038,3.075,3.087,3.133,3.051,2.748,2.317,1.935,1.561,1.29,1.186,1.2,1.204,1.211,1.269,1.387,1.54,1.702,1.882,2,2.011,1.952,1.897,1.83,1.773,1.746,1.729,1.698,1.668,1.591,1.444,1.255,1.072,0.88,0.737,0.676,0.667,0.65,0.639,0.616,0.565,0.499,0.442,0.39,0.341,0.298,0.261,0.223,0.188,0.156,0.122,0.092,0.056,0.03,0.024,0.016,0.01,0.007,0.005,0.004,0.003,0.001
CPV,1996,12.418,12.789,12.916,12.965,12.941,12.848,12.692,12.48,12.212,11.892,11.53,11.138,10.73,10.277,9.772,9.24,8.711,8.176,7.721,7.39,7.149,6.913,6.691,6.497,6.328,6.18,6.041,5.899,5.788,5.719,5.664,5.61,5.583,5.42,5.043,4.537,4.049,3.527,3.153,3.027,3.053,3.055,3.088,3,2.701,2.279,1.905,1.539,1.276,1.178,1.196,1.206,1.218,1.28,1.4,1.554,1.716,1.896,2.012,2.021,1.958,1.9,1.83,1.768,1.733,1.709,1.672,1.633,1.551,1.404,1.218,1.038,0.848,0.706,0.641,0.628,0.607,0.593,0.567,0.517,0.453,0.397,0.347,0.302,0.261,0.227,0.193,0.162,0.134,0.105,0.078,0.046,0.025,0.019,0.013,0.007,0.005,0.004,0.003,0.001
CPV,1997,11.931,12.336,12.782,12.913,12.967,12.948,12.859,12.709,12.501,12.235,11.91,11.538,11.137,10.719,10.254,9.732,9.181,8.632,8.078,7.605,7.265,7.018,6.774,6.547,6.352,6.187,6.046,5.916,5.783,5.685,5.63,5.592,5.554,5.545,5.394,5.025,4.524,4.04,3.523,3.149,3.016,3.031,3.022,3.045,2.95,2.654,2.241,1.875,1.517,1.262,1.17,1.193,1.208,1.225,1.292,1.414,1.568,1.73,1.91,2.025,2.031,1.965,1.903,1.828,1.761,1.721,1.689,1.644,1.599,1.512,1.364,1.18,1.002,0.816,0.675,0.608,0.589,0.565,0.545,0.517,0.468,0.406,0.352,0.305,0.261,0.225,0.193,0.162,0.137,0.111,0.087,0.062,0.037,0.021,0.016,0.012,0.006,0.004,0.003,0.001
CPV,1998,11.425,11.959,12.376,12.773,12.907,12.966,12.951,12.867,12.722,12.519,12.253,11.925,11.542,11.132,10.706,10.228,9.689,9.117,8.551,7.977,7.489,7.138,6.883,6.633,6.402,6.205,6.044,5.911,5.789,5.666,5.579,5.539,5.518,5.498,5.505,5.368,5.006,4.51,4.03,3.518,3.143,3.005,3.009,2.99,3,2.9,2.607,2.203,1.845,1.495,1.247,1.163,1.19,1.21,1.233,1.302,1.426,1.581,1.744,1.923,2.037,2.041,1.971,1.905,1.827,1.755,1.708,1.67,1.617,1.565,1.472,1.325,1.143,0.967,0.784,0.643,0.574,0.55,0.521,0.499,0.469,0.419,0.358,0.308,0.262,0.222,0.188,0.16,0.132,0.11,0.09,0.069,0.047,0.027,0.016,0.012,0.009,0.004,0.003,0.001
CPV,1999,11.017,11.613,12.096,12.471,12.753,12.893,12.955,12.946,12.867,12.726,12.528,12.264,11.93,11.54,11.121,10.685,10.195,9.639,9.048,8.463,7.87,7.367,7.005,6.744,6.488,6.251,6.054,5.897,5.772,5.658,5.544,5.47,5.445,5.441,5.436,5.46,5.337,4.985,4.493,4.018,3.51,3.136,2.99,2.984,2.955,2.953,2.846,2.557,2.163,1.814,1.472,1.233,1.153,1.186,1.211,1.239,1.313,1.438,1.595,1.756,1.936,2.047,2.049,1.976,1.906,1.824,1.748,1.693,1.649,1.589,1.528,1.432,1.283,1.105,0.931,0.751,0.612,0.539,0.511,0.478,0.451,0.419,0.37,0.311,0.263,0.219,0.182,0.151,0.126,0.102,0.084,0.068,0.051,0.033,0.018,0.012,0.009,0.006,0.003,0.001
CPV,2000,10.79,11.35,11.822,12.205,12.506,12.727,12.869,12.935,12.931,12.857,12.721,12.529,12.266,11.928,11.528,11.101,10.657,10.155,9.582,8.974,8.37,7.759,7.241,6.868,6.601,6.339,6.097,5.9,5.746,5.629,5.524,5.419,5.357,5.347,5.359,5.371,5.412,5.302,4.958,4.472,4.002,3.499,3.126,2.974,2.958,2.917,2.905,2.792,2.506,2.122,1.781,1.448,1.217,1.143,1.181,1.21,1.244,1.322,1.449,1.606,1.768,1.947,2.057,2.055,1.979,1.906,1.82,1.738,1.678,1.626,1.56,1.491,1.39,1.242,1.066,0.894,0.718,0.58,0.504,0.471,0.435,0.404,0.369,0.32,0.264,0.217,0.176,0.141,0.114,0.093,0.071,0.057,0.046,0.034,0.017,0.008,0.007,0.004,0.003,0.001
CPV,2001,10.829,10.802,11.289,11.719,12.087,12.393,12.638,12.825,12.926,12.925,12.838,12.697,12.506,12.24,11.893,11.481,11.042,10.585,10.073,9.496,8.887,8.281,7.67,7.153,6.783,6.521,6.266,6.031,5.839,5.692,5.581,5.482,5.385,5.327,5.318,5.329,5.34,5.379,5.269,4.926,4.443,3.976,3.478,3.107,2.955,2.94,2.9,2.888,2.776,2.49,2.106,1.766,1.432,1.203,1.133,1.177,1.211,1.25,1.33,1.458,1.609,1.768,1.943,2.049,2.047,1.971,1.899,1.813,1.729,1.66,1.597,1.521,1.442,1.333,1.183,1.01,0.84,0.667,0.53,0.457,0.424,0.389,0.362,0.329,0.285,0.233,0.189,0.153,0.122,0.098,0.079,0.059,0.048,0.039,0.028,0.015,0.007,0.006,0.004,0.001
CPV,2002,11.046,11.201,10.793,11.206,11.593,11.945,12.255,12.525,12.758,12.89,12.893,12.792,12.647,12.458,12.189,11.834,11.412,10.961,10.492,9.972,9.392,8.781,8.177,7.565,7.05,6.685,6.429,6.18,5.951,5.767,5.627,5.522,5.43,5.34,5.287,5.278,5.288,5.296,5.334,5.224,4.885,4.406,3.943,3.448,3.081,2.931,2.915,2.877,2.865,2.754,2.47,2.087,1.747,1.415,1.186,1.122,1.169,1.209,1.254,1.337,1.462,1.61,1.764,1.933,2.037,2.034,1.959,1.886,1.801,1.714,1.638,1.565,1.478,1.389,1.274,1.122,0.952,0.785,0.614,0.481,0.409,0.378,0.344,0.319,0.29,0.248,0.2,0.16,0.129,0.103,0.082,0.064,0.048,0.038,0.031,0.022,0.012,0.007,0.004,0.002
CPV,2003,11.347,11.211,11.177,10.775,11.114,11.459,11.794,12.108,12.402,12.679,12.845,12.852,12.736,12.588,12.4,12.129,11.766,11.332,10.87,10.391,9.862,9.278,8.67,8.065,7.454,6.942,6.581,6.331,6.089,5.867,5.69,5.557,5.459,5.374,5.291,5.242,5.234,5.242,5.25,5.284,5.173,4.838,4.364,3.905,3.415,3.051,2.903,2.887,2.85,2.84,2.729,2.446,2.065,1.726,1.395,1.168,1.108,1.161,1.206,1.255,1.342,1.465,1.609,1.759,1.923,2.023,2.02,1.945,1.873,1.789,1.699,1.615,1.532,1.435,1.335,1.213,1.061,0.893,0.728,0.56,0.43,0.36,0.33,0.299,0.275,0.249,0.212,0.168,0.132,0.104,0.084,0.065,0.049,0.037,0.029,0.024,0.017,0.009,0.005,0.003
CPV,2004,11.594,11.214,10.996,10.917,10.763,11.028,11.33,11.649,11.967,12.286,12.608,12.806,12.817,12.688,12.536,12.349,12.074,11.704,11.259,10.787,10.295,9.759,9.172,8.563,7.959,7.348,6.837,6.482,6.238,6.001,5.787,5.616,5.49,5.399,5.32,5.245,5.2,5.193,5.199,5.204,5.237,5.126,4.792,4.323,3.869,3.383,3.023,2.876,2.861,2.825,2.815,2.706,2.424,2.044,1.707,1.376,1.152,1.095,1.155,1.204,1.258,1.347,1.468,1.608,1.754,1.913,2.01,2.005,1.933,1.86,1.776,1.685,1.593,1.499,1.392,1.282,1.154,1,0.835,0.672,0.507,0.38,0.311,0.282,0.254,0.233,0.21,0.175,0.135,0.103,0.08,0.064,0.05,0.035,0.025,0.02,0.016,0.011,0.006,0.003
CPV,2005,11.688,11.169,10.842,10.682,10.663,10.761,10.952,11.212,11.516,11.838,12.181,12.549,12.78,12.795,12.652,12.495,12.31,12.033,11.654,11.197,10.713,10.21,9.664,9.073,8.465,7.859,7.248,6.74,6.389,6.15,5.921,5.712,5.549,5.429,5.344,5.272,5.203,5.163,5.157,5.16,5.164,5.195,5.083,4.751,4.287,3.837,3.354,2.996,2.851,2.837,2.802,2.793,2.685,2.404,2.025,1.69,1.359,1.137,1.084,1.148,1.203,1.262,1.352,1.473,1.608,1.75,1.905,1.998,1.993,1.921,1.849,1.766,1.672,1.573,1.467,1.35,1.229,1.095,0.939,0.777,0.617,0.454,0.329,0.262,0.235,0.208,0.19,0.169,0.139,0.104,0.075,0.056,0.045,0.033,0.02,0.013,0.011,0.008,0.006,0.003
CPV,2006,11.541,11.407,10.999,10.746,10.629,10.628,10.72,10.881,11.114,11.407,11.729,12.061,12.414,12.622,12.609,12.434,12.249,12.034,11.742,11.369,10.932,10.468,9.987,9.469,8.916,8.35,7.788,7.222,6.75,6.42,6.193,5.973,5.774,5.615,5.491,5.399,5.317,5.238,5.186,5.168,5.159,5.15,5.165,5.047,4.725,4.279,3.845,3.382,3.034,2.883,2.854,2.804,2.782,2.663,2.379,2.002,1.667,1.336,1.114,1.063,1.129,1.186,1.249,1.338,1.451,1.574,1.703,1.845,1.929,1.924,1.856,1.787,1.71,1.617,1.513,1.4,1.278,1.152,1.015,0.866,0.712,0.561,0.408,0.29,0.228,0.203,0.182,0.164,0.146,0.118,0.087,0.063,0.047,0.038,0.028,0.017,0.011,0.01,0.006,0.003
CPV,2007,11.248,10.827,11.148,10.848,10.669,10.594,10.612,10.698,10.828,11.034,11.319,11.641,11.962,12.298,12.487,12.445,12.239,12.024,11.779,11.471,11.103,10.686,10.241,9.78,9.29,8.774,8.251,7.731,7.209,6.772,6.462,6.245,6.036,5.846,5.69,5.563,5.462,5.372,5.282,5.218,5.187,5.166,5.144,5.142,5.019,4.706,4.277,3.86,3.414,3.076,2.919,2.873,2.81,2.774,2.646,2.359,1.983,1.647,1.315,1.093,1.044,1.112,1.172,1.238,1.327,1.43,1.541,1.658,1.787,1.863,1.857,1.794,1.729,1.656,1.564,1.457,1.336,1.208,1.075,0.937,0.792,0.648,0.506,0.361,0.252,0.194,0.172,0.154,0.139,0.122,0.099,0.072,0.05,0.038,0.03,0.023,0.014,0.01,0.006,0.003
CPV,2008,10.89,10.632,10.464,10.901,10.709,10.603,10.572,10.607,10.687,10.787,10.967,11.243,11.566,11.877,12.197,12.364,12.295,12.056,11.811,11.538,11.214,10.85,10.451,10.026,9.584,9.122,8.643,8.16,7.683,7.205,6.801,6.513,6.306,6.106,5.925,5.771,5.641,5.531,5.432,5.332,5.256,5.212,5.178,5.142,5.126,4.997,4.692,4.281,3.878,3.451,3.121,2.958,2.896,2.82,2.77,2.63,2.341,1.966,1.629,1.296,1.073,1.026,1.097,1.159,1.229,1.316,1.411,1.509,1.616,1.732,1.799,1.793,1.733,1.672,1.603,1.514,1.401,1.274,1.139,1.001,0.86,0.719,0.585,0.451,0.315,0.213,0.16,0.14,0.127,0.114,0.099,0.078,0.056,0.038,0.029,0.023,0.017,0.01,0.006,0.003
CPV,2009,10.596,10.485,10.414,10.38,10.654,10.571,10.539,10.551,10.604,10.678,10.749,10.901,11.168,11.492,11.793,12.098,12.244,12.145,11.875,11.601,11.297,10.957,10.597,10.217,9.811,9.389,8.955,8.512,8.07,7.635,7.2,6.832,6.564,6.367,6.177,6.004,5.853,5.721,5.603,5.493,5.382,5.294,5.237,5.192,5.143,5.111,4.975,4.679,4.284,3.899,3.489,3.167,2.997,2.92,2.831,2.766,2.616,2.322,1.949,1.611,1.276,1.054,1.009,1.082,1.146,1.219,1.306,1.393,1.479,1.573,1.676,1.736,1.729,1.673,1.615,1.551,1.463,1.347,1.212,1.07,0.925,0.783,0.648,0.521,0.396,0.27,0.175,0.126,0.108,0.101,0.089,0.075,0.059,0.039,0.026,0.02,0.016,0.011,0.007,0.003
CPV,2010,10.452,10.422,10.401,10.39,10.391,10.404,10.431,10.471,10.527,10.598,10.665,10.706,10.832,11.09,11.414,11.704,11.994,12.12,11.993,11.691,11.387,11.052,10.696,10.34,9.98,9.593,9.191,8.784,8.377,7.978,7.585,7.193,6.86,6.612,6.424,6.245,6.081,5.933,5.797,5.671,5.552,5.431,5.331,5.263,5.205,5.142,5.095,4.952,4.665,4.287,3.917,3.525,3.212,3.037,2.944,2.84,2.762,2.602,2.304,1.931,1.593,1.257,1.036,0.991,1.066,1.134,1.21,1.296,1.375,1.448,1.53,1.62,1.672,1.665,1.613,1.559,1.499,1.412,1.291,1.148,1.002,0.85,0.705,0.575,0.458,0.341,0.224,0.137,0.092,0.076,0.074,0.064,0.052,0.038,0.023,0.014,0.011,0.008,0.006,0.003
CPV,2011,10.495,10.424,10.393,10.374,10.368,10.375,10.395,10.433,10.473,10.506,10.542,10.576,10.587,10.683,10.911,11.208,11.472,11.734,11.854,11.752,11.496,11.237,10.951,10.637,10.312,9.975,9.612,9.236,8.846,8.444,8.041,7.641,7.242,6.899,6.641,6.444,6.253,6.076,5.918,5.773,5.641,5.515,5.387,5.285,5.217,5.162,5.105,5.062,4.925,4.641,4.268,3.902,3.514,3.203,3.028,2.935,2.83,2.75,2.589,2.291,1.919,1.581,1.244,1.02,0.974,1.048,1.111,1.186,1.267,1.337,1.399,1.47,1.55,1.592,1.576,1.518,1.457,1.392,1.302,1.185,1.048,0.908,0.763,0.627,0.508,0.402,0.295,0.191,0.119,0.081,0.066,0.062,0.054,0.043,0.032,0.019,0.011,0.009,0.006,0.003
CPV,2012,10.684,10.576,10.394,10.361,10.344,10.343,10.356,10.385,10.435,10.473,10.484,10.484,10.486,10.466,10.532,10.73,10.999,11.236,11.472,11.585,11.509,11.3,11.085,10.846,10.574,10.281,9.967,9.63,9.28,8.906,8.508,8.1,7.695,7.288,6.936,6.668,6.461,6.259,6.07,5.9,5.746,5.607,5.476,5.343,5.237,5.17,5.12,5.067,5.029,4.897,4.617,4.247,3.885,3.502,3.195,3.02,2.926,2.819,2.738,2.576,2.278,1.906,1.568,1.23,1.005,0.957,1.028,1.091,1.163,1.238,1.299,1.349,1.41,1.479,1.511,1.487,1.422,1.356,1.285,1.193,1.078,0.947,0.814,0.677,0.549,0.441,0.348,0.249,0.158,0.101,0.069,0.054,0.051,0.043,0.036,0.026,0.016,0.01,0.007,0.003
CPV,2013,10.937,10.728,10.563,10.362,10.327,10.313,10.317,10.335,10.373,10.434,10.47,10.459,10.423,10.393,10.344,10.379,10.547,10.788,11,11.207,11.315,11.264,11.101,10.931,10.739,10.51,10.249,9.958,9.645,9.32,8.964,8.57,8.158,7.747,7.332,6.971,6.693,6.476,6.262,6.061,5.879,5.718,5.574,5.436,5.296,5.188,5.123,5.076,5.027,4.996,4.868,4.593,4.227,3.869,3.489,3.186,3.011,2.917,2.809,2.726,2.563,2.266,1.894,1.555,1.216,0.99,0.941,1.01,1.069,1.139,1.209,1.262,1.3,1.35,1.408,1.431,1.399,1.326,1.254,1.177,1.084,0.972,0.847,0.72,0.59,0.471,0.374,0.293,0.203,0.126,0.083,0.057,0.043,0.039,0.033,0.027,0.019,0.011,0.007,0.004
CPV,2014,11.138,10.855,10.633,10.466,10.333,10.296,10.284,10.293,10.317,10.363,10.436,10.472,10.437,10.365,10.303,10.224,10.229,10.367,10.58,10.767,10.947,11.047,11.022,10.905,10.781,10.635,10.449,10.217,9.951,9.663,9.364,9.024,8.634,8.218,7.801,7.378,7.008,6.721,6.493,6.267,6.053,5.861,5.692,5.541,5.398,5.253,5.141,5.076,5.034,4.99,4.963,4.84,4.57,4.207,3.853,3.478,3.177,3.004,2.908,2.8,2.714,2.551,2.253,1.882,1.543,1.202,0.976,0.925,0.992,1.049,1.116,1.182,1.224,1.251,1.29,1.339,1.351,1.311,1.232,1.153,1.071,0.974,0.865,0.747,0.627,0.503,0.394,0.307,0.238,0.158,0.094,0.065,0.045,0.032,0.027,0.023,0.019,0.013,0.007,0.004
CPV,2015,11.206,10.91,10.678,10.506,10.385,10.308,10.27,10.26,10.274,10.304,10.357,10.443,10.477,10.42,10.313,10.218,10.109,10.083,10.191,10.378,10.537,10.69,10.785,10.785,10.714,10.634,10.536,10.391,10.191,9.948,9.685,9.41,9.087,8.702,8.281,7.859,7.428,7.047,6.751,6.512,6.275,6.048,5.845,5.668,5.511,5.361,5.21,5.096,5.033,4.995,4.955,4.933,4.815,4.549,4.189,3.84,3.469,3.17,2.998,2.901,2.791,2.705,2.54,2.241,1.871,1.531,1.19,0.962,0.909,0.973,1.028,1.093,1.154,1.188,1.203,1.231,1.268,1.271,1.223,1.137,1.052,0.965,0.866,0.758,0.647,0.533,0.417,0.315,0.24,0.184,0.112,0.062,0.047,0.034,0.021,0.015,0.013,0.01,0.007,0.004
CPV,2016,11.09,11.09,10.854,10.663,10.513,10.401,10.321,10.264,10.235,10.229,10.241,10.271,10.332,10.341,10.258,10.128,10.012,9.881,9.851,9.979,10.201,10.396,10.587,10.716,10.742,10.689,10.63,10.554,10.423,10.227,9.977,9.709,9.428,9.098,8.711,8.289,7.865,7.431,7.047,6.747,6.506,6.265,6.035,5.829,5.649,5.492,5.342,5.19,5.075,5.008,4.967,4.924,4.898,4.777,4.51,4.15,3.799,3.429,3.13,2.954,2.854,2.742,2.652,2.485,2.192,1.827,1.492,1.156,0.93,0.876,0.936,0.986,1.047,1.1,1.127,1.133,1.152,1.181,1.178,1.126,1.041,0.956,0.868,0.773,0.674,0.572,0.465,0.36,0.275,0.208,0.155,0.093,0.052,0.04,0.029,0.018,0.013,0.01,0.007,0.004
CPV,2017,10.849,10.739,10.986,10.808,10.658,10.532,10.428,10.343,10.269,10.22,10.196,10.189,10.196,10.232,10.214,10.108,9.955,9.817,9.664,9.628,9.775,10.035,10.267,10.495,10.658,10.709,10.676,10.638,10.584,10.466,10.273,10.018,9.744,9.455,9.119,8.729,8.305,7.879,7.442,7.055,6.751,6.506,6.262,6.028,5.819,5.638,5.479,5.328,5.175,5.058,4.989,4.945,4.898,4.869,4.745,4.476,4.115,3.764,3.393,3.092,2.914,2.811,2.695,2.601,2.435,2.143,1.785,1.456,1.124,0.901,0.845,0.9,0.945,1,1.048,1.067,1.064,1.075,1.095,1.086,1.031,0.945,0.86,0.774,0.683,0.589,0.497,0.397,0.304,0.233,0.175,0.126,0.074,0.042,0.033,0.024,0.013,0.01,0.007,0.004
CPV,2018,10.541,10.578,10.6,10.887,10.769,10.659,10.556,10.46,10.37,10.28,10.21,10.168,10.142,10.126,10.137,10.095,9.963,9.787,9.628,9.452,9.41,9.578,9.875,10.142,10.409,10.606,10.683,10.669,10.651,10.618,10.515,10.323,10.064,9.784,9.488,9.144,8.751,8.327,7.898,7.457,7.067,6.759,6.51,6.262,6.024,5.812,5.629,5.469,5.316,5.163,5.044,4.972,4.924,4.874,4.841,4.715,4.444,4.082,3.73,3.358,3.056,2.875,2.768,2.651,2.553,2.384,2.097,1.744,1.419,1.094,0.872,0.814,0.863,0.903,0.955,0.998,1.007,0.996,0.998,1.01,0.994,0.936,0.849,0.766,0.679,0.591,0.506,0.423,0.331,0.248,0.192,0.143,0.097,0.056,0.033,0.025,0.018,0.01,0.007,0.003
CPV,2019,10.245,10.409,10.529,10.609,10.787,10.729,10.659,10.58,10.493,10.397,10.291,10.2,10.139,10.095,10.056,10.041,9.973,9.817,9.618,9.437,9.239,9.192,9.379,9.714,10.016,10.322,10.553,10.655,10.66,10.663,10.652,10.563,10.374,10.109,9.824,9.518,9.17,8.772,8.347,7.916,7.472,7.078,6.765,6.513,6.262,6.019,5.805,5.619,5.458,5.305,5.15,5.029,4.956,4.904,4.85,4.814,4.685,4.412,4.049,3.696,3.324,3.02,2.837,2.726,2.605,2.504,2.335,2.049,1.702,1.383,1.062,0.843,0.783,0.827,0.862,0.909,0.946,0.947,0.927,0.921,0.924,0.902,0.841,0.755,0.671,0.584,0.5,0.421,0.348,0.264,0.192,0.151,0.11,0.069,0.037,0.024,0.019,0.013,0.007,0.004
CPV,2020,10.022,10.259,10.439,10.566,10.646,10.684,10.686,10.655,10.598,10.521,10.421,10.297,10.186,10.106,10.043,9.981,9.942,9.849,9.667,9.445,9.243,9.021,8.969,9.178,9.548,9.888,10.23,10.496,10.624,10.648,10.672,10.682,10.607,10.421,10.151,9.859,9.546,9.191,8.791,8.366,7.931,7.483,7.086,6.77,6.514,6.259,6.013,5.796,5.608,5.446,5.291,5.136,5.013,4.936,4.881,4.824,4.784,4.654,4.379,4.014,3.661,3.288,2.984,2.797,2.684,2.559,2.454,2.284,2.002,1.66,1.346,1.031,0.813,0.751,0.79,0.821,0.864,0.894,0.888,0.858,0.843,0.838,0.81,0.746,0.659,0.575,0.489,0.408,0.337,0.273,0.196,0.136,0.11,0.078,0.04,0.018,0.014,0.011,0.007,0.004
CPV,2021,9.9,10.034,10.247,10.414,10.537,10.62,10.669,10.689,10.665,10.591,10.481,10.354,10.207,10.072,9.969,9.884,9.803,9.741,9.644,9.482,9.295,9.128,8.942,8.922,9.154,9.543,9.902,10.264,10.543,10.672,10.69,10.707,10.709,10.627,10.437,10.166,9.872,9.555,9.195,8.792,8.363,7.926,7.475,7.075,6.757,6.5,6.244,5.996,5.777,5.587,5.424,5.266,5.108,4.984,4.902,4.842,4.781,4.737,4.602,4.325,3.961,3.606,3.235,2.929,2.74,2.623,2.495,2.387,2.216,1.94,1.605,1.298,0.989,0.776,0.711,0.745,0.772,0.81,0.834,0.823,0.788,0.768,0.758,0.727,0.666,0.585,0.504,0.426,0.355,0.291,0.231,0.164,0.115,0.093,0.066,0.033,0.017,0.013,0.008,0.004
CPV,2022,9.849,10.044,10.041,10.229,10.384,10.505,10.591,10.65,10.688,10.67,10.578,10.436,10.283,10.112,9.954,9.828,9.722,9.619,9.538,9.435,9.292,9.141,9.008,8.859,8.872,9.128,9.534,9.911,10.295,10.584,10.715,10.728,10.738,10.732,10.643,10.449,10.177,9.88,9.559,9.196,8.79,8.358,7.917,7.464,7.061,6.742,6.483,6.226,5.977,5.756,5.565,5.398,5.239,5.079,4.951,4.866,4.802,4.735,4.686,4.549,4.27,3.906,3.551,3.179,2.873,2.682,2.562,2.431,2.319,2.148,1.876,1.55,1.249,0.948,0.739,0.672,0.7,0.721,0.754,0.775,0.758,0.718,0.693,0.678,0.645,0.586,0.51,0.433,0.361,0.301,0.245,0.189,0.132,0.093,0.075,0.053,0.026,0.015,0.01,0.004
CPV,2023,9.839,9.956,10.07,10.045,10.211,10.353,10.47,10.558,10.628,10.686,10.673,10.564,10.39,10.21,10.016,9.835,9.684,9.557,9.434,9.331,9.224,9.101,8.986,8.887,8.774,8.82,9.099,9.522,9.918,10.321,10.624,10.756,10.764,10.768,10.753,10.656,10.459,10.186,9.885,9.561,9.195,8.785,8.351,7.907,7.451,7.045,6.725,6.465,6.206,5.957,5.734,5.541,5.372,5.21,5.048,4.918,4.829,4.76,4.69,4.636,4.494,4.215,3.85,3.495,3.123,2.816,2.623,2.5,2.366,2.252,2.08,1.813,1.493,1.2,0.906,0.701,0.633,0.655,0.671,0.7,0.715,0.693,0.647,0.617,0.597,0.562,0.506,0.435,0.363,0.297,0.248,0.197,0.146,0.1,0.072,0.058,0.041,0.02,0.012,0.005
CPV,2024,9.824,9.865,9.929,10.013,10.052,10.193,10.323,10.437,10.529,10.609,10.685,10.679,10.551,10.344,10.138,9.922,9.716,9.542,9.394,9.251,9.127,9.014,8.912,8.831,8.767,8.691,8.768,9.072,9.513,9.928,10.351,10.666,10.799,10.8,10.798,10.775,10.671,10.471,10.196,9.893,9.566,9.196,8.783,8.345,7.898,7.439,7.032,6.71,6.448,6.188,5.937,5.714,5.519,5.347,5.183,5.019,4.886,4.793,4.719,4.644,4.586,4.442,4.16,3.794,3.439,3.068,2.761,2.565,2.439,2.302,2.183,2.012,1.749,1.438,1.152,0.865,0.664,0.593,0.609,0.621,0.646,0.656,0.628,0.577,0.542,0.517,0.479,0.426,0.361,0.292,0.233,0.195,0.151,0.104,0.068,0.051,0.04,0.028,0.014,0.007
CPV,2025,9.771,9.762,9.795,9.862,9.954,10.062,10.179,10.296,10.408,10.501,10.591,10.688,10.686,10.541,10.302,10.07,9.83,9.601,9.404,9.234,9.07,8.925,8.808,8.724,8.68,8.65,8.61,8.719,9.048,9.506,9.94,10.384,10.711,10.846,10.841,10.833,10.801,10.689,10.486,10.21,9.904,9.572,9.198,8.783,8.341,7.893,7.429,7.02,6.696,6.433,6.171,5.92,5.694,5.497,5.323,5.157,4.991,4.855,4.758,4.68,4.6,4.537,4.39,4.106,3.741,3.385,3.014,2.706,2.508,2.378,2.238,2.117,1.946,1.687,1.383,1.103,0.824,0.626,0.554,0.565,0.571,0.591,0.596,0.563,0.507,0.467,0.436,0.397,0.346,0.286,0.221,0.169,0.141,0.105,0.061,0.035,0.03,0.023,0.016,0.007
CPV,2026,9.663,9.715,9.733,9.784,9.862,9.958,10.066,10.178,10.287,10.383,10.462,10.534,10.613,10.593,10.431,10.176,9.929,9.673,9.439,9.257,9.114,8.977,8.859,8.766,8.7,8.669,8.654,8.629,8.749,9.076,9.53,9.959,10.396,10.716,10.848,10.841,10.83,10.795,10.68,10.473,10.195,9.885,9.551,9.175,8.757,8.316,7.866,7.402,6.99,6.665,6.401,6.137,5.883,5.655,5.455,5.279,5.109,4.941,4.801,4.699,4.615,4.531,4.463,4.311,4.026,3.661,3.307,2.939,2.63,2.431,2.296,2.154,2.029,1.858,1.606,1.313,1.043,0.774,0.583,0.511,0.518,0.521,0.537,0.54,0.506,0.451,0.411,0.382,0.346,0.298,0.242,0.186,0.143,0.119,0.088,0.051,0.032,0.025,0.017,0.008
CPV,2027,9.522,9.507,9.663,9.707,9.776,9.864,9.965,10.074,10.18,10.279,10.363,10.426,10.481,10.542,10.505,10.325,10.054,9.79,9.518,9.282,9.114,8.997,8.886,8.796,8.727,8.68,8.661,8.661,8.651,8.78,9.11,9.558,9.981,10.41,10.726,10.854,10.847,10.832,10.794,10.675,10.465,10.183,9.871,9.533,9.155,8.735,8.293,7.842,7.377,6.964,6.637,6.37,6.104,5.848,5.617,5.415,5.235,5.062,4.891,4.749,4.641,4.552,4.463,4.39,4.233,3.949,3.584,3.231,2.863,2.556,2.353,2.216,2.072,1.942,1.771,1.527,1.244,0.983,0.725,0.54,0.468,0.47,0.471,0.483,0.484,0.449,0.395,0.356,0.327,0.295,0.251,0.2,0.15,0.117,0.097,0.072,0.041,0.027,0.018,0.008
CPV,2028,9.366,9.375,9.422,9.613,9.682,9.77,9.87,9.976,10.082,10.185,10.274,10.345,10.391,10.43,10.473,10.418,10.22,9.933,9.654,9.366,9.126,8.973,8.883,8.797,8.734,8.69,8.66,8.656,8.67,8.676,8.813,9.144,9.588,10.006,10.428,10.737,10.863,10.853,10.836,10.794,10.672,10.459,10.174,9.859,9.517,9.136,8.716,8.272,7.819,7.354,6.939,6.61,6.341,6.072,5.814,5.58,5.376,5.193,5.018,4.844,4.697,4.585,4.491,4.396,4.317,4.157,3.871,3.508,3.155,2.789,2.482,2.277,2.136,1.988,1.856,1.686,1.447,1.175,0.924,0.676,0.497,0.425,0.423,0.42,0.43,0.427,0.393,0.34,0.3,0.274,0.244,0.205,0.156,0.115,0.091,0.074,0.054,0.03,0.019,0.009
CPV,2029,9.219,9.25,9.312,9.397,9.562,9.658,9.764,9.875,9.986,10.092,10.19,10.269,10.326,10.357,10.378,10.403,10.331,10.115,9.812,9.518,9.215,8.971,8.833,8.769,8.709,8.672,8.653,8.641,8.65,8.679,8.699,8.847,9.178,9.617,10.03,10.445,10.749,10.871,10.86,10.839,10.795,10.67,10.453,10.164,9.845,9.502,9.118,8.695,8.25,7.797,7.33,6.915,6.584,6.313,6.042,5.78,5.544,5.336,5.15,4.973,4.796,4.645,4.529,4.429,4.329,4.245,4.081,3.794,3.431,3.078,2.715,2.408,2.201,2.056,1.906,1.77,1.6,1.368,1.105,0.864,0.627,0.455,0.382,0.376,0.369,0.376,0.371,0.336,0.284,0.244,0.219,0.194,0.157,0.113,0.079,0.065,0.052,0.038,0.021,0.009
CPV,2030,9.099,9.141,9.207,9.294,9.396,9.511,9.632,9.756,9.879,9.995,10.101,10.193,10.264,10.307,10.321,10.325,10.333,10.243,10.01,9.691,9.381,9.061,8.814,8.69,8.653,8.619,8.61,8.615,8.621,8.644,8.687,8.723,8.879,9.211,9.645,10.053,10.462,10.759,10.879,10.866,10.843,10.794,10.666,10.446,10.154,9.832,9.485,9.098,8.674,8.228,7.774,7.307,6.889,6.556,6.283,6.009,5.746,5.508,5.296,5.108,4.927,4.748,4.593,4.472,4.367,4.261,4.172,4.005,3.716,3.354,3.003,2.64,2.334,2.125,1.976,1.822,1.682,1.514,1.288,1.036,0.804,0.578,0.412,0.339,0.329,0.319,0.323,0.315,0.28,0.228,0.188,0.165,0.143,0.111,0.07,0.045,0.038,0.031,0.021,0.01
CPV,2031,9.012,9.071,9.124,9.199,9.291,9.397,9.513,9.634,9.754,9.866,9.969,10.061,10.14,10.198,10.229,10.23,10.222,10.218,10.124,9.902,9.603,9.313,9.013,8.784,8.675,8.647,8.625,8.626,8.638,8.645,8.665,8.704,8.735,8.887,9.217,9.649,10.054,10.459,10.753,10.869,10.853,10.826,10.775,10.643,10.42,10.126,9.802,9.453,9.064,8.639,8.191,7.735,7.266,6.847,6.51,6.234,5.957,5.691,5.45,5.235,5.044,4.859,4.677,4.519,4.392,4.28,4.168,4.073,3.901,3.613,3.251,2.901,2.542,2.237,2.027,1.877,1.722,1.581,1.415,1.199,0.96,0.742,0.528,0.372,0.302,0.291,0.284,0.284,0.275,0.241,0.195,0.16,0.14,0.121,0.093,0.058,0.039,0.031,0.022,0.01
CPV,2032,8.949,8.971,9.044,9.107,9.191,9.289,9.398,9.515,9.637,9.752,9.854,9.943,10.022,10.087,10.131,10.149,10.138,10.118,10.102,10.006,9.795,9.515,9.244,8.965,8.754,8.658,8.641,8.629,8.642,8.661,8.669,8.685,8.721,8.747,8.895,9.221,9.652,10.055,10.456,10.747,10.86,10.839,10.81,10.755,10.62,10.395,10.098,9.772,9.421,9.03,8.603,8.154,7.695,7.224,6.803,6.465,6.185,5.906,5.636,5.391,5.174,4.979,4.792,4.605,4.443,4.311,4.192,4.075,3.973,3.798,3.508,3.148,2.8,2.443,2.141,1.929,1.777,1.621,1.479,1.317,1.11,0.884,0.678,0.478,0.332,0.265,0.252,0.25,0.246,0.234,0.204,0.161,0.13,0.114,0.097,0.075,0.046,0.031,0.022,0.011
CPV,2033,8.905,8.904,8.934,9.016,9.091,9.181,9.285,9.398,9.516,9.638,9.748,9.841,9.916,9.982,10.034,10.065,10.068,10.046,10.014,9.985,9.885,9.685,9.426,9.175,8.916,8.725,8.641,8.634,8.633,8.658,8.683,8.693,8.705,8.737,8.759,8.902,9.226,9.654,10.054,10.452,10.74,10.849,10.826,10.793,10.733,10.597,10.369,10.07,9.742,9.389,8.996,8.567,8.116,7.656,7.183,6.76,6.419,6.136,5.854,5.581,5.332,5.112,4.913,4.723,4.534,4.368,4.23,4.104,3.981,3.872,3.694,3.404,3.045,2.699,2.344,2.043,1.831,1.678,1.521,1.377,1.217,1.021,0.808,0.615,0.429,0.292,0.228,0.214,0.216,0.208,0.194,0.165,0.129,0.102,0.089,0.075,0.057,0.035,0.022,0.011
CPV,2034,8.862,8.843,8.857,8.901,8.988,9.073,9.172,9.282,9.398,9.517,9.638,9.745,9.828,9.889,9.941,9.98,9.997,9.987,9.952,9.909,9.867,9.766,9.576,9.337,9.105,8.868,8.694,8.623,8.627,8.637,8.673,8.706,8.716,8.725,8.753,8.769,8.909,9.23,9.657,10.053,10.448,10.733,10.838,10.812,10.775,10.712,10.572,10.342,10.041,9.711,9.356,8.961,8.53,8.078,7.616,7.141,6.716,6.372,6.087,5.801,5.525,5.275,5.051,4.849,4.654,4.463,4.292,4.149,4.017,3.887,3.773,3.589,3.299,2.941,2.597,2.246,1.946,1.734,1.578,1.42,1.275,1.118,0.931,0.731,0.551,0.379,0.252,0.191,0.176,0.182,0.169,0.153,0.127,0.095,0.073,0.063,0.053,0.04,0.023,0.011
CPV,2035,8.812,8.783,8.787,8.82,8.879,8.958,9.054,9.162,9.277,9.396,9.517,9.638,9.741,9.813,9.861,9.899,9.925,9.929,9.906,9.858,9.803,9.749,9.645,9.467,9.246,9.035,8.817,8.661,8.606,8.619,8.64,8.687,8.727,8.738,8.745,8.769,8.78,8.914,9.233,9.657,10.052,10.443,10.724,10.826,10.796,10.756,10.691,10.547,10.314,10.012,9.68,9.322,8.925,8.493,8.038,7.575,7.098,6.671,6.325,6.037,5.749,5.47,5.215,4.988,4.783,4.585,4.391,4.216,4.068,3.929,3.793,3.673,3.485,3.193,2.838,2.495,2.147,1.849,1.635,1.479,1.319,1.174,1.019,0.841,0.655,0.488,0.329,0.212,0.154,0.137,0.147,0.132,0.112,0.088,0.061,0.044,0.038,0.031,0.022,0.011
CPV,2036,8.757,8.78,8.768,8.784,8.825,8.886,8.965,9.056,9.159,9.266,9.376,9.488,9.599,9.692,9.753,9.792,9.821,9.838,9.839,9.824,9.791,9.751,9.713,9.621,9.453,9.241,9.037,8.828,8.679,8.623,8.634,8.652,8.695,8.731,8.741,8.746,8.769,8.778,8.91,9.225,9.647,10.037,10.425,10.702,10.802,10.769,10.726,10.656,10.51,10.274,9.968,9.633,9.272,8.873,8.438,7.981,7.515,7.036,6.606,6.258,5.965,5.674,5.39,5.133,4.902,4.692,4.491,4.294,4.115,3.959,3.812,3.669,3.54,3.35,3.058,2.707,2.369,2.026,1.733,1.523,1.369,1.214,1.072,0.925,0.758,0.588,0.43,0.286,0.187,0.137,0.119,0.125,0.112,0.095,0.074,0.051,0.037,0.03,0.022,0.011
CPV,2037,8.695,8.668,8.747,8.753,8.781,8.829,8.894,8.972,9.059,9.155,9.255,9.357,9.458,9.561,9.642,9.695,9.723,9.744,9.751,9.749,9.742,9.725,9.698,9.675,9.598,9.44,9.235,9.04,8.84,8.695,8.64,8.649,8.663,8.703,8.736,8.744,8.748,8.769,8.776,8.905,9.218,9.636,10.023,10.408,10.682,10.777,10.741,10.695,10.623,10.473,10.234,9.925,9.586,9.222,8.82,8.381,7.923,7.455,6.973,6.542,6.189,5.894,5.599,5.311,5.05,4.816,4.602,4.397,4.197,4.013,3.849,3.695,3.544,3.409,3.213,2.923,2.576,2.243,1.906,1.618,1.412,1.261,1.109,0.97,0.83,0.676,0.519,0.371,0.242,0.163,0.119,0.101,0.103,0.092,0.078,0.06,0.041,0.03,0.021,0.011
CPV,2038,8.628,8.613,8.621,8.714,8.737,8.777,8.833,8.901,8.978,9.061,9.151,9.243,9.337,9.428,9.52,9.593,9.634,9.654,9.665,9.664,9.659,9.661,9.658,9.645,9.637,9.573,9.425,9.23,9.042,8.85,8.711,8.657,8.663,8.675,8.71,8.74,8.746,8.749,8.769,8.773,8.9,9.209,9.624,10.008,10.389,10.66,10.752,10.713,10.664,10.588,10.435,10.193,9.88,9.54,9.171,8.766,8.326,7.865,7.395,6.91,6.476,6.121,5.822,5.524,5.233,4.967,4.728,4.512,4.303,4.099,3.911,3.74,3.578,3.419,3.276,3.077,2.787,2.445,2.117,1.786,1.503,1.3,1.152,1.004,0.868,0.735,0.593,0.451,0.313,0.199,0.138,0.102,0.083,0.082,0.073,0.06,0.047,0.031,0.021,0.011
CPV,2039,8.562,8.558,8.571,8.601,8.679,8.72,8.773,8.835,8.906,8.982,9.062,9.145,9.23,9.315,9.398,9.48,9.541,9.573,9.583,9.585,9.574,9.568,9.577,9.589,9.591,9.598,9.548,9.411,9.222,9.043,8.86,8.726,8.673,8.676,8.684,8.717,8.743,8.747,8.75,8.767,8.769,8.893,9.2,9.611,9.992,10.37,10.637,10.725,10.683,10.631,10.552,10.396,10.15,9.835,9.49,9.119,8.711,8.269,7.805,7.333,6.847,6.409,6.051,5.75,5.447,5.153,4.883,4.642,4.42,4.208,4.001,3.808,3.631,3.46,3.294,3.144,2.94,2.652,2.314,1.99,1.665,1.387,1.188,1.043,0.899,0.767,0.641,0.511,0.384,0.256,0.155,0.113,0.084,0.064,0.06,0.052,0.043,0.033,0.021,0.011
CPV,2040,8.498,8.503,8.522,8.552,8.594,8.644,8.703,8.766,8.837,8.91,8.986,9.061,9.138,9.216,9.292,9.365,9.437,9.488,9.51,9.51,9.504,9.483,9.475,9.491,9.518,9.535,9.558,9.521,9.394,9.213,9.042,8.868,8.74,8.686,8.687,8.693,8.721,8.744,8.747,8.748,8.764,8.764,8.886,9.189,9.597,9.973,10.347,10.611,10.696,10.652,10.595,10.514,10.355,10.106,9.788,9.44,9.066,8.655,8.21,7.745,7.27,6.782,6.342,5.981,5.676,5.37,5.073,4.8,4.554,4.328,4.113,3.903,3.705,3.521,3.341,3.168,3.011,2.803,2.516,2.182,1.863,1.544,1.272,1.077,0.934,0.793,0.665,0.546,0.427,0.316,0.197,0.112,0.088,0.066,0.045,0.038,0.033,0.027,0.019,0.011
CPV,2041,8.442,8.481,8.494,8.52,8.553,8.597,8.647,8.705,8.766,8.83,8.897,8.965,9.033,9.102,9.172,9.242,9.308,9.372,9.422,9.449,9.461,9.466,9.456,9.457,9.482,9.515,9.537,9.566,9.533,9.406,9.224,9.051,8.874,8.742,8.688,8.688,8.692,8.719,8.74,8.741,8.74,8.754,8.751,8.87,9.17,9.575,9.948,10.319,10.578,10.66,10.61,10.549,10.464,10.299,10.046,9.724,9.371,8.992,8.578,8.13,7.662,7.184,6.693,6.25,5.885,5.576,5.267,4.965,4.688,4.437,4.207,3.986,3.772,3.569,3.378,3.192,3.012,2.848,2.638,2.357,2.034,1.726,1.418,1.157,0.971,0.838,0.704,0.587,0.482,0.374,0.27,0.166,0.096,0.076,0.056,0.039,0.031,0.024,0.018,0.01
CPV,2042,8.387,8.404,8.463,8.485,8.516,8.555,8.599,8.651,8.707,8.765,8.824,8.883,8.944,9.004,9.065,9.128,9.189,9.249,9.306,9.354,9.387,9.411,9.426,9.428,9.44,9.472,9.509,9.539,9.573,9.544,9.418,9.233,9.058,8.879,8.745,8.689,8.688,8.692,8.716,8.735,8.733,8.731,8.742,8.739,8.854,9.151,9.552,9.922,10.289,10.544,10.621,10.567,10.501,10.412,10.243,9.985,9.658,9.301,8.918,8.499,8.048,7.578,7.097,6.604,6.157,5.789,5.476,5.163,4.857,4.575,4.319,4.085,3.859,3.642,3.435,3.236,3.042,2.855,2.685,2.474,2.198,1.886,1.587,1.292,1.041,0.866,0.741,0.614,0.509,0.417,0.321,0.224,0.134,0.081,0.063,0.047,0.031,0.023,0.017,0.009
CPV,2043,8.332,8.353,8.381,8.443,8.474,8.511,8.553,8.601,8.652,8.708,8.763,8.816,8.867,8.921,8.973,9.027,9.082,9.137,9.189,9.24,9.286,9.325,9.359,9.385,9.398,9.42,9.46,9.503,9.538,9.579,9.554,9.429,9.242,9.065,8.883,8.745,8.689,8.687,8.689,8.711,8.729,8.726,8.721,8.73,8.724,8.837,9.131,9.529,9.894,10.257,10.509,10.581,10.522,10.453,10.358,10.184,9.922,9.591,9.23,8.842,8.42,7.965,7.492,7.009,6.513,6.064,5.692,5.375,5.057,4.748,4.462,4.202,3.962,3.732,3.511,3.298,3.093,2.891,2.698,2.521,2.309,2.039,1.736,1.449,1.164,0.927,0.76,0.644,0.525,0.432,0.354,0.268,0.177,0.104,0.064,0.05,0.037,0.024,0.015,0.009
CPV,2044,8.274,8.299,8.33,8.366,8.423,8.462,8.505,8.551,8.601,8.652,8.706,8.759,8.806,8.851,8.896,8.942,8.987,9.034,9.082,9.128,9.172,9.216,9.261,9.305,9.343,9.367,9.399,9.446,9.495,9.536,9.583,9.562,9.437,9.249,9.069,8.884,8.745,8.687,8.684,8.685,8.705,8.721,8.716,8.709,8.716,8.708,8.818,9.108,9.503,9.865,10.224,10.472,10.539,10.476,10.403,10.302,10.124,9.858,9.522,9.157,8.766,8.339,7.881,7.406,6.921,6.421,5.97,5.594,5.273,4.952,4.638,4.348,4.083,3.838,3.604,3.379,3.162,2.949,2.74,2.54,2.357,2.143,1.879,1.587,1.31,1.038,0.811,0.655,0.547,0.436,0.353,0.289,0.215,0.132,0.072,0.048,0.038,0.027,0.017,0.009
CPV,2045,8.212,8.241,8.275,8.314,8.356,8.401,8.448,8.498,8.549,8.599,8.652,8.704,8.753,8.795,8.833,8.87,8.908,8.946,8.986,9.027,9.065,9.102,9.144,9.196,9.251,9.298,9.335,9.376,9.431,9.485,9.533,9.586,9.569,9.444,9.254,9.074,8.885,8.744,8.685,8.681,8.68,8.698,8.712,8.705,8.696,8.701,8.69,8.798,9.085,9.475,9.834,10.189,10.433,10.497,10.429,10.349,10.245,10.063,9.792,9.453,9.083,8.687,8.257,7.796,7.318,6.83,6.329,5.874,5.496,5.17,4.845,4.528,4.234,3.964,3.714,3.475,3.246,3.024,2.806,2.588,2.383,2.193,1.978,1.719,1.437,1.172,0.911,0.695,0.549,0.451,0.346,0.276,0.225,0.162,0.086,0.04,0.033,0.025,0.017,0.009
CPV,2046,8.151,8.202,8.236,8.273,8.314,8.358,8.404,8.451,8.498,8.545,8.59,8.636,8.684,8.727,8.763,8.794,8.827,8.86,8.896,8.941,8.99,9.037,9.082,9.131,9.188,9.248,9.299,9.34,9.385,9.44,9.492,9.538,9.589,9.57,9.444,9.254,9.071,8.882,8.739,8.678,8.673,8.669,8.686,8.698,8.689,8.679,8.681,8.668,8.773,9.056,9.441,9.795,10.144,10.382,10.44,10.365,10.28,10.169,9.981,9.704,9.359,8.983,8.581,8.146,7.682,7.201,6.709,6.205,5.747,5.363,5.033,4.705,4.382,4.085,3.81,3.555,3.312,3.082,2.856,2.635,2.417,2.209,2.019,1.809,1.562,1.299,1.045,0.803,0.617,0.483,0.388,0.294,0.235,0.192,0.137,0.072,0.038,0.029,0.019,0.011
CPV,2047,8.085,8.126,8.189,8.229,8.271,8.314,8.36,8.406,8.453,8.498,8.54,8.58,8.621,8.662,8.699,8.73,8.756,8.783,8.811,8.846,8.894,8.951,9.006,9.06,9.117,9.179,9.243,9.3,9.345,9.393,9.448,9.498,9.542,9.591,9.57,9.444,9.252,9.069,8.878,8.734,8.671,8.664,8.659,8.674,8.683,8.672,8.661,8.661,8.645,8.747,9.026,9.406,9.754,10.098,10.33,10.381,10.3,10.209,10.091,9.897,9.614,9.263,8.882,8.475,8.034,7.566,7.082,6.587,6.08,5.619,5.231,4.896,4.562,4.236,3.934,3.655,3.395,3.149,2.916,2.689,2.465,2.243,2.036,1.844,1.639,1.405,1.159,0.917,0.694,0.538,0.419,0.325,0.243,0.195,0.158,0.112,0.058,0.036,0.024,0.012
CPV,2048,8.017,8.063,8.11,8.177,8.221,8.266,8.313,8.359,8.406,8.453,8.496,8.535,8.568,8.603,8.639,8.671,8.695,8.716,8.739,8.761,8.794,8.847,8.912,8.974,9.037,9.101,9.169,9.238,9.299,9.348,9.399,9.454,9.504,9.546,9.592,9.568,9.44,9.248,9.065,8.873,8.727,8.662,8.653,8.646,8.66,8.667,8.654,8.641,8.639,8.621,8.72,8.994,9.369,9.712,10.05,10.276,10.322,10.234,10.137,10.013,9.813,9.523,9.167,8.78,8.367,7.922,7.45,6.962,6.464,5.955,5.49,5.098,4.758,4.42,4.09,3.784,3.5,3.236,2.986,2.749,2.521,2.294,2.071,1.862,1.67,1.468,1.247,1.021,0.789,0.586,0.46,0.353,0.261,0.192,0.155,0.124,0.088,0.045,0.03,0.013
CPV,2049,7.947,7.997,8.048,8.1,8.163,8.212,8.262,8.31,8.358,8.405,8.452,8.494,8.527,8.555,8.584,8.615,8.641,8.659,8.674,8.692,8.708,8.741,8.798,8.871,8.942,9.012,9.084,9.158,9.23,9.296,9.351,9.404,9.459,9.507,9.547,9.591,9.565,9.436,9.244,9.058,8.866,8.719,8.653,8.642,8.633,8.643,8.649,8.635,8.619,8.615,8.595,8.691,8.961,9.33,9.668,10.001,10.221,10.261,10.168,10.063,9.933,9.726,9.431,9.068,8.676,8.257,7.808,7.332,6.841,6.341,5.828,5.36,4.963,4.619,4.277,3.944,3.632,3.344,3.076,2.822,2.583,2.351,2.122,1.897,1.687,1.494,1.297,1.09,0.881,0.661,0.478,0.38,0.288,0.198,0.14,0.114,0.092,0.064,0.031,0.016
CPV,2050,7.877,7.93,7.983,8.038,8.092,8.147,8.201,8.254,8.306,8.354,8.402,8.449,8.489,8.518,8.541,8.563,8.588,8.609,8.621,8.631,8.643,8.654,8.685,8.747,8.829,8.907,8.985,9.066,9.144,9.221,9.291,9.35,9.407,9.462,9.508,9.546,9.588,9.561,9.43,9.237,9.051,8.857,8.708,8.64,8.629,8.618,8.627,8.63,8.614,8.597,8.59,8.568,8.661,8.926,9.29,9.622,9.949,10.163,10.197,10.098,9.987,9.85,9.637,9.337,8.969,8.571,8.147,7.693,7.213,6.719,6.215,5.701,5.229,4.829,4.48,4.133,3.796,3.48,3.188,2.914,2.658,2.416,2.182,1.95,1.724,1.513,1.319,1.128,0.932,0.742,0.533,0.37,0.301,0.223,0.135,0.089,0.074,0.058,0.04,0.018
CPV,2051,7.815,7.871,7.925,7.981,8.038,8.093,8.149,8.204,8.256,8.303,8.346,8.388,8.429,8.463,8.486,8.504,8.522,8.542,8.56,8.577,8.596,8.616,8.635,8.673,8.74,8.826,8.91,8.993,9.076,9.155,9.23,9.298,9.355,9.409,9.464,9.509,9.546,9.586,9.556,9.425,9.231,9.043,8.847,8.696,8.627,8.614,8.601,8.607,8.608,8.59,8.57,8.561,8.535,8.623,8.882,9.239,9.563,9.883,10.09,10.114,10.006,9.887,9.741,9.52,9.211,8.835,8.43,7.999,7.537,7.053,6.556,6.048,5.53,5.056,4.652,4.299,3.95,3.61,3.294,3,2.728,2.472,2.234,2.003,1.778,1.56,1.355,1.174,1.002,0.821,0.638,0.453,0.317,0.258,0.19,0.114,0.082,0.064,0.044,0.02
CPV,2052,7.754,7.805,7.863,7.92,7.978,8.036,8.093,8.149,8.206,8.257,8.299,8.336,8.372,8.408,8.436,8.454,8.465,8.478,8.493,8.51,8.531,8.558,8.586,8.614,8.661,8.733,8.823,8.91,8.999,9.084,9.163,9.238,9.303,9.358,9.411,9.463,9.508,9.544,9.582,9.551,9.418,9.222,9.033,8.835,8.683,8.613,8.597,8.583,8.586,8.585,8.564,8.541,8.529,8.5,8.583,8.837,9.186,9.504,9.815,10.013,10.03,9.913,9.785,9.631,9.401,9.083,8.701,8.288,7.849,7.382,6.893,6.391,5.88,5.359,4.881,4.475,4.118,3.765,3.424,3.106,2.813,2.541,2.286,2.05,1.824,1.605,1.397,1.197,1.029,0.876,0.709,0.535,0.373,0.266,0.215,0.158,0.093,0.068,0.046,0.022
CPV,2053,7.691,7.74,7.793,7.854,7.914,7.974,8.033,8.091,8.149,8.206,8.255,8.294,8.325,8.355,8.385,8.408,8.419,8.426,8.433,8.442,8.459,8.484,8.519,8.556,8.592,8.645,8.723,8.818,8.91,9.003,9.091,9.171,9.243,9.307,9.359,9.41,9.461,9.505,9.539,9.577,9.544,9.41,9.213,9.022,8.821,8.668,8.596,8.579,8.562,8.564,8.56,8.536,8.511,8.496,8.463,8.542,8.789,9.132,9.441,9.745,9.935,9.943,9.818,9.681,9.518,9.279,8.955,8.564,8.144,7.698,7.225,6.731,6.225,5.711,5.187,4.707,4.295,3.936,3.581,3.237,2.918,2.624,2.352,2.099,1.866,1.644,1.432,1.232,1.038,0.884,0.75,0.598,0.431,0.292,0.214,0.172,0.124,0.072,0.05,0.024
CPV,2054,7.627,7.673,7.725,7.78,7.844,7.905,7.967,8.028,8.088,8.147,8.204,8.253,8.287,8.312,8.335,8.36,8.377,8.383,8.384,8.387,8.391,8.405,8.436,8.479,8.523,8.567,8.629,8.713,8.811,8.907,9.005,9.096,9.176,9.247,9.31,9.36,9.407,9.457,9.501,9.533,9.568,9.535,9.399,9.201,9.008,8.807,8.652,8.578,8.559,8.541,8.54,8.534,8.507,8.479,8.461,8.425,8.5,8.741,9.075,9.377,9.674,9.856,9.855,9.721,9.576,9.405,9.158,8.825,8.426,7.998,7.545,7.066,6.567,6.058,5.54,5.014,4.531,4.116,3.753,3.395,3.05,2.729,2.436,2.164,1.913,1.68,1.464,1.26,1.068,0.879,0.739,0.625,0.487,0.327,0.212,0.162,0.129,0.092,0.051,0.026
CPV,2055,7.561,7.605,7.656,7.711,7.77,7.832,7.895,7.959,8.022,8.083,8.143,8.202,8.249,8.279,8.297,8.315,8.335,8.346,8.346,8.341,8.338,8.338,8.35,8.385,8.437,8.489,8.542,8.611,8.701,8.803,8.904,9.006,9.1,9.18,9.248,9.309,9.357,9.404,9.452,9.494,9.525,9.559,9.524,9.387,9.188,8.993,8.79,8.634,8.558,8.538,8.517,8.515,8.505,8.477,8.446,8.425,8.386,8.456,8.691,9.018,9.312,9.601,9.774,9.766,9.623,9.469,9.288,9.033,8.692,8.287,7.852,7.392,6.906,6.402,5.89,5.369,4.84,4.354,3.936,3.569,3.209,2.862,2.541,2.246,1.975,1.725,1.496,1.284,1.086,0.903,0.721,0.592,0.499,0.376,0.224,0.132,0.11,0.086,0.059,0.03
CPV,2056,7.5,7.552,7.6,7.654,7.712,7.772,7.835,7.899,7.961,8.019,8.074,8.128,8.181,8.223,8.248,8.26,8.273,8.287,8.297,8.302,8.305,8.311,8.318,8.339,8.38,8.435,8.492,8.55,8.621,8.712,8.812,8.912,9.011,9.103,9.182,9.25,9.309,9.356,9.401,9.447,9.488,9.517,9.549,9.513,9.374,9.173,8.978,8.772,8.614,8.535,8.513,8.49,8.483,8.472,8.439,8.404,8.379,8.335,8.398,8.625,8.942,9.225,9.504,9.666,9.645,9.49,9.324,9.133,8.865,8.515,8.098,7.654,7.185,6.692,6.183,5.668,5.146,4.617,4.132,3.715,3.351,2.994,2.652,2.337,2.052,1.792,1.55,1.336,1.144,0.959,0.782,0.617,0.509,0.427,0.32,0.189,0.122,0.096,0.066,0.032
CPV,2057,7.438,7.479,7.542,7.594,7.652,7.712,7.774,7.837,7.901,7.961,8.015,8.064,8.112,8.16,8.196,8.215,8.222,8.23,8.239,8.247,8.257,8.269,8.282,8.298,8.326,8.373,8.432,8.494,8.556,8.631,8.721,8.82,8.917,9.015,9.105,9.182,9.249,9.309,9.354,9.397,9.442,9.48,9.508,9.538,9.499,9.359,9.156,8.96,8.753,8.593,8.512,8.487,8.461,8.451,8.436,8.4,8.362,8.332,8.283,8.34,8.558,8.865,9.138,9.406,9.557,9.525,9.357,9.179,8.976,8.697,8.334,7.908,7.454,6.976,6.476,5.964,5.446,4.923,4.393,3.909,3.494,3.132,2.779,2.442,2.134,1.857,1.608,1.374,1.175,1.004,0.833,0.661,0.514,0.426,0.355,0.265,0.154,0.107,0.074,0.036
CPV,2058,7.374,7.415,7.462,7.531,7.587,7.648,7.71,7.774,7.837,7.901,7.959,8.01,8.053,8.096,8.138,8.168,8.181,8.183,8.186,8.189,8.197,8.211,8.23,8.252,8.276,8.312,8.364,8.428,8.494,8.561,8.639,8.729,8.826,8.922,9.018,9.105,9.182,9.248,9.305,9.349,9.391,9.434,9.471,9.497,9.525,9.485,9.343,9.139,8.941,8.733,8.57,8.488,8.46,8.432,8.418,8.399,8.359,8.317,8.284,8.231,8.281,8.49,8.787,9.05,9.307,9.446,9.402,9.222,9.032,8.817,8.528,8.154,7.717,7.255,6.767,6.26,5.743,5.223,4.699,4.168,3.684,3.272,2.912,2.563,2.231,1.93,1.663,1.425,1.197,1.014,0.864,0.706,0.54,0.412,0.343,0.285,0.21,0.119,0.083,0.041
CPV,2059,7.309,7.348,7.397,7.451,7.518,7.579,7.643,7.708,7.772,7.837,7.9,7.957,8.003,8.041,8.076,8.114,8.138,8.145,8.143,8.141,8.138,8.144,8.163,8.19,8.221,8.253,8.297,8.354,8.423,8.492,8.565,8.645,8.735,8.831,8.926,9.018,9.105,9.18,9.245,9.301,9.343,9.384,9.425,9.461,9.484,9.511,9.468,9.325,9.119,8.92,8.71,8.546,8.462,8.431,8.4,8.383,8.361,8.318,8.271,8.234,8.175,8.22,8.42,8.707,8.959,9.206,9.334,9.278,9.086,8.885,8.657,8.356,7.972,7.525,7.052,6.557,6.043,5.522,4.999,4.474,3.943,3.46,3.049,2.692,2.346,2.019,1.726,1.468,1.241,1.021,0.853,0.724,0.579,0.418,0.308,0.26,0.213,0.154,0.084,0.045
CPV,2060,7.241,7.281,7.329,7.382,7.441,7.504,7.569,7.636,7.703,7.769,7.834,7.898,7.952,7.995,8.026,8.056,8.088,8.107,8.108,8.1,8.093,8.086,8.09,8.113,8.15,8.187,8.229,8.28,8.342,8.415,8.49,8.566,8.65,8.74,8.835,8.927,9.017,9.101,9.175,9.24,9.295,9.336,9.374,9.415,9.447,9.47,9.494,9.45,9.305,9.099,8.898,8.686,8.52,8.433,8.401,8.367,8.346,8.32,8.274,8.225,8.181,8.119,8.157,8.348,8.624,8.867,9.102,9.219,9.152,8.948,8.734,8.495,8.183,7.788,7.331,6.849,6.345,5.824,5.299,4.774,4.247,3.717,3.235,2.826,2.471,2.13,1.808,1.521,1.272,1.056,0.844,0.693,0.583,0.451,0.297,0.205,0.176,0.141,0.099,0.049
CPV,2061,7.179,7.232,7.277,7.328,7.384,7.444,7.507,7.572,7.637,7.7,7.761,7.819,7.878,7.927,7.963,7.99,8.015,8.041,8.059,8.064,8.064,8.066,8.067,8.079,8.108,8.149,8.191,8.237,8.29,8.354,8.424,8.498,8.573,8.654,8.743,8.837,8.929,9.017,9.099,9.173,9.235,9.288,9.328,9.364,9.403,9.434,9.454,9.477,9.429,9.284,9.075,8.872,8.658,8.489,8.399,8.363,8.325,8.3,8.269,8.218,8.163,8.114,8.045,8.074,8.253,8.515,8.743,8.963,9.065,8.98,8.76,8.53,8.275,7.948,7.541,7.073,6.582,6.069,5.544,5.02,4.499,3.979,3.457,2.986,2.589,2.25,1.919,1.617,1.359,1.128,0.917,0.726,0.597,0.502,0.386,0.251,0.186,0.15,0.105,0.053
CPV,2062,7.114,7.155,7.222,7.271,7.326,7.384,7.446,7.509,7.574,7.638,7.696,7.751,7.804,7.857,7.901,7.931,7.952,7.973,7.993,8.009,8.02,8.028,8.037,8.048,8.067,8.101,8.147,8.194,8.244,8.3,8.365,8.433,8.505,8.578,8.657,8.745,8.838,8.928,9.016,9.097,9.168,9.229,9.28,9.318,9.353,9.389,9.419,9.437,9.457,9.41,9.261,9.05,8.844,8.628,8.457,8.364,8.324,8.282,8.252,8.217,8.16,8.1,8.046,7.97,7.99,8.158,8.405,8.617,8.823,8.909,8.807,8.571,8.324,8.054,7.713,7.293,6.813,6.313,5.791,5.263,4.739,4.225,3.71,3.197,2.736,2.353,2.029,1.708,1.426,1.198,0.982,0.778,0.608,0.502,0.42,0.32,0.205,0.156,0.11,0.057
CPV,2063,7.05,7.091,7.139,7.211,7.265,7.322,7.384,7.446,7.51,7.576,7.636,7.691,7.74,7.788,7.834,7.872,7.897,7.913,7.93,7.945,7.96,7.974,7.991,8.008,8.026,8.054,8.093,8.143,8.194,8.25,8.309,8.373,8.441,8.51,8.581,8.658,8.745,8.838,8.927,9.013,9.092,9.162,9.221,9.272,9.307,9.34,9.375,9.403,9.42,9.437,9.387,9.237,9.024,8.816,8.597,8.423,8.327,8.284,8.238,8.203,8.163,8.102,8.037,7.975,7.894,7.905,8.06,8.292,8.49,8.681,8.751,8.634,8.379,8.117,7.832,7.476,7.043,6.553,6.042,5.513,4.981,4.457,3.948,3.441,2.935,2.485,2.115,1.807,1.496,1.236,1.036,0.838,0.639,0.489,0.407,0.338,0.255,0.159,0.115,0.06
CPV,2064,6.99,7.03,7.076,7.129,7.197,7.256,7.318,7.381,7.445,7.51,7.575,7.633,7.683,7.727,7.769,7.811,7.843,7.862,7.873,7.883,7.894,7.907,7.927,7.951,7.977,8.003,8.039,8.083,8.137,8.193,8.253,8.316,8.38,8.446,8.514,8.582,8.658,8.744,8.836,8.923,9.008,9.087,9.155,9.212,9.26,9.294,9.325,9.358,9.384,9.399,9.414,9.362,9.211,8.996,8.786,8.565,8.387,8.288,8.242,8.191,8.153,8.107,8.041,7.97,7.903,7.815,7.818,7.96,8.178,8.361,8.538,8.592,8.458,8.187,7.908,7.607,7.237,6.792,6.291,5.772,5.234,4.697,4.175,3.672,3.171,2.674,2.234,1.878,1.585,1.284,1.044,0.874,0.693,0.5,0.37,0.312,0.255,0.189,0.113,0.063
CPV,2065,6.934,6.971,7.015,7.066,7.122,7.183,7.246,7.311,7.377,7.442,7.507,7.572,7.629,7.675,7.712,7.749,7.785,7.812,7.825,7.831,7.836,7.842,7.853,7.877,7.91,7.944,7.979,8.021,8.072,8.13,8.191,8.255,8.321,8.386,8.45,8.517,8.583,8.656,8.741,8.832,8.919,9.001,9.078,9.144,9.201,9.247,9.278,9.308,9.34,9.364,9.376,9.39,9.336,9.181,8.965,8.753,8.529,8.349,8.248,8.198,8.143,8.1,8.05,7.978,7.903,7.83,7.735,7.729,7.859,8.062,8.231,8.392,8.43,8.28,7.993,7.697,7.381,6.997,6.539,6.027,5.499,4.954,4.412,3.892,3.394,2.9,2.411,1.983,1.64,1.362,1.073,0.851,0.71,0.547,0.361,0.252,0.217,0.173,0.123,0.067
CPV,2066,6.892,6.926,6.967,7.014,7.067,7.125,7.186,7.249,7.313,7.374,7.434,7.494,7.552,7.603,7.644,7.676,7.708,7.739,7.764,7.782,7.796,7.81,7.823,7.843,7.872,7.91,7.948,7.988,8.033,8.084,8.141,8.2,8.262,8.326,8.389,8.453,8.519,8.584,8.655,8.739,8.828,8.913,8.995,9.07,9.134,9.189,9.234,9.264,9.292,9.321,9.342,9.352,9.363,9.305,9.149,8.93,8.714,8.486,8.303,8.196,8.142,8.082,8.032,7.974,7.897,7.814,7.732,7.629,7.61,7.722,7.905,8.052,8.193,8.211,8.039,7.73,7.416,7.081,6.683,6.216,5.7,5.169,4.623,4.088,3.583,3.106,2.624,2.163,1.782,1.461,1.186,0.923,0.738,0.613,0.469,0.306,0.225,0.181,0.129,0.07
CPV,2067,6.854,6.878,6.918,6.962,7.012,7.066,7.125,7.187,7.251,7.313,7.371,7.424,7.478,7.531,7.577,7.612,7.639,7.665,7.691,7.716,7.738,7.76,7.782,7.804,7.831,7.867,7.909,7.951,7.996,8.043,8.095,8.15,8.207,8.268,8.33,8.392,8.456,8.52,8.583,8.653,8.735,8.824,8.907,8.988,9.061,9.123,9.177,9.22,9.247,9.274,9.3,9.319,9.326,9.333,9.273,9.113,8.892,8.673,8.442,8.254,8.144,8.084,8.018,7.962,7.898,7.813,7.722,7.632,7.521,7.489,7.584,7.745,7.872,7.993,7.99,7.796,7.467,7.132,6.78,6.368,5.892,5.372,4.838,4.292,3.762,3.273,2.818,2.347,1.913,1.579,1.281,1.01,0.775,0.623,0.515,0.391,0.251,0.189,0.135,0.074
CPV,2068,6.819,6.835,6.864,6.908,6.955,7.008,7.065,7.125,7.187,7.251,7.313,7.366,7.413,7.461,7.509,7.549,7.578,7.599,7.622,7.642,7.665,7.692,7.722,7.753,7.783,7.818,7.859,7.905,7.952,8.001,8.052,8.104,8.158,8.213,8.272,8.331,8.392,8.456,8.519,8.581,8.65,8.731,8.817,8.899,8.978,9.049,9.11,9.163,9.203,9.23,9.253,9.278,9.293,9.298,9.302,9.239,9.076,8.852,8.631,8.396,8.205,8.09,8.025,7.954,7.891,7.82,7.728,7.63,7.532,7.41,7.367,7.445,7.583,7.691,7.79,7.767,7.552,7.202,6.848,6.478,6.052,5.567,5.042,4.506,3.959,3.437,2.962,2.528,2.069,1.664,1.376,1.103,0.833,0.626,0.508,0.418,0.314,0.196,0.141,0.077
CPV,2069,6.779,6.791,6.815,6.848,6.897,6.948,7.003,7.061,7.122,7.185,7.251,7.31,7.359,7.4,7.443,7.485,7.52,7.544,7.559,7.576,7.592,7.613,7.645,7.684,7.722,7.761,7.804,7.85,7.9,7.952,8.006,8.06,8.112,8.164,8.218,8.274,8.332,8.392,8.454,8.517,8.577,8.645,8.725,8.809,8.89,8.966,9.036,9.096,9.146,9.186,9.211,9.232,9.253,9.267,9.267,9.269,9.203,9.038,8.811,8.587,8.349,8.153,8.034,7.965,7.888,7.818,7.74,7.642,7.536,7.429,7.299,7.243,7.303,7.422,7.507,7.587,7.542,7.307,6.936,6.563,6.174,5.734,5.24,4.712,4.174,3.626,3.11,2.65,2.238,1.792,1.414,1.173,0.923,0.657,0.477,0.393,0.319,0.236,0.141,0.081
CPV,2070,6.733,6.742,6.765,6.796,6.837,6.884,6.938,6.996,7.057,7.12,7.183,7.249,7.307,7.351,7.388,7.423,7.46,7.49,7.507,7.518,7.53,7.54,7.561,7.596,7.644,7.689,7.737,7.788,7.839,7.894,7.95,8.009,8.065,8.119,8.169,8.221,8.276,8.331,8.39,8.452,8.513,8.573,8.639,8.717,8.8,8.879,8.953,9.022,9.08,9.128,9.166,9.189,9.209,9.228,9.238,9.237,9.235,9.165,8.998,8.769,8.54,8.299,8.1,7.977,7.903,7.82,7.744,7.66,7.555,7.44,7.325,7.187,7.118,7.161,7.258,7.322,7.382,7.317,7.059,6.668,6.276,5.87,5.416,4.913,4.381,3.841,3.292,2.782,2.338,1.948,1.514,1.165,0.971,0.742,0.48,0.328,0.278,0.221,0.157,0.086
CPV,2071,6.683,6.72,6.737,6.764,6.798,6.84,6.889,6.94,6.996,7.053,7.11,7.168,7.228,7.281,7.32,7.35,7.381,7.414,7.441,7.463,7.483,7.502,7.522,7.549,7.591,7.643,7.693,7.745,7.798,7.851,7.904,7.959,8.016,8.071,8.122,8.172,8.223,8.276,8.33,8.388,8.449,8.508,8.566,8.631,8.708,8.789,8.867,8.94,9.006,9.062,9.108,9.144,9.163,9.18,9.196,9.202,9.197,9.191,9.117,8.946,8.713,8.481,8.234,8.03,7.9,7.819,7.729,7.643,7.549,7.433,7.308,7.181,7.031,6.945,6.963,7.031,7.069,7.103,7.013,6.736,6.326,5.919,5.498,5.039,4.542,4.025,3.49,2.968,2.509,2.089,1.699,1.305,1.012,0.841,0.639,0.408,0.297,0.236,0.167,0.091
CPV,2072,6.627,6.645,6.705,6.73,6.762,6.8,6.844,6.891,6.942,6.995,7.048,7.1,7.153,7.207,7.253,7.287,7.312,7.339,7.366,7.393,7.419,7.447,7.475,7.502,7.538,7.585,7.641,7.695,7.753,7.809,7.862,7.914,7.967,8.022,8.075,8.125,8.174,8.225,8.276,8.33,8.386,8.445,8.503,8.559,8.623,8.697,8.778,8.854,8.925,8.989,9.043,9.087,9.12,9.138,9.151,9.163,9.167,9.157,9.146,9.068,8.893,8.657,8.42,8.17,7.959,7.823,7.735,7.637,7.542,7.437,7.311,7.174,7.035,6.874,6.772,6.765,6.805,6.816,6.824,6.71,6.411,5.983,5.56,5.125,4.66,4.171,3.67,3.14,2.644,2.236,1.84,1.451,1.098,0.86,0.711,0.536,0.336,0.254,0.18,0.097
CPV,2073,6.566,6.592,6.624,6.69,6.723,6.76,6.802,6.847,6.894,6.944,6.994,7.042,7.088,7.137,7.186,7.226,7.254,7.274,7.296,7.317,7.342,7.373,7.41,7.446,7.482,7.525,7.579,7.638,7.698,7.76,7.818,7.872,7.922,7.974,8.026,8.078,8.127,8.176,8.226,8.275,8.327,8.383,8.44,8.497,8.551,8.614,8.687,8.766,8.84,8.91,8.973,9.024,9.066,9.096,9.11,9.121,9.13,9.13,9.116,9.101,9.019,8.839,8.599,8.359,8.103,7.887,7.745,7.65,7.543,7.439,7.325,7.188,7.041,6.89,6.716,6.598,6.567,6.578,6.561,6.544,6.405,6.085,5.64,5.2,4.753,4.282,3.799,3.314,2.789,2.319,1.962,1.591,1.203,0.89,0.708,0.581,0.434,0.265,0.193,0.104
CPV,2074,6.508,6.539,6.576,6.616,6.675,6.714,6.756,6.801,6.848,6.896,6.945,6.991,7.036,7.077,7.119,7.163,7.198,7.22,7.235,7.251,7.268,7.292,7.328,7.372,7.416,7.461,7.512,7.57,7.634,7.699,7.765,7.827,7.881,7.929,7.979,8.03,8.08,8.128,8.176,8.224,8.273,8.324,8.377,8.434,8.489,8.542,8.603,8.675,8.752,8.826,8.893,8.954,9.004,9.043,9.071,9.082,9.089,9.095,9.091,9.073,9.054,8.968,8.785,8.541,8.297,8.036,7.815,7.666,7.563,7.449,7.336,7.211,7.064,6.906,6.743,6.557,6.422,6.367,6.35,6.306,6.262,6.101,5.759,5.296,4.841,4.379,3.903,3.427,2.958,2.438,1.994,1.689,1.343,0.953,0.681,0.556,0.451,0.33,0.193,0.112
CPV,2075,6.454,6.489,6.527,6.568,6.612,6.658,6.704,6.753,6.8,6.849,6.896,6.943,6.988,7.028,7.064,7.1,7.138,7.168,7.184,7.194,7.206,7.217,7.24,7.28,7.334,7.386,7.438,7.496,7.561,7.629,7.698,7.769,7.834,7.889,7.935,7.984,8.032,8.08,8.127,8.175,8.223,8.27,8.319,8.372,8.426,8.48,8.532,8.591,8.661,8.738,8.809,8.875,8.934,8.982,9.019,9.043,9.052,9.056,9.059,9.051,9.029,9.005,8.915,8.729,8.481,8.232,7.967,7.74,7.585,7.476,7.353,7.231,7.097,6.94,6.769,6.595,6.398,6.246,6.167,6.12,6.049,5.98,5.794,5.431,4.951,4.479,4.004,3.523,3.054,2.601,2.087,1.669,1.413,1.093,0.704,0.473,0.403,0.321,0.227,0.122
CPV,2076,6.409,6.446,6.484,6.524,6.567,6.612,6.659,6.706,6.753,6.797,6.839,6.881,6.923,6.96,6.995,7.026,7.058,7.091,7.119,7.14,7.158,7.179,7.198,7.229,7.275,7.332,7.388,7.446,7.508,7.572,7.638,7.707,7.775,7.838,7.892,7.938,7.985,8.033,8.079,8.126,8.172,8.218,8.264,8.313,8.363,8.417,8.47,8.52,8.578,8.646,8.72,8.789,8.852,8.909,8.953,8.987,9.008,9.014,9.013,9.011,8.997,8.97,8.94,8.844,8.652,8.398,8.143,7.87,7.637,7.472,7.351,7.217,7.082,6.934,6.763,6.576,6.385,6.175,6.003,5.897,5.818,5.719,5.622,5.416,5.046,4.568,4.091,3.63,3.189,2.738,2.279,1.808,1.456,1.228,0.944,0.601,0.438,0.349,0.247,0.132
CPV,2077,6.368,6.4,6.438,6.479,6.521,6.565,6.612,6.659,6.708,6.754,6.793,6.829,6.865,6.901,6.934,6.963,6.989,7.016,7.043,7.07,7.096,7.122,7.151,7.179,7.217,7.269,7.33,7.391,7.454,7.519,7.584,7.648,7.714,7.781,7.843,7.895,7.941,7.987,8.033,8.079,8.124,8.169,8.214,8.258,8.305,8.355,8.407,8.459,8.507,8.564,8.63,8.702,8.768,8.83,8.883,8.925,8.954,8.972,8.974,8.97,8.963,8.944,8.911,8.875,8.772,8.575,8.316,8.054,7.775,7.532,7.358,7.227,7.081,6.933,6.771,6.585,6.383,6.176,5.951,5.76,5.626,5.516,5.388,5.263,5.039,4.662,4.186,3.701,3.256,2.854,2.421,1.957,1.53,1.242,1.043,0.794,0.497,0.382,0.271,0.144
CPV,2078,6.331,6.358,6.389,6.431,6.473,6.517,6.564,6.61,6.659,6.708,6.753,6.789,6.818,6.848,6.879,6.907,6.929,6.951,6.972,6.995,7.021,7.051,7.087,7.122,7.16,7.205,7.262,7.328,7.394,7.461,7.528,7.594,7.658,7.722,7.787,7.846,7.898,7.943,7.988,8.034,8.077,8.121,8.165,8.208,8.252,8.297,8.346,8.397,8.448,8.494,8.549,8.614,8.684,8.747,8.806,8.856,8.895,8.921,8.936,8.933,8.925,8.913,8.89,8.851,8.809,8.7,8.497,8.232,7.964,7.677,7.427,7.244,7.101,6.944,6.783,6.609,6.407,6.189,5.967,5.728,5.517,5.355,5.213,5.056,4.904,4.661,4.276,3.803,3.311,2.882,2.52,2.104,1.634,1.253,1.029,0.857,0.646,0.393,0.295,0.157
CPV,2079,6.293,6.314,6.343,6.378,6.422,6.466,6.513,6.561,6.609,6.658,6.709,6.752,6.783,6.807,6.831,6.857,6.878,6.896,6.912,6.929,6.946,6.971,7.006,7.05,7.093,7.139,7.192,7.255,7.324,7.395,7.467,7.538,7.603,7.665,7.729,7.791,7.849,7.899,7.944,7.989,8.033,8.075,8.118,8.161,8.203,8.245,8.289,8.336,8.386,8.435,8.48,8.533,8.596,8.664,8.725,8.782,8.829,8.864,8.888,8.899,8.893,8.88,8.863,8.834,8.791,8.742,8.627,8.418,8.148,7.874,7.581,7.322,7.128,6.975,6.806,6.634,6.445,6.229,5.994,5.757,5.503,5.273,5.083,4.91,4.724,4.546,4.282,3.891,3.419,2.922,2.508,2.185,1.786,1.312,0.974,0.816,0.672,0.496,0.29,0.171
CPV,2080,6.25,6.269,6.296,6.33,6.368,6.412,6.459,6.508,6.558,6.607,6.657,6.708,6.75,6.778,6.795,6.814,6.833,6.85,6.861,6.872,6.884,6.896,6.92,6.96,7.011,7.064,7.118,7.179,7.247,7.321,7.396,7.473,7.546,7.612,7.673,7.735,7.795,7.851,7.9,7.944,7.988,8.031,8.073,8.113,8.155,8.196,8.235,8.279,8.325,8.374,8.421,8.466,8.516,8.577,8.643,8.703,8.756,8.801,8.833,8.853,8.86,8.851,8.833,8.812,8.778,8.728,8.674,8.553,8.339,8.063,7.782,7.482,7.215,7.012,6.848,6.667,6.482,6.28,6.05,5.799,5.545,5.279,5.029,4.811,4.606,4.391,4.185,3.903,3.504,3.035,2.531,2.133,1.85,1.469,0.99,0.696,0.602,0.486,0.348,0.186
CPV,2081,6.204,6.238,6.262,6.293,6.329,6.37,6.414,6.46,6.506,6.552,6.596,6.641,6.687,6.723,6.745,6.757,6.771,6.786,6.8,6.817,6.836,6.856,6.877,6.908,6.953,7.01,7.066,7.125,7.189,7.258,7.33,7.404,7.479,7.55,7.616,7.676,7.736,7.796,7.851,7.898,7.942,7.984,8.025,8.066,8.106,8.146,8.186,8.224,8.266,8.311,8.359,8.404,8.445,8.494,8.552,8.615,8.671,8.721,8.761,8.789,8.805,8.807,8.792,8.768,8.74,8.698,8.64,8.576,8.445,8.223,7.937,7.648,7.338,7.06,6.844,6.664,6.468,6.266,6.048,5.8,5.533,5.263,4.982,4.717,4.482,4.259,4.025,3.821,3.544,3.15,2.675,2.207,1.866,1.612,1.271,0.846,0.645,0.522,0.374,0.202
CPV,2082,6.156,6.176,6.227,6.256,6.291,6.329,6.372,6.416,6.462,6.506,6.548,6.586,6.625,6.666,6.696,6.713,6.719,6.728,6.738,6.752,6.772,6.801,6.828,6.858,6.896,6.948,7.008,7.069,7.133,7.2,7.27,7.34,7.412,7.486,7.555,7.619,7.679,7.738,7.797,7.85,7.897,7.939,7.981,8.02,8.06,8.099,8.138,8.176,8.214,8.254,8.297,8.343,8.386,8.426,8.472,8.527,8.587,8.639,8.685,8.723,8.746,8.757,8.754,8.734,8.704,8.668,8.618,8.551,8.478,8.339,8.107,7.814,7.514,7.195,6.905,6.675,6.479,6.267,6.051,5.816,5.551,5.265,4.98,4.686,4.406,4.152,3.911,3.658,3.456,3.185,2.795,2.315,1.882,1.6,1.373,1.074,0.701,0.558,0.402,0.218
CPV,2083,6.105,6.129,6.16,6.215,6.25,6.289,6.33,6.374,6.418,6.463,6.506,6.543,6.576,6.61,6.645,6.669,6.68,6.682,6.686,6.69,6.703,6.729,6.764,6.801,6.839,6.886,6.942,7.006,7.073,7.14,7.21,7.28,7.35,7.421,7.491,7.559,7.623,7.682,7.74,7.798,7.851,7.897,7.937,7.977,8.015,8.053,8.091,8.13,8.167,8.203,8.242,8.283,8.327,8.368,8.405,8.449,8.502,8.559,8.608,8.65,8.684,8.703,8.709,8.701,8.675,8.64,8.597,8.538,8.462,8.381,8.232,7.992,7.689,7.381,7.051,6.75,6.506,6.295,6.068,5.836,5.585,5.301,4.998,4.697,4.389,4.093,3.823,3.564,3.291,3.091,2.825,2.44,1.953,1.557,1.333,1.135,0.877,0.557,0.429,0.235
CPV,2084,6.054,6.081,6.114,6.151,6.202,6.243,6.285,6.33,6.374,6.419,6.464,6.504,6.537,6.565,6.593,6.622,6.642,6.646,6.644,6.643,6.642,6.653,6.684,6.727,6.772,6.819,6.873,6.935,7.004,7.075,7.148,7.22,7.291,7.359,7.428,7.497,7.563,7.626,7.684,7.742,7.799,7.85,7.894,7.934,7.973,8.01,8.046,8.083,8.121,8.157,8.192,8.228,8.268,8.31,8.35,8.385,8.425,8.476,8.529,8.576,8.615,8.644,8.658,8.66,8.648,8.616,8.574,8.523,8.458,8.373,8.282,8.125,7.875,7.565,7.246,6.908,6.595,6.336,6.11,5.866,5.62,5.352,5.052,4.731,4.413,4.092,3.781,3.492,3.216,2.924,2.725,2.466,2.085,1.593,1.232,1.067,0.898,0.679,0.414,0.252
CPV,2085,6.004,6.033,6.067,6.105,6.145,6.19,6.235,6.282,6.329,6.374,6.419,6.464,6.502,6.531,6.553,6.575,6.599,6.612,6.612,6.604,6.598,6.593,6.603,6.638,6.69,6.743,6.798,6.859,6.927,7.001,7.075,7.153,7.229,7.3,7.367,7.434,7.501,7.565,7.626,7.685,7.742,7.798,7.847,7.891,7.929,7.967,8.002,8.038,8.073,8.109,8.144,8.179,8.214,8.252,8.292,8.329,8.363,8.401,8.449,8.499,8.542,8.577,8.602,8.612,8.609,8.592,8.555,8.506,8.449,8.375,8.283,8.181,8.015,7.757,7.438,7.111,6.762,6.438,6.165,5.924,5.665,5.402,5.118,4.8,4.463,4.128,3.794,3.468,3.162,2.867,2.557,2.36,2.106,1.73,1.232,0.907,0.801,0.659,0.482,0.269
CPV,2086,5.958,5.995,6.027,6.064,6.104,6.147,6.19,6.237,6.282,6.324,6.364,6.404,6.443,6.476,6.499,6.516,6.533,6.552,6.565,6.568,6.569,6.572,6.574,6.592,6.632,6.689,6.746,6.807,6.871,6.939,7.011,7.085,7.161,7.234,7.305,7.371,7.438,7.503,7.566,7.626,7.683,7.74,7.793,7.842,7.885,7.922,7.959,7.993,8.027,8.062,8.096,8.129,8.161,8.194,8.23,8.268,8.302,8.332,8.367,8.41,8.457,8.495,8.525,8.544,8.548,8.538,8.512,8.467,8.409,8.34,8.254,8.149,8.034,7.854,7.584,7.252,6.912,6.551,6.212,5.924,5.664,5.389,5.11,4.814,4.487,4.143,3.799,3.469,3.159,2.851,2.542,2.248,2.071,1.839,1.5,1.054,0.833,0.689,0.507,0.286
CPV,2087,5.914,5.942,5.986,6.022,6.062,6.103,6.147,6.192,6.239,6.282,6.32,6.355,6.388,6.422,6.449,6.467,6.478,6.49,6.505,6.516,6.525,6.533,6.545,6.556,6.581,6.627,6.688,6.75,6.815,6.883,6.951,7.022,7.094,7.168,7.24,7.309,7.375,7.44,7.505,7.567,7.627,7.683,7.737,7.79,7.837,7.879,7.916,7.951,7.984,8.017,8.05,8.083,8.115,8.144,8.175,8.209,8.243,8.276,8.302,8.333,8.373,8.416,8.449,8.474,8.486,8.484,8.466,8.432,8.379,8.312,8.232,8.133,8.015,7.887,7.694,7.41,7.066,6.712,6.34,5.987,5.682,5.404,5.113,4.82,4.51,4.174,3.824,3.47,3.145,2.85,2.541,2.216,1.939,1.782,1.572,1.271,0.877,0.718,0.531,0.303
CPV,2088,5.87,5.897,5.93,5.977,6.017,6.058,6.103,6.148,6.194,6.24,6.282,6.315,6.344,6.372,6.401,6.422,6.434,6.441,6.448,6.458,6.468,6.481,6.498,6.517,6.537,6.57,6.622,6.687,6.753,6.823,6.894,6.963,7.032,7.103,7.174,7.245,7.313,7.378,7.444,7.507,7.567,7.625,7.681,7.734,7.785,7.832,7.872,7.909,7.943,7.975,8.007,8.038,8.069,8.099,8.127,8.156,8.187,8.219,8.248,8.271,8.299,8.336,8.373,8.402,8.421,8.428,8.419,8.395,8.353,8.291,8.214,8.122,8.012,7.881,7.74,7.533,7.237,6.879,6.513,6.127,5.761,5.44,5.144,4.836,4.527,4.206,3.86,3.503,3.141,2.821,2.54,2.231,1.89,1.629,1.493,1.305,1.04,0.699,0.554,0.319
CPV,2089,5.827,5.852,5.883,5.92,5.967,6.01,6.055,6.101,6.148,6.193,6.24,6.28,6.311,6.333,6.356,6.378,6.394,6.401,6.402,6.406,6.409,6.418,6.436,6.462,6.488,6.517,6.558,6.616,6.685,6.756,6.831,6.904,6.974,7.041,7.11,7.181,7.249,7.316,7.381,7.445,7.508,7.567,7.624,7.678,7.73,7.781,7.826,7.866,7.9,7.933,7.965,7.995,8.025,8.055,8.082,8.107,8.135,8.164,8.193,8.219,8.239,8.263,8.296,8.33,8.353,8.368,8.369,8.353,8.321,8.272,8.201,8.115,8.013,7.889,7.745,7.591,7.371,7.062,6.691,6.313,5.915,5.535,5.196,4.884,4.559,4.236,3.9,3.546,3.184,2.81,2.497,2.231,1.92,1.564,1.32,1.203,1.038,0.81,0.522,0.333
CPV,2090,5.782,5.805,5.836,5.872,5.912,5.955,6.002,6.049,6.098,6.145,6.192,6.239,6.278,6.304,6.32,6.337,6.355,6.364,6.366,6.362,6.36,6.36,6.368,6.39,6.423,6.458,6.496,6.544,6.608,6.681,6.757,6.836,6.913,6.983,7.049,7.116,7.183,7.251,7.317,7.381,7.444,7.506,7.564,7.62,7.674,7.724,7.773,7.817,7.856,7.889,7.922,7.952,7.982,8.009,8.037,8.064,8.087,8.111,8.138,8.166,8.189,8.206,8.226,8.254,8.284,8.304,8.313,8.308,8.285,8.246,8.188,8.11,8.013,7.9,7.765,7.608,7.441,7.207,6.884,6.502,6.111,5.701,5.307,4.953,4.621,4.28,3.942,3.594,3.23,2.862,2.48,2.171,1.921,1.609,1.237,1.01,0.913,0.771,0.58,0.344
CPV,2091,5.741,5.773,5.801,5.834,5.872,5.914,5.959,6.005,6.051,6.095,6.137,6.178,6.22,6.253,6.273,6.284,6.296,6.308,6.317,6.324,6.329,6.335,6.342,6.358,6.386,6.424,6.463,6.506,6.557,6.62,6.693,6.767,6.844,6.919,6.988,7.053,7.12,7.187,7.253,7.319,7.383,7.444,7.504,7.561,7.617,7.669,7.719,7.767,7.81,7.847,7.88,7.91,7.939,7.965,7.992,8.017,8.041,8.061,8.083,8.107,8.13,8.149,8.162,8.177,8.199,8.222,8.234,8.234,8.22,8.188,8.137,8.067,7.976,7.867,7.736,7.581,7.407,7.221,6.971,6.632,6.234,5.83,5.409,5.005,4.641,4.302,3.951,3.619,3.287,2.925,2.545,2.185,1.915,1.685,1.401,1.063,0.915,0.772,0.585,0.352
CPV,2092,5.7,5.722,5.764,5.797,5.833,5.873,5.916,5.961,6.008,6.052,6.092,6.128,6.163,6.199,6.227,6.241,6.248,6.256,6.263,6.27,6.281,6.294,6.309,6.324,6.348,6.381,6.424,6.468,6.515,6.57,6.634,6.705,6.778,6.853,6.926,6.994,7.059,7.125,7.191,7.256,7.32,7.383,7.443,7.502,7.559,7.613,7.664,7.713,7.76,7.802,7.838,7.869,7.897,7.924,7.949,7.973,7.997,8.018,8.036,8.054,8.074,8.094,8.109,8.116,8.126,8.143,8.159,8.164,8.156,8.133,8.09,8.027,7.946,7.843,7.719,7.571,7.397,7.205,7.001,6.733,6.379,5.967,5.55,5.117,4.702,4.329,3.985,3.622,3.295,2.978,2.62,2.229,1.889,1.657,1.449,1.193,0.888,0.767,0.583,0.357
CPV,2093,5.659,5.679,5.707,5.754,5.79,5.831,5.873,5.917,5.963,6.009,6.052,6.087,6.117,6.147,6.178,6.2,6.209,6.211,6.213,6.216,6.222,6.237,6.259,6.281,6.305,6.337,6.376,6.422,6.472,6.523,6.581,6.645,6.716,6.787,6.86,6.931,6.998,7.063,7.128,7.193,7.257,7.319,7.382,7.441,7.499,7.554,7.607,7.657,7.706,7.752,7.793,7.827,7.857,7.884,7.908,7.932,7.954,7.976,7.993,8.009,8.024,8.041,8.057,8.068,8.071,8.075,8.085,8.095,8.092,8.076,8.044,7.991,7.916,7.822,7.708,7.569,7.405,7.212,7.001,6.779,6.494,6.124,5.698,5.267,4.823,4.399,4.017,3.665,3.292,2.972,2.669,2.313,1.911,1.593,1.4,1.213,0.984,0.713,0.578,0.36
CPV,2094,5.617,5.637,5.663,5.697,5.742,5.783,5.826,5.871,5.917,5.962,6.009,6.049,6.081,6.106,6.13,6.156,6.172,6.176,6.172,6.17,6.166,6.172,6.191,6.222,6.253,6.286,6.324,6.369,6.42,6.474,6.53,6.591,6.656,6.724,6.794,6.865,6.934,7.001,7.065,7.13,7.193,7.257,7.318,7.379,7.438,7.494,7.548,7.601,7.649,7.697,7.742,7.782,7.814,7.843,7.868,7.891,7.912,7.933,7.952,7.967,7.98,7.992,8.005,8.018,8.024,8.022,8.022,8.026,8.028,8.018,7.994,7.953,7.889,7.804,7.698,7.571,7.417,7.237,7.025,6.797,6.556,6.254,5.868,5.428,4.985,4.528,4.094,3.703,3.345,2.961,2.647,2.359,2.007,1.593,1.296,1.142,0.977,0.776,0.54,0.362
CPV,2095,5.575,5.593,5.619,5.651,5.688,5.73,5.774,5.82,5.867,5.914,5.961,6.008,6.046,6.074,6.092,6.111,6.13,6.141,6.139,6.131,6.123,6.116,6.121,6.145,6.182,6.221,6.263,6.309,6.361,6.416,6.474,6.535,6.599,6.664,6.731,6.799,6.868,6.936,7.001,7.065,7.129,7.192,7.254,7.313,7.373,7.43,7.487,7.539,7.59,7.639,7.685,7.729,7.768,7.8,7.826,7.85,7.871,7.89,7.909,7.925,7.939,7.948,7.957,7.966,7.976,7.978,7.972,7.965,7.964,7.961,7.942,7.911,7.86,7.785,7.688,7.571,7.432,7.265,7.066,6.836,6.589,6.331,6.012,5.61,5.156,4.699,4.233,3.789,3.389,3.023,2.63,2.322,2.049,1.7,1.274,0.999,0.884,0.74,0.567,0.365
CPV,2096,5.539,5.567,5.589,5.618,5.653,5.691,5.734,5.777,5.822,5.865,5.906,5.947,5.988,6.021,6.043,6.057,6.07,6.085,6.095,6.098,6.097,6.099,6.099,6.112,6.142,6.184,6.228,6.273,6.323,6.375,6.428,6.485,6.544,6.606,6.671,6.737,6.805,6.873,6.94,7.005,7.068,7.13,7.191,7.252,7.312,7.37,7.427,7.482,7.534,7.584,7.631,7.676,7.718,7.756,7.785,7.809,7.831,7.849,7.866,7.881,7.895,7.905,7.91,7.914,7.918,7.922,7.917,7.903,7.889,7.877,7.863,7.834,7.79,7.724,7.635,7.519,7.383,7.228,7.041,6.821,6.568,6.299,6.021,5.686,5.276,4.82,4.353,3.895,3.478,3.082,2.697,2.325,2.054,1.804,1.486,1.1,0.883,0.737,0.566,0.367
CPV,2097,5.504,5.519,5.558,5.584,5.616,5.653,5.693,5.736,5.78,5.822,5.862,5.897,5.932,5.968,5.995,6.012,6.021,6.03,6.039,6.048,6.055,6.064,6.072,6.081,6.102,6.138,6.184,6.232,6.283,6.336,6.388,6.441,6.496,6.553,6.614,6.677,6.743,6.809,6.877,6.943,7.007,7.068,7.129,7.191,7.25,7.309,7.367,7.422,7.476,7.527,7.576,7.623,7.665,7.706,7.741,7.769,7.792,7.811,7.827,7.84,7.853,7.862,7.869,7.87,7.869,7.868,7.866,7.855,7.834,7.811,7.79,7.765,7.724,7.667,7.589,7.482,7.349,7.195,7.023,6.817,6.574,6.298,6.008,5.709,5.359,4.941,4.481,4.004,3.556,3.166,2.774,2.37,2.019,1.785,1.558,1.271,0.925,0.742,0.57,0.372
CPV,2098,5.468,5.482,5.504,5.547,5.578,5.614,5.653,5.694,5.737,5.782,5.822,5.857,5.886,5.916,5.946,5.968,5.979,5.983,5.987,5.992,6,6.012,6.027,6.045,6.063,6.091,6.132,6.183,6.235,6.291,6.348,6.4,6.45,6.505,6.56,6.618,6.682,6.747,6.814,6.88,6.944,7.007,7.067,7.128,7.187,7.246,7.304,7.361,7.416,7.469,7.519,7.567,7.611,7.653,7.692,7.725,7.751,7.772,7.788,7.802,7.813,7.822,7.83,7.831,7.828,7.822,7.817,7.808,7.791,7.761,7.731,7.7,7.664,7.612,7.543,7.451,7.328,7.177,7.006,6.815,6.591,6.327,6.028,5.716,5.396,5.031,4.604,4.142,3.655,3.215,2.853,2.464,2.043,1.714,1.516,1.312,1.056,0.749,0.58,0.379
CPV,2099,5.432,5.444,5.465,5.492,5.535,5.571,5.61,5.651,5.694,5.737,5.781,5.821,5.851,5.875,5.899,5.924,5.94,5.945,5.944,5.944,5.944,5.95,5.966,5.991,6.016,6.043,6.079,6.125,6.181,6.237,6.299,6.358,6.41,6.459,6.512,6.566,6.622,6.684,6.75,6.815,6.88,6.944,7.005,7.065,7.124,7.183,7.24,7.297,7.354,7.408,7.46,7.509,7.556,7.599,7.639,7.676,7.708,7.732,7.75,7.765,7.775,7.783,7.789,7.794,7.792,7.784,7.774,7.763,7.749,7.725,7.688,7.649,7.609,7.562,7.498,7.417,7.311,7.172,7.003,6.814,6.607,6.364,6.077,5.756,5.422,5.082,4.701,4.267,3.802,3.306,2.874,2.54,2.155,1.715,1.408,1.246,1.066,0.841,0.574,0.387
CPV,2100,5.394,5.406,5.426,5.453,5.486,5.522,5.562,5.605,5.648,5.691,5.735,5.779,5.816,5.842,5.861,5.88,5.898,5.909,5.909,5.902,5.898,5.892,5.897,5.919,5.952,5.985,6.02,6.064,6.116,6.175,6.238,6.303,6.365,6.418,6.467,6.517,6.568,6.624,6.685,6.75,6.814,6.878,6.942,7.002,7.06,7.118,7.176,7.233,7.289,7.344,7.398,7.449,7.497,7.542,7.583,7.622,7.658,7.688,7.71,7.726,7.739,7.746,7.751,7.755,7.756,7.75,7.738,7.723,7.707,7.687,7.656,7.613,7.565,7.515,7.457,7.381,7.289,7.169,7.014,6.826,6.62,6.397,6.134,5.826,5.481,5.126,4.767,4.371,3.928,3.46,2.955,2.532,2.226,1.845,1.387,1.102,0.977,0.819,0.626,0.398
