BTN,1950,7.192,6.721,6.306,5.942,5.624,5.348,5.109,4.902,4.725,4.571,4.44,4.331,4.221,4.098,3.97,3.853,3.746,3.639,3.532,3.425,3.322,3.222,3.124,3.026,2.931,2.838,2.747,2.659,2.572,2.49,2.408,2.328,2.252,2.177,2.102,2.031,1.961,1.892,1.826,1.761,1.697,1.635,1.576,1.518,1.461,1.406,1.351,1.299,1.247,1.198,1.149,1.101,1.054,1.008,0.963,0.918,0.874,0.832,0.789,0.747,0.706,0.665,0.626,0.585,0.547,0.508,0.471,0.435,0.399,0.363,0.329,0.295,0.264,0.234,0.205,0.179,0.153,0.13,0.11,0.092,0.075,0.059,0.047,0.036,0.028,0.022,0.016,0.011,0.007,0.005,0.003,0.002,0.002,0,0,0,0,0,0,0
BTN,1951,6.698,6.935,6.526,6.16,5.833,5.544,5.287,5.059,4.862,4.691,4.544,4.414,4.304,4.194,4.075,3.951,3.837,3.732,3.627,3.522,3.417,3.315,3.215,3.117,3.02,2.924,2.83,2.737,2.647,2.561,2.476,2.393,2.311,2.233,2.156,2.081,2.008,1.937,1.867,1.8,1.734,1.669,1.607,1.547,1.488,1.431,1.376,1.322,1.269,1.217,1.168,1.118,1.071,1.024,0.977,0.931,0.886,0.842,0.799,0.755,0.713,0.672,0.631,0.592,0.553,0.513,0.476,0.439,0.404,0.368,0.333,0.3,0.269,0.239,0.209,0.183,0.158,0.135,0.114,0.096,0.079,0.065,0.051,0.04,0.03,0.024,0.018,0.013,0.009,0.007,0.004,0.002,0.002,0.001,0,0,0,0,0,0
BTN,1952,6.392,6.311,6.704,6.355,6.036,5.747,5.484,5.245,5.028,4.837,4.674,4.533,4.405,4.293,4.182,4.065,3.945,3.835,3.732,3.629,3.525,3.421,3.319,3.22,3.122,3.025,2.927,2.832,2.738,2.646,2.558,2.471,2.386,2.303,2.223,2.144,2.067,1.992,1.92,1.849,1.78,1.712,1.647,1.584,1.523,1.464,1.406,1.35,1.296,1.243,1.191,1.141,1.092,1.044,0.997,0.95,0.903,0.858,0.812,0.769,0.725,0.682,0.64,0.6,0.56,0.521,0.482,0.445,0.409,0.373,0.339,0.305,0.272,0.242,0.213,0.187,0.162,0.139,0.117,0.098,0.081,0.067,0.054,0.042,0.034,0.026,0.019,0.014,0.011,0.007,0.005,0.003,0.002,0.001,0,0,0,0,0,0
BTN,1953,6.278,6.281,6.238,6.471,6.183,5.912,5.659,5.424,5.204,4.996,4.813,4.657,4.521,4.396,4.281,4.169,4.055,3.941,3.833,3.731,3.63,3.528,3.424,3.324,3.225,3.127,3.028,2.93,2.834,2.739,2.646,2.555,2.466,2.38,2.294,2.211,2.131,2.053,1.977,1.902,1.829,1.76,1.692,1.625,1.561,1.499,1.439,1.382,1.325,1.271,1.217,1.165,1.115,1.065,1.017,0.97,0.922,0.875,0.828,0.783,0.739,0.694,0.652,0.609,0.568,0.528,0.489,0.451,0.414,0.378,0.343,0.309,0.277,0.246,0.216,0.188,0.163,0.14,0.119,0.1,0.082,0.067,0.055,0.044,0.034,0.026,0.02,0.015,0.011,0.007,0.005,0.004,0.002,0.001,0,0,0,0,0,0
BTN,1954,6.361,6.358,6.313,6.229,6.233,6.004,5.781,5.566,5.358,5.156,4.96,4.783,4.634,4.505,4.382,4.265,4.153,4.041,3.931,3.826,3.727,3.628,3.527,3.424,3.324,3.227,3.129,3.029,2.931,2.833,2.736,2.642,2.549,2.459,2.37,2.283,2.199,2.116,2.036,1.959,1.882,1.809,1.738,1.668,1.601,1.536,1.473,1.413,1.355,1.299,1.244,1.191,1.139,1.088,1.038,0.99,0.942,0.894,0.845,0.798,0.752,0.707,0.663,0.62,0.577,0.536,0.496,0.457,0.419,0.382,0.348,0.313,0.28,0.249,0.218,0.19,0.163,0.139,0.119,0.099,0.082,0.066,0.053,0.043,0.034,0.026,0.019,0.014,0.011,0.007,0.005,0.004,0.003,0.002,0,0,0,0,0,0
BTN,1955,6.633,6.539,6.426,6.295,6.148,5.99,5.822,5.648,5.469,5.289,5.107,4.921,4.751,4.611,4.487,4.366,4.247,4.134,4.024,3.92,3.819,3.721,3.623,3.523,3.422,3.324,3.226,3.129,3.03,2.93,2.83,2.732,2.637,2.543,2.451,2.36,2.27,2.184,2.1,2.019,1.939,1.862,1.787,1.715,1.645,1.577,1.51,1.447,1.386,1.328,1.272,1.217,1.163,1.111,1.06,1.01,0.962,0.914,0.865,0.816,0.769,0.722,0.675,0.631,0.588,0.545,0.504,0.464,0.424,0.386,0.351,0.317,0.283,0.25,0.219,0.191,0.162,0.138,0.116,0.097,0.08,0.064,0.05,0.039,0.03,0.023,0.017,0.013,0.009,0.005,0.003,0.003,0.002,0.002,0,0,0,0,0,0
BTN,1956,7.069,6.522,6.399,6.275,6.152,6.025,5.9,5.779,5.639,5.467,5.276,5.091,4.904,4.735,4.596,4.478,4.359,4.242,4.13,4.022,3.917,3.818,3.72,3.622,3.522,3.419,3.319,3.221,3.122,3.02,2.918,2.818,2.718,2.62,2.525,2.431,2.338,2.248,2.161,2.076,1.993,1.913,1.835,1.759,1.687,1.616,1.548,1.482,1.418,1.357,1.3,1.243,1.188,1.134,1.082,1.03,0.979,0.93,0.881,0.832,0.783,0.735,0.689,0.642,0.599,0.555,0.513,0.472,0.432,0.394,0.358,0.323,0.289,0.258,0.226,0.197,0.17,0.144,0.121,0.101,0.084,0.068,0.055,0.043,0.033,0.026,0.019,0.014,0.011,0.007,0.005,0.003,0.002,0.002,0.001,0,0,0,0,0
BTN,1957,7.599,7.145,6.399,6.247,6.114,5.998,5.891,5.799,5.726,5.619,5.455,5.255,5.067,4.878,4.71,4.574,4.461,4.343,4.229,4.119,4.013,3.909,3.81,3.713,3.616,3.514,3.411,3.31,3.21,3.109,3.007,2.903,2.8,2.698,2.599,2.502,2.407,2.313,2.222,2.132,2.047,1.964,1.883,1.804,1.728,1.655,1.585,1.517,1.45,1.387,1.326,1.268,1.211,1.156,1.103,1.049,0.997,0.946,0.896,0.847,0.798,0.749,0.701,0.654,0.609,0.564,0.521,0.48,0.44,0.401,0.364,0.328,0.294,0.262,0.231,0.202,0.175,0.15,0.126,0.105,0.087,0.072,0.058,0.045,0.036,0.028,0.021,0.015,0.011,0.009,0.006,0.004,0.002,0.002,0.001,0.001,0,0,0,0
BTN,1958,8.163,7.505,6.964,6.277,6.094,5.953,5.844,5.759,5.7,5.673,5.6,5.443,5.235,5.043,4.854,4.685,4.552,4.443,4.33,4.217,4.108,4.002,3.901,3.801,3.706,3.609,3.506,3.403,3.3,3.199,3.097,2.993,2.887,2.782,2.68,2.578,2.479,2.383,2.288,2.196,2.105,2.018,1.935,1.854,1.774,1.698,1.624,1.554,1.485,1.42,1.356,1.295,1.236,1.18,1.125,1.071,1.017,0.964,0.913,0.863,0.813,0.763,0.714,0.667,0.62,0.574,0.531,0.488,0.447,0.408,0.37,0.333,0.298,0.265,0.234,0.205,0.177,0.153,0.13,0.108,0.089,0.072,0.059,0.047,0.037,0.028,0.022,0.016,0.011,0.009,0.006,0.004,0.003,0.002,0.001,0.001,0,0,0,0
BTN,1959,8.693,7.869,7.197,6.663,6.164,5.951,5.801,5.699,5.633,5.607,5.628,5.588,5.438,5.221,5.026,4.835,4.666,4.536,4.43,4.32,4.209,4.102,3.999,3.897,3.798,3.703,3.606,3.504,3.398,3.295,3.192,3.089,2.982,2.876,2.769,2.663,2.56,2.46,2.363,2.267,2.173,2.081,1.993,1.908,1.826,1.746,1.669,1.595,1.524,1.457,1.39,1.326,1.265,1.207,1.151,1.095,1.041,0.987,0.933,0.882,0.831,0.781,0.731,0.681,0.633,0.587,0.541,0.498,0.455,0.415,0.377,0.339,0.303,0.27,0.237,0.207,0.179,0.153,0.13,0.109,0.089,0.072,0.058,0.047,0.037,0.028,0.022,0.016,0.011,0.008,0.006,0.004,0.003,0.002,0.001,0.001,0,0,0,0
BTN,1960,9.123,8.205,7.457,6.862,6.402,6.058,5.816,5.655,5.561,5.515,5.522,5.59,5.584,5.442,5.214,5.016,4.824,4.654,4.526,4.426,4.317,4.208,4.103,4,3.9,3.802,3.707,3.608,3.506,3.399,3.294,3.19,3.084,2.976,2.867,2.759,2.652,2.547,2.445,2.346,2.248,2.152,2.059,1.97,1.884,1.801,1.72,1.643,1.568,1.497,1.429,1.362,1.299,1.238,1.179,1.122,1.067,1.012,0.958,0.904,0.851,0.799,0.749,0.698,0.649,0.6,0.553,0.508,0.465,0.423,0.384,0.345,0.309,0.273,0.24,0.209,0.18,0.154,0.13,0.108,0.089,0.071,0.056,0.044,0.035,0.026,0.02,0.014,0.009,0.007,0.004,0.003,0.002,0.002,0.001,0,0,0,0,0
BTN,1961,9.342,8.768,7.959,7.291,6.75,6.324,5.996,5.748,5.585,5.498,5.466,5.477,5.541,5.534,5.395,5.173,4.98,4.791,4.624,4.497,4.399,4.291,4.183,4.078,3.974,3.873,3.774,3.677,3.579,3.474,3.365,3.26,3.154,3.047,2.937,2.828,2.719,2.611,2.505,2.402,2.303,2.205,2.11,2.017,1.928,1.843,1.76,1.68,1.602,1.529,1.458,1.39,1.324,1.26,1.199,1.141,1.083,1.028,0.973,0.919,0.865,0.812,0.761,0.71,0.661,0.612,0.564,0.518,0.473,0.431,0.391,0.353,0.315,0.281,0.248,0.216,0.187,0.16,0.135,0.114,0.095,0.077,0.062,0.048,0.037,0.029,0.022,0.016,0.012,0.009,0.005,0.003,0.002,0.002,0.002,0,0,0,0,0
BTN,1962,9.453,8.634,8.444,7.74,7.15,6.661,6.268,5.952,5.7,5.532,5.454,5.435,5.45,5.511,5.503,5.366,5.15,4.96,4.774,4.609,4.485,4.386,4.279,4.172,4.067,3.962,3.86,3.759,3.662,3.56,3.453,3.344,3.235,3.127,3.018,2.909,2.797,2.688,2.578,2.472,2.368,2.268,2.17,2.074,1.981,1.893,1.807,1.724,1.644,1.568,1.495,1.423,1.355,1.29,1.227,1.165,1.106,1.048,0.992,0.937,0.882,0.828,0.776,0.725,0.674,0.625,0.576,0.53,0.485,0.441,0.399,0.361,0.323,0.287,0.254,0.222,0.193,0.166,0.141,0.118,0.098,0.081,0.066,0.052,0.041,0.031,0.024,0.018,0.013,0.009,0.007,0.004,0.003,0.002,0.002,0.001,0,0,0,0
BTN,1963,9.517,8.835,8.232,8.141,7.541,7.026,6.589,6.227,5.924,5.665,5.494,5.422,5.416,5.435,5.494,5.485,5.35,5.139,4.953,4.768,4.605,4.482,4.384,4.278,4.17,4.065,3.959,3.855,3.753,3.653,3.551,3.442,3.33,3.219,3.11,2.998,2.886,2.773,2.662,2.552,2.444,2.34,2.239,2.14,2.044,1.95,1.861,1.776,1.693,1.613,1.536,1.463,1.393,1.325,1.259,1.195,1.133,1.074,1.015,0.959,0.904,0.849,0.794,0.741,0.69,0.639,0.59,0.543,0.497,0.453,0.409,0.369,0.331,0.294,0.259,0.228,0.197,0.17,0.145,0.122,0.102,0.083,0.068,0.054,0.043,0.033,0.025,0.019,0.014,0.011,0.007,0.005,0.003,0.002,0.002,0.002,0,0,0,0
BTN,1964,9.63,9.068,8.545,8.061,7.846,7.349,6.909,6.524,6.193,5.902,5.638,5.461,5.396,5.404,5.427,5.483,5.472,5.341,5.134,4.951,4.768,4.606,4.484,4.387,4.281,4.174,4.068,3.961,3.856,3.752,3.65,3.544,3.434,3.32,3.206,3.095,2.981,2.867,2.753,2.641,2.528,2.419,2.314,2.212,2.113,2.015,1.922,1.832,1.747,1.664,1.584,1.507,1.434,1.363,1.295,1.229,1.165,1.103,1.043,0.983,0.926,0.871,0.815,0.761,0.707,0.656,0.606,0.557,0.509,0.464,0.42,0.379,0.339,0.301,0.265,0.232,0.201,0.173,0.148,0.125,0.103,0.084,0.068,0.054,0.043,0.033,0.025,0.018,0.014,0.009,0.007,0.005,0.004,0.002,0.002,0.001,0,0,0,0
BTN,1965,9.863,9.365,8.882,8.417,7.974,7.554,7.161,6.795,6.462,6.163,5.884,5.613,5.431,5.374,5.395,5.422,5.475,5.463,5.334,5.133,4.952,4.771,4.611,4.49,4.393,4.288,4.179,4.073,3.966,3.858,3.752,3.648,3.541,3.428,3.311,3.196,3.082,2.967,2.85,2.735,2.62,2.506,2.396,2.29,2.187,2.086,1.987,1.893,1.804,1.718,1.636,1.555,1.479,1.405,1.334,1.266,1.2,1.136,1.073,1.012,0.952,0.894,0.839,0.782,0.728,0.674,0.622,0.573,0.524,0.476,0.432,0.388,0.347,0.309,0.271,0.237,0.204,0.175,0.148,0.125,0.103,0.084,0.067,0.053,0.042,0.031,0.024,0.018,0.012,0.009,0.005,0.004,0.003,0.002,0.002,0,0,0,0,0
BTN,1966,10.185,9.655,9.168,8.703,8.262,7.845,7.456,7.098,6.758,6.435,6.137,5.861,5.592,5.413,5.362,5.391,5.423,5.481,5.473,5.348,5.149,4.971,4.793,4.634,4.51,4.411,4.303,4.192,4.081,3.97,3.859,3.749,3.641,3.53,3.413,3.294,3.176,3.058,2.941,2.823,2.706,2.59,2.475,2.364,2.257,2.154,2.053,1.955,1.861,1.771,1.685,1.602,1.522,1.444,1.37,1.3,1.23,1.164,1.099,1.037,0.975,0.915,0.857,0.802,0.745,0.691,0.638,0.588,0.539,0.491,0.444,0.4,0.359,0.319,0.281,0.246,0.214,0.183,0.156,0.132,0.111,0.09,0.073,0.058,0.046,0.035,0.027,0.02,0.015,0.011,0.007,0.005,0.003,0.002,0.002,0.001,0,0,0,0
BTN,1967,10.622,10.059,9.459,8.982,8.534,8.116,7.725,7.366,7.042,6.729,6.417,6.119,5.844,5.577,5.4,5.355,5.393,5.431,5.493,5.489,5.369,5.173,4.997,4.82,4.662,4.537,4.435,4.323,4.208,4.094,3.979,3.863,3.75,3.637,3.522,3.403,3.28,3.16,3.04,2.919,2.8,2.681,2.563,2.448,2.335,2.228,2.124,2.022,1.924,1.83,1.739,1.653,1.57,1.49,1.412,1.337,1.265,1.197,1.129,1.065,1.001,0.939,0.879,0.822,0.765,0.71,0.656,0.603,0.554,0.505,0.458,0.413,0.37,0.329,0.291,0.256,0.222,0.191,0.163,0.138,0.115,0.096,0.078,0.063,0.05,0.039,0.029,0.022,0.016,0.012,0.009,0.005,0.004,0.002,0.002,0.002,0,0,0,0
BTN,1968,11.13,10.477,9.872,9.271,8.803,8.373,7.977,7.612,7.282,6.993,6.706,6.403,6.105,5.833,5.566,5.393,5.353,5.398,5.443,5.511,5.511,5.393,5.201,5.027,4.851,4.693,4.567,4.461,4.347,4.228,4.11,3.991,3.872,3.753,3.636,3.517,3.395,3.269,3.146,3.022,2.901,2.779,2.658,2.54,2.422,2.309,2.2,2.096,1.994,1.895,1.8,1.709,1.623,1.54,1.459,1.381,1.306,1.233,1.163,1.096,1.03,0.966,0.904,0.844,0.787,0.73,0.674,0.621,0.569,0.52,0.472,0.426,0.382,0.339,0.3,0.262,0.229,0.199,0.169,0.143,0.119,0.099,0.082,0.065,0.052,0.04,0.031,0.024,0.018,0.013,0.009,0.007,0.004,0.002,0.002,0.002,0.001,0,0,0
BTN,1969,11.644,10.907,10.239,9.634,9.09,8.633,8.22,7.845,7.505,7.205,6.949,6.688,6.396,6.097,5.826,5.56,5.39,5.356,5.409,5.459,5.532,5.537,5.423,5.233,5.061,4.887,4.729,4.602,4.492,4.375,4.252,4.13,4.007,3.884,3.761,3.64,3.517,3.389,3.261,3.135,3.009,2.884,2.76,2.637,2.517,2.398,2.283,2.175,2.069,1.967,1.867,1.772,1.681,1.594,1.51,1.429,1.351,1.276,1.202,1.131,1.063,0.997,0.933,0.87,0.81,0.752,0.695,0.64,0.586,0.535,0.486,0.439,0.395,0.351,0.31,0.27,0.235,0.203,0.174,0.148,0.123,0.101,0.083,0.067,0.053,0.042,0.031,0.024,0.018,0.012,0.009,0.007,0.005,0.003,0.002,0.002,0.001,0,0,0
BTN,1970,12.119,11.329,10.62,9.986,9.419,8.916,8.468,8.07,7.718,7.403,7.133,6.912,6.675,6.392,6.093,5.823,5.559,5.391,5.363,5.423,5.481,5.558,5.566,5.456,5.268,5.098,4.927,4.768,4.639,4.527,4.406,4.279,4.153,4.025,3.898,3.771,3.645,3.517,3.387,3.256,3.126,2.997,2.869,2.743,2.619,2.496,2.377,2.26,2.15,2.044,1.941,1.841,1.745,1.654,1.566,1.482,1.4,1.322,1.245,1.172,1.099,1.031,0.965,0.899,0.836,0.776,0.717,0.661,0.606,0.553,0.502,0.454,0.407,0.362,0.32,0.28,0.242,0.208,0.178,0.15,0.125,0.102,0.083,0.067,0.053,0.041,0.031,0.023,0.016,0.012,0.007,0.005,0.005,0.003,0.002,0,0,0,0,0
BTN,1971,12.491,11.828,11.096,10.435,9.84,9.305,8.826,8.397,8.014,7.673,7.367,7.102,6.882,6.65,6.375,6.087,5.827,5.569,5.407,5.383,5.445,5.502,5.579,5.587,5.474,5.284,5.111,4.937,4.775,4.642,4.526,4.4,4.269,4.138,4.008,3.877,3.747,3.619,3.488,3.357,3.224,3.092,2.963,2.834,2.707,2.582,2.46,2.339,2.223,2.112,2.006,1.904,1.803,1.707,1.616,1.528,1.444,1.362,1.283,1.206,1.132,1.061,0.992,0.925,0.86,0.798,0.738,0.68,0.624,0.57,0.517,0.468,0.421,0.376,0.333,0.293,0.255,0.219,0.187,0.159,0.133,0.11,0.09,0.073,0.058,0.046,0.035,0.027,0.02,0.014,0.01,0.007,0.005,0.003,0.002,0.002,0,0,0,0
BTN,1972,12.83,12.047,11.551,10.876,10.262,9.705,9.201,8.747,8.335,7.966,7.636,7.339,7.079,6.861,6.631,6.365,6.088,5.836,5.586,5.43,5.408,5.471,5.529,5.607,5.614,5.5,5.307,5.131,4.953,4.786,4.65,4.53,4.4,4.264,4.13,3.996,3.862,3.728,3.597,3.464,3.33,3.196,3.062,2.931,2.801,2.673,2.549,2.426,2.304,2.188,2.077,1.971,1.869,1.768,1.671,1.579,1.491,1.406,1.324,1.245,1.167,1.093,1.022,0.953,0.886,0.822,0.76,0.701,0.643,0.589,0.535,0.484,0.435,0.388,0.345,0.304,0.266,0.23,0.196,0.166,0.14,0.116,0.096,0.077,0.062,0.048,0.038,0.029,0.022,0.016,0.012,0.008,0.005,0.003,0.003,0.002,0.001,0,0,0
BTN,1973,13.151,12.405,11.718,11.284,10.665,10.098,9.58,9.106,8.675,8.281,7.926,7.606,7.318,7.063,6.847,6.62,6.361,6.095,5.851,5.609,5.457,5.439,5.503,5.562,5.639,5.646,5.53,5.334,5.155,4.974,4.804,4.662,4.537,4.403,4.263,4.124,3.986,3.849,3.713,3.579,3.443,3.306,3.17,3.035,2.902,2.772,2.643,2.517,2.394,2.273,2.156,2.045,1.938,1.835,1.734,1.638,1.545,1.456,1.37,1.288,1.208,1.131,1.056,0.984,0.915,0.849,0.785,0.723,0.664,0.607,0.552,0.5,0.449,0.402,0.357,0.315,0.275,0.239,0.205,0.174,0.146,0.121,0.101,0.082,0.065,0.052,0.04,0.031,0.023,0.018,0.013,0.009,0.007,0.003,0.003,0.002,0.002,0,0,0
BTN,1974,13.48,12.77,12.106,11.487,11.024,10.461,9.94,9.46,9.017,8.609,8.232,7.889,7.582,7.301,7.051,6.836,6.613,6.362,6.105,5.87,5.634,5.489,5.473,5.538,5.598,5.676,5.682,5.563,5.364,5.183,4.997,4.823,4.677,4.548,4.408,4.264,4.121,3.979,3.839,3.7,3.562,3.424,3.286,3.147,3.011,2.876,2.744,2.614,2.487,2.363,2.242,2.124,2.013,1.906,1.802,1.702,1.605,1.511,1.422,1.335,1.253,1.171,1.095,1.019,0.948,0.878,0.812,0.748,0.687,0.627,0.572,0.517,0.466,0.416,0.369,0.325,0.284,0.246,0.212,0.18,0.151,0.125,0.103,0.084,0.068,0.053,0.041,0.031,0.024,0.018,0.013,0.01,0.007,0.004,0.002,0.002,0.002,0.001,0,0
BTN,1975,13.837,13.149,12.498,11.886,11.31,10.769,10.261,9.787,9.344,8.931,8.546,8.186,7.857,7.56,7.289,7.043,6.829,6.609,6.365,6.119,5.891,5.663,5.522,5.51,5.577,5.637,5.714,5.719,5.599,5.398,5.213,5.023,4.845,4.694,4.561,4.417,4.268,4.12,3.974,3.831,3.689,3.548,3.406,3.266,3.125,2.987,2.851,2.716,2.586,2.459,2.333,2.212,2.094,1.982,1.875,1.77,1.669,1.572,1.478,1.388,1.301,1.217,1.137,1.059,0.983,0.911,0.842,0.776,0.712,0.65,0.591,0.535,0.482,0.431,0.382,0.337,0.294,0.254,0.218,0.185,0.156,0.128,0.104,0.085,0.068,0.053,0.041,0.031,0.023,0.016,0.011,0.009,0.007,0.005,0.002,0.001,0.001,0,0,0
BTN,1976,14.193,13.576,12.924,12.308,11.728,11.182,10.67,10.191,9.737,9.306,8.899,8.519,8.163,7.838,7.548,7.287,7.049,6.842,6.628,6.389,6.146,5.922,5.696,5.556,5.54,5.602,5.656,5.728,5.727,5.603,5.398,5.208,5.014,4.832,4.678,4.542,4.394,4.242,4.091,3.943,3.798,3.654,3.512,3.369,3.227,3.085,2.947,2.81,2.676,2.546,2.417,2.293,2.17,2.052,1.94,1.832,1.728,1.626,1.529,1.436,1.345,1.257,1.174,1.093,1.016,0.941,0.87,0.801,0.735,0.672,0.611,0.554,0.5,0.448,0.398,0.352,0.308,0.267,0.23,0.196,0.166,0.138,0.114,0.092,0.074,0.059,0.045,0.035,0.026,0.02,0.014,0.009,0.007,0.005,0.004,0.002,0.001,0,0,0
BTN,1977,14.578,13.889,13.327,12.711,12.129,11.581,11.064,10.58,10.128,9.696,9.277,8.875,8.5,8.145,7.824,7.542,7.291,7.062,6.861,6.652,6.419,6.179,5.957,5.734,5.593,5.574,5.631,5.681,5.747,5.74,5.611,5.402,5.207,5.009,4.823,4.665,4.525,4.375,4.219,4.066,3.916,3.769,3.622,3.478,3.335,3.191,3.049,2.91,2.773,2.638,2.507,2.378,2.253,2.131,2.013,1.9,1.792,1.687,1.585,1.487,1.393,1.303,1.215,1.132,1.052,0.974,0.899,0.829,0.761,0.695,0.633,0.574,0.518,0.464,0.414,0.366,0.321,0.28,0.241,0.205,0.174,0.146,0.121,0.099,0.079,0.063,0.05,0.039,0.029,0.022,0.016,0.011,0.007,0.005,0.005,0.003,0.002,0.001,0,0
BTN,1978,14.972,14.271,13.611,13.081,12.5,11.951,11.435,10.949,10.493,10.068,9.657,9.249,8.853,8.482,8.13,7.812,7.539,7.298,7.076,6.882,6.679,6.45,6.213,5.994,5.773,5.633,5.612,5.663,5.706,5.767,5.755,5.621,5.407,5.209,5.005,4.814,4.653,4.51,4.357,4.197,4.042,3.889,3.74,3.592,3.446,3.301,3.157,3.014,2.873,2.736,2.601,2.469,2.34,2.214,2.092,1.973,1.86,1.751,1.646,1.544,1.446,1.352,1.261,1.174,1.09,1.009,0.932,0.858,0.788,0.721,0.656,0.595,0.536,0.48,0.428,0.379,0.333,0.29,0.251,0.214,0.181,0.153,0.127,0.105,0.084,0.067,0.053,0.041,0.031,0.024,0.018,0.013,0.009,0.006,0.005,0.004,0.002,0.001,0,0
BTN,1979,15.352,14.641,13.975,13.351,12.831,12.285,11.771,11.287,10.831,10.403,10.005,9.614,9.219,8.828,8.463,8.112,7.799,7.533,7.302,7.088,6.901,6.704,6.478,6.246,6.029,5.811,5.669,5.645,5.692,5.731,5.785,5.768,5.628,5.411,5.207,5.001,4.805,4.639,4.493,4.336,4.175,4.017,3.862,3.71,3.56,3.412,3.266,3.121,2.977,2.836,2.697,2.563,2.43,2.301,2.175,2.052,1.933,1.82,1.71,1.605,1.502,1.403,1.309,1.218,1.131,1.048,0.968,0.891,0.817,0.747,0.681,0.617,0.556,0.498,0.443,0.392,0.345,0.301,0.26,0.223,0.188,0.158,0.13,0.107,0.087,0.069,0.054,0.042,0.032,0.024,0.018,0.014,0.01,0.007,0.004,0.003,0.002,0.002,0,0
BTN,1980,15.699,14.987,14.322,13.7,13.118,12.573,12.063,11.582,11.131,10.705,10.305,9.936,9.566,9.183,8.798,8.437,8.089,7.78,7.522,7.302,7.096,6.915,6.724,6.503,6.274,6.061,5.843,5.703,5.676,5.717,5.751,5.799,5.776,5.632,5.411,5.203,4.991,4.792,4.623,4.474,4.313,4.15,3.989,3.831,3.678,3.526,3.377,3.23,3.083,2.939,2.797,2.658,2.523,2.39,2.26,2.134,2.011,1.892,1.778,1.668,1.562,1.459,1.361,1.266,1.176,1.089,1.004,0.925,0.848,0.775,0.705,0.639,0.577,0.517,0.46,0.407,0.356,0.31,0.268,0.229,0.194,0.161,0.133,0.108,0.088,0.07,0.054,0.042,0.032,0.024,0.016,0.012,0.009,0.007,0.004,0.002,0.002,0.002,0.001,0
BTN,1981,16.008,15.428,14.761,14.134,13.546,12.995,12.475,11.987,11.523,11.082,10.659,10.263,9.892,9.523,9.141,8.759,8.398,8.05,7.742,7.484,7.262,7.057,6.875,6.683,6.462,6.232,6.018,5.801,5.66,5.63,5.668,5.699,5.743,5.718,5.573,5.352,5.144,4.932,4.733,4.564,4.414,4.254,4.09,3.929,3.773,3.619,3.468,3.32,3.172,3.026,2.882,2.741,2.603,2.468,2.335,2.205,2.079,1.956,1.838,1.724,1.615,1.509,1.408,1.31,1.215,1.126,1.04,0.957,0.878,0.803,0.731,0.662,0.598,0.536,0.478,0.423,0.372,0.325,0.281,0.241,0.206,0.173,0.143,0.117,0.096,0.077,0.06,0.047,0.036,0.028,0.02,0.014,0.01,0.007,0.005,0.003,0.002,0.002,0.001,0
BTN,1982,16.272,15.596,15.147,14.524,13.937,13.385,12.862,12.369,11.902,11.456,11.025,10.607,10.213,9.843,9.473,9.093,8.715,8.354,8.007,7.698,7.44,7.219,7.013,6.831,6.637,6.416,6.186,5.972,5.755,5.611,5.58,5.615,5.642,5.684,5.655,5.51,5.289,5.082,4.87,4.671,4.502,4.352,4.193,4.028,3.867,3.712,3.559,3.408,3.26,3.113,2.968,2.824,2.683,2.546,2.411,2.279,2.149,2.024,1.902,1.784,1.67,1.562,1.457,1.355,1.257,1.165,1.075,0.99,0.909,0.83,0.756,0.685,0.619,0.555,0.496,0.44,0.388,0.339,0.294,0.252,0.215,0.182,0.153,0.125,0.102,0.082,0.066,0.052,0.04,0.03,0.023,0.016,0.011,0.009,0.007,0.005,0.003,0.002,0.001,0
BTN,1983,16.533,15.882,15.266,14.871,14.293,13.745,13.226,12.733,12.266,11.822,11.392,10.97,10.558,10.167,9.796,9.426,9.048,8.673,8.314,7.966,7.656,7.398,7.178,6.971,6.787,6.594,6.372,6.142,5.927,5.709,5.565,5.531,5.563,5.587,5.625,5.595,5.449,5.228,5.02,4.808,4.609,4.441,4.291,4.132,3.968,3.807,3.651,3.499,3.349,3.201,3.055,2.91,2.766,2.627,2.49,2.355,2.223,2.094,1.969,1.848,1.73,1.617,1.508,1.403,1.303,1.207,1.113,1.025,0.941,0.861,0.784,0.711,0.641,0.575,0.513,0.456,0.402,0.351,0.306,0.262,0.223,0.189,0.159,0.131,0.107,0.086,0.069,0.054,0.042,0.032,0.025,0.019,0.013,0.009,0.007,0.005,0.003,0.002,0.001,0
BTN,1984,16.85,16.214,15.612,15.04,14.616,14.081,13.571,13.087,12.623,12.18,11.758,11.344,10.931,10.523,10.134,9.762,9.392,9.016,8.642,8.284,7.936,7.625,7.366,7.146,6.938,6.754,6.559,6.337,6.105,5.891,5.672,5.526,5.49,5.518,5.539,5.575,5.542,5.395,5.173,4.965,4.753,4.554,4.386,4.236,4.075,3.912,3.752,3.596,3.444,3.294,3.147,3.002,2.856,2.714,2.574,2.436,2.303,2.171,2.043,1.918,1.795,1.678,1.565,1.457,1.353,1.253,1.157,1.065,0.977,0.893,0.813,0.738,0.665,0.597,0.533,0.473,0.416,0.364,0.316,0.271,0.231,0.195,0.163,0.135,0.111,0.09,0.071,0.056,0.044,0.032,0.025,0.02,0.015,0.009,0.005,0.005,0.003,0.002,0.001,0
BTN,1985,17.248,16.615,16.014,15.443,14.901,14.385,13.892,13.422,12.969,12.534,12.116,11.715,11.315,10.911,10.507,10.119,9.746,9.375,8.999,8.627,8.269,7.919,7.607,7.348,7.126,6.917,6.731,6.536,6.313,6.08,5.864,5.645,5.498,5.458,5.484,5.502,5.534,5.499,5.35,5.129,4.92,4.707,4.508,4.338,4.188,4.027,3.863,3.704,3.547,3.395,3.245,3.098,2.952,2.808,2.664,2.525,2.388,2.254,2.123,1.994,1.868,1.746,1.629,1.517,1.409,1.305,1.205,1.109,1.017,0.93,0.846,0.768,0.692,0.621,0.554,0.491,0.432,0.377,0.327,0.281,0.238,0.2,0.166,0.137,0.112,0.09,0.072,0.056,0.043,0.032,0.024,0.018,0.014,0.011,0.005,0.003,0.003,0.002,0.002,0.001
BTN,1986,17.73,17.064,16.461,15.888,15.344,14.825,14.331,13.859,13.403,12.958,12.525,12.109,11.707,11.308,10.904,10.501,10.114,9.74,9.368,8.991,8.619,8.261,7.91,7.597,7.336,7.114,6.903,6.715,6.517,6.292,6.059,5.84,5.619,5.47,5.427,5.45,5.466,5.495,5.458,5.308,5.086,4.876,4.663,4.463,4.293,4.141,3.98,3.816,3.655,3.5,3.347,3.196,3.049,2.902,2.758,2.614,2.474,2.337,2.202,2.07,1.941,1.816,1.694,1.577,1.465,1.358,1.254,1.155,1.059,0.969,0.883,0.8,0.723,0.65,0.58,0.515,0.454,0.397,0.345,0.298,0.254,0.215,0.179,0.148,0.122,0.099,0.079,0.062,0.048,0.038,0.028,0.02,0.015,0.012,0.009,0.005,0.003,0.002,0.002,0.001
BTN,1987,18.297,17.608,16.908,16.334,15.788,15.269,14.773,14.3,13.848,13.407,12.969,12.538,12.122,11.72,11.319,10.915,10.515,10.125,9.751,9.378,9,8.627,8.267,7.914,7.6,7.337,7.112,6.899,6.71,6.509,6.282,6.047,5.826,5.602,5.451,5.406,5.426,5.438,5.466,5.426,5.274,5.051,4.841,4.627,4.425,4.254,4.102,3.94,3.776,3.615,3.457,3.304,3.152,3.004,2.858,2.712,2.567,2.426,2.288,2.154,2.021,1.892,1.767,1.645,1.527,1.416,1.309,1.206,1.106,1.011,0.922,0.836,0.756,0.679,0.607,0.54,0.476,0.418,0.363,0.314,0.269,0.228,0.192,0.159,0.131,0.106,0.086,0.068,0.054,0.042,0.032,0.023,0.016,0.013,0.01,0.007,0.004,0.002,0.002,0.001
BTN,1988,18.803,18.086,17.421,16.728,16.183,15.666,15.174,14.702,14.251,13.82,13.393,12.963,12.534,12.12,11.716,11.315,10.913,10.513,10.124,9.75,9.375,8.996,8.623,8.262,7.908,7.593,7.328,7.101,6.886,6.695,6.492,6.263,6.025,5.803,5.579,5.425,5.378,5.395,5.404,5.428,5.386,5.234,5.009,4.799,4.583,4.382,4.21,4.057,3.895,3.73,3.568,3.41,3.256,3.104,2.955,2.808,2.661,2.517,2.375,2.237,2.102,1.97,1.841,1.714,1.592,1.476,1.364,1.257,1.154,1.056,0.962,0.873,0.789,0.709,0.634,0.563,0.498,0.437,0.381,0.328,0.281,0.239,0.202,0.168,0.138,0.112,0.09,0.072,0.056,0.044,0.034,0.026,0.018,0.013,0.009,0.007,0.005,0.003,0.002,0.001
BTN,1989,19.066,18.356,17.698,17.089,16.471,15.959,15.473,15.009,14.563,14.136,13.728,13.318,12.898,12.474,12.061,11.659,11.259,10.86,10.464,10.078,9.703,9.329,8.952,8.58,8.219,7.866,7.55,7.286,7.058,6.842,6.649,6.446,6.216,5.978,5.755,5.529,5.374,5.324,5.338,5.345,5.366,5.322,5.169,4.945,4.734,4.519,4.318,4.146,3.994,3.832,3.666,3.505,3.348,3.193,3.041,2.892,2.746,2.6,2.455,2.313,2.175,2.04,1.908,1.78,1.655,1.534,1.417,1.306,1.2,1.098,1.001,0.908,0.821,0.738,0.659,0.586,0.517,0.455,0.395,0.341,0.292,0.247,0.208,0.174,0.143,0.117,0.094,0.074,0.058,0.044,0.034,0.028,0.02,0.013,0.009,0.007,0.005,0.004,0.002,0.002
BTN,1990,18.97,18.325,17.72,17.153,16.619,16.116,15.64,15.188,14.753,14.337,13.936,13.553,13.163,12.755,12.337,11.93,11.532,11.135,10.742,10.351,9.969,9.597,9.227,8.853,8.484,8.127,7.777,7.462,7.199,6.973,6.757,6.563,6.361,6.132,5.894,5.672,5.447,5.291,5.239,5.249,5.253,5.271,5.226,5.072,4.851,4.641,4.429,4.229,4.058,3.906,3.746,3.582,3.421,3.265,3.111,2.961,2.813,2.667,2.522,2.378,2.238,2.101,1.967,1.836,1.709,1.586,1.466,1.35,1.241,1.137,1.036,0.94,0.849,0.763,0.682,0.607,0.535,0.469,0.407,0.353,0.301,0.254,0.213,0.177,0.146,0.118,0.094,0.074,0.058,0.045,0.032,0.024,0.02,0.015,0.009,0.005,0.005,0.003,0.002,0.002
BTN,1991,18.783,18.476,17.902,17.349,16.817,16.303,15.807,15.325,14.864,14.425,14.004,13.594,13.198,12.797,12.382,11.961,11.551,11.145,10.757,10.391,10.042,9.701,9.374,9.03,8.656,8.267,7.894,7.525,7.204,6.954,6.753,6.561,6.39,6.201,5.97,5.72,5.489,5.255,5.091,5.033,5.037,5.036,5.046,5.004,4.868,4.674,4.491,4.307,4.128,3.965,3.812,3.653,3.489,3.33,3.178,3.03,2.884,2.739,2.596,2.453,2.311,2.173,2.037,1.905,1.775,1.649,1.527,1.408,1.294,1.186,1.083,0.984,0.889,0.799,0.715,0.637,0.564,0.494,0.431,0.373,0.321,0.272,0.229,0.19,0.158,0.129,0.104,0.082,0.065,0.051,0.038,0.028,0.022,0.017,0.013,0.007,0.005,0.004,0.003,0.002
BTN,1992,18.267,17.908,17.889,17.391,16.892,16.396,15.906,15.419,14.934,14.467,14.026,13.601,13.184,12.778,12.368,11.948,11.526,11.114,10.703,10.324,9.989,9.684,9.384,9.103,8.789,8.415,8.009,7.622,7.235,6.909,6.674,6.501,6.333,6.186,6.011,5.78,5.519,5.279,5.039,4.867,4.801,4.801,4.793,4.796,4.756,4.64,4.473,4.318,4.163,4.005,3.852,3.699,3.541,3.379,3.223,3.075,2.933,2.792,2.652,2.513,2.372,2.233,2.097,1.963,1.833,1.706,1.581,1.46,1.344,1.232,1.126,1.024,0.926,0.833,0.746,0.665,0.589,0.518,0.451,0.391,0.337,0.288,0.244,0.203,0.167,0.137,0.112,0.089,0.07,0.056,0.043,0.032,0.022,0.018,0.014,0.011,0.006,0.005,0.003,0.002
BTN,1993,17.588,17.422,17.202,17.287,16.861,16.419,15.961,15.494,15.016,14.528,14.056,13.612,13.185,12.761,12.346,11.927,11.504,11.081,10.667,10.253,9.883,9.579,9.317,9.059,8.825,8.539,8.165,7.744,7.342,6.939,6.607,6.388,6.243,6.098,5.975,5.815,5.582,5.312,5.064,4.817,4.638,4.565,4.56,4.546,4.542,4.504,4.406,4.269,4.141,4.015,3.88,3.735,3.583,3.426,3.266,3.112,2.97,2.834,2.698,2.562,2.426,2.289,2.152,2.018,1.887,1.759,1.634,1.512,1.394,1.279,1.169,1.064,0.964,0.868,0.777,0.692,0.612,0.54,0.472,0.409,0.351,0.3,0.255,0.214,0.176,0.145,0.118,0.095,0.074,0.058,0.046,0.036,0.026,0.018,0.014,0.011,0.009,0.005,0.003,0.002
BTN,1994,16.965,16.976,16.902,16.75,16.751,16.4,16.009,15.587,15.141,14.671,14.179,13.7,13.251,12.822,12.389,11.962,11.534,11.104,10.679,10.263,9.842,9.481,9.207,8.987,8.771,8.581,8.322,7.948,7.508,7.092,6.67,6.333,6.128,6.01,5.887,5.788,5.642,5.408,5.126,4.87,4.614,4.427,4.348,4.337,4.317,4.305,4.271,4.191,4.081,3.981,3.884,3.769,3.632,3.481,3.326,3.166,3.014,2.875,2.746,2.614,2.482,2.35,2.215,2.08,1.948,1.819,1.692,1.569,1.448,1.333,1.219,1.11,1.007,0.908,0.814,0.724,0.641,0.564,0.494,0.428,0.368,0.312,0.265,0.223,0.185,0.152,0.123,0.099,0.078,0.06,0.047,0.038,0.028,0.02,0.013,0.011,0.009,0.006,0.003,0.002
BTN,1995,16.539,16.689,16.734,16.683,16.547,16.332,16.05,15.71,15.322,14.894,14.429,13.928,13.439,12.982,12.547,12.102,11.66,11.22,10.782,10.351,9.929,9.5,9.144,8.898,8.719,8.542,8.395,8.163,7.787,7.325,6.89,6.448,6.102,5.91,5.818,5.718,5.641,5.508,5.271,4.976,4.708,4.443,4.247,4.16,4.144,4.118,4.098,4.066,4.005,3.923,3.848,3.779,3.685,3.555,3.402,3.248,3.087,2.936,2.801,2.677,2.548,2.419,2.289,2.156,2.023,1.892,1.763,1.637,1.515,1.396,1.279,1.167,1.06,0.956,0.858,0.764,0.675,0.593,0.519,0.45,0.387,0.328,0.276,0.232,0.192,0.157,0.127,0.101,0.08,0.062,0.046,0.035,0.029,0.022,0.013,0.008,0.007,0.005,0.004,0.002
BTN,1996,15.966,16.292,16.425,16.465,16.42,16.296,16.103,15.85,15.533,15.152,14.725,14.264,13.77,13.285,12.834,12.403,11.963,11.525,11.088,10.654,10.228,9.807,9.382,9.029,8.785,8.606,8.429,8.282,8.052,7.677,7.221,6.79,6.352,6.008,5.818,5.725,5.624,5.547,5.414,5.18,4.888,4.624,4.362,4.168,4.079,4.061,4.034,4.013,3.98,3.917,3.834,3.758,3.687,3.593,3.464,3.311,3.158,2.999,2.847,2.713,2.59,2.461,2.333,2.203,2.071,1.939,1.809,1.683,1.558,1.438,1.32,1.206,1.097,0.991,0.892,0.797,0.707,0.621,0.543,0.473,0.408,0.349,0.295,0.247,0.206,0.17,0.138,0.11,0.089,0.07,0.053,0.039,0.03,0.024,0.018,0.011,0.007,0.006,0.005,0.002
BTN,1997,15.601,15.887,16.163,16.28,16.317,16.276,16.164,15.991,15.765,15.467,15.093,14.663,14.204,13.711,13.228,12.779,12.35,11.912,11.473,11.037,10.603,10.177,9.759,9.333,8.98,8.735,8.555,8.377,8.23,7.998,7.625,7.169,6.739,6.302,5.959,5.768,5.674,5.572,5.494,5.361,5.127,4.836,4.573,4.312,4.118,4.028,4.008,3.981,3.957,3.922,3.857,3.772,3.696,3.624,3.528,3.398,3.244,3.091,2.932,2.781,2.646,2.521,2.392,2.264,2.134,2.002,1.87,1.74,1.614,1.491,1.371,1.256,1.143,1.035,0.932,0.835,0.742,0.655,0.573,0.497,0.43,0.37,0.314,0.264,0.219,0.182,0.149,0.12,0.095,0.076,0.06,0.045,0.032,0.025,0.02,0.015,0.009,0.007,0.005,0.003
BTN,1998,15.376,15.68,15.902,16.112,16.214,16.246,16.21,16.109,15.954,15.753,15.475,15.106,14.671,14.21,13.718,13.234,12.784,12.356,11.915,11.476,11.038,10.603,10.176,9.755,9.328,8.974,8.727,8.545,8.365,8.216,7.982,7.607,7.151,6.72,6.282,5.938,5.746,5.651,5.547,5.468,5.333,5.098,4.807,4.544,4.282,4.087,3.997,3.975,3.945,3.92,3.883,3.817,3.73,3.651,3.577,3.479,3.348,3.193,3.039,2.879,2.727,2.591,2.465,2.335,2.206,2.075,1.943,1.81,1.681,1.555,1.431,1.312,1.197,1.085,0.978,0.877,0.781,0.691,0.606,0.527,0.454,0.39,0.333,0.281,0.234,0.193,0.158,0.129,0.102,0.081,0.066,0.05,0.036,0.026,0.02,0.016,0.012,0.007,0.005,0.003
BTN,1999,15.206,15.507,15.748,15.929,16.088,16.175,16.202,16.171,16.082,15.945,15.77,15.509,15.143,14.704,14.241,13.747,13.263,12.812,12.382,11.941,11.498,11.059,10.62,10.192,9.769,9.34,8.983,8.733,8.55,8.368,8.216,7.981,7.604,7.145,6.713,6.273,5.927,5.733,5.636,5.531,5.449,5.314,5.078,4.787,4.522,4.26,4.064,3.972,3.949,3.917,3.89,3.851,3.783,3.694,3.613,3.537,3.437,3.304,3.149,2.992,2.831,2.678,2.54,2.413,2.282,2.15,2.02,1.887,1.753,1.623,1.496,1.374,1.254,1.139,1.029,0.923,0.823,0.729,0.64,0.559,0.481,0.411,0.35,0.297,0.248,0.204,0.167,0.135,0.108,0.084,0.066,0.054,0.041,0.028,0.02,0.016,0.012,0.009,0.005,0.003
BTN,2000,15.031,15.321,15.57,15.776,15.939,16.058,16.13,16.152,16.126,16.048,15.929,15.78,15.538,15.177,14.732,14.268,13.773,13.288,12.835,12.405,11.962,11.517,11.075,10.634,10.204,9.779,9.347,8.988,8.737,8.551,8.367,8.213,7.976,7.597,7.137,6.703,6.262,5.914,5.719,5.62,5.514,5.43,5.293,5.056,4.764,4.5,4.237,4.04,3.947,3.921,3.888,3.86,3.818,3.748,3.657,3.573,3.495,3.393,3.259,3.102,2.944,2.782,2.628,2.489,2.36,2.227,2.096,1.963,1.828,1.695,1.564,1.437,1.315,1.195,1.081,0.972,0.866,0.768,0.675,0.59,0.509,0.435,0.368,0.31,0.259,0.215,0.174,0.14,0.112,0.088,0.066,0.051,0.042,0.031,0.02,0.013,0.01,0.008,0.006,0.003
BTN,2001,14.807,15.012,15.286,15.526,15.731,15.896,16.022,16.107,16.141,16.123,16.05,15.939,15.797,15.566,15.218,14.788,14.338,13.856,13.378,12.925,12.488,12.037,11.585,11.132,10.677,10.229,9.787,9.338,8.964,8.702,8.51,8.32,8.16,7.92,7.544,7.088,6.66,6.225,5.883,5.691,5.594,5.491,5.41,5.274,5.038,4.744,4.477,4.211,4.011,3.916,3.888,3.852,3.821,3.778,3.705,3.61,3.524,3.443,3.339,3.202,3.044,2.885,2.721,2.565,2.424,2.294,2.161,2.028,1.894,1.76,1.627,1.498,1.372,1.25,1.133,1.021,0.913,0.811,0.714,0.626,0.545,0.468,0.398,0.335,0.28,0.234,0.191,0.156,0.125,0.099,0.076,0.057,0.045,0.037,0.027,0.017,0.012,0.01,0.007,0.003
BTN,2002,14.592,14.833,14.991,15.25,15.481,15.683,15.852,15.986,16.082,16.129,16.117,16.05,15.947,15.813,15.591,15.257,14.843,14.406,13.939,13.468,13.014,12.57,12.112,11.652,11.188,10.719,10.254,9.795,9.327,8.939,8.667,8.468,8.271,8.105,7.863,7.489,7.038,6.615,6.187,5.851,5.663,5.569,5.467,5.39,5.255,5.017,4.723,4.453,4.185,3.983,3.885,3.855,3.817,3.783,3.736,3.66,3.563,3.475,3.391,3.284,3.146,2.985,2.824,2.659,2.502,2.36,2.228,2.094,1.96,1.826,1.692,1.56,1.431,1.306,1.186,1.07,0.96,0.855,0.754,0.662,0.576,0.499,0.427,0.36,0.301,0.251,0.208,0.169,0.137,0.11,0.087,0.066,0.049,0.039,0.031,0.023,0.014,0.01,0.008,0.005
BTN,2003,14.385,14.59,14.801,14.963,15.206,15.428,15.628,15.799,15.94,16.049,16.108,16.104,16.043,15.946,15.821,15.608,15.289,14.89,14.467,14.014,13.552,13.098,12.646,12.182,11.714,11.239,10.755,10.274,9.797,9.312,8.909,8.626,8.422,8.219,8.047,7.802,7.43,6.985,6.568,6.147,5.816,5.632,5.539,5.441,5.366,5.234,4.996,4.699,4.427,4.158,3.954,3.853,3.82,3.779,3.743,3.694,3.615,3.516,3.424,3.337,3.228,3.087,2.925,2.763,2.596,2.437,2.293,2.161,2.025,1.891,1.757,1.623,1.491,1.363,1.24,1.12,1.006,0.898,0.796,0.698,0.608,0.526,0.453,0.385,0.322,0.267,0.221,0.182,0.146,0.117,0.095,0.074,0.054,0.039,0.031,0.025,0.019,0.012,0.008,0.005
BTN,2004,14.184,14.35,14.536,14.735,14.921,15.147,15.362,15.558,15.732,15.881,16.002,16.072,16.075,16.019,15.931,15.813,15.612,15.306,14.924,14.516,14.077,13.623,13.169,12.712,12.24,11.765,11.28,10.782,10.284,9.791,9.289,8.871,8.58,8.368,8.159,7.981,7.734,7.364,6.926,6.515,6.1,5.776,5.595,5.505,5.41,5.338,5.207,4.969,4.671,4.398,4.126,3.92,3.817,3.782,3.738,3.699,3.648,3.566,3.463,3.37,3.281,3.169,3.026,2.862,2.698,2.53,2.37,2.226,2.092,1.956,1.82,1.686,1.553,1.421,1.294,1.171,1.054,0.942,0.836,0.736,0.641,0.554,0.476,0.407,0.343,0.284,0.234,0.191,0.156,0.122,0.098,0.08,0.061,0.043,0.031,0.025,0.02,0.014,0.008,0.005
BTN,2005,13.986,14.116,14.275,14.457,14.655,14.862,15.072,15.277,15.471,15.647,15.803,15.936,16.017,16.029,15.979,15.897,15.788,15.597,15.306,14.94,14.547,14.123,13.677,13.224,12.761,12.283,11.802,11.307,10.795,10.281,9.772,9.254,8.822,8.522,8.304,8.089,7.906,7.657,7.29,6.858,6.454,6.047,5.729,5.552,5.465,5.373,5.304,5.175,4.937,4.637,4.363,4.089,3.88,3.776,3.74,3.693,3.651,3.596,3.513,3.408,3.311,3.22,3.106,2.961,2.796,2.631,2.462,2.3,2.155,2.021,1.883,1.747,1.613,1.48,1.35,1.223,1.102,0.986,0.877,0.773,0.676,0.583,0.499,0.425,0.361,0.301,0.246,0.2,0.161,0.129,0.099,0.078,0.064,0.049,0.031,0.021,0.018,0.014,0.01,0.006
BTN,2006,13.86,13.959,14.1,14.268,14.456,14.657,14.866,15.074,15.278,15.475,15.654,15.811,15.945,16.021,16.024,15.961,15.868,15.744,15.539,15.23,14.845,14.433,13.99,13.532,13.072,12.609,12.132,11.652,11.16,10.653,10.145,9.643,9.132,8.709,8.418,8.21,8.005,7.83,7.591,7.233,6.809,6.411,6.012,5.699,5.522,5.432,5.336,5.264,5.132,4.894,4.595,4.321,4.047,3.839,3.732,3.693,3.645,3.6,3.543,3.456,3.349,3.25,3.155,3.04,2.894,2.728,2.561,2.393,2.231,2.085,1.95,1.813,1.677,1.543,1.412,1.283,1.158,1.039,0.925,0.819,0.72,0.626,0.537,0.458,0.388,0.328,0.271,0.222,0.179,0.144,0.113,0.087,0.069,0.056,0.043,0.027,0.02,0.016,0.012,0.006
BTN,2007,13.735,13.794,13.912,14.063,14.239,14.432,14.637,14.847,15.053,15.258,15.455,15.637,15.795,15.929,16.003,15.996,15.92,15.813,15.677,15.457,15.131,14.727,14.297,13.836,13.365,12.9,12.437,11.961,11.483,10.995,10.493,9.993,9.498,8.997,8.583,8.301,8.103,7.908,7.743,7.513,7.165,6.748,6.359,5.967,5.66,5.483,5.39,5.292,5.216,5.082,4.844,4.547,4.273,4,3.79,3.682,3.64,3.589,3.542,3.484,3.395,3.285,3.183,3.086,2.969,2.821,2.655,2.488,2.319,2.157,2.011,1.876,1.739,1.604,1.471,1.341,1.213,1.091,0.973,0.863,0.76,0.664,0.575,0.491,0.416,0.351,0.294,0.241,0.196,0.159,0.127,0.098,0.074,0.059,0.048,0.037,0.023,0.017,0.013,0.008
BTN,2008,13.602,13.634,13.712,13.853,14.016,14.199,14.398,14.606,14.817,15.022,15.225,15.425,15.61,15.768,15.902,15.971,15.956,15.867,15.747,15.6,15.364,15.021,14.597,14.15,13.671,13.188,12.718,12.255,11.781,11.306,10.821,10.325,9.831,9.345,8.853,8.45,8.177,7.99,7.805,7.65,7.429,7.09,6.683,6.303,5.919,5.615,5.44,5.345,5.244,5.164,5.028,4.79,4.494,4.221,3.949,3.739,3.629,3.585,3.532,3.482,3.421,3.329,3.218,3.114,3.015,2.896,2.747,2.58,2.413,2.244,2.082,1.936,1.801,1.664,1.53,1.398,1.268,1.143,1.022,0.908,0.8,0.701,0.61,0.524,0.444,0.373,0.313,0.26,0.21,0.171,0.139,0.11,0.082,0.06,0.05,0.04,0.03,0.019,0.014,0.008
BTN,2009,13.445,13.466,13.532,13.639,13.801,13.974,14.166,14.369,14.582,14.793,14.996,15.198,15.4,15.588,15.747,15.881,15.947,15.922,15.82,15.688,15.527,15.277,14.916,14.475,14.009,13.512,13.015,12.54,12.079,11.604,11.132,10.652,10.161,9.675,9.197,8.714,8.32,8.058,7.879,7.705,7.56,7.349,7.019,6.62,6.248,5.873,5.575,5.399,5.302,5.199,5.115,4.976,4.738,4.444,4.171,3.899,3.689,3.577,3.531,3.476,3.425,3.36,3.266,3.152,3.046,2.945,2.824,2.674,2.507,2.339,2.17,2.008,1.862,1.726,1.59,1.456,1.325,1.197,1.074,0.955,0.842,0.737,0.642,0.555,0.474,0.398,0.331,0.274,0.226,0.181,0.144,0.119,0.093,0.066,0.048,0.04,0.032,0.024,0.015,0.009
BTN,2010,13.253,13.284,13.356,13.463,13.601,13.765,13.948,14.148,14.358,14.573,14.786,14.987,15.189,15.394,15.584,15.745,15.879,15.941,15.906,15.791,15.645,15.472,15.207,14.828,14.368,13.883,13.368,12.858,12.378,11.916,11.442,10.971,10.495,10.009,9.528,9.06,8.585,8.2,7.947,7.778,7.614,7.479,7.277,6.956,6.565,6.201,5.833,5.539,5.364,5.265,5.158,5.071,4.93,4.692,4.398,4.127,3.854,3.643,3.531,3.482,3.423,3.37,3.303,3.207,3.09,2.981,2.877,2.754,2.604,2.436,2.269,2.098,1.936,1.79,1.654,1.518,1.384,1.254,1.127,1.005,0.888,0.778,0.676,0.584,0.5,0.423,0.351,0.289,0.237,0.193,0.151,0.119,0.099,0.077,0.051,0.035,0.03,0.024,0.018,0.011
BTN,2011,12.957,13.177,13.233,13.322,13.439,13.58,13.741,13.916,14.109,14.314,14.528,14.737,14.932,15.129,15.33,15.52,15.679,15.809,15.873,15.845,15.741,15.605,15.442,15.184,14.805,14.342,13.854,13.337,12.823,12.337,11.871,11.391,10.913,10.433,9.948,9.469,9.001,8.529,8.145,7.891,7.722,7.555,7.419,7.217,6.896,6.507,6.143,5.776,5.483,5.308,5.205,5.097,5.009,4.866,4.628,4.336,4.065,3.793,3.582,3.468,3.416,3.355,3.299,3.23,3.132,3.012,2.901,2.795,2.67,2.519,2.352,2.184,2.015,1.854,1.708,1.573,1.439,1.308,1.179,1.057,0.939,0.826,0.72,0.621,0.535,0.457,0.383,0.317,0.262,0.213,0.171,0.132,0.105,0.087,0.067,0.044,0.033,0.027,0.02,0.011
BTN,2012,12.622,12.761,13.12,13.202,13.308,13.434,13.579,13.738,13.906,14.09,14.293,14.505,14.709,14.898,15.091,15.29,15.478,15.635,15.764,15.829,15.808,15.714,15.587,15.434,15.182,14.804,14.336,13.846,13.325,12.806,12.316,11.842,11.357,10.872,10.387,9.9,9.423,8.956,8.485,8.103,7.848,7.676,7.508,7.371,7.167,6.846,6.459,6.095,5.729,5.435,5.258,5.154,5.044,4.953,4.809,4.572,4.28,4.01,3.738,3.527,3.41,3.356,3.293,3.234,3.163,3.061,2.939,2.825,2.718,2.591,2.439,2.271,2.104,1.936,1.775,1.63,1.496,1.363,1.232,1.107,0.987,0.873,0.765,0.662,0.57,0.487,0.414,0.344,0.283,0.235,0.19,0.149,0.113,0.092,0.076,0.058,0.037,0.029,0.022,0.013
BTN,2013,12.312,12.516,12.714,13.075,13.184,13.307,13.442,13.591,13.747,13.908,14.086,14.284,14.495,14.694,14.879,15.067,15.262,15.449,15.606,15.733,15.799,15.785,15.701,15.585,15.441,15.194,14.817,14.344,13.851,13.325,12.802,12.305,11.827,11.333,10.842,10.351,9.863,9.386,8.92,8.45,8.067,7.812,7.638,7.469,7.33,7.126,6.804,6.415,6.052,5.687,5.392,5.213,5.107,4.996,4.903,4.757,4.519,4.227,3.957,3.686,3.475,3.356,3.299,3.233,3.172,3.098,2.994,2.87,2.753,2.642,2.514,2.361,2.193,2.026,1.857,1.697,1.553,1.42,1.288,1.159,1.036,0.919,0.809,0.704,0.607,0.517,0.439,0.371,0.305,0.251,0.208,0.167,0.126,0.096,0.078,0.064,0.049,0.031,0.025,0.015
BTN,2014,12.116,12.346,12.562,12.764,13.032,13.166,13.306,13.453,13.604,13.759,13.912,14.082,14.277,14.485,14.682,14.861,15.045,15.238,15.424,15.579,15.704,15.771,15.765,15.69,15.584,15.449,15.21,14.831,14.355,13.858,13.329,12.8,12.297,11.811,11.312,10.812,10.317,9.827,9.351,8.885,8.416,8.033,7.777,7.601,7.43,7.289,7.083,6.762,6.374,6.01,5.644,5.35,5.169,5.062,4.948,4.853,4.706,4.467,4.176,3.906,3.635,3.423,3.302,3.242,3.174,3.11,3.033,2.926,2.799,2.68,2.567,2.437,2.283,2.114,1.947,1.779,1.62,1.476,1.343,1.212,1.086,0.964,0.85,0.744,0.644,0.55,0.465,0.392,0.329,0.266,0.217,0.181,0.143,0.104,0.077,0.065,0.052,0.039,0.025,0.017
BTN,2015,12.089,12.284,12.471,12.647,12.818,12.983,13.143,13.301,13.456,13.612,13.764,13.909,14.073,14.264,14.47,14.663,14.837,15.016,15.207,15.392,15.545,15.669,15.739,15.738,15.675,15.576,15.453,15.218,14.84,14.36,13.859,13.325,12.793,12.284,11.792,11.286,10.778,10.277,9.787,9.311,8.846,8.379,7.996,7.738,7.561,7.388,7.246,7.039,6.718,6.329,5.966,5.601,5.305,5.124,5.014,4.898,4.8,4.652,4.414,4.123,3.853,3.583,3.369,3.248,3.184,3.113,3.047,2.968,2.858,2.728,2.606,2.49,2.358,2.204,2.035,1.868,1.7,1.541,1.398,1.267,1.137,1.012,0.893,0.782,0.679,0.583,0.493,0.413,0.345,0.286,0.227,0.183,0.154,0.12,0.082,0.059,0.05,0.041,0.03,0.019
BTN,2016,12.282,12.129,12.291,12.455,12.623,12.793,12.967,13.145,13.314,13.467,13.609,13.753,13.894,14.052,14.241,14.445,14.635,14.806,14.988,15.191,15.394,15.564,15.704,15.785,15.787,15.717,15.615,15.486,15.244,14.854,14.361,13.845,13.297,12.752,12.241,11.751,11.246,10.74,10.24,9.748,9.273,8.807,8.338,7.955,7.696,7.517,7.342,7.199,6.991,6.668,6.28,5.917,5.551,5.255,5.072,4.959,4.841,4.741,4.591,4.352,4.062,3.792,3.522,3.308,3.184,3.118,3.043,2.974,2.891,2.778,2.646,2.523,2.404,2.27,2.115,1.947,1.782,1.615,1.458,1.318,1.19,1.063,0.941,0.827,0.721,0.624,0.531,0.448,0.376,0.312,0.253,0.2,0.162,0.136,0.105,0.072,0.056,0.045,0.034,0.021
BTN,2017,12.641,12.543,12.161,12.286,12.43,12.588,12.757,12.94,13.137,13.318,13.466,13.595,13.731,13.867,14.022,14.206,14.409,14.596,14.762,14.947,15.162,15.382,15.569,15.727,15.818,15.822,15.747,15.64,15.508,15.259,14.858,14.349,13.82,13.257,12.702,12.188,11.7,11.196,10.693,10.195,9.703,9.225,8.759,8.292,7.908,7.649,7.467,7.291,7.145,6.937,6.614,6.226,5.862,5.496,5.2,5.016,4.901,4.781,4.679,4.527,4.287,3.998,3.729,3.459,3.244,3.117,3.048,2.97,2.898,2.812,2.698,2.562,2.436,2.316,2.181,2.026,1.858,1.693,1.528,1.374,1.236,1.111,0.989,0.871,0.76,0.66,0.567,0.479,0.402,0.338,0.278,0.222,0.173,0.141,0.119,0.091,0.062,0.05,0.037,0.023
BTN,2018,13.053,12.762,12.561,12.187,12.277,12.4,12.547,12.716,12.907,13.122,13.315,13.459,13.575,13.704,13.835,13.984,14.165,14.364,14.549,14.713,14.901,15.127,15.365,15.568,15.742,15.845,15.85,15.769,15.659,15.522,15.266,14.853,14.332,13.789,13.211,12.646,12.13,11.644,11.143,10.642,10.145,9.654,9.175,8.709,8.241,7.857,7.596,7.414,7.237,7.09,6.879,6.556,6.168,5.806,5.44,5.143,4.957,4.841,4.718,4.613,4.46,4.221,3.932,3.663,3.394,3.179,3.05,2.977,2.897,2.822,2.733,2.615,2.477,2.348,2.226,2.09,1.935,1.768,1.605,1.442,1.289,1.154,1.032,0.914,0.799,0.694,0.598,0.511,0.427,0.356,0.3,0.245,0.189,0.146,0.121,0.1,0.077,0.052,0.041,0.026
BTN,2019,13.36,12.935,12.627,12.424,12.214,12.269,12.37,12.508,12.676,12.876,13.11,13.313,13.453,13.556,13.677,13.803,13.949,14.125,14.323,14.504,14.665,14.855,15.094,15.349,15.568,15.759,15.874,15.88,15.794,15.679,15.538,15.275,14.851,14.317,13.76,13.167,12.591,12.073,11.589,11.089,10.591,10.097,9.604,9.125,8.659,8.191,7.808,7.546,7.362,7.183,7.035,6.823,6.501,6.112,5.749,5.384,5.087,4.899,4.78,4.656,4.549,4.394,4.155,3.867,3.598,3.329,3.114,2.983,2.907,2.823,2.744,2.653,2.533,2.393,2.262,2.137,2,1.844,1.679,1.517,1.355,1.204,1.072,0.954,0.838,0.728,0.627,0.536,0.455,0.375,0.311,0.263,0.212,0.157,0.119,0.101,0.082,0.063,0.041,0.029
BTN,2020,13.452,13.001,12.666,12.436,12.3,12.247,12.266,12.345,12.474,12.641,12.849,13.102,13.316,13.453,13.543,13.657,13.778,13.918,14.091,14.286,14.466,14.622,14.815,15.066,15.339,15.575,15.782,15.908,15.916,15.825,15.706,15.561,15.289,14.855,14.307,13.736,13.127,12.542,12.02,11.538,11.041,10.544,10.052,9.559,9.079,8.613,8.144,7.761,7.498,7.313,7.132,6.982,6.77,6.447,6.058,5.696,5.33,5.033,4.844,4.722,4.595,4.486,4.33,4.09,3.802,3.535,3.266,3.05,2.917,2.837,2.751,2.669,2.574,2.451,2.309,2.175,2.049,1.911,1.755,1.59,1.428,1.268,1.12,0.99,0.875,0.764,0.657,0.561,0.475,0.399,0.323,0.265,0.225,0.178,0.125,0.093,0.08,0.065,0.048,0.031
BTN,2021,13.267,13.311,12.95,12.672,12.473,12.344,12.276,12.258,12.309,12.434,12.613,12.823,13.071,13.282,13.415,13.504,13.617,13.735,13.879,14.062,14.271,14.465,14.634,14.836,15.087,15.353,15.584,15.787,15.904,15.902,15.799,15.665,15.507,15.226,14.789,14.242,13.673,13.066,12.482,11.96,11.478,10.979,10.483,9.99,9.499,9.018,8.552,8.085,7.701,7.436,7.249,7.067,6.914,6.701,6.377,5.99,5.627,5.263,4.964,4.773,4.65,4.521,4.408,4.251,4.011,3.724,3.456,3.189,2.972,2.836,2.753,2.664,2.579,2.482,2.356,2.212,2.077,1.949,1.81,1.657,1.496,1.339,1.182,1.039,0.915,0.805,0.697,0.598,0.511,0.43,0.355,0.285,0.235,0.199,0.158,0.11,0.086,0.07,0.053,0.034
BTN,2022,12.872,12.735,13.182,12.911,12.691,12.521,12.4,12.316,12.261,12.284,12.407,12.597,12.807,13.052,13.259,13.39,13.478,13.589,13.705,13.852,14.045,14.268,14.475,14.66,14.869,15.121,15.382,15.607,15.805,15.914,15.902,15.786,15.64,15.467,15.176,14.736,14.19,13.621,13.017,12.434,11.91,11.427,10.928,10.431,9.937,9.445,8.965,8.499,8.032,7.648,7.382,7.192,7.008,6.853,6.638,6.313,5.927,5.564,5.2,4.901,4.707,4.582,4.45,4.334,4.174,3.935,3.648,3.381,3.114,2.896,2.758,2.671,2.579,2.491,2.391,2.263,2.117,1.981,1.851,1.712,1.561,1.403,1.25,1.097,0.959,0.839,0.736,0.632,0.54,0.461,0.385,0.311,0.248,0.206,0.174,0.137,0.094,0.076,0.058,0.037
BTN,2023,12.358,12.481,12.562,13.057,12.878,12.716,12.575,12.46,12.361,12.269,12.265,12.383,12.586,12.797,13.037,13.241,13.37,13.456,13.566,13.68,13.829,14.034,14.272,14.492,14.69,14.909,15.16,15.416,15.637,15.829,15.932,15.906,15.778,15.62,15.433,15.132,14.688,14.144,13.576,12.972,12.389,11.866,11.38,10.88,10.382,9.888,9.396,8.916,8.448,7.982,7.597,7.33,7.138,6.952,6.794,6.578,6.252,5.865,5.503,5.139,4.839,4.644,4.514,4.38,4.263,4.1,3.859,3.573,3.307,3.04,2.821,2.681,2.591,2.495,2.404,2.302,2.171,2.022,1.885,1.753,1.614,1.464,1.311,1.161,1.014,0.879,0.765,0.666,0.566,0.482,0.411,0.34,0.267,0.211,0.177,0.148,0.116,0.079,0.063,0.041
BTN,2024,11.857,12.21,12.462,12.63,12.929,12.841,12.736,12.623,12.516,12.403,12.273,12.241,12.357,12.57,12.783,13.019,13.22,13.346,13.431,13.54,13.652,13.804,14.018,14.27,14.505,14.716,14.943,15.195,15.445,15.661,15.849,15.943,15.908,15.766,15.595,15.394,15.083,14.636,14.093,13.526,12.924,12.342,11.817,11.331,10.829,10.33,9.836,9.344,8.864,8.396,7.93,7.544,7.275,7.081,6.893,6.734,6.515,6.189,5.803,5.44,5.076,4.776,4.579,4.447,4.31,4.189,4.024,3.783,3.498,3.231,2.965,2.746,2.602,2.509,2.41,2.317,2.212,2.078,1.928,1.788,1.655,1.516,1.368,1.218,1.071,0.929,0.799,0.69,0.597,0.502,0.424,0.362,0.295,0.224,0.173,0.147,0.123,0.095,0.063,0.044
BTN,2025,11.47,11.962,12.326,12.574,12.725,12.794,12.796,12.749,12.667,12.566,12.437,12.271,12.211,12.324,12.548,12.762,12.994,13.191,13.316,13.399,13.506,13.616,13.77,13.995,14.261,14.508,14.734,14.97,15.222,15.466,15.677,15.86,15.947,15.899,15.747,15.562,15.347,15.026,14.576,14.035,13.47,12.868,12.287,11.762,11.274,10.772,10.273,9.778,9.287,8.807,8.34,7.873,7.487,7.217,7.021,6.83,6.668,6.449,6.123,5.736,5.374,5.01,4.71,4.511,4.376,4.236,4.113,3.947,3.706,3.421,3.155,2.888,2.669,2.523,2.426,2.324,2.228,2.12,1.984,1.831,1.69,1.555,1.417,1.271,1.124,0.982,0.844,0.719,0.614,0.527,0.435,0.364,0.312,0.25,0.18,0.136,0.117,0.096,0.074,0.049
BTN,2026,11.247,11.55,11.982,12.306,12.536,12.684,12.766,12.799,12.77,12.685,12.568,12.43,12.261,12.196,12.307,12.531,12.743,12.974,13.174,13.309,13.408,13.528,13.652,13.815,14.041,14.303,14.545,14.766,14.995,15.236,15.467,15.664,15.832,15.909,15.858,15.704,15.518,15.303,14.982,14.53,13.987,13.42,12.818,12.236,11.71,11.22,10.717,10.217,9.722,9.229,8.748,8.282,7.814,7.427,7.155,6.956,6.764,6.599,6.377,6.05,5.664,5.302,4.938,4.637,4.434,4.296,4.153,4.026,3.857,3.615,3.331,3.065,2.8,2.581,2.433,2.331,2.225,2.127,2.017,1.881,1.73,1.589,1.455,1.319,1.179,1.039,0.901,0.77,0.657,0.558,0.47,0.387,0.324,0.277,0.222,0.158,0.126,0.104,0.08,0.052
BTN,2027,11.132,11.6,11.624,11.992,12.279,12.491,12.636,12.731,12.793,12.785,12.696,12.562,12.416,12.242,12.175,12.283,12.506,12.717,12.944,13.147,13.293,13.407,13.542,13.679,13.852,14.078,14.334,14.572,14.788,15.009,15.239,15.458,15.641,15.795,15.861,15.806,15.651,15.466,15.25,14.928,14.476,13.93,13.361,12.758,12.176,11.649,11.158,10.656,10.155,9.659,9.166,8.685,8.218,7.751,7.363,7.089,6.888,6.692,6.526,6.302,5.974,5.588,5.225,4.861,4.559,4.355,4.213,4.067,3.936,3.765,3.522,3.239,2.974,2.711,2.491,2.34,2.235,2.126,2.025,1.913,1.777,1.626,1.486,1.354,1.222,1.086,0.952,0.819,0.696,0.594,0.501,0.413,0.337,0.284,0.241,0.192,0.136,0.112,0.085,0.057
BTN,2028,11.085,11.441,11.738,11.692,11.998,12.245,12.439,12.581,12.689,12.781,12.792,12.701,12.549,12.396,12.218,12.147,12.253,12.475,12.685,12.91,13.116,13.272,13.4,13.549,13.701,13.882,14.108,14.36,14.594,14.805,15.018,15.236,15.442,15.612,15.751,15.805,15.746,15.592,15.406,15.19,14.868,14.414,13.866,13.297,12.694,12.111,11.584,11.093,10.589,10.088,9.592,9.099,8.618,8.151,7.683,7.295,7.019,6.816,6.618,6.449,6.223,5.895,5.51,5.147,4.783,4.48,4.274,4.128,3.978,3.844,3.671,3.428,3.146,2.881,2.619,2.399,2.246,2.137,2.026,1.922,1.808,1.672,1.522,1.384,1.253,1.123,0.992,0.865,0.736,0.621,0.532,0.445,0.357,0.286,0.243,0.206,0.163,0.114,0.092,0.061
BTN,2029,11.038,11.278,11.502,11.709,11.759,12.003,12.212,12.387,12.527,12.648,12.769,12.799,12.705,12.537,12.375,12.193,12.12,12.223,12.443,12.652,12.875,13.084,13.25,13.394,13.556,13.722,13.912,14.139,14.385,14.613,14.82,15.026,15.233,15.425,15.581,15.706,15.749,15.686,15.532,15.344,15.129,14.807,14.352,13.803,13.232,12.628,12.045,11.518,11.027,10.522,10.021,9.524,9.032,8.551,8.083,7.616,7.227,6.949,6.744,6.543,6.372,6.144,5.817,5.43,5.069,4.705,4.401,4.192,4.044,3.89,3.752,3.576,3.334,3.052,2.789,2.528,2.307,2.152,2.04,1.926,1.819,1.703,1.567,1.418,1.281,1.152,1.025,0.899,0.778,0.653,0.547,0.469,0.387,0.3,0.237,0.203,0.171,0.134,0.092,0.066
BTN,2030,10.939,11.099,11.272,11.456,11.642,11.828,12.008,12.179,12.336,12.472,12.607,12.758,12.808,12.71,12.525,12.355,12.169,12.093,12.194,12.413,12.62,12.841,13.052,13.23,13.387,13.564,13.744,13.943,14.169,14.411,14.634,14.836,15.034,15.23,15.409,15.551,15.662,15.695,15.627,15.472,15.285,15.069,14.746,14.29,13.739,13.168,12.564,11.98,11.452,10.961,10.456,9.954,9.458,8.965,8.484,8.016,7.549,7.159,6.88,6.672,6.47,6.295,6.066,5.738,5.352,4.99,4.628,4.323,4.112,3.959,3.803,3.661,3.482,3.24,2.96,2.697,2.437,2.217,2.058,1.942,1.825,1.716,1.599,1.462,1.314,1.178,1.05,0.926,0.807,0.691,0.571,0.473,0.407,0.33,0.242,0.187,0.163,0.135,0.105,0.071
BTN,2031,10.783,10.921,11.09,11.269,11.455,11.643,11.829,12.008,12.176,12.329,12.462,12.593,12.739,12.786,12.686,12.501,12.33,12.142,12.068,12.18,12.414,12.635,12.871,13.091,13.269,13.422,13.594,13.769,13.961,14.178,14.406,14.617,14.804,14.992,15.182,15.361,15.503,15.612,15.643,15.572,15.414,15.223,15.004,14.68,14.222,13.671,13.099,12.494,11.909,11.38,10.887,10.382,9.878,9.382,8.888,8.407,7.938,7.472,7.081,6.8,6.588,6.383,6.205,5.973,5.644,5.258,4.895,4.533,4.228,4.013,3.857,3.697,3.551,3.371,3.128,2.85,2.589,2.33,2.111,1.954,1.836,1.718,1.608,1.493,1.358,1.215,1.083,0.962,0.848,0.733,0.617,0.506,0.422,0.362,0.292,0.213,0.173,0.144,0.111,0.076
BTN,2032,10.587,10.704,10.902,11.079,11.265,11.455,11.644,11.83,12.007,12.173,12.321,12.451,12.578,12.72,12.765,12.662,12.476,12.303,12.114,12.043,12.166,12.415,12.65,12.9,13.129,13.308,13.456,13.623,13.795,13.98,14.185,14.401,14.598,14.772,14.949,15.135,15.312,15.452,15.561,15.591,15.517,15.355,15.161,14.94,14.614,14.154,13.602,13.028,12.423,11.838,11.307,10.814,10.307,9.803,9.304,8.81,8.33,7.861,7.394,7.002,6.718,6.504,6.296,6.114,5.881,5.55,5.164,4.801,4.439,4.132,3.915,3.755,3.59,3.442,3.259,3.016,2.739,2.48,2.224,2.006,1.848,1.729,1.61,1.501,1.386,1.255,1.117,0.986,0.874,0.769,0.658,0.544,0.442,0.37,0.316,0.254,0.184,0.152,0.118,0.081
BTN,2033,10.364,10.495,10.653,10.882,11.069,11.261,11.454,11.645,11.83,12.006,12.169,12.315,12.44,12.563,12.702,12.742,12.637,12.45,12.277,12.086,12.019,12.152,12.416,12.665,12.929,13.168,13.347,13.49,13.654,13.82,13.998,14.193,14.396,14.58,14.739,14.905,15.086,15.263,15.402,15.509,15.538,15.461,15.295,15.099,14.875,14.547,14.086,13.532,12.958,12.351,11.765,11.234,10.739,10.232,9.727,9.228,8.734,8.251,7.783,7.316,6.924,6.637,6.42,6.208,6.024,5.788,5.456,5.07,4.707,4.344,4.037,3.816,3.652,3.484,3.332,3.147,2.904,2.629,2.371,2.117,1.9,1.742,1.623,1.504,1.394,1.28,1.152,1.018,0.891,0.785,0.689,0.584,0.47,0.377,0.318,0.27,0.217,0.155,0.125,0.086
BTN,2034,10.14,10.289,10.458,10.641,10.863,11.057,11.255,11.451,11.643,11.828,12.003,12.163,12.305,12.427,12.546,12.68,12.718,12.612,12.423,12.25,12.056,11.992,12.136,12.415,12.678,12.955,13.204,13.383,13.522,13.681,13.844,14.013,14.198,14.388,14.559,14.704,14.859,15.037,15.212,15.35,15.456,15.483,15.403,15.234,15.034,14.808,14.477,14.015,13.461,12.886,12.278,11.691,11.159,10.664,10.155,9.649,9.149,8.655,8.173,7.705,7.237,6.843,6.555,6.334,6.12,5.933,5.693,5.361,4.975,4.612,4.25,3.94,3.717,3.549,3.378,3.221,3.034,2.792,2.518,2.262,2.01,1.796,1.637,1.515,1.396,1.286,1.173,1.049,0.919,0.795,0.696,0.611,0.51,0.396,0.312,0.267,0.226,0.178,0.126,0.091
BTN,2035,9.932,10.089,10.261,10.446,10.64,10.84,11.044,11.247,11.446,11.641,11.825,11.998,12.155,12.294,12.412,12.527,12.658,12.692,12.583,12.394,12.22,12.025,11.964,12.118,12.412,12.688,12.98,13.237,13.418,13.553,13.707,13.865,14.027,14.201,14.379,14.537,14.667,14.811,14.984,15.158,15.295,15.4,15.425,15.342,15.17,14.967,14.738,14.406,13.942,13.387,12.811,12.204,11.616,11.083,10.586,10.077,9.57,9.07,8.575,8.094,7.624,7.157,6.763,6.472,6.249,6.031,5.84,5.599,5.266,4.88,4.516,4.153,3.843,3.618,3.445,3.271,3.11,2.922,2.679,2.407,2.152,1.903,1.69,1.53,1.408,1.289,1.178,1.067,0.945,0.82,0.699,0.608,0.531,0.436,0.323,0.248,0.216,0.18,0.141,0.098
BTN,2036,9.751,9.921,10.084,10.259,10.447,10.641,10.842,11.044,11.246,11.443,11.633,11.813,11.982,12.136,12.273,12.391,12.504,12.632,12.669,12.572,12.398,12.238,12.057,12.006,12.162,12.451,12.723,13.011,13.26,13.431,13.553,13.695,13.839,13.991,14.161,14.338,14.495,14.625,14.768,14.937,15.107,15.239,15.341,15.363,15.277,15.101,14.895,14.663,14.328,13.862,13.306,12.727,12.118,11.53,10.996,10.498,9.987,9.479,8.977,8.482,8,7.53,7.063,6.667,6.372,6.144,5.923,5.728,5.483,5.148,4.762,4.399,4.038,3.726,3.498,3.322,3.144,2.98,2.79,2.55,2.283,2.033,1.789,1.58,1.424,1.305,1.186,1.082,0.977,0.859,0.736,0.623,0.542,0.473,0.386,0.284,0.229,0.191,0.15,0.103
BTN,2037,9.584,9.73,9.91,10.076,10.256,10.445,10.641,10.842,11.045,11.245,11.439,11.624,11.8,11.964,12.115,12.25,12.366,12.479,12.606,12.646,12.559,12.4,12.255,12.089,12.047,12.204,12.488,12.756,13.039,13.283,13.443,13.553,13.681,13.812,13.954,14.12,14.297,14.451,14.582,14.723,14.889,15.053,15.182,15.28,15.299,15.21,15.031,14.821,14.586,14.248,13.78,13.223,12.643,12.032,11.442,10.907,10.408,9.896,9.387,8.884,8.388,7.906,7.435,6.968,6.57,6.272,6.04,5.814,5.614,5.366,5.031,4.645,4.281,3.921,3.609,3.377,3.197,3.015,2.848,2.657,2.42,2.158,1.913,1.674,1.471,1.318,1.2,1.084,0.987,0.887,0.774,0.651,0.546,0.477,0.414,0.336,0.246,0.202,0.159,0.11
BTN,2038,9.433,9.565,9.715,9.896,10.068,10.251,10.443,10.64,10.841,11.043,11.242,11.432,11.613,11.785,11.946,12.093,12.226,12.341,12.452,12.577,12.621,12.545,12.401,12.27,12.119,12.087,12.244,12.524,12.788,13.067,13.303,13.453,13.55,13.667,13.783,13.915,14.076,14.253,14.407,14.536,14.676,14.838,14.998,15.123,15.218,15.233,15.14,14.957,14.745,14.507,14.167,13.697,13.137,12.557,11.944,11.353,10.817,10.316,9.804,9.293,8.79,8.293,7.81,7.339,6.871,6.472,6.171,5.935,5.704,5.5,5.249,4.912,4.526,4.163,3.803,3.491,3.256,3.072,2.887,2.716,2.525,2.289,2.033,1.793,1.56,1.36,1.211,1.096,0.983,0.891,0.797,0.688,0.566,0.469,0.411,0.355,0.286,0.207,0.168,0.117
BTN,2039,9.298,9.415,9.551,9.704,9.882,10.058,10.244,10.438,10.637,10.838,11.04,11.238,11.424,11.601,11.768,11.925,12.069,12.2,12.314,12.424,12.547,12.593,12.529,12.401,12.283,12.147,12.125,12.283,12.558,12.818,13.092,13.321,13.461,13.546,13.65,13.752,13.874,14.031,14.206,14.361,14.488,14.627,14.785,14.942,15.061,15.153,15.164,15.068,14.883,14.667,14.427,14.084,13.612,13.05,12.468,11.855,11.262,10.725,10.224,9.71,9.199,8.694,8.197,7.713,7.243,6.773,6.373,6.069,5.828,5.594,5.385,5.131,4.793,4.407,4.045,3.685,3.373,3.135,2.946,2.758,2.584,2.392,2.159,1.906,1.672,1.445,1.251,1.104,0.992,0.88,0.796,0.707,0.602,0.481,0.392,0.345,0.295,0.236,0.168,0.123
BTN,2040,9.182,9.28,9.401,9.54,9.696,9.866,10.047,10.236,10.433,10.633,10.834,11.036,11.231,11.415,11.586,11.75,11.903,12.043,12.171,12.285,12.394,12.514,12.565,12.511,12.398,12.294,12.174,12.16,12.319,12.59,12.845,13.116,13.337,13.467,13.54,13.63,13.719,13.83,13.982,14.158,14.311,14.439,14.575,14.731,14.882,14.998,15.085,15.094,14.994,14.805,14.587,14.344,13.998,13.525,12.962,12.378,11.764,11.17,10.632,10.13,9.615,9.102,8.596,8.099,7.616,7.143,6.676,6.273,5.966,5.722,5.483,5.269,5.012,4.673,4.288,3.926,3.567,3.254,3.013,2.821,2.63,2.452,2.258,2.028,1.781,1.551,1.33,1.141,0.998,0.888,0.778,0.7,0.616,0.514,0.395,0.316,0.28,0.236,0.186,0.13
BTN,2041,9.092,9.173,9.277,9.4,9.542,9.698,9.868,10.049,10.238,10.43,10.626,10.824,11.022,11.214,11.395,11.565,11.728,11.879,12.023,12.162,12.29,12.414,12.549,12.608,12.555,12.439,12.332,12.207,12.187,12.337,12.594,12.838,13.094,13.306,13.432,13.505,13.595,13.684,13.793,13.943,14.115,14.264,14.388,14.522,14.672,14.819,14.932,15.015,15.019,14.915,14.722,14.5,14.251,13.903,13.426,12.861,12.276,11.66,11.065,10.524,10.02,9.503,8.988,8.482,7.982,7.497,7.025,6.555,6.15,5.84,5.589,5.346,5.128,4.867,4.527,4.143,3.781,3.424,3.112,2.871,2.678,2.486,2.309,2.117,1.894,1.656,1.432,1.221,1.048,0.911,0.798,0.696,0.625,0.548,0.456,0.348,0.29,0.246,0.194,0.137
BTN,2042,9.02,9.076,9.164,9.271,9.398,9.541,9.698,9.869,10.051,10.238,10.426,10.618,10.811,11.005,11.194,11.373,11.543,11.705,11.853,12,12.151,12.294,12.432,12.581,12.649,12.598,12.478,12.368,12.239,12.212,12.352,12.598,12.828,13.071,13.272,13.394,13.468,13.558,13.646,13.755,13.901,14.068,14.214,14.335,14.465,14.612,14.755,14.863,14.942,14.942,14.834,14.636,14.41,14.157,13.804,13.326,12.759,12.172,11.554,10.957,10.415,9.908,9.39,8.873,8.365,7.864,7.378,6.904,6.433,6.027,5.712,5.457,5.209,4.985,4.721,4.38,3.997,3.637,3.281,2.97,2.729,2.534,2.343,2.165,1.977,1.759,1.53,1.312,1.111,0.955,0.824,0.71,0.613,0.55,0.481,0.397,0.302,0.254,0.202,0.143
BTN,2043,8.96,8.995,9.057,9.152,9.263,9.393,9.539,9.697,9.869,10.05,10.235,10.422,10.607,10.796,10.987,11.171,11.349,11.518,11.679,11.825,11.976,12.136,12.295,12.447,12.611,12.69,12.64,12.515,12.401,12.268,12.236,12.365,12.598,12.816,13.046,13.237,13.355,13.428,13.517,13.605,13.714,13.858,14.02,14.163,14.28,14.407,14.549,14.688,14.792,14.866,14.861,14.749,14.548,14.317,14.061,13.704,13.223,12.654,12.065,11.446,10.848,10.303,9.796,9.275,8.757,8.247,7.745,7.258,6.782,6.312,5.903,5.584,5.324,5.07,4.842,4.575,4.233,3.851,3.491,3.137,2.828,2.586,2.391,2.199,2.021,1.835,1.625,1.405,1.192,1.001,0.862,0.736,0.62,0.531,0.475,0.412,0.339,0.255,0.21,0.15
BTN,2044,8.905,8.922,8.967,9.038,9.139,9.255,9.387,9.535,9.695,9.866,10.048,10.231,10.414,10.596,10.78,10.967,11.148,11.323,11.491,11.651,11.796,11.95,12.121,12.294,12.46,12.638,12.727,12.679,12.55,12.433,12.296,12.257,12.376,12.597,12.802,13.017,13.199,13.313,13.388,13.476,13.563,13.67,13.811,13.97,14.108,14.223,14.345,14.485,14.619,14.719,14.788,14.779,14.663,14.457,14.222,13.962,13.601,13.118,12.547,11.958,11.336,10.737,10.191,9.681,9.159,8.639,8.127,7.625,7.136,6.66,6.188,5.778,5.454,5.189,4.931,4.698,4.427,4.085,3.704,3.345,2.993,2.685,2.443,2.247,2.054,1.878,1.694,1.489,1.279,1.072,0.891,0.769,0.649,0.53,0.45,0.399,0.344,0.28,0.208,0.155
BTN,2045,8.846,8.851,8.885,8.943,9.024,9.125,9.245,9.381,9.529,9.69,9.863,10.043,10.226,10.405,10.582,10.763,10.945,11.123,11.296,11.463,11.621,11.765,11.922,12.103,12.292,12.472,12.665,12.762,12.716,12.583,12.462,12.322,12.276,12.385,12.595,12.787,12.988,13.159,13.27,13.344,13.432,13.519,13.625,13.763,13.917,14.053,14.163,14.282,14.417,14.547,14.642,14.708,14.695,14.574,14.364,14.125,13.86,13.497,13.01,12.439,11.847,11.225,10.623,10.076,9.565,9.042,8.52,8.006,7.502,7.013,6.536,6.064,5.651,5.324,5.054,4.79,4.553,4.279,3.936,3.556,3.199,2.849,2.542,2.299,2.102,1.91,1.733,1.552,1.355,1.152,0.951,0.781,0.676,0.562,0.441,0.367,0.324,0.276,0.221,0.16
BTN,2046,8.79,8.829,8.846,8.887,8.949,9.031,9.131,9.247,9.38,9.526,9.684,9.852,10.029,10.208,10.385,10.561,10.742,10.922,11.103,11.287,11.469,11.643,11.8,11.967,12.15,12.334,12.511,12.699,12.79,12.734,12.59,12.457,12.304,12.248,12.354,12.563,12.755,12.956,13.127,13.236,13.306,13.39,13.475,13.578,13.712,13.863,13.994,14.102,14.217,14.346,14.47,14.559,14.62,14.601,14.475,14.259,14.015,13.745,13.378,12.887,12.312,11.719,11.093,10.489,9.938,9.424,8.898,8.373,7.858,7.352,6.861,6.383,5.91,5.496,5.163,4.888,4.619,4.377,4.101,3.761,3.384,3.032,2.689,2.387,2.149,1.956,1.766,1.6,1.428,1.237,1.036,0.848,0.7,0.603,0.5,0.39,0.331,0.281,0.225,0.165
BTN,2047,8.729,8.734,8.81,8.838,8.888,8.954,9.038,9.137,9.25,9.379,9.522,9.676,9.84,10.014,10.19,10.365,10.54,10.719,10.898,11.082,11.277,11.475,11.662,11.835,12.011,12.195,12.375,12.547,12.732,12.816,12.75,12.595,12.45,12.285,12.22,12.321,12.531,12.722,12.924,13.093,13.199,13.266,13.348,13.429,13.529,13.66,13.808,13.935,14.038,14.149,14.273,14.391,14.475,14.531,14.506,14.375,14.154,13.903,13.628,13.256,12.762,12.186,11.587,10.96,10.354,9.8,9.283,8.753,8.226,7.707,7.2,6.708,6.229,5.756,5.339,5.002,4.721,4.448,4.2,3.922,3.584,3.212,2.866,2.529,2.233,1.999,1.811,1.623,1.466,1.305,1.121,0.92,0.745,0.619,0.531,0.438,0.339,0.286,0.229,0.17
BTN,2048,8.662,8.675,8.703,8.789,8.83,8.887,8.958,9.043,9.142,9.251,9.375,9.514,9.667,9.827,9.997,10.169,10.342,10.516,10.694,10.872,11.06,11.265,11.478,11.68,11.867,12.052,12.238,12.413,12.582,12.762,12.84,12.765,12.598,12.441,12.263,12.188,12.287,12.497,12.688,12.888,13.057,13.161,13.224,13.303,13.381,13.478,13.606,13.749,13.873,13.973,14.079,14.198,14.311,14.389,14.438,14.409,14.271,14.045,13.79,13.51,13.132,12.636,12.056,11.455,10.826,10.216,9.661,9.139,8.607,8.077,7.556,7.047,6.554,6.073,5.6,5.181,4.841,4.553,4.276,4.022,3.742,3.405,3.041,2.699,2.369,2.078,1.849,1.664,1.479,1.331,1.181,1.003,0.804,0.641,0.538,0.459,0.375,0.289,0.234,0.174
BTN,2049,8.589,8.613,8.647,8.691,8.767,8.819,8.884,8.96,9.046,9.143,9.25,9.37,9.506,9.655,9.812,9.977,10.146,10.317,10.491,10.668,10.843,11.035,11.25,11.479,11.695,11.897,12.091,12.279,12.45,12.614,12.79,12.862,12.777,12.598,12.43,12.239,12.154,12.25,12.46,12.65,12.851,13.018,13.119,13.179,13.255,13.331,13.424,13.548,13.689,13.809,13.904,14.005,14.119,14.227,14.299,14.344,14.308,14.165,13.934,13.673,13.387,13.006,12.506,11.923,11.32,10.689,10.077,9.518,8.995,8.46,7.926,7.403,6.892,6.398,5.917,5.443,5.023,4.678,4.384,4.102,3.845,3.562,3.228,2.867,2.531,2.208,1.923,1.698,1.517,1.335,1.197,1.057,0.886,0.687,0.538,0.456,0.386,0.314,0.238,0.179
BTN,2050,8.509,8.545,8.586,8.632,8.684,8.742,8.807,8.88,8.96,9.048,9.144,9.247,9.363,9.496,9.641,9.794,9.956,10.122,10.29,10.463,10.639,10.813,11.008,11.234,11.478,11.708,11.924,12.128,12.316,12.483,12.643,12.816,12.88,12.786,12.596,12.416,12.212,12.118,12.21,12.42,12.61,12.81,12.977,13.075,13.132,13.204,13.277,13.367,13.488,13.625,13.741,13.833,13.929,14.038,14.14,14.207,14.245,14.204,14.056,13.819,13.553,13.262,12.877,12.373,11.789,11.183,10.549,9.935,9.373,8.848,8.31,7.774,7.248,6.737,6.241,5.759,5.285,4.863,4.514,4.215,3.928,3.666,3.381,3.049,2.694,2.364,2.045,1.768,1.547,1.37,1.191,1.063,0.933,0.768,0.57,0.434,0.374,0.313,0.251,0.187
BTN,2051,8.431,8.501,8.542,8.587,8.636,8.688,8.747,8.811,8.881,8.958,9.042,9.134,9.234,9.347,9.477,9.622,9.774,9.934,10.103,10.283,10.472,10.662,10.85,11.054,11.282,11.522,11.748,11.96,12.159,12.337,12.492,12.64,12.799,12.855,12.757,12.569,12.389,12.185,12.091,12.181,12.387,12.575,12.772,12.936,13.032,13.086,13.155,13.224,13.311,13.427,13.559,13.67,13.756,13.847,13.95,14.044,14.105,14.136,14.087,13.931,13.687,13.415,13.117,12.724,12.216,11.626,11.016,10.378,9.76,9.196,8.665,8.124,7.585,7.057,6.543,6.046,5.565,5.09,4.669,4.318,4.016,3.728,3.464,3.183,2.859,2.515,2.19,1.886,1.63,1.418,1.236,1.068,0.954,0.832,0.684,0.505,0.398,0.333,0.266,0.196
BTN,2052,8.344,8.406,8.49,8.537,8.586,8.637,8.691,8.749,8.813,8.882,8.956,9.036,9.123,9.219,9.328,9.457,9.601,9.752,9.911,10.083,10.275,10.478,10.682,10.885,11.1,11.329,11.564,11.786,11.996,12.187,12.356,12.499,12.635,12.78,12.827,12.726,12.539,12.359,12.157,12.063,12.15,12.353,12.538,12.731,12.893,12.985,13.037,13.103,13.169,13.251,13.364,13.49,13.596,13.678,13.763,13.859,13.946,14,14.024,13.968,13.805,13.554,13.274,12.969,12.57,12.056,11.462,10.848,10.206,9.585,9.015,8.481,7.936,7.395,6.865,6.349,5.851,5.369,4.896,4.473,4.121,3.817,3.528,3.264,2.984,2.667,2.335,2.017,1.726,1.494,1.289,1.103,0.945,0.843,0.733,0.598,0.44,0.358,0.285,0.207
BTN,2053,8.249,8.324,8.394,8.479,8.531,8.584,8.637,8.692,8.751,8.814,8.881,8.951,9.027,9.111,9.201,9.308,9.435,9.578,9.729,9.885,10.062,10.264,10.482,10.701,10.919,11.143,11.374,11.605,11.824,12.029,12.214,12.372,12.504,12.627,12.76,12.796,12.693,12.506,12.327,12.125,12.032,12.117,12.317,12.497,12.69,12.848,12.937,12.986,13.049,13.111,13.19,13.297,13.419,13.52,13.596,13.676,13.765,13.846,13.892,13.909,13.846,13.677,13.418,13.131,12.818,12.413,11.895,11.295,10.678,10.032,9.407,8.833,8.296,7.748,7.203,6.671,6.154,5.655,5.171,4.699,4.277,3.923,3.617,3.327,3.062,2.786,2.477,2.155,1.843,1.566,1.356,1.159,0.968,0.823,0.733,0.634,0.514,0.374,0.306,0.219
BTN,2054,8.147,8.235,8.315,8.388,8.465,8.523,8.58,8.636,8.692,8.751,8.813,8.878,8.944,9.016,9.096,9.182,9.286,9.411,9.553,9.703,9.858,10.038,10.251,10.485,10.718,10.951,11.184,11.417,11.643,11.858,12.059,12.237,12.386,12.505,12.617,12.735,12.763,12.656,12.471,12.293,12.092,11.998,12.081,12.277,12.456,12.644,12.8,12.886,12.932,12.992,13.05,13.125,13.229,13.345,13.442,13.512,13.585,13.669,13.743,13.782,13.792,13.721,13.544,13.278,12.985,12.665,12.254,11.729,11.127,10.505,9.855,9.227,8.649,8.108,7.558,7.01,6.475,5.957,5.457,4.974,4.502,4.08,3.725,3.417,3.126,2.86,2.586,2.285,1.974,1.669,1.405,1.219,1.029,0.834,0.699,0.622,0.533,0.429,0.309,0.231
BTN,2055,8.038,8.137,8.227,8.308,8.381,8.45,8.513,8.573,8.632,8.689,8.748,8.809,8.872,8.935,9.003,9.078,9.161,9.261,9.384,9.526,9.675,9.828,10.011,10.235,10.484,10.732,10.979,11.222,11.455,11.677,11.889,12.086,12.257,12.396,12.504,12.603,12.708,12.726,12.616,12.433,12.256,12.056,11.962,12.042,12.235,12.41,12.596,12.747,12.832,12.874,12.931,12.986,13.057,13.157,13.269,13.359,13.425,13.492,13.568,13.635,13.668,13.671,13.594,13.409,13.136,12.835,12.509,12.092,11.563,10.955,10.33,9.676,9.043,8.463,7.919,7.365,6.815,6.278,5.758,5.258,4.774,4.304,3.882,3.525,3.216,2.923,2.657,2.385,2.091,1.792,1.494,1.245,1.081,0.9,0.7,0.576,0.51,0.434,0.344,0.242
BTN,2056,7.933,8.039,8.137,8.226,8.308,8.383,8.452,8.518,8.578,8.633,8.685,8.739,8.797,8.856,8.917,8.984,9.059,9.141,9.245,9.378,9.536,9.7,9.867,10.061,10.285,10.531,10.775,11.019,11.256,11.48,11.69,11.889,12.073,12.235,12.371,12.479,12.579,12.684,12.702,12.591,12.405,12.225,12.024,11.927,12.006,12.195,12.367,12.55,12.698,12.779,12.817,12.869,12.921,12.987,13.079,13.186,13.27,13.329,13.39,13.457,13.515,13.538,13.531,13.444,13.249,12.966,12.655,12.319,11.892,11.356,10.742,10.112,9.454,8.817,8.232,7.683,7.126,6.573,6.036,5.518,5.021,4.543,4.077,3.661,3.309,3.005,2.714,2.462,2.204,1.919,1.618,1.337,1.12,0.969,0.803,0.621,0.533,0.451,0.358,0.254
BTN,2057,7.821,7.936,8.039,8.136,8.225,8.306,8.382,8.452,8.521,8.581,8.632,8.679,8.728,8.783,8.839,8.899,8.965,9.038,9.119,9.226,9.371,9.544,9.722,9.905,10.107,10.334,10.576,10.816,11.057,11.287,11.502,11.7,11.887,12.058,12.211,12.344,12.452,12.551,12.657,12.674,12.562,12.374,12.193,11.989,11.891,11.967,12.153,12.322,12.501,12.646,12.723,12.757,12.805,12.851,12.913,13,13.101,13.179,13.231,13.283,13.343,13.391,13.405,13.389,13.293,13.087,12.794,12.472,12.125,11.691,11.147,10.528,9.892,9.23,8.588,7.999,7.446,6.886,6.33,5.792,5.276,4.784,4.31,3.85,3.44,3.093,2.793,2.505,2.266,2.022,1.744,1.443,1.18,0.995,0.856,0.705,0.541,0.465,0.37,0.265
BTN,2058,7.705,7.825,7.936,8.036,8.132,8.22,8.303,8.379,8.451,8.521,8.582,8.629,8.67,8.716,8.766,8.82,8.877,8.943,9.016,9.094,9.205,9.361,9.55,9.742,9.939,10.152,10.381,10.618,10.855,11.091,11.315,11.52,11.707,11.882,12.04,12.183,12.312,12.421,12.521,12.627,12.643,12.53,12.34,12.157,11.952,11.852,11.925,12.109,12.274,12.449,12.591,12.664,12.695,12.739,12.78,12.836,12.918,13.012,13.083,13.129,13.174,13.225,13.265,13.268,13.243,13.137,12.921,12.617,12.286,11.929,11.485,10.935,10.31,9.669,9.003,8.358,7.764,7.207,6.644,6.085,5.547,5.033,4.545,4.076,3.623,3.218,2.875,2.58,2.295,2.07,1.839,1.57,1.267,1.023,0.868,0.744,0.608,0.462,0.381,0.276
BTN,2059,7.587,7.71,7.824,7.932,8.031,8.126,8.215,8.297,8.374,8.447,8.519,8.58,8.625,8.661,8.701,8.748,8.797,8.853,8.918,8.99,9.067,9.182,9.348,9.552,9.76,9.972,10.194,10.424,10.657,10.891,11.123,11.341,11.536,11.711,11.874,12.019,12.152,12.278,12.387,12.487,12.593,12.61,12.495,12.302,12.118,11.911,11.809,11.879,12.06,12.222,12.395,12.532,12.602,12.628,12.668,12.704,12.755,12.832,12.92,12.985,13.024,13.062,13.105,13.134,13.128,13.095,12.978,12.752,12.438,12.096,11.73,11.278,10.72,10.09,9.444,8.774,8.125,7.527,6.966,6.4,5.84,5.301,4.789,4.305,3.841,3.394,2.996,2.658,2.367,2.084,1.873,1.656,1.395,1.092,0.866,0.743,0.631,0.511,0.382,0.288
BTN,2060,7.468,7.59,7.708,7.818,7.924,8.024,8.118,8.207,8.289,8.366,8.441,8.516,8.576,8.617,8.647,8.684,8.726,8.773,8.826,8.89,8.962,9.038,9.155,9.333,9.553,9.775,10.001,10.233,10.464,10.694,10.923,11.152,11.363,11.548,11.712,11.862,11.994,12.118,12.24,12.35,12.449,12.556,12.573,12.456,12.261,12.075,11.867,11.763,11.831,12.009,12.168,12.336,12.47,12.536,12.558,12.593,12.626,12.672,12.742,12.825,12.883,12.916,12.946,12.98,13,12.985,12.941,12.816,12.58,12.255,11.904,11.527,11.066,10.502,9.867,9.217,8.542,7.889,7.288,6.723,6.154,5.592,5.053,4.544,4.064,3.604,3.164,2.771,2.439,2.153,1.874,1.676,1.473,1.22,0.916,0.708,0.616,0.518,0.413,0.302
BTN,2061,7.36,7.47,7.591,7.707,7.818,7.925,8.026,8.122,8.211,8.291,8.362,8.432,8.503,8.561,8.6,8.629,8.665,8.706,8.756,8.821,8.9,8.988,9.077,9.206,9.385,9.601,9.819,10.042,10.268,10.491,10.708,10.926,11.142,11.344,11.526,11.69,11.841,11.973,12.097,12.217,12.324,12.421,12.526,12.539,12.421,12.225,12.037,11.827,11.721,11.786,11.959,12.113,12.277,12.407,12.467,12.486,12.515,12.542,12.581,12.644,12.719,12.768,12.792,12.813,12.834,12.842,12.813,12.757,12.617,12.368,12.03,11.665,11.276,10.803,10.231,9.59,8.933,8.253,7.598,6.996,6.433,5.866,5.306,4.775,4.274,3.806,3.353,2.932,2.566,2.242,1.951,1.687,1.507,1.32,1.088,0.813,0.653,0.55,0.439,0.319
BTN,2062,7.253,7.367,7.471,7.59,7.706,7.816,7.924,8.026,8.125,8.214,8.29,8.356,8.422,8.488,8.543,8.58,8.61,8.645,8.684,8.738,8.813,8.909,9.011,9.116,9.254,9.435,9.647,9.862,10.082,10.302,10.514,10.72,10.926,11.13,11.322,11.501,11.665,11.816,11.949,12.072,12.191,12.295,12.389,12.491,12.503,12.383,12.186,11.996,11.785,11.676,11.737,11.906,12.056,12.216,12.34,12.397,12.41,12.434,12.454,12.486,12.543,12.61,12.651,12.666,12.676,12.686,12.68,12.639,12.569,12.416,12.153,11.801,11.423,11.021,10.538,9.957,9.308,8.647,7.963,7.305,6.701,6.14,5.575,5.02,4.494,4.004,3.547,3.102,2.698,2.36,2.045,1.748,1.5,1.338,1.167,0.958,0.709,0.589,0.469,0.339
BTN,2063,7.147,7.255,7.365,7.469,7.587,7.701,7.813,7.921,8.025,8.126,8.215,8.288,8.349,8.409,8.473,8.523,8.559,8.588,8.622,8.66,8.717,8.805,8.916,9.031,9.152,9.3,9.484,9.691,9.902,10.119,10.333,10.535,10.73,10.924,11.113,11.298,11.473,11.639,11.79,11.922,12.046,12.162,12.264,12.355,12.454,12.465,12.343,12.144,11.952,11.738,11.628,11.686,11.85,11.997,12.152,12.272,12.323,12.331,12.35,12.364,12.39,12.439,12.497,12.53,12.536,12.536,12.534,12.516,12.461,12.378,12.212,11.935,11.57,11.178,10.765,10.271,9.681,9.026,8.358,7.671,7.01,6.406,5.845,5.284,4.733,4.212,3.732,3.288,2.849,2.464,2.153,1.848,1.544,1.311,1.169,1.014,0.826,0.606,0.502,0.358
BTN,2064,7.04,7.141,7.247,7.357,7.466,7.582,7.696,7.807,7.916,8.02,8.125,8.214,8.284,8.339,8.396,8.454,8.502,8.536,8.564,8.597,8.634,8.695,8.793,8.92,9.051,9.186,9.343,9.529,9.732,9.94,10.154,10.361,10.554,10.736,10.919,11.096,11.27,11.442,11.609,11.76,11.893,12.017,12.13,12.229,12.318,12.414,12.422,12.299,12.099,11.906,11.69,11.577,11.632,11.792,11.934,12.085,12.199,12.246,12.25,12.263,12.271,12.29,12.332,12.382,12.407,12.404,12.394,12.381,12.347,12.28,12.184,12.004,11.714,11.335,10.931,10.505,10.001,9.402,8.741,8.068,7.376,6.713,6.11,5.55,4.991,4.444,3.931,3.46,3.028,2.596,2.229,1.946,1.651,1.34,1.124,1,0.859,0.694,0.502,0.379
BTN,2065,6.934,7.029,7.131,7.237,7.348,7.461,7.575,7.688,7.8,7.909,8.015,8.121,8.211,8.277,8.326,8.378,8.434,8.478,8.51,8.537,8.57,8.604,8.669,8.779,8.921,9.066,9.217,9.384,9.571,9.771,9.974,10.185,10.386,10.569,10.74,10.91,11.074,11.239,11.407,11.575,11.727,11.86,11.983,12.095,12.19,12.277,12.371,12.377,12.253,12.05,11.856,11.638,11.522,11.574,11.731,11.868,12.014,12.124,12.165,12.164,12.172,12.175,12.187,12.222,12.264,12.28,12.268,12.247,12.222,12.176,12.095,11.986,11.794,11.49,11.097,10.681,10.242,9.727,9.121,8.454,7.775,7.08,6.415,5.811,5.253,4.697,4.153,3.646,3.186,2.766,2.342,1.994,1.738,1.452,1.135,0.935,0.83,0.706,0.563,0.399
BTN,2066,6.836,6.931,7.028,7.132,7.24,7.351,7.465,7.58,7.692,7.801,7.905,8.007,8.109,8.196,8.26,8.309,8.361,8.414,8.462,8.505,8.548,8.595,8.646,8.72,8.832,8.97,9.112,9.259,9.422,9.599,9.787,9.979,10.177,10.368,10.55,10.722,10.893,11.057,11.222,11.389,11.553,11.701,11.834,11.954,12.064,12.157,12.241,12.333,12.335,12.209,12.004,11.806,11.588,11.468,11.515,11.667,11.8,11.939,12.043,12.078,12.07,12.071,12.066,12.069,12.093,12.123,12.127,12.103,12.07,12.028,11.963,11.865,11.74,11.53,11.208,10.799,10.365,9.911,9.386,8.773,8.105,7.426,6.733,6.073,5.478,4.93,4.379,3.856,3.384,2.935,2.507,2.107,1.799,1.562,1.299,1.009,0.866,0.737,0.587,0.418
BTN,2067,6.74,6.823,6.926,7.026,7.131,7.241,7.354,7.469,7.584,7.695,7.8,7.899,7.997,8.096,8.179,8.242,8.29,8.34,8.393,8.445,8.499,8.557,8.62,8.685,8.77,8.883,9.018,9.156,9.3,9.457,9.624,9.802,9.982,10.167,10.35,10.527,10.701,10.872,11.037,11.202,11.367,11.528,11.675,11.805,11.923,12.031,12.121,12.202,12.291,12.291,12.162,11.956,11.756,11.533,11.411,11.454,11.601,11.728,11.861,11.959,11.989,11.974,11.967,11.954,11.949,11.961,11.98,11.973,11.936,11.889,11.83,11.748,11.633,11.491,11.264,10.924,10.497,10.049,9.579,9.042,8.424,7.754,7.076,6.385,5.73,5.142,4.606,4.059,3.559,3.12,2.684,2.247,1.871,1.603,1.386,1.146,0.882,0.762,0.609,0.438
BTN,2068,6.646,6.724,6.812,6.92,7.022,7.13,7.241,7.355,7.469,7.585,7.696,7.797,7.892,7.985,8.079,8.16,8.22,8.268,8.318,8.369,8.425,8.49,8.564,8.642,8.722,8.817,8.932,9.063,9.198,9.339,9.489,9.647,9.814,9.983,10.155,10.329,10.503,10.677,10.848,11.015,11.179,11.342,11.501,11.645,11.772,11.889,11.994,12.082,12.161,12.246,12.244,12.112,11.904,11.702,11.477,11.351,11.389,11.532,11.654,11.781,11.872,11.895,11.874,11.86,11.839,11.824,11.827,11.834,11.815,11.766,11.704,11.629,11.53,11.398,11.238,10.995,10.638,10.193,9.727,9.243,8.696,8.072,7.401,6.723,6.035,5.385,4.806,4.28,3.739,3.26,2.856,2.431,1.986,1.634,1.407,1.209,0.992,0.756,0.63,0.457
BTN,2069,6.555,6.628,6.711,6.804,6.911,7.017,7.127,7.239,7.352,7.468,7.584,7.693,7.791,7.881,7.97,8.062,8.139,8.198,8.245,8.293,8.342,8.402,8.479,8.569,8.661,8.755,8.861,8.978,9.106,9.238,9.375,9.518,9.668,9.823,9.98,10.139,10.304,10.475,10.651,10.822,10.989,11.152,11.314,11.469,11.612,11.737,11.851,11.953,12.039,12.115,12.198,12.193,12.06,11.849,11.645,11.417,11.288,11.322,11.459,11.576,11.697,11.782,11.799,11.771,11.75,11.721,11.697,11.69,11.685,11.653,11.593,11.516,11.425,11.309,11.159,10.984,10.723,10.347,9.886,9.405,8.906,8.346,7.718,7.046,6.369,5.682,5.038,4.467,3.954,3.417,2.96,2.59,2.178,1.725,1.397,1.211,1.032,0.838,0.629,0.478
BTN,2070,6.468,6.535,6.613,6.701,6.797,6.9,7.008,7.12,7.234,7.349,7.464,7.581,7.689,7.783,7.869,7.954,8.041,8.115,8.172,8.218,8.266,8.314,8.377,8.466,8.571,8.678,8.787,8.903,9.022,9.145,9.273,9.408,9.546,9.685,9.829,9.974,10.121,10.276,10.445,10.62,10.792,10.958,11.122,11.282,11.435,11.574,11.698,11.81,11.91,11.992,12.066,12.146,12.139,12.003,11.791,11.583,11.353,11.221,11.25,11.383,11.494,11.609,11.688,11.699,11.664,11.636,11.598,11.566,11.548,11.532,11.489,11.416,11.325,11.218,11.084,10.916,10.724,10.446,10.054,9.575,9.078,8.565,7.995,7.361,6.689,6.013,5.329,4.69,4.128,3.626,3.094,2.66,2.323,1.924,1.464,1.161,1.013,0.855,0.684,0.501
BTN,2071,6.395,6.463,6.534,6.615,6.705,6.802,6.905,7.013,7.123,7.234,7.345,7.456,7.568,7.674,7.767,7.851,7.935,8.021,8.099,8.166,8.229,8.292,8.355,8.429,8.518,8.62,8.724,8.831,8.941,9.05,9.162,9.28,9.401,9.53,9.668,9.812,9.959,10.105,10.261,10.428,10.601,10.771,10.936,11.098,11.255,11.405,11.543,11.663,11.772,11.87,11.949,12.019,12.095,12.084,11.946,11.73,11.52,11.287,11.15,11.174,11.299,11.403,11.51,11.581,11.582,11.538,11.499,11.45,11.405,11.373,11.341,11.282,11.193,11.084,10.956,10.798,10.608,10.395,10.097,9.688,9.194,8.685,8.16,7.585,6.956,6.293,5.618,4.958,4.364,3.813,3.291,2.788,2.403,2.09,1.724,1.303,1.07,0.903,0.721,0.527
BTN,2072,6.327,6.38,6.457,6.532,6.615,6.707,6.805,6.908,7.017,7.126,7.233,7.338,7.447,7.555,7.657,7.748,7.831,7.916,8,8.081,8.16,8.238,8.316,8.395,8.478,8.57,8.669,8.768,8.872,8.976,9.077,9.178,9.284,9.393,9.513,9.648,9.794,9.94,10.088,10.244,10.41,10.58,10.747,10.91,11.07,11.225,11.373,11.508,11.627,11.733,11.827,11.904,11.969,12.042,12.028,11.886,11.669,11.455,11.218,11.076,11.095,11.214,11.31,11.41,11.471,11.465,11.41,11.36,11.301,11.242,11.197,11.149,11.074,10.968,10.842,10.692,10.51,10.298,10.063,9.747,9.319,8.811,8.289,7.753,7.174,6.548,5.896,5.222,4.585,4.036,3.495,2.956,2.481,2.145,1.858,1.524,1.142,0.958,0.765,0.556
BTN,2073,6.264,6.31,6.368,6.45,6.528,6.614,6.707,6.807,6.91,7.019,7.125,7.23,7.332,7.434,7.54,7.638,7.727,7.81,7.894,7.976,8.062,8.152,8.246,8.338,8.432,8.526,8.62,8.714,8.812,8.912,9.01,9.102,9.192,9.287,9.383,9.494,9.626,9.772,9.92,10.069,10.224,10.388,10.556,10.721,10.883,11.041,11.194,11.34,11.472,11.587,11.691,11.782,11.855,11.918,11.986,11.968,11.824,11.604,11.387,11.147,11.001,11.014,11.126,11.215,11.306,11.359,11.344,11.28,11.22,11.148,11.077,11.016,10.953,10.862,10.741,10.597,10.425,10.22,9.986,9.73,9.393,8.949,8.426,7.892,7.345,6.761,6.139,5.497,4.825,4.211,3.707,3.178,2.619,2.173,1.886,1.625,1.322,0.981,0.813,0.588
BTN,2074,6.202,6.242,6.295,6.359,6.441,6.522,6.612,6.707,6.806,6.91,7.019,7.124,7.225,7.322,7.42,7.521,7.617,7.704,7.787,7.869,7.951,8.04,8.142,8.251,8.359,8.467,8.571,8.668,8.758,8.851,8.949,9.041,9.124,9.203,9.286,9.371,9.473,9.601,9.75,9.898,10.047,10.202,10.365,10.53,10.693,10.852,11.008,11.158,11.302,11.432,11.545,11.646,11.734,11.803,11.863,11.928,11.906,11.759,11.536,11.317,11.073,10.922,10.929,11.035,11.116,11.199,11.244,11.219,11.145,11.075,10.992,10.908,10.834,10.755,10.648,10.512,10.349,10.155,9.926,9.67,9.393,9.037,8.575,8.039,7.492,6.935,6.346,5.729,5.097,4.426,3.836,3.377,2.86,2.282,1.865,1.628,1.391,1.121,0.819,0.622
BTN,2075,6.141,6.176,6.223,6.282,6.351,6.429,6.515,6.607,6.703,6.804,6.908,7.017,7.121,7.218,7.309,7.404,7.502,7.595,7.679,7.761,7.844,7.923,8.017,8.129,8.254,8.376,8.5,8.614,8.712,8.798,8.89,8.984,9.07,9.143,9.211,9.283,9.354,9.448,9.574,9.723,9.871,10.021,10.177,10.338,10.5,10.661,10.818,10.972,11.12,11.261,11.388,11.499,11.597,11.682,11.748,11.804,11.864,11.839,11.689,11.464,11.242,10.994,10.84,10.841,10.94,11.015,11.089,11.126,11.091,11.008,10.928,10.834,10.738,10.648,10.554,10.431,10.279,10.098,9.883,9.63,9.351,9.054,8.678,8.2,7.649,7.09,6.523,5.93,5.316,4.696,4.026,3.461,3.046,2.54,1.944,1.557,1.369,1.156,0.92,0.658
BTN,2076,6.086,6.133,6.174,6.225,6.287,6.356,6.435,6.519,6.609,6.702,6.799,6.899,7.004,7.105,7.201,7.291,7.386,7.482,7.578,7.675,7.772,7.869,7.965,8.068,8.183,8.303,8.423,8.543,8.652,8.741,8.817,8.896,8.978,9.055,9.126,9.196,9.269,9.341,9.435,9.559,9.706,9.853,10.001,10.156,10.314,10.474,10.633,10.788,10.939,11.085,11.223,11.347,11.454,11.548,11.629,11.691,11.742,11.798,11.768,11.614,11.386,11.158,10.906,10.745,10.739,10.827,10.891,10.955,10.98,10.933,10.837,10.741,10.633,10.52,10.41,10.295,10.15,9.979,9.775,9.536,9.26,8.961,8.642,8.251,7.765,7.209,6.64,6.089,5.527,4.916,4.271,3.633,3.134,2.748,2.281,1.733,1.454,1.229,0.977,0.697
BTN,2077,6.034,6.064,6.125,6.171,6.226,6.29,6.361,6.439,6.523,6.611,6.7,6.793,6.889,6.989,7.088,7.181,7.273,7.367,7.461,7.561,7.669,7.781,7.894,8.004,8.117,8.235,8.352,8.469,8.586,8.688,8.769,8.833,8.902,8.971,9.04,9.109,9.179,9.253,9.326,9.42,9.544,9.688,9.833,9.98,10.132,10.288,10.448,10.604,10.756,10.904,11.048,11.182,11.303,11.407,11.498,11.575,11.633,11.679,11.73,11.696,11.538,11.305,11.074,10.816,10.65,10.635,10.714,10.766,10.819,10.832,10.772,10.663,10.553,10.429,10.3,10.172,10.035,9.869,9.677,9.452,9.19,8.89,8.568,8.23,7.823,7.327,6.769,6.188,5.654,5.123,4.516,3.845,3.24,2.808,2.449,2.02,1.521,1.304,1.037,0.74
BTN,2078,5.98,6.01,6.049,6.116,6.167,6.227,6.292,6.364,6.442,6.525,6.611,6.697,6.786,6.878,6.974,7.069,7.162,7.252,7.345,7.438,7.542,7.661,7.79,7.917,8.042,8.166,8.285,8.399,8.513,8.627,8.723,8.794,8.849,8.905,8.963,9.022,9.089,9.161,9.235,9.309,9.405,9.526,9.669,9.812,9.956,10.106,10.262,10.419,10.572,10.723,10.869,11.009,11.14,11.258,11.358,11.446,11.518,11.572,11.614,11.66,11.62,11.459,11.222,10.987,10.724,10.551,10.529,10.597,10.641,10.681,10.682,10.61,10.486,10.363,10.225,10.079,9.931,9.772,9.585,9.372,9.127,8.841,8.517,8.173,7.815,7.394,6.888,6.326,5.735,5.218,4.717,4.114,3.417,2.845,2.479,2.15,1.76,1.309,1.1,0.785
BTN,2079,5.925,5.956,5.994,6.041,6.105,6.162,6.224,6.293,6.366,6.444,6.526,6.61,6.693,6.776,6.865,6.957,7.05,7.14,7.23,7.322,7.414,7.521,7.652,7.797,7.938,8.079,8.213,8.333,8.444,8.554,8.666,8.756,8.818,8.861,8.907,8.952,9.003,9.067,9.14,9.215,9.29,9.385,9.506,9.646,9.787,9.93,10.079,10.231,10.386,10.539,10.686,10.829,10.967,11.095,11.209,11.306,11.389,11.459,11.508,11.546,11.587,11.543,11.377,11.137,10.897,10.631,10.451,10.42,10.479,10.511,10.54,10.529,10.444,10.308,10.17,10.017,9.854,9.687,9.507,9.299,9.066,8.798,8.489,8.142,7.777,7.398,6.961,6.447,5.883,5.28,4.781,4.31,3.711,2.989,2.45,2.151,1.851,1.499,1.097,0.834
BTN,2080,5.866,5.899,5.939,5.984,6.036,6.093,6.154,6.221,6.291,6.365,6.443,6.524,6.606,6.686,6.765,6.85,6.938,7.027,7.115,7.204,7.297,7.386,7.497,7.639,7.8,7.957,8.112,8.256,8.378,8.486,8.593,8.7,8.786,8.839,8.871,8.906,8.937,8.98,9.041,9.116,9.191,9.268,9.363,9.483,9.62,9.759,9.901,10.048,10.198,10.351,10.501,10.645,10.787,10.921,11.046,11.157,11.25,11.33,11.396,11.44,11.474,11.509,11.46,11.291,11.047,10.804,10.532,10.347,10.307,10.356,10.378,10.396,10.372,10.275,10.125,9.974,9.807,9.627,9.44,9.238,9.009,8.757,8.468,8.135,7.764,7.377,6.98,6.528,6.005,5.437,4.824,4.342,3.902,3.308,2.559,2.054,1.822,1.551,1.238,0.885
BTN,2081,5.812,5.86,5.897,5.94,5.987,6.039,6.097,6.158,6.223,6.29,6.359,6.433,6.511,6.589,6.668,6.746,6.83,6.918,7.01,7.11,7.215,7.322,7.428,7.549,7.693,7.85,8.003,8.156,8.293,8.408,8.504,8.6,8.696,8.772,8.822,8.857,8.892,8.925,8.968,9.028,9.101,9.175,9.25,9.344,9.462,9.598,9.734,9.875,10.019,10.167,10.318,10.464,10.606,10.743,10.873,10.995,11.102,11.192,11.266,11.325,11.366,11.392,11.421,11.366,11.191,10.941,10.69,10.411,10.216,10.165,10.201,10.208,10.212,10.172,10.057,9.889,9.718,9.533,9.333,9.124,8.898,8.647,8.375,8.068,7.717,7.331,6.924,6.534,6.092,5.561,4.96,4.37,3.938,3.525,2.973,2.284,1.927,1.645,1.316,0.941
BTN,2082,5.756,5.794,5.854,5.895,5.94,5.99,6.043,6.101,6.162,6.225,6.288,6.353,6.423,6.497,6.573,6.649,6.728,6.811,6.897,6.994,7.104,7.225,7.347,7.468,7.599,7.746,7.898,8.05,8.199,8.331,8.436,8.521,8.606,8.689,8.758,8.805,8.841,8.878,8.912,8.956,9.015,9.085,9.158,9.232,9.324,9.441,9.574,9.71,9.847,9.99,10.135,10.283,10.426,10.565,10.699,10.826,10.944,11.046,11.131,11.201,11.256,11.29,11.311,11.332,11.27,11.088,10.834,10.576,10.29,10.086,10.023,10.046,10.039,10.028,9.971,9.839,9.652,9.462,9.258,9.038,8.806,8.557,8.286,7.993,7.667,7.299,6.896,6.47,6.087,5.655,5.115,4.484,3.917,3.534,3.147,2.638,2.008,1.742,1.397,0.999
BTN,2083,5.697,5.738,5.784,5.847,5.892,5.941,5.992,6.046,6.103,6.165,6.226,6.286,6.347,6.412,6.482,6.555,6.629,6.707,6.79,6.875,6.976,7.098,7.234,7.37,7.507,7.649,7.797,7.947,8.094,8.241,8.367,8.464,8.538,8.611,8.682,8.742,8.788,8.824,8.862,8.897,8.941,9,9.068,9.139,9.212,9.303,9.417,9.55,9.684,9.819,9.959,10.102,10.247,10.388,10.524,10.653,10.778,10.891,10.99,11.069,11.135,11.184,11.212,11.226,11.241,11.173,10.986,10.725,10.46,10.166,9.954,9.88,9.888,9.867,9.841,9.769,9.619,9.413,9.205,8.982,8.741,8.487,8.216,7.922,7.61,7.265,6.879,6.46,6.014,5.639,5.217,4.669,4.005,3.463,3.13,2.769,2.303,1.732,1.48,1.06
BTN,2084,5.633,5.679,5.728,5.778,5.838,5.887,5.939,5.993,6.047,6.105,6.165,6.226,6.283,6.338,6.4,6.466,6.536,6.608,6.685,6.768,6.852,6.955,7.088,7.242,7.393,7.544,7.697,7.846,7.993,8.138,8.281,8.402,8.489,8.553,8.614,8.674,8.724,8.767,8.805,8.843,8.881,8.926,8.982,9.049,9.118,9.19,9.279,9.393,9.523,9.654,9.788,9.925,10.067,10.208,10.347,10.478,10.605,10.726,10.835,10.929,11.005,11.065,11.109,11.132,11.14,11.147,11.072,10.88,10.612,10.342,10.042,9.819,9.733,9.728,9.694,9.652,9.564,9.396,9.173,8.944,8.703,8.443,8.166,7.872,7.557,7.225,6.861,6.457,6.022,5.558,5.19,4.778,4.222,3.527,3.008,2.724,2.39,1.967,1.455,1.121
BTN,2085,5.564,5.615,5.667,5.719,5.772,5.826,5.88,5.935,5.991,6.047,6.104,6.165,6.223,6.276,6.328,6.384,6.447,6.514,6.584,6.661,6.743,6.825,6.933,7.078,7.246,7.412,7.579,7.741,7.893,8.036,8.177,8.317,8.433,8.51,8.564,8.614,8.66,8.702,8.743,8.783,8.822,8.861,8.906,8.962,9.026,9.094,9.164,9.251,9.363,9.492,9.622,9.753,9.889,10.027,10.166,10.301,10.43,10.553,10.669,10.775,10.866,10.936,10.992,11.031,11.047,11.049,11.05,10.968,10.769,10.497,10.219,9.912,9.681,9.583,9.565,9.516,9.46,9.355,9.17,8.927,8.681,8.421,8.141,7.842,7.525,7.188,6.837,6.454,6.033,5.583,5.098,4.74,4.337,3.773,3.047,2.552,2.318,2.011,1.631,1.178
BTN,2086,5.496,5.56,5.614,5.668,5.722,5.775,5.829,5.885,5.938,5.991,6.042,6.095,6.152,6.206,6.258,6.309,6.366,6.428,6.498,6.58,6.672,6.769,6.866,6.985,7.132,7.297,7.459,7.623,7.78,7.924,8.055,8.185,8.313,8.42,8.496,8.55,8.601,8.65,8.692,8.732,8.771,8.808,8.845,8.889,8.943,9.007,9.073,9.142,9.227,9.337,9.463,9.59,9.719,9.852,9.987,10.122,10.253,10.378,10.498,10.608,10.709,10.794,10.859,10.907,10.938,10.946,10.939,10.93,10.838,10.63,10.35,10.064,9.746,9.503,9.389,9.351,9.282,9.207,9.082,8.876,8.614,8.347,8.068,7.769,7.452,7.118,6.761,6.412,6.032,5.596,5.111,4.637,4.304,3.923,3.395,2.723,2.39,2.081,1.696,1.235
BTN,2087,5.425,5.486,5.557,5.613,5.669,5.724,5.778,5.833,5.889,5.941,5.99,6.036,6.085,6.138,6.19,6.24,6.291,6.347,6.407,6.481,6.574,6.683,6.795,6.908,7.036,7.185,7.347,7.507,7.667,7.818,7.954,8.074,8.193,8.31,8.407,8.48,8.537,8.589,8.638,8.681,8.721,8.757,8.793,8.83,8.872,8.925,8.986,9.052,9.118,9.202,9.31,9.434,9.559,9.684,9.814,9.947,10.079,10.206,10.327,10.441,10.547,10.643,10.721,10.78,10.822,10.845,10.845,10.828,10.809,10.708,10.491,10.203,9.906,9.579,9.324,9.194,9.136,9.048,8.954,8.808,8.583,8.299,8.013,7.715,7.398,7.063,6.711,6.334,5.988,5.61,5.159,4.638,4.175,3.869,3.507,3.016,2.398,2.141,1.754,1.288
BTN,2088,5.351,5.416,5.481,5.553,5.611,5.668,5.724,5.78,5.835,5.891,5.943,5.988,6.03,6.075,6.124,6.172,6.221,6.271,6.327,6.385,6.463,6.568,6.693,6.819,6.947,7.087,7.237,7.396,7.552,7.711,7.856,7.982,8.092,8.199,8.303,8.393,8.464,8.521,8.575,8.625,8.669,8.707,8.741,8.776,8.811,8.853,8.905,8.965,9.028,9.093,9.176,9.282,9.403,9.525,9.649,9.775,9.904,10.033,10.156,10.273,10.383,10.484,10.574,10.647,10.7,10.734,10.75,10.741,10.715,10.686,10.575,10.35,10.053,9.747,9.412,9.144,8.997,8.919,8.813,8.698,8.533,8.286,7.982,7.676,7.36,7.024,6.671,6.302,5.906,5.56,5.187,4.72,4.164,3.713,3.433,3.091,2.638,2.073,1.804,1.339
BTN,2089,5.275,5.344,5.411,5.477,5.545,5.606,5.666,5.724,5.78,5.836,5.892,5.942,5.985,6.021,6.062,6.107,6.153,6.199,6.249,6.304,6.362,6.444,6.56,6.7,6.841,6.985,7.134,7.287,7.442,7.596,7.751,7.891,8.008,8.107,8.203,8.295,8.376,8.444,8.503,8.558,8.61,8.654,8.691,8.723,8.758,8.791,8.832,8.882,8.941,9.003,9.067,9.147,9.25,9.37,9.489,9.61,9.733,9.859,9.984,10.104,10.217,10.322,10.418,10.502,10.57,10.616,10.644,10.651,10.633,10.599,10.559,10.439,10.206,9.9,9.587,9.24,8.96,8.796,8.7,8.574,8.44,8.255,7.988,7.664,7.338,7.003,6.648,6.277,5.891,5.474,5.132,4.761,4.28,3.689,3.248,2.995,2.673,2.257,1.748,1.383
BTN,2090,5.198,5.269,5.337,5.405,5.473,5.537,5.601,5.661,5.72,5.777,5.834,5.891,5.941,5.978,6.011,6.047,6.088,6.131,6.175,6.225,6.279,6.335,6.421,6.549,6.705,6.861,7.02,7.18,7.335,7.486,7.637,7.788,7.922,8.031,8.119,8.204,8.283,8.355,8.422,8.482,8.538,8.591,8.636,8.672,8.702,8.734,8.767,8.806,8.855,8.913,8.974,9.035,9.113,9.215,9.332,9.449,9.567,9.688,9.809,9.931,10.047,10.156,10.256,10.348,10.427,10.488,10.528,10.549,10.549,10.522,10.479,10.428,10.298,10.057,9.743,9.421,9.066,8.773,8.593,8.477,8.332,8.179,7.973,7.687,7.341,6.996,6.643,6.27,5.881,5.478,5.042,4.702,4.335,3.838,3.213,2.783,2.557,2.255,1.877,1.422
BTN,2091,5.127,5.197,5.269,5.338,5.407,5.474,5.54,5.605,5.666,5.721,5.773,5.825,5.878,5.925,5.961,5.993,6.029,6.069,6.115,6.171,6.236,6.306,6.378,6.474,6.604,6.757,6.91,7.066,7.22,7.366,7.507,7.646,7.786,7.912,8.017,8.107,8.193,8.274,8.347,8.412,8.471,8.525,8.577,8.621,8.656,8.686,8.716,8.748,8.785,8.833,8.889,8.947,9.006,9.083,9.181,9.295,9.41,9.523,9.64,9.758,9.875,9.986,10.088,10.183,10.267,10.338,10.391,10.422,10.432,10.421,10.383,10.326,10.262,10.119,9.865,9.538,9.203,8.835,8.528,8.328,8.19,8.022,7.849,7.624,7.319,6.958,6.594,6.241,5.872,5.467,5.027,4.596,4.278,3.926,3.46,2.88,2.575,2.276,1.903,1.457
BTN,2092,5.058,5.128,5.197,5.268,5.339,5.409,5.476,5.543,5.609,5.669,5.722,5.768,5.816,5.865,5.908,5.943,5.975,6.01,6.048,6.099,6.166,6.247,6.332,6.419,6.526,6.658,6.807,6.957,7.111,7.259,7.397,7.526,7.655,7.783,7.9,8.003,8.095,8.182,8.264,8.338,8.402,8.459,8.513,8.563,8.606,8.639,8.668,8.697,8.727,8.764,8.809,8.864,8.92,8.977,9.051,9.147,9.258,9.369,9.479,9.592,9.706,9.818,9.924,10.02,10.108,10.185,10.247,10.292,10.314,10.315,10.292,10.241,10.171,10.094,9.937,9.671,9.332,8.984,8.603,8.28,8.061,7.901,7.712,7.517,7.273,6.95,6.574,6.191,5.838,5.472,5.051,4.575,4.149,3.852,3.516,3.081,2.547,2.288,1.922,1.486
BTN,2093,4.988,5.056,5.125,5.195,5.267,5.338,5.408,5.477,5.544,5.611,5.671,5.72,5.762,5.805,5.851,5.891,5.924,5.955,5.99,6.027,6.081,6.16,6.257,6.357,6.459,6.576,6.71,6.857,7.004,7.154,7.297,7.426,7.545,7.663,7.778,7.887,7.988,8.08,8.169,8.253,8.326,8.39,8.445,8.497,8.547,8.588,8.621,8.649,8.676,8.705,8.739,8.784,8.836,8.891,8.945,9.016,9.11,9.218,9.326,9.433,9.541,9.651,9.758,9.858,9.949,10.031,10.1,10.156,10.19,10.204,10.195,10.16,10.097,10.015,9.923,9.754,9.475,9.124,8.762,8.37,8.031,7.792,7.61,7.399,7.184,6.92,6.58,6.188,5.785,5.433,5.071,4.633,4.123,3.7,3.425,3.105,2.701,2.213,1.933,1.51
BTN,2094,4.917,4.982,5.05,5.12,5.191,5.263,5.336,5.407,5.475,5.544,5.612,5.672,5.717,5.754,5.792,5.834,5.871,5.902,5.933,5.968,6.003,6.062,6.152,6.266,6.38,6.498,6.625,6.762,6.904,7.048,7.195,7.333,7.452,7.56,7.667,7.771,7.871,7.969,8.064,8.153,8.238,8.313,8.375,8.429,8.479,8.527,8.569,8.6,8.626,8.653,8.68,8.713,8.755,8.806,8.858,8.91,8.979,9.07,9.176,9.28,9.382,9.488,9.593,9.695,9.79,9.876,9.95,10.013,10.06,10.087,10.09,10.071,10.025,9.95,9.855,9.75,9.566,9.275,8.913,8.539,8.134,7.78,7.52,7.315,7.084,6.849,6.565,6.208,5.8,5.378,5.026,4.667,4.214,3.668,3.251,2.997,2.693,2.32,1.878,1.528
BTN,2095,4.845,4.906,4.972,5.041,5.112,5.185,5.257,5.331,5.403,5.472,5.541,5.611,5.669,5.712,5.743,5.777,5.815,5.849,5.879,5.909,5.943,5.977,6.039,6.141,6.27,6.4,6.533,6.67,6.809,6.948,7.089,7.234,7.365,7.477,7.573,7.669,7.759,7.851,7.947,8.044,8.134,8.22,8.296,8.357,8.408,8.457,8.505,8.545,8.575,8.6,8.626,8.651,8.682,8.723,8.771,8.822,8.872,8.938,9.027,9.129,9.23,9.329,9.43,9.531,9.628,9.719,9.798,9.866,9.921,9.959,9.977,9.973,9.944,9.886,9.799,9.691,9.573,9.376,9.072,8.697,8.312,7.895,7.525,7.247,7.019,6.767,6.511,6.208,5.833,5.411,4.969,4.617,4.263,3.795,3.213,2.801,2.568,2.281,1.939,1.543
BTN,2096,4.776,4.841,4.906,4.974,5.044,5.116,5.189,5.263,5.334,5.402,5.467,5.532,5.598,5.654,5.694,5.725,5.759,5.796,5.834,5.875,5.921,5.97,6.02,6.093,6.197,6.322,6.449,6.579,6.711,6.842,6.97,7.1,7.232,7.356,7.465,7.563,7.661,7.752,7.845,7.94,8.034,8.124,8.209,8.284,8.344,8.394,8.442,8.488,8.527,8.555,8.578,8.602,8.626,8.655,8.693,8.741,8.788,8.835,8.898,8.983,9.081,9.177,9.272,9.367,9.461,9.552,9.633,9.704,9.763,9.808,9.834,9.841,9.823,9.78,9.706,9.602,9.475,9.339,9.124,8.805,8.417,8.018,7.589,7.205,6.909,6.662,6.389,6.132,5.822,5.43,4.976,4.536,4.206,3.867,3.428,2.891,2.557,2.273,1.939,1.556
BTN,2097,4.708,4.764,4.838,4.905,4.975,5.046,5.119,5.192,5.267,5.337,5.402,5.463,5.523,5.585,5.637,5.677,5.706,5.741,5.776,5.818,5.871,5.932,5.996,6.062,6.144,6.251,6.373,6.497,6.625,6.751,6.873,6.991,7.109,7.23,7.345,7.451,7.552,7.65,7.744,7.837,7.931,8.024,8.112,8.196,8.27,8.329,8.378,8.424,8.47,8.506,8.534,8.555,8.578,8.599,8.627,8.663,8.707,8.752,8.796,8.855,8.937,9.031,9.124,9.212,9.301,9.39,9.473,9.547,9.609,9.658,9.692,9.708,9.702,9.672,9.615,9.525,9.402,9.257,9.101,8.871,8.537,8.135,7.722,7.282,6.884,6.569,6.303,6.009,5.752,5.436,5.026,4.54,4.102,3.794,3.469,3.06,2.567,2.265,1.937,1.566
BTN,2098,4.64,4.693,4.755,4.833,4.902,4.974,5.047,5.121,5.194,5.269,5.339,5.4,5.455,5.512,5.57,5.62,5.656,5.686,5.719,5.754,5.8,5.865,5.942,6.021,6.102,6.195,6.304,6.423,6.543,6.668,6.789,6.902,7.009,7.118,7.226,7.332,7.437,7.539,7.638,7.733,7.827,7.92,8.012,8.098,8.181,8.254,8.312,8.36,8.405,8.449,8.484,8.51,8.53,8.55,8.569,8.595,8.629,8.672,8.713,8.755,8.811,8.889,8.98,9.067,9.15,9.234,9.316,9.392,9.458,9.511,9.551,9.574,9.578,9.56,9.518,9.446,9.34,9.199,9.038,8.863,8.615,8.266,7.851,7.425,6.972,6.561,6.228,5.942,5.628,5.37,5.046,4.621,4.102,3.666,3.381,3.071,2.692,2.243,1.938,1.575
BTN,2099,4.571,4.624,4.684,4.749,4.827,4.899,4.972,5.046,5.12,5.194,5.271,5.338,5.396,5.447,5.499,5.554,5.6,5.635,5.665,5.698,5.73,5.781,5.857,5.95,6.044,6.14,6.244,6.355,6.47,6.589,6.711,6.825,6.93,7.026,7.123,7.219,7.317,7.42,7.523,7.623,7.72,7.814,7.907,7.996,8.082,8.164,8.235,8.292,8.339,8.383,8.426,8.459,8.484,8.502,8.52,8.539,8.561,8.594,8.633,8.673,8.712,8.765,8.838,8.925,9.007,9.086,9.164,9.239,9.308,9.366,9.411,9.441,9.453,9.446,9.416,9.362,9.276,9.153,8.994,8.814,8.622,8.356,7.993,7.565,7.126,6.661,6.236,5.885,5.58,5.245,4.986,4.656,4.214,3.664,3.23,2.967,2.671,2.322,1.918,1.583
BTN,2100,4.504,4.557,4.616,4.68,4.748,4.82,4.893,4.968,5.044,5.119,5.194,5.269,5.337,5.391,5.437,5.485,5.536,5.579,5.612,5.641,5.674,5.706,5.76,5.846,5.956,6.064,6.176,6.29,6.404,6.515,6.631,6.75,6.86,6.955,7.04,7.127,7.21,7.3,7.4,7.505,7.606,7.704,7.8,7.891,7.979,8.063,8.143,8.214,8.27,8.315,8.358,8.399,8.432,8.454,8.471,8.488,8.504,8.525,8.555,8.593,8.629,8.665,8.714,8.785,8.867,8.946,9.018,9.091,9.159,9.221,9.271,9.307,9.328,9.33,9.31,9.268,9.202,9.101,8.963,8.787,8.588,8.378,8.095,7.717,7.276,6.824,6.348,5.908,5.54,5.216,4.861,4.602,4.265,3.806,3.225,2.793,2.552,2.272,1.953,1.593
