GUY,1950,16.327,14.791,13.491,12.41,11.521,10.806,10.242,9.807,9.481,9.239,9.087,9.028,8.915,8.678,8.371,8.106,7.856,7.647,7.503,7.396,7.289,7.2,7.044,6.777,6.446,6.134,5.815,5.577,5.472,5.452,5.421,5.4,5.355,5.259,5.131,5.018,4.912,4.804,4.693,4.583,4.467,4.341,4.241,4.182,4.145,4.1,4.065,3.969,3.779,3.531,3.292,3.045,2.838,2.701,2.609,2.509,2.415,2.313,2.193,2.064,1.944,1.823,1.726,1.657,1.61,1.56,1.515,1.452,1.356,1.242,1.133,1.027,0.924,0.828,0.739,0.651,0.565,0.487,0.417,0.355,0.297,0.243,0.201,0.174,0.159,0.147,0.14,0.132,0.116,0.098,0.083,0.071,0.063,0.055,0.046,0.04,0.036,0.032,0.028,0.024
GUY,1951,17.239,16.039,14.62,13.399,12.36,11.489,10.763,10.158,9.704,9.401,9.212,9.095,9.065,8.967,8.724,8.395,8.112,7.842,7.613,7.451,7.329,7.203,7.095,6.933,6.678,6.372,6.083,5.788,5.569,5.468,5.443,5.409,5.388,5.336,5.228,5.084,4.953,4.826,4.71,4.611,4.525,4.431,4.332,4.239,4.156,4.075,3.993,3.915,3.798,3.621,3.407,3.198,2.984,2.798,2.661,2.558,2.45,2.346,2.239,2.123,2.003,1.889,1.777,1.679,1.604,1.543,1.481,1.425,1.354,1.259,1.151,1.047,0.944,0.848,0.761,0.682,0.606,0.533,0.463,0.395,0.331,0.272,0.215,0.173,0.147,0.135,0.126,0.12,0.111,0.099,0.082,0.07,0.059,0.052,0.045,0.038,0.029,0.025,0.022,0.019
GUY,1952,18.081,16.697,15.821,14.512,13.363,12.362,11.505,10.764,10.118,9.641,9.364,9.224,9.141,9.139,9.056,8.805,8.453,8.15,7.86,7.611,7.429,7.291,7.148,7.021,6.851,6.608,6.325,6.058,5.786,5.583,5.486,5.457,5.421,5.398,5.341,5.219,5.057,4.91,4.761,4.636,4.549,4.486,4.415,4.341,4.255,4.147,4.025,3.903,3.782,3.643,3.478,3.298,3.117,2.935,2.769,2.633,2.518,2.4,2.287,2.175,2.062,1.95,1.841,1.736,1.641,1.557,1.483,1.409,1.341,1.262,1.168,1.064,0.964,0.866,0.775,0.698,0.63,0.564,0.503,0.441,0.375,0.308,0.247,0.189,0.145,0.121,0.111,0.107,0.1,0.092,0.08,0.066,0.055,0.047,0.041,0.036,0.03,0.02,0.017,0.014
GUY,1953,18.879,17.62,16.427,15.639,14.437,13.355,12.392,11.546,10.791,10.099,9.601,9.346,9.255,9.207,9.235,9.166,8.907,8.531,8.207,7.895,7.626,7.425,7.269,7.109,6.962,6.784,6.552,6.292,6.045,5.797,5.609,5.516,5.482,5.444,5.421,5.357,5.221,5.044,4.877,4.706,4.572,4.497,4.457,4.408,4.361,4.281,4.149,3.982,3.821,3.657,3.496,3.344,3.196,3.044,2.893,2.747,2.612,2.483,2.356,2.233,2.116,2.006,1.901,1.799,1.7,1.605,1.514,1.426,1.34,1.259,1.173,1.078,0.979,0.883,0.788,0.704,0.636,0.579,0.524,0.474,0.419,0.355,0.286,0.223,0.162,0.117,0.095,0.087,0.086,0.08,0.073,0.063,0.051,0.042,0.035,0.031,0.026,0.022,0.013,0.011
GUY,1954,19.643,18.517,17.409,16.326,15.463,14.37,13.356,12.43,11.595,10.824,10.087,9.565,9.333,9.293,9.28,9.336,9.281,9.014,8.615,8.27,7.937,7.644,7.425,7.253,7.075,6.906,6.72,6.498,6.262,6.037,5.812,5.639,5.549,5.51,5.47,5.447,5.376,5.227,5.031,4.847,4.654,4.51,4.447,4.431,4.404,4.383,4.309,4.153,3.942,3.741,3.535,3.351,3.21,3.095,2.973,2.852,2.727,2.59,2.45,2.314,2.18,2.057,1.95,1.853,1.757,1.665,1.57,1.471,1.369,1.272,1.178,1.085,0.989,0.894,0.803,0.711,0.633,0.575,0.527,0.483,0.445,0.398,0.336,0.264,0.199,0.136,0.09,0.068,0.064,0.066,0.061,0.054,0.045,0.035,0.027,0.023,0.02,0.017,0.014,0.008
GUY,1955,20.373,19.375,18.355,17.324,16.295,15.281,14.296,13.352,12.462,11.638,10.852,10.071,9.526,9.318,9.327,9.347,9.433,9.393,9.117,8.695,8.328,7.973,7.66,7.421,7.232,7.036,6.847,6.653,6.443,6.228,6.026,5.822,5.667,5.581,5.538,5.495,5.469,5.393,5.231,5.017,4.816,4.6,4.446,4.395,4.403,4.397,4.402,4.336,4.154,3.9,3.66,3.41,3.205,3.074,2.993,2.9,2.81,2.705,2.569,2.415,2.27,2.126,1.998,1.893,1.804,1.715,1.628,1.535,1.428,1.312,1.203,1.096,0.995,0.9,0.81,0.721,0.634,0.563,0.512,0.476,0.442,0.416,0.377,0.315,0.242,0.176,0.11,0.062,0.042,0.039,0.046,0.041,0.035,0.028,0.019,0.014,0.011,0.01,0.008,0.007
GUY,1956,21.072,20.272,19.298,18.298,17.285,16.274,15.273,14.294,13.367,12.514,11.738,10.993,10.258,9.725,9.474,9.409,9.36,9.372,9.28,8.989,8.579,8.219,7.87,7.57,7.354,7.192,7.025,6.867,6.694,6.486,6.261,6.05,5.84,5.671,5.56,5.488,5.415,5.354,5.265,5.127,4.961,4.802,4.636,4.504,4.428,4.382,4.329,4.283,4.189,4.019,3.8,3.59,3.374,3.187,3.052,2.951,2.842,2.736,2.62,2.483,2.334,2.192,2.051,1.923,1.816,1.72,1.626,1.536,1.441,1.337,1.227,1.124,1.024,0.929,0.839,0.755,0.675,0.595,0.528,0.476,0.436,0.399,0.369,0.329,0.273,0.209,0.15,0.093,0.054,0.036,0.033,0.038,0.034,0.029,0.022,0.016,0.01,0.008,0.007,0.005
GUY,1957,21.717,20.945,20.156,19.207,18.228,17.235,16.241,15.255,14.282,13.373,12.558,11.829,11.127,10.439,9.916,9.624,9.484,9.366,9.304,9.16,8.856,8.457,8.104,7.76,7.475,7.281,7.147,7.009,6.883,6.73,6.524,6.289,6.069,5.854,5.67,5.536,5.434,5.331,5.233,5.132,5.019,4.899,4.784,4.669,4.559,4.457,4.359,4.259,4.161,4.039,3.88,3.698,3.518,3.335,3.168,3.027,2.906,2.782,2.66,2.533,2.395,2.251,2.112,1.976,1.848,1.737,1.636,1.537,1.441,1.345,1.244,1.142,1.044,0.951,0.862,0.779,0.702,0.628,0.555,0.492,0.44,0.397,0.355,0.321,0.281,0.231,0.176,0.124,0.075,0.045,0.031,0.027,0.03,0.027,0.022,0.018,0.013,0.007,0.005,0.004
GUY,1958,22.274,21.601,20.833,20.022,19.097,18.14,17.169,16.194,15.223,14.256,13.367,12.591,11.909,11.25,10.61,10.1,9.766,9.55,9.362,9.227,9.032,8.715,8.328,7.981,7.644,7.372,7.201,7.096,6.987,6.893,6.76,6.556,6.31,6.084,5.862,5.664,5.506,5.375,5.242,5.108,4.994,4.907,4.835,4.763,4.698,4.61,4.483,4.332,4.184,4.035,3.885,3.738,3.592,3.443,3.292,3.144,3,2.86,2.719,2.581,2.444,2.305,2.166,2.03,1.897,1.772,1.656,1.55,1.446,1.346,1.249,1.15,1.055,0.964,0.877,0.795,0.718,0.647,0.58,0.515,0.456,0.403,0.356,0.312,0.273,0.232,0.189,0.143,0.097,0.059,0.036,0.025,0.021,0.023,0.02,0.017,0.014,0.01,0.005,0.004
GUY,1959,22.706,22.137,21.461,20.694,19.874,18.974,18.041,17.09,16.135,15.179,14.22,13.351,12.614,11.981,11.366,10.773,10.276,9.9,9.611,9.352,9.143,8.897,8.567,8.193,7.854,7.522,7.264,7.117,7.039,6.959,6.897,6.785,6.584,6.328,6.093,5.865,5.655,5.472,5.312,5.149,4.98,4.854,4.791,4.766,4.738,4.723,4.657,4.506,4.301,4.107,3.905,3.728,3.592,3.484,3.366,3.249,3.119,2.971,2.811,2.655,2.501,2.353,2.212,2.079,1.947,1.818,1.694,1.575,1.463,1.354,1.249,1.151,1.056,0.968,0.883,0.802,0.727,0.657,0.593,0.531,0.474,0.42,0.366,0.315,0.268,0.225,0.185,0.145,0.11,0.072,0.041,0.028,0.019,0.015,0.015,0.014,0.011,0.008,0.006,0.003
GUY,1960,22.99,22.534,21.964,21.294,20.539,19.717,18.843,17.934,17.003,16.07,15.129,14.18,13.329,12.632,12.048,11.477,10.931,10.447,10.03,9.666,9.339,9.056,8.759,8.415,8.054,7.723,7.398,7.154,7.029,6.98,6.929,6.898,6.807,6.608,6.343,6.1,5.868,5.643,5.436,5.248,5.055,4.849,4.71,4.674,4.696,4.712,4.746,4.701,4.526,4.269,4.027,3.775,3.57,3.446,3.373,3.287,3.203,3.093,2.941,2.761,2.59,2.42,2.261,2.12,1.992,1.864,1.737,1.614,1.493,1.375,1.261,1.152,1.052,0.962,0.879,0.801,0.727,0.659,0.596,0.537,0.483,0.434,0.383,0.33,0.274,0.224,0.177,0.136,0.103,0.076,0.046,0.024,0.018,0.013,0.009,0.008,0.006,0.005,0.004,0.003
GUY,1961,23.201,22.931,22.48,21.917,21.26,20.52,19.717,18.866,17.966,17.026,16.068,15.105,14.131,13.265,12.565,11.987,11.42,10.879,10.392,9.958,9.566,9.215,8.908,8.598,8.26,7.916,7.599,7.29,7.061,6.947,6.905,6.864,6.846,6.757,6.548,6.264,6.002,5.746,5.517,5.337,5.193,5.042,4.883,4.763,4.696,4.661,4.626,4.602,4.527,4.367,4.155,3.951,3.741,3.557,3.421,3.314,3.198,3.082,2.957,2.814,2.661,2.513,2.367,2.222,2.079,1.938,1.799,1.663,1.533,1.412,1.298,1.187,1.081,0.983,0.897,0.818,0.744,0.676,0.611,0.549,0.489,0.435,0.385,0.336,0.286,0.237,0.192,0.151,0.116,0.088,0.064,0.037,0.021,0.015,0.012,0.007,0.005,0.004,0.004,0.003
GUY,1962,23.265,23.076,22.858,22.41,21.857,21.212,20.488,19.703,18.876,17.987,17.037,16.056,15.072,14.073,13.192,12.49,11.918,11.355,10.821,10.331,9.878,9.461,9.085,8.754,8.431,8.098,7.771,7.471,7.178,6.963,6.859,6.825,6.792,6.787,6.703,6.483,6.181,5.901,5.62,5.388,5.234,5.135,5.025,4.914,4.812,4.716,4.624,4.536,4.454,4.349,4.205,4.036,3.872,3.704,3.543,3.392,3.252,3.106,2.959,2.818,2.686,2.56,2.434,2.312,2.182,2.037,1.882,1.734,1.588,1.452,1.33,1.219,1.111,1.007,0.913,0.83,0.756,0.687,0.624,0.562,0.501,0.441,0.386,0.336,0.287,0.243,0.2,0.16,0.125,0.097,0.073,0.052,0.03,0.016,0.012,0.009,0.006,0.004,0.003,0.002
GUY,1963,23.225,23.17,22.978,22.76,22.315,21.772,21.141,20.433,19.668,18.866,17.989,17.03,16.027,15.022,14.001,13.104,12.401,11.836,11.278,10.751,10.258,9.788,9.344,8.946,8.59,8.253,7.927,7.619,7.335,7.058,6.858,6.765,6.738,6.715,6.722,6.641,6.412,6.091,5.793,5.489,5.251,5.126,5.072,5.003,4.939,4.856,4.731,4.582,4.441,4.302,4.166,4.038,3.914,3.787,3.663,3.524,3.361,3.185,3.011,2.834,2.676,2.555,2.455,2.352,2.255,2.139,1.991,1.825,1.666,1.51,1.367,1.246,1.139,1.034,0.933,0.841,0.763,0.694,0.63,0.571,0.513,0.453,0.393,0.337,0.285,0.239,0.199,0.162,0.128,0.099,0.077,0.057,0.038,0.022,0.012,0.009,0.007,0.004,0.003,0.002
GUY,1964,23.148,23.192,23.105,22.896,22.622,22.182,21.65,21.034,20.343,19.599,18.823,17.959,16.993,15.968,14.945,13.904,12.993,12.29,11.733,11.181,10.661,10.166,9.68,9.211,8.791,8.412,8.063,7.742,7.453,7.185,6.925,6.74,6.658,6.638,6.626,6.646,6.568,6.328,5.99,5.675,5.347,5.106,5.008,4.999,4.972,4.956,4.89,4.737,4.531,4.338,4.141,3.975,3.864,3.785,3.698,3.616,3.499,3.323,3.114,2.911,2.702,2.53,2.42,2.347,2.266,2.194,2.092,1.943,1.764,1.596,1.43,1.28,1.159,1.057,0.955,0.857,0.769,0.694,0.629,0.57,0.517,0.464,0.404,0.343,0.287,0.236,0.191,0.154,0.125,0.095,0.073,0.057,0.042,0.026,0.013,0.009,0.006,0.004,0.003,0.001
GUY,1965,23.078,23.177,23.155,23.02,22.778,22.436,22.002,21.481,20.881,20.208,19.487,18.739,17.892,16.919,15.877,14.837,13.777,12.855,12.153,11.605,11.06,10.549,10.055,9.552,9.06,8.617,8.215,7.855,7.543,7.271,7.021,6.778,6.608,6.537,6.526,6.522,6.555,6.481,6.232,5.877,5.545,5.196,4.951,4.88,4.916,4.931,4.962,4.914,4.734,4.471,4.227,3.972,3.777,3.682,3.648,3.599,3.561,3.467,3.279,3.036,2.805,2.566,2.379,2.279,2.233,2.177,2.128,2.042,1.891,1.7,1.523,1.347,1.192,1.071,0.973,0.876,0.78,0.695,0.625,0.565,0.51,0.463,0.413,0.355,0.293,0.237,0.185,0.141,0.11,0.087,0.063,0.046,0.037,0.026,0.013,0.006,0.004,0.003,0.003,0.001
GUY,1966,23.255,23.185,23.216,23.14,22.961,22.684,22.316,21.863,21.326,20.707,20.014,19.277,18.519,17.657,16.664,15.598,14.539,13.463,12.525,11.807,11.244,10.687,10.165,9.676,9.207,8.765,8.372,8.021,7.706,7.425,7.179,6.954,6.738,6.583,6.507,6.479,6.459,6.469,6.385,6.143,5.807,5.491,5.161,4.921,4.829,4.83,4.812,4.805,4.744,4.586,4.37,4.169,3.963,3.789,3.669,3.58,3.483,3.391,3.272,3.11,2.921,2.74,2.554,2.394,2.277,2.188,2.094,2.005,1.895,1.744,1.568,1.404,1.239,1.096,0.984,0.893,0.804,0.718,0.641,0.573,0.512,0.458,0.411,0.362,0.31,0.254,0.203,0.158,0.121,0.093,0.073,0.052,0.039,0.031,0.021,0.011,0.004,0.004,0.003,0.001
GUY,1967,23.434,23.474,23.233,23.196,23.064,22.84,22.53,22.137,21.668,21.115,20.478,19.767,19.018,18.25,17.376,16.365,15.277,14.201,13.112,12.16,11.428,10.852,10.285,9.751,9.27,8.837,8.447,8.104,7.805,7.536,7.29,7.068,6.869,6.681,6.541,6.461,6.416,6.379,6.367,6.271,6.038,5.722,5.424,5.114,4.878,4.766,4.732,4.68,4.636,4.559,4.426,4.257,4.099,3.944,3.791,3.644,3.503,3.358,3.211,3.068,2.932,2.8,2.667,2.534,2.402,2.27,2.136,2.004,1.878,1.742,1.591,1.433,1.279,1.129,0.997,0.893,0.81,0.729,0.654,0.584,0.519,0.459,0.405,0.357,0.311,0.262,0.215,0.169,0.131,0.1,0.077,0.058,0.041,0.031,0.024,0.017,0.008,0.004,0.003,0.001
GUY,1968,23.587,23.561,23.496,23.238,23.133,22.946,22.68,22.335,21.918,21.432,20.865,20.213,19.485,18.723,17.947,17.063,16.036,14.93,13.838,12.737,11.774,11.028,10.44,9.864,9.32,8.849,8.45,8.113,7.821,7.575,7.353,7.141,6.943,6.771,6.611,6.486,6.402,6.342,6.287,6.253,6.146,5.922,5.626,5.347,5.057,4.827,4.693,4.624,4.54,4.457,4.366,4.258,4.136,4.023,3.918,3.786,3.614,3.419,3.226,3.025,2.859,2.748,2.672,2.589,2.511,2.407,2.258,2.08,1.911,1.746,1.586,1.436,1.294,1.154,1.015,0.895,0.801,0.725,0.654,0.589,0.527,0.465,0.405,0.351,0.304,0.259,0.216,0.174,0.135,0.103,0.079,0.06,0.044,0.031,0.023,0.018,0.013,0.006,0.003,0.001
GUY,1969,23.657,23.613,23.538,23.427,23.22,23.049,22.807,22.497,22.12,21.679,21.177,20.597,19.928,19.185,18.411,17.629,16.736,15.693,14.568,13.462,12.352,11.378,10.619,10.02,9.434,8.882,8.419,8.056,7.772,7.532,7.338,7.162,6.985,6.813,6.667,6.536,6.425,6.338,6.262,6.19,6.133,6.016,5.8,5.527,5.264,4.997,4.771,4.618,4.512,4.396,4.275,4.17,4.087,4.012,3.942,3.887,3.778,3.581,3.332,3.092,2.837,2.646,2.562,2.542,2.51,2.486,2.409,2.244,2.023,1.818,1.614,1.43,1.279,1.155,1.027,0.901,0.794,0.709,0.64,0.577,0.524,0.469,0.41,0.35,0.298,0.249,0.206,0.168,0.135,0.101,0.075,0.058,0.044,0.029,0.02,0.015,0.012,0.008,0.004,0.001
GUY,1970,23.607,23.623,23.592,23.509,23.377,23.191,22.951,22.656,22.303,21.893,21.428,20.912,20.318,19.633,18.874,18.09,17.302,16.399,15.343,14.2,13.081,11.96,10.977,10.206,9.595,9.001,8.439,7.986,7.659,7.428,7.239,7.098,6.969,6.825,6.679,6.559,6.457,6.361,6.27,6.177,6.089,6.011,5.882,5.676,5.424,5.179,4.933,4.712,4.539,4.399,4.249,4.09,3.972,3.913,3.886,3.86,3.856,3.767,3.546,3.244,2.956,2.647,2.434,2.376,2.412,2.429,2.459,2.41,2.229,1.965,1.723,1.481,1.272,1.123,1.015,0.9,0.788,0.692,0.616,0.555,0.502,0.458,0.412,0.356,0.295,0.243,0.196,0.154,0.122,0.095,0.068,0.047,0.038,0.027,0.015,0.008,0.007,0.005,0.004,0.001
GUY,1971,23.521,23.747,23.682,23.546,23.346,23.088,22.765,22.369,21.979,21.631,21.287,20.882,20.437,19.889,19.204,18.414,17.614,16.814,15.913,14.88,13.777,12.693,11.606,10.667,9.958,9.417,8.89,8.398,7.993,7.682,7.446,7.252,7.104,6.96,6.794,6.622,6.473,6.336,6.219,6.126,6.045,5.965,5.898,5.777,5.569,5.309,5.059,4.806,4.587,4.427,4.309,4.182,4.05,3.936,3.845,3.765,3.688,3.626,3.516,3.33,3.1,2.875,2.638,2.459,2.375,2.347,2.309,2.28,2.197,2.026,1.8,1.589,1.379,1.196,1.059,0.955,0.849,0.746,0.655,0.579,0.514,0.455,0.406,0.358,0.305,0.253,0.207,0.167,0.132,0.103,0.08,0.056,0.039,0.032,0.022,0.012,0.008,0.006,0.004,0.001
GUY,1972,23.326,23.741,23.871,23.724,23.483,23.165,22.782,22.322,21.77,21.286,20.941,20.664,20.32,19.946,19.444,18.758,17.939,17.123,16.314,15.416,14.406,13.343,12.296,11.243,10.35,9.703,9.232,8.774,8.349,7.993,7.7,7.458,7.258,7.105,6.946,6.76,6.559,6.381,6.211,6.072,5.978,5.908,5.839,5.783,5.667,5.459,5.192,4.937,4.675,4.457,4.313,4.217,4.111,4.007,3.897,3.773,3.641,3.515,3.395,3.263,3.113,2.952,2.792,2.627,2.483,2.371,2.28,2.187,2.098,1.983,1.822,1.634,1.454,1.276,1.118,0.995,0.895,0.797,0.703,0.618,0.54,0.471,0.409,0.354,0.303,0.255,0.211,0.171,0.138,0.109,0.085,0.064,0.044,0.032,0.025,0.018,0.01,0.005,0.004,0.001
GUY,1973,23.04,23.717,24.124,23.975,23.747,23.402,22.964,22.458,21.861,21.153,20.575,20.234,20.024,19.741,19.439,18.985,18.298,17.45,16.619,15.8,14.905,13.921,12.897,11.888,10.87,10.024,9.44,9.04,8.649,8.295,7.987,7.71,7.463,7.259,7.1,6.928,6.718,6.491,6.284,6.081,5.92,5.825,5.766,5.706,5.661,5.554,5.344,5.07,4.809,4.54,4.323,4.194,4.121,4.037,3.96,3.854,3.699,3.514,3.338,3.16,3.006,2.892,2.803,2.706,2.614,2.503,2.366,2.212,2.062,1.916,1.767,1.616,1.466,1.318,1.172,1.04,0.929,0.834,0.743,0.659,0.579,0.502,0.428,0.361,0.3,0.248,0.204,0.168,0.134,0.108,0.086,0.066,0.048,0.032,0.023,0.018,0.014,0.007,0.004,0.001
GUY,1974,22.701,23.591,24.145,24.402,24.071,23.761,23.313,22.757,22.126,21.393,20.531,19.859,19.522,19.38,19.158,18.925,18.519,17.832,16.956,16.111,15.282,14.39,13.432,12.448,11.477,10.495,9.695,9.174,8.845,8.523,8.237,7.978,7.718,7.466,7.258,7.092,6.906,6.675,6.422,6.186,5.948,5.767,5.669,5.623,5.572,5.538,5.438,5.226,4.946,4.681,4.405,4.189,4.075,4.024,3.961,3.912,3.811,3.624,3.385,3.16,2.925,2.75,2.672,2.652,2.621,2.599,2.525,2.361,2.143,1.938,1.733,1.551,1.41,1.298,1.181,1.067,0.961,0.864,0.774,0.691,0.616,0.541,0.463,0.386,0.314,0.248,0.193,0.153,0.125,0.098,0.079,0.064,0.047,0.032,0.021,0.015,0.012,0.008,0.004,0.002
GUY,1975,22.361,23.359,24.002,24.327,24.375,24.183,23.792,23.24,22.566,21.81,20.94,19.923,19.156,18.823,18.748,18.586,18.426,18.067,17.378,16.473,15.613,14.773,13.886,12.952,12.008,11.074,10.127,9.374,8.914,8.656,8.402,8.186,7.975,7.732,7.474,7.261,7.09,6.889,6.637,6.356,6.091,5.821,5.618,5.519,5.483,5.442,5.42,5.327,5.113,4.826,4.555,4.272,4.057,3.958,3.929,3.889,3.866,3.771,3.551,3.259,2.984,2.692,2.495,2.453,2.503,2.537,2.587,2.547,2.357,2.075,1.815,1.551,1.335,1.206,1.131,1.046,0.963,0.883,0.798,0.713,0.638,0.573,0.503,0.425,0.342,0.267,0.196,0.138,0.103,0.082,0.062,0.05,0.04,0.03,0.017,0.008,0.007,0.005,0.004,0.002
GUY,1976,22.006,22.349,23.194,23.744,24.029,24.077,23.927,23.616,23.121,22.446,21.652,20.765,19.743,18.957,18.585,18.459,18.249,18.041,17.65,16.956,16.063,15.215,14.387,13.523,12.63,11.736,10.853,9.962,9.244,8.786,8.505,8.234,7.999,7.776,7.534,7.286,7.081,6.913,6.722,6.484,6.224,5.978,5.727,5.537,5.444,5.407,5.366,5.342,5.246,5.026,4.732,4.455,4.166,3.942,3.821,3.765,3.699,3.645,3.543,3.364,3.136,2.922,2.699,2.534,2.46,2.441,2.412,2.395,2.318,2.145,1.91,1.691,1.47,1.284,1.16,1.076,0.987,0.901,0.818,0.733,0.649,0.573,0.506,0.439,0.366,0.295,0.228,0.166,0.118,0.087,0.069,0.051,0.042,0.033,0.024,0.014,0.007,0.005,0.004,0.002
GUY,1977,21.612,22.518,22.337,23.027,23.485,23.73,23.778,23.669,23.44,23,22.325,21.494,20.588,19.562,18.757,18.346,18.168,17.911,17.655,17.232,16.532,15.653,14.816,13.999,13.159,12.306,11.463,10.631,9.796,9.113,8.655,8.355,8.066,7.812,7.577,7.337,7.099,6.899,6.736,6.554,6.332,6.091,5.864,5.632,5.457,5.369,5.332,5.289,5.264,5.164,4.938,4.638,4.354,4.062,3.825,3.683,3.601,3.509,3.421,3.317,3.176,3.013,2.861,2.707,2.571,2.466,2.379,2.287,2.202,2.09,1.931,1.745,1.567,1.389,1.233,1.114,1.021,0.928,0.839,0.753,0.667,0.583,0.508,0.439,0.373,0.308,0.246,0.188,0.136,0.097,0.072,0.056,0.041,0.033,0.027,0.019,0.011,0.005,0.004,0.002
GUY,1978,21.267,21.993,22.553,22.32,22.853,23.22,23.424,23.474,23.405,23.258,22.876,22.199,21.329,20.408,19.376,18.553,18.102,17.873,17.569,17.264,16.809,16.104,15.238,14.414,13.606,12.791,11.979,11.188,10.407,9.628,8.98,8.523,8.202,7.896,7.623,7.375,7.136,6.908,6.716,6.557,6.384,6.179,5.957,5.748,5.535,5.375,5.292,5.255,5.211,5.184,5.08,4.85,4.543,4.252,3.956,3.708,3.545,3.437,3.318,3.198,3.089,2.987,2.89,2.798,2.714,2.609,2.472,2.315,2.162,2.01,1.86,1.717,1.58,1.442,1.307,1.181,1.069,0.966,0.869,0.776,0.687,0.601,0.519,0.443,0.372,0.308,0.25,0.198,0.148,0.106,0.077,0.057,0.041,0.03,0.024,0.02,0.014,0.008,0.004,0.002
GUY,1979,21.062,21.538,21.955,22.309,22.273,22.651,22.924,23.089,23.137,23.111,23.046,22.72,22.042,21.137,20.199,19.165,18.323,17.834,17.555,17.203,16.85,16.364,15.654,14.803,13.992,13.196,12.406,11.637,10.896,10.168,9.446,8.835,8.379,8.039,7.715,7.424,7.164,6.926,6.709,6.523,6.37,6.207,6.017,5.815,5.625,5.433,5.286,5.208,5.171,5.127,5.099,4.99,4.755,4.441,4.144,3.845,3.586,3.4,3.267,3.122,2.97,2.856,2.794,2.762,2.731,2.716,2.644,2.475,2.248,2.033,1.814,1.628,1.5,1.412,1.316,1.223,1.127,1.021,0.91,0.808,0.712,0.621,0.534,0.453,0.377,0.305,0.243,0.192,0.15,0.108,0.076,0.056,0.041,0.028,0.02,0.016,0.013,0.008,0.004,0.002
GUY,1980,21.045,21.22,21.436,21.678,21.929,22.174,22.394,22.573,22.697,22.747,22.761,22.779,22.51,21.834,20.895,19.942,18.907,18.051,17.523,17.194,16.796,16.396,15.88,15.169,14.333,13.537,12.755,11.991,11.267,10.58,9.906,9.243,8.669,8.217,7.856,7.516,7.207,6.937,6.701,6.494,6.315,6.166,6.013,5.841,5.659,5.489,5.316,5.184,5.113,5.075,5.031,5,4.889,4.649,4.329,4.026,3.724,3.456,3.249,3.089,2.918,2.735,2.618,2.596,2.628,2.659,2.713,2.672,2.472,2.176,1.9,1.614,1.393,1.281,1.241,1.186,1.136,1.071,0.971,0.851,0.745,0.647,0.553,0.466,0.386,0.309,0.237,0.177,0.132,0.101,0.067,0.046,0.036,0.025,0.014,0.008,0.007,0.005,0.004,0.002
GUY,1981,21.487,20.735,20.868,21.064,21.303,21.564,21.834,22.101,22.3,22.389,22.375,22.335,22.288,22.006,21.392,20.561,19.709,18.785,17.978,17.398,16.954,16.451,15.939,15.359,14.665,13.9,13.161,12.444,11.716,10.98,10.254,9.549,8.858,8.267,7.817,7.472,7.147,6.851,6.602,6.403,6.24,6.105,6.001,5.882,5.724,5.546,5.379,5.208,5.07,4.986,4.93,4.869,4.827,4.691,4.407,4.035,3.681,3.313,3.04,2.925,2.911,2.879,2.852,2.807,2.718,2.602,2.5,2.409,2.289,2.124,1.932,1.743,1.549,1.389,1.287,1.221,1.152,1.089,1.012,0.907,0.788,0.679,0.575,0.479,0.399,0.329,0.263,0.202,0.151,0.113,0.084,0.057,0.038,0.03,0.022,0.012,0.007,0.005,0.004,0.002
GUY,1982,22.123,21.506,20.354,20.443,20.618,20.852,21.122,21.417,21.731,21.948,22.002,21.925,21.829,21.719,21.422,20.875,20.154,19.406,18.598,17.843,17.212,16.653,16.049,15.425,14.782,14.109,13.417,12.739,12.087,11.399,10.654,9.889,9.157,8.44,7.834,7.389,7.063,6.753,6.469,6.244,6.082,5.964,5.873,5.813,5.728,5.588,5.414,5.251,5.081,4.938,4.842,4.767,4.689,4.636,4.476,4.148,3.725,3.321,2.888,2.613,2.589,2.722,2.829,2.959,2.986,2.833,2.567,2.332,2.097,1.897,1.766,1.679,1.58,1.477,1.381,1.288,1.198,1.113,1.037,0.949,0.841,0.722,0.609,0.499,0.404,0.33,0.273,0.216,0.166,0.125,0.093,0.067,0.045,0.03,0.024,0.016,0.009,0.005,0.003,0.002
GUY,1983,22.746,21.726,21.007,19.928,19.974,20.128,20.358,20.635,20.955,21.316,21.55,21.569,21.427,21.278,21.105,20.795,20.314,19.706,19.063,18.372,17.671,16.99,16.319,15.613,14.879,14.174,13.524,12.906,12.292,11.706,11.057,10.306,9.505,8.747,8.005,7.385,6.946,6.638,6.344,6.074,5.874,5.748,5.676,5.629,5.614,5.564,5.439,5.27,5.111,4.944,4.796,4.688,4.595,4.5,4.436,4.252,3.881,3.409,2.954,2.459,2.18,2.248,2.527,2.774,3.059,3.158,2.941,2.527,2.159,1.779,1.502,1.405,1.424,1.414,1.404,1.37,1.286,1.172,1.073,0.984,0.884,0.772,0.653,0.538,0.424,0.328,0.261,0.215,0.168,0.13,0.099,0.073,0.051,0.033,0.022,0.018,0.012,0.007,0.003,0.002
GUY,1984,23.079,21.782,20.828,20.178,19.504,19.506,19.638,19.864,20.148,20.493,20.9,21.15,21.136,20.931,20.726,20.491,20.168,19.752,19.258,18.719,18.145,17.498,16.767,15.983,15.177,14.333,13.568,12.94,12.396,11.843,11.325,10.717,9.958,9.122,8.337,7.571,6.937,6.503,6.214,5.936,5.679,5.503,5.415,5.388,5.385,5.416,5.398,5.292,5.126,4.972,4.806,4.654,4.534,4.423,4.312,4.236,4.028,3.615,3.092,2.588,2.03,1.749,1.908,2.334,2.718,3.16,3.331,3.048,2.486,1.987,1.463,1.108,1.046,1.169,1.248,1.33,1.359,1.285,1.146,1.032,0.93,0.821,0.705,0.586,0.468,0.349,0.252,0.192,0.157,0.121,0.094,0.072,0.053,0.034,0.021,0.015,0.012,0.007,0.004,0.002
GUY,1985,22.949,21.563,20.525,19.797,19.337,19.107,19.067,19.178,19.399,19.691,20.061,20.515,20.783,20.733,20.466,20.206,19.907,19.572,19.222,18.839,18.403,17.944,17.35,16.569,15.671,14.764,13.81,12.983,12.376,11.904,11.414,10.961,10.391,9.625,8.752,7.939,7.149,6.501,6.071,5.8,5.537,5.294,5.141,5.09,5.109,5.149,5.225,5.242,5.151,4.991,4.84,4.676,4.519,4.387,4.257,4.13,4.042,3.81,3.354,2.781,2.227,1.605,1.322,1.573,2.144,2.666,3.265,3.507,3.16,2.45,1.817,1.15,0.716,0.689,0.917,1.084,1.258,1.35,1.285,1.121,0.994,0.878,0.758,0.637,0.519,0.399,0.274,0.178,0.123,0.099,0.073,0.058,0.046,0.033,0.017,0.009,0.007,0.005,0.003,0.002
GUY,1986,22.06,21.825,20.723,19.897,19.314,18.944,18.753,18.711,18.783,18.939,19.146,19.41,19.737,19.914,19.838,19.585,19.335,19.048,18.724,18.375,17.989,17.559,17.108,16.542,15.822,15.005,14.179,13.314,12.551,11.963,11.487,10.995,10.532,9.988,9.301,8.538,7.827,7.138,6.555,6.132,5.828,5.536,5.261,5.075,5,4.999,5.015,5.063,5.054,4.939,4.754,4.583,4.404,4.238,4.101,3.976,3.851,3.756,3.555,3.189,2.737,2.299,1.811,1.573,1.735,2.133,2.496,2.918,3.066,2.759,2.174,1.651,1.097,0.736,0.704,0.88,1.009,1.145,1.211,1.145,0.996,0.877,0.768,0.657,0.55,0.446,0.337,0.229,0.15,0.104,0.083,0.061,0.048,0.038,0.027,0.014,0.007,0.006,0.003,0.002
GUY,1987,20.733,19.867,20.777,19.954,19.335,18.895,18.611,18.459,18.414,18.45,18.54,18.663,18.824,19.026,19.114,19.01,18.773,18.531,18.257,17.941,17.591,17.203,16.777,16.332,15.792,15.131,14.39,13.641,12.863,12.161,11.592,11.108,10.614,10.14,9.619,9.008,8.353,7.739,7.148,6.628,6.211,5.875,5.553,5.242,5.024,4.926,4.905,4.896,4.919,4.884,4.743,4.534,4.342,4.148,3.971,3.832,3.71,3.586,3.483,3.313,3.035,2.7,2.377,2.02,1.829,1.901,2.129,2.334,2.583,2.637,2.371,1.909,1.49,1.049,0.758,0.722,0.846,0.937,1.035,1.077,1.01,0.875,0.764,0.662,0.561,0.465,0.375,0.278,0.186,0.123,0.086,0.066,0.047,0.038,0.03,0.021,0.011,0.006,0.003,0.002
GUY,1988,19.316,18.886,18.566,19.804,19.256,18.841,18.543,18.344,18.229,18.183,18.182,18.208,18.247,18.305,18.384,18.382,18.252,18.028,17.793,17.53,17.222,16.871,16.478,16.055,15.614,15.1,14.493,13.827,13.154,12.457,11.813,11.261,10.769,10.27,9.785,9.284,8.747,8.197,7.677,7.184,6.725,6.311,5.94,5.587,5.243,4.991,4.868,4.828,4.796,4.792,4.731,4.564,4.331,4.119,3.907,3.719,3.575,3.457,3.335,3.224,3.083,2.891,2.673,2.462,2.235,2.089,2.073,2.132,2.182,2.259,2.22,1.992,1.651,1.336,1.005,0.783,0.742,0.815,0.867,0.93,0.947,0.879,0.756,0.653,0.559,0.466,0.382,0.306,0.22,0.143,0.097,0.067,0.05,0.035,0.028,0.022,0.015,0.008,0.004,0.002
GUY,1989,18.282,18.185,18.117,18.076,18.888,18.614,18.403,18.245,18.131,18.055,18.005,17.968,17.929,17.885,17.84,17.794,17.703,17.546,17.335,17.106,16.852,16.553,16.2,15.801,15.379,14.941,14.451,13.898,13.305,12.703,12.089,11.501,10.963,10.462,9.957,9.458,8.976,8.512,8.066,7.64,7.241,6.842,6.431,6.024,5.641,5.259,4.973,4.825,4.766,4.709,4.68,4.592,4.398,4.139,3.906,3.677,3.478,3.329,3.214,3.093,2.974,2.862,2.756,2.655,2.556,2.458,2.357,2.252,2.142,2.035,1.939,1.806,1.617,1.397,1.184,0.963,0.81,0.765,0.786,0.801,0.828,0.819,0.749,0.64,0.545,0.456,0.372,0.3,0.237,0.162,0.1,0.071,0.05,0.033,0.023,0.018,0.014,0.009,0.005,0.002
GUY,1990,17.95,17.962,17.976,17.99,18.002,18.01,18.012,18.006,17.99,17.962,17.922,17.871,17.796,17.693,17.562,17.415,17.243,17.061,16.877,16.679,16.454,16.211,15.918,15.562,15.156,14.736,14.298,13.831,13.332,12.81,12.281,11.746,11.213,10.689,10.176,9.665,9.151,8.688,8.296,7.952,7.62,7.317,6.976,6.566,6.125,5.707,5.289,4.968,4.794,4.714,4.632,4.578,4.463,4.241,3.957,3.701,3.454,3.243,3.089,2.976,2.857,2.728,2.645,2.627,2.643,2.657,2.688,2.633,2.438,2.156,1.892,1.622,1.395,1.243,1.143,1.034,0.923,0.839,0.789,0.759,0.737,0.726,0.693,0.621,0.524,0.436,0.354,0.278,0.217,0.167,0.104,0.058,0.045,0.032,0.017,0.01,0.008,0.006,0.004,0.002
GUY,1991,18.317,17.877,17.835,17.822,17.831,17.852,17.886,17.933,17.947,17.903,17.815,17.726,17.631,17.507,17.347,17.161,16.958,16.73,16.512,16.319,16.131,15.92,15.691,15.418,15.082,14.697,14.301,13.892,13.452,12.977,12.479,11.974,11.466,10.953,10.443,9.939,9.437,8.931,8.476,8.096,7.766,7.445,7.152,6.822,6.421,5.986,5.576,5.166,4.849,4.679,4.601,4.521,4.466,4.353,4.134,3.853,3.6,3.355,3.146,2.991,2.878,2.759,2.631,2.546,2.522,2.53,2.537,2.561,2.502,2.312,2.039,1.782,1.521,1.301,1.153,1.056,0.95,0.844,0.762,0.71,0.679,0.653,0.639,0.606,0.54,0.453,0.373,0.299,0.236,0.184,0.139,0.085,0.048,0.037,0.027,0.014,0.009,0.006,0.004,0.002
GUY,1992,19.382,18.796,17.84,17.742,17.701,17.705,17.736,17.797,17.89,17.922,17.849,17.702,17.564,17.424,17.25,17.035,16.793,16.535,16.25,15.995,15.791,15.615,15.414,15.203,14.948,14.631,14.266,13.894,13.513,13.098,12.649,12.173,11.691,11.206,10.715,10.217,9.721,9.227,8.728,8.281,7.912,7.594,7.285,7.002,6.681,6.288,5.86,5.457,5.052,4.741,4.573,4.498,4.419,4.363,4.251,4.035,3.756,3.505,3.262,3.054,2.9,2.787,2.667,2.539,2.452,2.423,2.423,2.422,2.438,2.376,2.189,1.924,1.675,1.423,1.21,1.066,0.971,0.87,0.767,0.686,0.633,0.598,0.57,0.553,0.521,0.46,0.383,0.31,0.246,0.195,0.15,0.11,0.067,0.039,0.03,0.021,0.011,0.006,0.004,0.002
GUY,1993,20.744,19.666,18.831,17.808,17.655,17.588,17.584,17.626,17.715,17.853,17.904,17.802,17.596,17.408,17.223,16.999,16.73,16.431,16.116,15.775,15.48,15.268,15.103,14.914,14.717,14.481,14.184,13.84,13.492,13.137,12.749,12.324,11.871,11.413,10.952,10.478,9.994,9.507,9.02,8.528,8.089,7.73,7.425,7.126,6.853,6.541,6.156,5.736,5.338,4.94,4.634,4.469,4.394,4.316,4.262,4.151,3.937,3.661,3.412,3.171,2.963,2.81,2.696,2.575,2.448,2.359,2.323,2.316,2.308,2.316,2.251,2.068,1.811,1.57,1.325,1.118,0.979,0.887,0.788,0.689,0.611,0.557,0.519,0.488,0.468,0.436,0.381,0.313,0.247,0.192,0.152,0.116,0.082,0.048,0.029,0.022,0.016,0.008,0.005,0.002
GUY,1994,21.84,20.418,19.31,18.481,17.763,17.556,17.461,17.453,17.504,17.619,17.803,17.873,17.743,17.477,17.239,17.01,16.736,16.411,16.055,15.685,15.287,14.955,14.734,14.58,14.402,14.22,14.003,13.724,13.402,13.079,12.75,12.389,11.988,11.559,11.125,10.688,10.234,9.763,9.285,8.806,8.321,7.89,7.543,7.25,6.962,6.699,6.397,6.02,5.606,5.216,4.824,4.524,4.361,4.288,4.212,4.158,4.047,3.836,3.563,3.316,3.077,2.87,2.717,2.602,2.482,2.355,2.264,2.222,2.207,2.192,2.192,2.123,1.944,1.695,1.463,1.226,1.027,0.892,0.802,0.706,0.611,0.534,0.479,0.438,0.405,0.381,0.35,0.302,0.243,0.185,0.138,0.111,0.082,0.053,0.03,0.019,0.015,0.01,0.005,0.002
GUY,1995,22.263,20.805,19.651,18.77,18.127,17.69,17.427,17.306,17.291,17.353,17.495,17.723,17.813,17.655,17.329,17.043,16.769,16.445,16.065,15.653,15.227,14.774,14.405,14.175,14.032,13.866,13.701,13.502,13.243,12.942,12.644,12.343,12.009,11.635,11.229,10.818,10.407,9.974,9.516,9.047,8.578,8.101,7.68,7.343,7.063,6.786,6.535,6.243,5.874,5.468,5.086,4.701,4.405,4.247,4.175,4.1,4.047,3.938,3.728,3.458,3.215,2.977,2.772,2.62,2.505,2.385,2.259,2.165,2.117,2.095,2.071,2.063,1.992,1.817,1.578,1.353,1.125,0.933,0.803,0.715,0.622,0.531,0.456,0.4,0.357,0.321,0.295,0.264,0.221,0.171,0.121,0.084,0.068,0.049,0.024,0.011,0.009,0.007,0.005,0.002
GUY,1996,21.928,21.823,20.578,19.537,18.683,18.002,17.464,17.043,16.781,16.684,16.703,16.778,16.92,16.975,16.857,16.621,16.421,16.241,15.994,15.658,15.269,14.873,14.45,14.102,13.878,13.731,13.56,13.386,13.18,12.918,12.614,12.312,12.003,11.673,11.32,10.946,10.567,10.19,9.778,9.315,8.826,8.34,7.841,7.411,7.092,6.843,6.594,6.375,6.093,5.699,5.247,4.823,4.391,4.076,3.944,3.926,3.9,3.898,3.825,3.622,3.341,3.089,2.842,2.635,2.493,2.395,2.288,2.175,2.089,2.036,2.001,1.967,1.948,1.87,1.697,1.467,1.249,1.028,0.844,0.72,0.638,0.552,0.469,0.401,0.348,0.307,0.275,0.251,0.225,0.186,0.142,0.099,0.07,0.056,0.04,0.02,0.01,0.007,0.005,0.002
GUY,1997,20.977,20.477,21.387,20.353,19.425,18.599,17.879,17.241,16.661,16.258,16.08,16.056,16.064,16.121,16.139,16.061,15.915,15.802,15.715,15.545,15.254,14.885,14.519,14.129,13.801,13.583,13.431,13.254,13.073,12.859,12.592,12.287,11.98,11.663,11.338,11.007,10.666,10.318,9.975,9.581,9.114,8.606,8.101,7.582,7.145,6.842,6.624,6.402,6.216,5.945,5.525,5.025,4.559,4.081,3.748,3.641,3.677,3.699,3.75,3.712,3.516,3.223,2.963,2.708,2.498,2.366,2.284,2.191,2.093,2.013,1.955,1.907,1.863,1.831,1.746,1.576,1.355,1.144,0.931,0.754,0.637,0.561,0.482,0.407,0.345,0.296,0.258,0.229,0.207,0.184,0.152,0.114,0.078,0.056,0.045,0.031,0.016,0.007,0.005,0.002
GUY,1998,19.658,19.921,19.995,20.951,20.13,19.313,18.516,17.757,17.018,16.278,15.736,15.476,15.411,15.352,15.321,15.304,15.266,15.211,15.184,15.189,15.095,14.849,14.503,14.166,13.808,13.5,13.287,13.131,12.949,12.76,12.539,12.268,11.96,11.649,11.325,11.003,10.693,10.385,10.068,9.759,9.385,8.913,8.385,7.865,7.322,6.878,6.592,6.404,6.212,6.058,5.796,5.35,4.805,4.296,3.771,3.42,3.338,3.428,3.499,3.603,3.6,3.41,3.106,2.838,2.574,2.362,2.239,2.174,2.096,2.011,1.937,1.874,1.813,1.758,1.715,1.624,1.456,1.242,1.04,0.834,0.665,0.554,0.485,0.413,0.345,0.289,0.244,0.208,0.183,0.164,0.144,0.117,0.085,0.057,0.041,0.033,0.023,0.012,0.005,0.002
GUY,1999,18.361,19.292,19.862,20.115,20.52,19.912,19.206,18.437,17.639,16.798,15.9,15.217,14.876,14.768,14.642,14.525,14.472,14.475,14.51,14.569,14.667,14.651,14.448,14.125,13.815,13.489,13.202,12.995,12.834,12.647,12.449,12.222,11.945,11.636,11.321,10.989,10.671,10.383,10.107,9.82,9.546,9.191,8.715,8.168,7.629,7.065,6.613,6.344,6.187,6.021,5.9,5.649,5.178,4.585,4.034,3.463,3.093,3.037,3.18,3.3,3.455,3.488,3.305,2.988,2.714,2.441,2.226,2.112,2.065,1.999,1.929,1.861,1.793,1.72,1.653,1.599,1.501,1.336,1.131,0.936,0.738,0.575,0.472,0.408,0.343,0.283,0.233,0.193,0.16,0.137,0.12,0.104,0.082,0.056,0.036,0.026,0.021,0.015,0.007,0.002
GUY,2000,17.376,18.721,19.617,20.114,20.262,20.113,19.715,19.12,18.379,17.541,16.597,15.54,14.716,14.292,14.142,13.948,13.745,13.656,13.699,13.824,13.97,14.16,14.221,14.062,13.761,13.481,13.186,12.919,12.718,12.552,12.358,12.153,11.918,11.636,11.325,11.004,10.665,10.351,10.085,9.839,9.584,9.343,9.007,8.526,7.959,7.402,6.815,6.355,6.103,5.976,5.839,5.749,5.508,5.01,4.37,3.776,3.158,2.768,2.739,2.936,3.104,3.312,3.381,3.204,2.875,2.593,2.31,2.092,1.988,1.958,1.905,1.849,1.788,1.714,1.629,1.551,1.485,1.38,1.217,1.021,0.832,0.642,0.486,0.389,0.332,0.273,0.221,0.177,0.14,0.111,0.091,0.077,0.063,0.047,0.027,0.015,0.012,0.01,0.007,0.003
GUY,2001,16.713,17.483,18.639,19.424,19.873,20.024,19.927,19.635,19.101,18.324,17.392,16.382,15.271,14.391,13.912,13.71,13.463,13.208,13.082,13.116,13.248,13.403,13.606,13.684,13.544,13.265,13.01,12.743,12.503,12.324,12.179,12.006,11.823,11.607,11.345,11.05,10.745,10.421,10.121,9.866,9.631,9.385,9.152,8.824,8.352,7.794,7.245,6.667,6.213,5.963,5.837,5.701,5.611,5.371,4.883,4.254,3.67,3.063,2.678,2.645,2.835,2.997,3.197,3.261,3.086,2.763,2.485,2.207,1.993,1.89,1.858,1.807,1.752,1.691,1.617,1.529,1.449,1.381,1.278,1.124,0.94,0.763,0.585,0.439,0.35,0.298,0.244,0.196,0.158,0.125,0.097,0.079,0.067,0.056,0.041,0.024,0.015,0.012,0.008,0.003
GUY,2002,16.347,17.644,17.6,18.568,19.244,19.647,19.8,19.755,19.569,19.094,18.281,17.256,16.179,15.013,14.077,13.543,13.287,12.989,12.681,12.52,12.543,12.682,12.846,13.062,13.157,13.037,12.778,12.549,12.31,12.096,11.94,11.815,11.664,11.502,11.306,11.062,10.782,10.495,10.185,9.899,9.655,9.43,9.193,8.968,8.648,8.184,7.635,7.093,6.522,6.075,5.828,5.703,5.566,5.477,5.24,4.758,4.14,3.567,2.97,2.59,2.555,2.737,2.891,3.083,3.144,2.97,2.653,2.379,2.106,1.894,1.793,1.761,1.711,1.656,1.597,1.519,1.43,1.349,1.278,1.177,1.031,0.859,0.694,0.528,0.394,0.311,0.264,0.214,0.172,0.139,0.11,0.083,0.068,0.057,0.047,0.034,0.02,0.014,0.01,0.005
GUY,2003,16.189,17.172,17.957,17.735,18.516,19.083,19.44,19.594,19.603,19.522,19.104,18.257,17.136,15.992,14.77,13.777,13.187,12.879,12.529,12.168,11.971,11.984,12.13,12.303,12.532,12.644,12.542,12.305,12.101,11.889,11.701,11.568,11.464,11.334,11.193,11.016,10.789,10.527,10.255,9.96,9.686,9.453,9.238,9.009,8.793,8.481,8.024,7.483,6.949,6.385,5.943,5.698,5.574,5.439,5.347,5.113,4.639,4.031,3.466,2.879,2.504,2.468,2.641,2.789,2.974,3.03,2.858,2.545,2.276,2.007,1.798,1.698,1.667,1.616,1.563,1.503,1.425,1.333,1.25,1.177,1.079,0.94,0.78,0.626,0.471,0.347,0.272,0.229,0.185,0.148,0.12,0.094,0.07,0.056,0.048,0.038,0.028,0.016,0.012,0.006
GUY,2004,16.088,16.728,17.313,17.834,17.893,18.489,18.947,19.258,19.415,19.476,19.5,19.141,18.257,17.039,15.824,14.547,13.495,12.85,12.488,12.085,11.67,11.438,11.44,11.595,11.776,12.019,12.147,12.065,11.85,11.668,11.484,11.323,11.212,11.126,11.018,10.897,10.741,10.531,10.284,10.027,9.747,9.486,9.264,9.059,8.838,8.628,8.323,7.875,7.341,6.814,6.257,5.819,5.576,5.454,5.318,5.225,4.993,4.526,3.927,3.371,2.793,2.423,2.383,2.55,2.691,2.869,2.92,2.75,2.442,2.176,1.911,1.706,1.606,1.573,1.523,1.471,1.412,1.331,1.238,1.153,1.077,0.981,0.85,0.701,0.559,0.417,0.303,0.234,0.196,0.155,0.124,0.101,0.079,0.056,0.044,0.037,0.031,0.023,0.012,0.008
GUY,2005,15.933,16.295,16.713,17.164,17.624,18.071,18.482,18.831,19.097,19.257,19.371,19.501,19.2,18.276,16.961,15.675,14.338,13.228,12.524,12.109,11.652,11.184,10.915,10.907,11.07,11.261,11.517,11.663,11.6,11.405,11.248,11.092,10.955,10.867,10.802,10.713,10.614,10.476,10.284,10.053,9.811,9.544,9.296,9.085,8.888,8.676,8.474,8.176,7.734,7.207,6.686,6.135,5.701,5.46,5.337,5.202,5.109,4.878,4.417,3.827,3.279,2.71,2.343,2.301,2.46,2.596,2.765,2.814,2.644,2.341,2.078,1.817,1.614,1.515,1.482,1.433,1.382,1.322,1.241,1.143,1.056,0.979,0.883,0.76,0.624,0.493,0.361,0.258,0.195,0.162,0.126,0.101,0.082,0.063,0.044,0.032,0.028,0.022,0.016,0.008
GUY,2006,15.605,15.734,16.102,16.524,16.977,17.435,17.878,18.287,18.617,18.835,18.932,18.99,19.069,18.724,17.765,16.424,15.115,13.742,12.659,12.086,11.857,11.579,11.306,11.142,11.092,11.121,11.194,11.32,11.38,11.313,11.163,11.037,10.909,10.794,10.706,10.632,10.539,10.439,10.298,10.102,9.866,9.618,9.347,9.094,8.881,8.684,8.472,8.267,7.974,7.543,7.03,6.525,5.991,5.566,5.323,5.188,5.043,4.939,4.707,4.265,3.703,3.18,2.636,2.288,2.251,2.409,2.543,2.713,2.753,2.562,2.232,1.944,1.654,1.435,1.337,1.319,1.282,1.246,1.199,1.128,1.041,0.965,0.899,0.815,0.702,0.572,0.446,0.322,0.232,0.177,0.143,0.11,0.089,0.072,0.056,0.038,0.03,0.024,0.018,0.009
GUY,2007,15.235,15.287,15.546,15.923,16.35,16.804,17.259,17.699,18.107,18.417,18.59,18.624,18.625,18.655,18.265,17.268,15.904,14.569,13.157,12.104,11.659,11.616,11.515,11.437,11.379,11.286,11.182,11.136,11.133,11.108,11.035,10.931,10.835,10.736,10.64,10.555,10.471,10.374,10.272,10.129,9.928,9.686,9.433,9.158,8.901,8.686,8.488,8.275,8.07,7.779,7.358,6.86,6.369,5.852,5.437,5.189,5.044,4.889,4.773,4.541,4.116,3.582,3.084,2.565,2.236,2.205,2.36,2.493,2.662,2.694,2.483,2.126,1.812,1.494,1.258,1.163,1.158,1.134,1.111,1.078,1.017,0.94,0.875,0.821,0.747,0.643,0.523,0.399,0.283,0.208,0.159,0.124,0.095,0.077,0.063,0.048,0.032,0.026,0.019,0.011
GUY,2008,14.901,14.87,15.008,15.378,15.762,16.195,16.65,17.105,17.541,17.948,18.239,18.365,18.336,18.283,18.263,17.828,16.794,15.402,14.041,12.59,11.563,11.246,11.389,11.465,11.582,11.627,11.494,11.255,11.09,10.959,10.85,10.772,10.712,10.647,10.575,10.5,10.417,10.323,10.222,10.118,9.971,9.766,9.519,9.26,8.979,8.718,8.5,8.301,8.088,7.881,7.593,7.182,6.698,6.221,5.721,5.315,5.063,4.906,4.742,4.613,4.381,3.971,3.466,2.993,2.498,2.185,2.16,2.313,2.445,2.615,2.639,2.408,2.023,1.682,1.336,1.083,0.989,0.999,0.986,0.978,0.959,0.908,0.84,0.785,0.743,0.68,0.585,0.473,0.353,0.244,0.184,0.14,0.105,0.08,0.066,0.053,0.04,0.027,0.021,0.013
GUY,2009,14.707,14.59,14.647,14.846,15.228,15.62,16.059,16.518,16.97,17.404,17.811,18.083,18.163,18.071,17.961,17.891,17.411,16.339,14.918,13.529,12.035,11.036,10.846,11.175,11.43,11.74,11.891,11.715,11.342,11.059,10.799,10.604,10.519,10.505,10.47,10.427,10.371,10.29,10.186,10.081,9.975,9.826,9.615,9.362,9.098,8.811,8.544,8.325,8.125,7.909,7.702,7.416,7.015,6.543,6.08,5.596,5.198,4.942,4.773,4.598,4.458,4.224,3.832,3.353,2.904,2.433,2.138,2.118,2.269,2.401,2.571,2.586,2.335,1.922,1.554,1.179,0.909,0.816,0.839,0.841,0.846,0.839,0.8,0.74,0.697,0.666,0.614,0.529,0.423,0.307,0.206,0.16,0.122,0.087,0.065,0.054,0.043,0.033,0.022,0.014
GUY,2010,14.721,14.486,14.433,14.535,14.764,15.092,15.494,15.939,16.4,16.852,17.285,17.692,17.946,17.979,17.824,17.658,17.538,17.011,15.899,14.449,13.028,11.492,10.518,10.455,10.971,11.404,11.912,12.166,11.949,11.441,11.038,10.648,10.367,10.278,10.31,10.303,10.289,10.253,10.173,10.06,9.95,9.843,9.69,9.474,9.215,8.944,8.651,8.38,8.157,7.956,7.74,7.529,7.247,6.854,6.396,5.945,5.476,5.086,4.825,4.645,4.46,4.307,4.073,3.696,3.244,2.819,2.37,2.091,2.079,2.228,2.358,2.529,2.535,2.263,1.822,1.426,1.022,0.734,0.643,0.681,0.695,0.714,0.721,0.692,0.641,0.608,0.59,0.549,0.472,0.374,0.262,0.167,0.136,0.104,0.068,0.05,0.042,0.034,0.026,0.016
GUY,2011,14.912,14.568,14.385,14.369,14.493,14.733,15.06,15.45,15.878,16.319,16.745,17.149,17.524,17.744,17.745,17.557,17.359,17.206,16.658,15.544,14.104,12.694,11.17,10.208,10.156,10.682,11.126,11.646,11.914,11.71,11.216,10.826,10.45,10.181,10.101,10.141,10.143,10.134,10.105,10.032,9.925,9.82,9.719,9.57,9.356,9.097,8.826,8.533,8.262,8.038,7.836,7.619,7.406,7.125,6.737,6.284,5.839,5.376,4.99,4.73,4.548,4.362,4.206,3.971,3.601,3.158,2.741,2.303,2.028,2.011,2.149,2.271,2.432,2.435,2.17,1.744,1.361,0.971,0.692,0.603,0.637,0.649,0.666,0.671,0.643,0.592,0.559,0.542,0.501,0.427,0.332,0.23,0.15,0.123,0.092,0.061,0.048,0.039,0.028,0.018
GUY,2012,15.295,14.718,14.428,14.296,14.316,14.463,14.712,15.04,15.419,15.83,16.249,16.651,17.026,17.37,17.557,17.524,17.303,17.073,16.888,16.319,15.201,13.769,12.369,10.857,9.907,9.866,10.401,10.856,11.39,11.671,11.481,11,10.623,10.26,10.002,9.933,9.979,9.989,9.987,9.964,9.898,9.797,9.7,9.603,9.458,9.246,8.987,8.716,8.422,8.15,7.925,7.723,7.504,7.29,7.009,6.624,6.177,5.737,5.281,4.899,4.638,4.454,4.266,4.108,3.874,3.51,3.075,2.666,2.238,1.966,1.945,2.073,2.185,2.336,2.336,2.078,1.666,1.297,0.919,0.65,0.563,0.593,0.603,0.619,0.623,0.593,0.541,0.509,0.494,0.455,0.383,0.289,0.198,0.135,0.109,0.082,0.053,0.042,0.031,0.02
GUY,2013,15.745,15.006,14.502,14.296,14.216,14.272,14.44,14.701,15.027,15.396,15.79,16.189,16.566,16.913,17.225,17.38,17.313,17.06,16.798,16.578,15.989,14.866,13.443,12.05,10.549,9.611,9.58,10.124,10.592,11.139,11.435,11.258,10.789,10.426,10.076,9.83,9.769,9.824,9.84,9.846,9.829,9.77,9.676,9.583,9.492,9.351,9.14,8.881,8.61,8.316,8.042,7.817,7.613,7.393,7.178,6.896,6.515,6.073,5.639,5.188,4.809,4.549,4.363,4.173,4.012,3.779,3.42,2.993,2.593,2.173,1.906,1.878,1.997,2.1,2.241,2.238,1.988,1.59,1.232,0.868,0.608,0.523,0.55,0.558,0.572,0.574,0.544,0.493,0.459,0.446,0.408,0.341,0.247,0.165,0.118,0.096,0.071,0.046,0.036,0.023
GUY,2014,16.092,15.266,14.671,14.285,14.17,14.142,14.234,14.426,14.697,15.022,15.381,15.758,16.137,16.49,16.808,17.09,17.213,17.111,16.825,16.53,16.278,15.667,14.539,13.123,11.737,10.247,9.32,9.299,9.854,10.335,10.895,11.205,11.041,10.585,10.233,9.897,9.663,9.611,9.674,9.698,9.709,9.699,9.647,9.559,9.472,9.387,9.25,9.04,8.78,8.508,8.213,7.939,7.712,7.507,7.286,7.069,6.788,6.409,5.973,5.543,5.098,4.722,4.462,4.273,4.082,3.919,3.685,3.332,2.914,2.52,2.109,1.846,1.813,1.922,2.017,2.148,2.14,1.898,1.514,1.169,0.819,0.568,0.483,0.507,0.513,0.525,0.526,0.494,0.444,0.409,0.398,0.362,0.297,0.205,0.133,0.101,0.081,0.061,0.039,0.027
GUY,2015,16.219,15.416,14.818,14.404,14.155,14.052,14.074,14.203,14.419,14.699,15.025,15.373,15.734,16.092,16.423,16.712,16.963,17.053,16.917,16.599,16.27,15.985,15.352,14.219,12.808,11.431,9.95,9.033,9.022,9.587,10.08,10.656,10.979,10.828,10.385,10.046,9.723,9.5,9.458,9.527,9.559,9.577,9.574,9.527,9.447,9.367,9.286,9.153,8.943,8.683,8.411,8.115,7.84,7.611,7.405,7.183,6.964,6.682,6.306,5.875,5.45,5.01,4.638,4.378,4.186,3.993,3.827,3.594,3.245,2.835,2.449,2.047,1.786,1.749,1.849,1.934,2.056,2.045,1.81,1.438,1.106,0.769,0.526,0.444,0.464,0.468,0.478,0.479,0.446,0.394,0.361,0.351,0.315,0.253,0.163,0.101,0.085,0.068,0.05,0.031
GUY,2016,16.022,15.955,15.293,14.787,14.423,14.19,14.069,14.039,14.123,14.321,14.599,14.905,15.227,15.559,15.888,16.189,16.45,16.672,16.741,16.6,16.285,15.96,15.681,15.057,13.937,12.545,11.184,9.724,8.824,8.824,9.396,9.896,10.478,10.809,10.665,10.232,9.9,9.584,9.368,9.331,9.406,9.442,9.465,9.463,9.417,9.334,9.251,9.168,9.032,8.821,8.56,8.287,7.99,7.715,7.486,7.281,7.06,6.841,6.561,6.188,5.759,5.337,4.901,4.53,4.27,4.079,3.885,3.718,3.486,3.143,2.741,2.362,1.969,1.712,1.67,1.758,1.833,1.944,1.93,1.705,1.353,1.037,0.718,0.488,0.408,0.426,0.435,0.439,0.433,0.401,0.353,0.323,0.313,0.281,0.225,0.144,0.101,0.082,0.061,0.037
GUY,2017,15.615,15.236,15.714,15.193,14.778,14.464,14.245,14.105,14.024,14.064,14.243,14.52,14.809,15.103,15.408,15.708,15.979,16.212,16.405,16.456,16.308,15.994,15.674,15.399,14.784,13.677,12.298,10.955,9.513,8.628,8.638,9.217,9.725,10.316,10.654,10.519,10.093,9.77,9.46,9.249,9.219,9.299,9.339,9.366,9.367,9.32,9.235,9.15,9.064,8.924,8.712,8.45,8.176,7.878,7.601,7.373,7.167,6.947,6.729,6.45,6.078,5.651,5.231,4.798,4.429,4.169,3.977,3.783,3.614,3.384,3.046,2.651,2.279,1.895,1.641,1.593,1.671,1.736,1.835,1.818,1.603,1.269,0.971,0.669,0.45,0.374,0.389,0.404,0.401,0.389,0.357,0.312,0.286,0.275,0.247,0.196,0.125,0.1,0.075,0.045
GUY,2018,15.094,15.029,14.945,15.484,15.105,14.781,14.516,14.312,14.153,14.021,14.015,14.177,14.451,14.722,14.992,15.268,15.539,15.782,15.986,16.151,16.182,16.027,15.717,15.398,15.129,14.522,13.426,12.062,10.734,9.308,8.44,8.46,9.046,9.563,10.16,10.507,10.381,9.962,9.647,9.342,9.139,9.114,9.198,9.243,9.274,9.278,9.23,9.142,9.054,8.965,8.823,8.609,8.346,8.07,7.77,7.493,7.265,7.06,6.839,6.621,6.343,5.973,5.547,5.13,4.699,4.332,4.071,3.879,3.684,3.514,3.285,2.951,2.563,2.199,1.822,1.572,1.517,1.584,1.64,1.728,1.708,1.503,1.187,0.905,0.619,0.414,0.339,0.352,0.373,0.362,0.345,0.313,0.273,0.247,0.239,0.213,0.168,0.107,0.09,0.053
GUY,2019,14.608,14.814,14.931,14.972,15.253,15.015,14.782,14.566,14.377,14.199,14.015,13.965,14.111,14.383,14.636,14.878,15.127,15.368,15.583,15.759,15.896,15.907,15.746,15.437,15.122,14.858,14.258,13.176,11.824,10.512,9.104,8.25,8.281,8.874,9.399,10.005,10.359,10.241,9.831,9.522,9.224,9.027,9.008,9.098,9.147,9.183,9.187,9.139,9.049,8.959,8.866,8.722,8.506,8.241,7.964,7.663,7.384,7.156,6.951,6.73,6.513,6.236,5.867,5.444,5.028,4.6,4.234,3.974,3.78,3.584,3.413,3.185,2.856,2.475,2.117,1.75,1.501,1.441,1.498,1.544,1.621,1.598,1.402,1.104,0.838,0.57,0.377,0.305,0.314,0.341,0.324,0.301,0.27,0.232,0.21,0.202,0.178,0.141,0.088,0.061
GUY,2020,14.267,14.64,14.885,15.017,15.055,15.017,14.919,14.778,14.612,14.438,14.24,14.005,13.909,14.037,14.308,14.543,14.759,14.98,15.192,15.378,15.526,15.635,15.625,15.457,15.152,14.84,14.581,13.99,12.918,11.582,10.285,8.895,8.057,8.098,8.699,9.231,9.845,10.207,10.097,9.695,9.394,9.103,8.912,8.898,8.993,9.047,9.087,9.094,9.045,8.952,8.859,8.764,8.617,8.4,8.134,7.855,7.553,7.273,7.043,6.839,6.619,6.402,6.127,5.759,5.338,4.924,4.497,4.135,3.875,3.68,3.484,3.31,3.084,2.76,2.386,2.035,1.675,1.431,1.365,1.41,1.447,1.512,1.486,1.302,1.021,0.771,0.521,0.339,0.27,0.277,0.309,0.284,0.257,0.226,0.192,0.173,0.164,0.145,0.113,0.068
GUY,2021,14.115,14.303,14.617,14.827,14.945,14.984,14.963,14.899,14.776,14.595,14.387,14.164,13.907,13.788,13.892,14.139,14.351,14.544,14.747,14.953,15.139,15.289,15.4,15.397,15.235,14.939,14.637,14.388,13.809,12.75,11.426,10.142,8.765,7.936,7.984,8.588,9.123,9.739,10.104,9.999,9.603,9.307,9.02,8.831,8.817,8.909,8.959,8.995,8.998,8.945,8.849,8.752,8.652,8.502,8.285,8.019,7.742,7.44,7.161,6.929,6.721,6.497,6.276,5.999,5.634,5.217,4.807,4.386,4.026,3.765,3.566,3.366,3.19,2.963,2.645,2.282,1.941,1.592,1.353,1.285,1.323,1.354,1.413,1.387,1.211,0.947,0.705,0.468,0.314,0.252,0.252,0.277,0.255,0.229,0.201,0.17,0.166,0.147,0.117,0.075
GUY,2022,14.102,14.443,14.331,14.586,14.762,14.866,14.906,14.903,14.872,14.768,14.573,14.33,14.081,13.802,13.66,13.74,13.963,14.152,14.321,14.508,14.708,14.893,15.045,15.159,15.161,15.007,14.718,14.427,14.19,13.623,12.577,11.265,9.994,8.63,7.812,7.865,8.472,9.01,9.628,9.996,9.896,9.506,9.215,8.933,8.746,8.73,8.819,8.867,8.899,8.899,8.842,8.741,8.64,8.536,8.384,8.165,7.901,7.625,7.325,7.046,6.811,6.598,6.371,6.146,5.868,5.504,5.092,4.688,4.274,3.916,3.653,3.451,3.248,3.068,2.841,2.529,2.176,1.845,1.508,1.275,1.205,1.236,1.261,1.313,1.286,1.121,0.872,0.638,0.415,0.287,0.233,0.226,0.245,0.225,0.202,0.176,0.147,0.144,0.117,0.08
GUY,2023,14.171,14.38,14.539,14.357,14.551,14.693,14.783,14.825,14.839,14.842,14.755,14.546,14.27,13.994,13.694,13.53,13.585,13.784,13.95,14.095,14.265,14.458,14.645,14.797,14.914,14.921,14.774,14.495,14.214,13.988,13.433,12.399,11.101,9.844,8.494,7.686,7.745,8.354,8.895,9.514,9.885,9.791,9.406,9.12,8.844,8.659,8.642,8.728,8.772,8.801,8.797,8.736,8.632,8.527,8.418,8.263,8.044,7.781,7.506,7.208,6.929,6.692,6.475,6.244,6.016,5.735,5.375,4.968,4.569,4.159,3.805,3.541,3.336,3.128,2.945,2.717,2.414,2.071,1.75,1.424,1.197,1.125,1.149,1.168,1.213,1.185,1.03,0.798,0.571,0.361,0.262,0.214,0.201,0.214,0.194,0.174,0.15,0.125,0.113,0.082
GUY,2024,14.238,14.313,14.386,14.457,14.385,14.52,14.628,14.704,14.747,14.777,14.816,14.747,14.523,14.212,13.911,13.588,13.401,13.433,13.609,13.751,13.873,14.026,14.212,14.399,14.552,14.672,14.685,14.545,14.275,14.004,13.789,13.246,12.225,10.94,9.695,8.359,7.563,7.627,8.24,8.782,9.404,9.777,9.687,9.31,9.029,8.757,8.574,8.556,8.639,8.679,8.704,8.696,8.633,8.524,8.415,8.302,8.143,7.925,7.663,7.39,7.093,6.814,6.574,6.353,6.119,5.886,5.604,5.246,4.845,4.449,4.045,3.694,3.429,3.22,3.011,2.822,2.596,2.298,1.966,1.655,1.339,1.12,1.045,1.061,1.075,1.113,1.085,0.939,0.724,0.504,0.308,0.235,0.194,0.176,0.182,0.165,0.146,0.125,0.103,0.083
GUY,2025,14.238,14.224,14.243,14.286,14.348,14.419,14.496,14.568,14.631,14.675,14.722,14.796,14.745,14.507,14.16,13.835,13.489,13.279,13.287,13.439,13.557,13.655,13.792,13.971,14.159,14.315,14.437,14.455,14.322,14.06,13.8,13.595,13.065,12.056,10.783,9.551,8.228,7.441,7.512,8.127,8.674,9.296,9.673,9.588,9.216,8.94,8.673,8.493,8.475,8.553,8.59,8.611,8.6,8.532,8.421,8.308,8.19,8.028,7.808,7.548,7.275,6.98,6.702,6.459,6.234,5.996,5.759,5.475,5.12,4.722,4.332,3.934,3.586,3.319,3.106,2.894,2.702,2.475,2.184,1.861,1.56,1.256,1.042,0.965,0.975,0.982,1.013,0.984,0.849,0.65,0.438,0.256,0.21,0.175,0.151,0.151,0.135,0.118,0.1,0.081
GUY,2026,14.142,14.161,14.173,14.208,14.264,14.33,14.402,14.475,14.539,14.59,14.619,14.651,14.706,14.637,14.38,14.014,13.67,13.307,13.083,13.086,13.238,13.358,13.459,13.6,13.783,13.976,14.138,14.269,14.294,14.168,13.912,13.659,13.461,12.938,11.939,10.676,9.452,8.138,7.358,7.431,8.047,8.593,9.216,9.592,9.507,9.134,8.856,8.586,8.403,8.38,8.455,8.487,8.503,8.488,8.417,8.303,8.188,8.068,7.905,7.683,7.419,7.143,6.846,6.564,6.319,6.093,5.852,5.613,5.329,4.975,4.579,4.19,3.795,3.449,3.182,2.968,2.756,2.564,2.341,2.06,1.751,1.464,1.176,0.971,0.894,0.897,0.909,0.932,0.897,0.767,0.576,0.383,0.231,0.189,0.157,0.135,0.127,0.109,0.092,0.079
GUY,2027,13.987,13.952,14.088,14.125,14.179,14.245,14.317,14.39,14.458,14.515,14.554,14.569,14.583,14.62,14.532,14.257,13.873,13.51,13.129,12.892,12.89,13.043,13.164,13.267,13.411,13.6,13.798,13.966,14.104,14.137,14.018,13.77,13.522,13.332,12.816,11.825,10.571,9.356,8.05,7.276,7.353,7.97,8.517,9.139,9.515,9.427,9.054,8.774,8.502,8.316,8.29,8.359,8.387,8.398,8.377,8.303,8.189,8.072,7.95,7.784,7.559,7.292,7.013,6.713,6.428,6.182,5.952,5.711,5.47,5.186,4.831,4.437,4.05,3.656,3.312,3.046,2.832,2.619,2.427,2.208,1.937,1.642,1.368,1.095,0.901,0.823,0.821,0.836,0.851,0.811,0.686,0.502,0.328,0.206,0.167,0.139,0.121,0.099,0.084,0.075
GUY,2028,13.794,13.796,13.834,14.019,14.08,14.152,14.229,14.307,14.381,14.445,14.493,14.52,14.521,14.519,14.539,14.432,14.137,13.735,13.353,12.953,12.703,12.695,12.85,12.972,13.078,13.226,13.419,13.622,13.796,13.942,13.983,13.87,13.629,13.389,13.205,12.696,11.714,10.468,9.262,7.964,7.196,7.276,7.893,8.442,9.064,9.438,9.351,8.976,8.694,8.421,8.231,8.201,8.266,8.288,8.293,8.27,8.193,8.076,7.956,7.833,7.665,7.437,7.166,6.884,6.582,6.294,6.045,5.814,5.57,5.329,5.043,4.688,4.295,3.909,3.519,3.176,2.91,2.696,2.484,2.29,2.075,1.813,1.533,1.274,1.016,0.831,0.753,0.744,0.764,0.772,0.725,0.605,0.429,0.273,0.181,0.146,0.121,0.105,0.079,0.072
GUY,2029,13.594,13.637,13.704,13.788,13.948,14.034,14.124,14.214,14.298,14.371,14.43,14.47,14.486,14.472,14.454,14.455,14.33,14.016,13.596,13.196,12.777,12.513,12.501,12.656,12.78,12.889,13.04,13.237,13.445,13.626,13.78,13.828,13.722,13.487,13.254,13.076,12.575,11.601,10.365,9.167,7.878,7.116,7.199,7.817,8.366,8.987,9.362,9.273,8.897,8.614,8.338,8.145,8.11,8.171,8.189,8.189,8.16,8.081,7.963,7.841,7.716,7.545,7.314,7.041,6.756,6.449,6.16,5.908,5.675,5.429,5.186,4.899,4.545,4.153,3.769,3.381,3.04,2.775,2.56,2.347,2.153,1.941,1.691,1.424,1.179,0.935,0.759,0.682,0.667,0.692,0.691,0.639,0.523,0.355,0.218,0.156,0.125,0.104,0.09,0.072
GUY,2030,13.415,13.482,13.565,13.661,13.766,13.876,13.987,14.094,14.195,14.284,14.358,14.414,14.445,14.449,14.421,14.386,14.37,14.225,13.893,13.454,13.036,12.598,12.321,12.304,12.46,12.584,12.695,12.851,13.052,13.266,13.453,13.615,13.67,13.572,13.343,13.117,12.947,12.453,11.487,10.26,9.07,7.79,7.034,7.12,7.739,8.289,8.911,9.284,9.195,8.818,8.532,8.254,8.058,8.02,8.075,8.087,8.084,8.05,7.968,7.848,7.725,7.598,7.424,7.19,6.913,6.625,6.316,6.025,5.771,5.535,5.287,5.043,4.755,4.401,4.01,3.629,3.244,2.904,2.639,2.423,2.211,2.016,1.808,1.568,1.315,1.083,0.856,0.689,0.611,0.591,0.618,0.611,0.552,0.442,0.28,0.163,0.13,0.105,0.086,0.076
GUY,2031,13.268,13.365,13.443,13.536,13.639,13.749,13.861,13.973,14.076,14.165,14.238,14.296,14.334,14.348,14.332,14.286,14.233,14.197,14.04,13.704,13.267,12.851,12.416,12.144,12.133,12.294,12.425,12.545,12.708,12.914,13.133,13.325,13.492,13.552,13.459,13.233,13.011,12.844,12.355,11.397,10.178,8.997,7.724,6.973,7.057,7.671,8.213,8.828,9.196,9.105,8.726,8.439,8.157,7.958,7.917,7.97,7.979,7.973,7.936,7.848,7.721,7.591,7.458,7.279,7.042,6.764,6.475,6.166,5.872,5.613,5.371,5.117,4.866,4.576,4.226,3.839,3.463,3.083,2.751,2.49,2.28,2.073,1.884,1.683,1.455,1.216,0.993,0.778,0.63,0.556,0.532,0.554,0.545,0.491,0.392,0.249,0.155,0.125,0.102,0.082
GUY,2032,13.136,13.2,13.311,13.403,13.506,13.616,13.73,13.845,13.958,14.057,14.134,14.191,14.233,14.253,14.248,14.214,14.149,14.077,14.024,13.853,13.512,13.077,12.664,12.233,11.966,11.96,12.127,12.264,12.392,12.562,12.775,12.997,13.195,13.367,13.432,13.343,13.123,12.904,12.74,12.256,11.305,10.095,8.922,7.657,6.91,6.992,7.599,8.137,8.746,9.108,9.013,8.633,8.343,8.059,7.858,7.814,7.864,7.87,7.861,7.82,7.727,7.593,7.456,7.316,7.132,6.893,6.614,6.324,6.015,5.72,5.454,5.206,4.947,4.691,4.397,4.049,3.667,3.297,2.924,2.596,2.341,2.136,1.935,1.751,1.559,1.341,1.116,0.903,0.699,0.571,0.502,0.474,0.488,0.477,0.428,0.342,0.217,0.158,0.125,0.092
GUY,2033,13.011,13.063,13.137,13.258,13.36,13.474,13.592,13.711,13.828,13.942,14.036,14.102,14.143,14.168,14.171,14.148,14.094,14.011,13.921,13.848,13.665,13.321,12.887,12.476,12.049,11.787,11.786,11.958,12.103,12.239,12.416,12.633,12.862,13.064,13.241,13.312,13.227,13.01,12.795,12.634,12.155,11.212,10.011,8.846,7.59,6.847,6.927,7.528,8.06,8.662,9.019,8.922,8.54,8.247,7.96,7.757,7.709,7.756,7.761,7.749,7.704,7.606,7.464,7.321,7.174,6.986,6.743,6.463,6.173,5.863,5.566,5.296,5.04,4.776,4.513,4.219,3.871,3.495,3.129,2.763,2.442,2.192,1.992,1.797,1.619,1.433,1.228,1.016,0.813,0.621,0.511,0.447,0.415,0.422,0.41,0.366,0.291,0.185,0.153,0.104
GUY,2034,12.881,12.921,12.988,13.075,13.203,13.318,13.441,13.566,13.69,13.81,13.924,14.015,14.069,14.094,14.101,14.088,14.046,13.974,13.872,13.764,13.672,13.476,13.128,12.696,12.288,11.864,11.607,11.611,11.788,11.941,12.084,12.268,12.492,12.724,12.932,13.115,13.19,13.11,12.898,12.687,12.529,12.054,11.119,9.926,8.77,7.522,6.783,6.861,7.457,7.982,8.578,8.929,8.829,8.446,8.151,7.861,7.655,7.605,7.649,7.651,7.635,7.587,7.483,7.336,7.186,7.032,6.838,6.593,6.312,6.021,5.712,5.412,5.137,4.875,4.605,4.337,4.038,3.694,3.323,2.963,2.602,2.288,2.043,1.848,1.658,1.485,1.309,1.114,0.917,0.722,0.543,0.453,0.393,0.356,0.357,0.343,0.303,0.241,0.155,0.115
GUY,2035,12.735,12.771,12.834,12.921,13.027,13.146,13.275,13.408,13.54,13.669,13.791,13.906,13.991,14.035,14.043,14.034,14.004,13.944,13.852,13.731,13.605,13.494,13.286,12.933,12.504,12.098,11.678,11.426,11.435,11.619,11.777,11.928,12.12,12.349,12.586,12.798,12.987,13.066,12.991,12.783,12.576,12.421,11.952,11.024,9.841,8.693,7.453,6.719,6.796,7.385,7.904,8.493,8.839,8.735,8.351,8.055,7.762,7.553,7.499,7.541,7.54,7.522,7.47,7.36,7.206,7.05,6.889,6.69,6.443,6.161,5.868,5.56,5.258,4.978,4.709,4.432,4.16,3.859,3.515,3.15,2.795,2.442,2.133,1.894,1.703,1.52,1.352,1.184,1.001,0.817,0.632,0.465,0.394,0.338,0.297,0.291,0.275,0.242,0.191,0.123
GUY,2036,12.576,12.675,12.731,12.808,12.905,13.015,13.135,13.261,13.388,13.51,13.622,13.728,13.827,13.894,13.92,13.909,13.882,13.832,13.759,13.664,13.544,13.419,13.311,13.107,12.761,12.339,11.942,11.532,11.288,11.302,11.492,11.656,11.813,12.01,12.242,12.482,12.695,12.886,12.968,12.896,12.692,12.488,12.335,11.868,10.943,9.765,8.62,7.385,6.651,6.723,7.305,7.816,8.396,8.736,8.631,8.247,7.951,7.658,7.447,7.388,7.422,7.413,7.387,7.328,7.212,7.054,6.893,6.727,6.523,6.27,5.982,5.684,5.371,5.066,4.782,4.509,4.231,3.955,3.656,3.321,2.968,2.625,2.284,1.987,1.756,1.573,1.394,1.237,1.08,0.908,0.729,0.558,0.416,0.351,0.3,0.263,0.275,0.24,0.191,0.127
GUY,2037,12.404,12.456,12.616,12.691,12.783,12.889,13.004,13.125,13.249,13.369,13.479,13.577,13.667,13.748,13.797,13.803,13.775,13.73,13.662,13.576,13.477,13.357,13.234,13.13,12.93,12.59,12.175,11.786,11.384,11.149,11.17,11.365,11.535,11.698,11.899,12.135,12.376,12.594,12.785,12.871,12.801,12.599,12.399,12.248,11.784,10.864,9.689,8.548,7.316,6.583,6.651,7.224,7.728,8.3,8.633,8.526,8.143,7.847,7.554,7.342,7.277,7.303,7.287,7.254,7.187,7.066,6.903,6.736,6.565,6.356,6.097,5.804,5.501,5.183,4.873,4.585,4.31,4.028,3.751,3.454,3.126,2.784,2.454,2.126,1.84,1.619,1.441,1.269,1.121,0.978,0.815,0.64,0.486,0.367,0.309,0.263,0.228,0.223,0.179,0.126
GUY,2038,12.228,12.293,12.378,12.555,12.65,12.755,12.871,12.991,13.114,13.235,13.348,13.447,13.53,13.604,13.668,13.699,13.686,13.639,13.576,13.489,13.391,13.287,13.169,13.047,12.945,12.751,12.416,12.009,11.628,11.236,11.009,11.037,11.237,11.413,11.581,11.787,12.027,12.27,12.49,12.684,12.771,12.704,12.506,12.309,12.16,11.699,10.783,9.613,8.475,7.247,6.515,6.577,7.143,7.639,8.201,8.529,8.42,8.039,7.742,7.45,7.235,7.166,7.183,7.159,7.119,7.046,6.918,6.75,6.579,6.404,6.189,5.925,5.625,5.317,4.994,4.681,4.388,4.109,3.826,3.546,3.251,2.932,2.6,2.282,1.968,1.694,1.481,1.31,1.143,1.005,0.874,0.722,0.552,0.413,0.318,0.266,0.224,0.194,0.163,0.125
GUY,2039,12.059,12.132,12.225,12.331,12.492,12.606,12.727,12.851,12.976,13.099,13.22,13.325,13.413,13.481,13.539,13.586,13.599,13.567,13.501,13.419,13.314,13.204,13.095,12.978,12.859,12.759,12.569,12.242,11.841,11.468,11.086,10.867,10.902,11.107,11.289,11.463,11.673,11.916,12.162,12.384,12.58,12.669,12.607,12.411,12.217,12.07,11.612,10.7,9.533,8.4,7.177,6.445,6.502,7.061,7.549,8.102,8.424,8.313,7.933,7.636,7.345,7.127,7.052,7.061,7.03,6.983,6.903,6.77,6.597,6.421,6.24,6.021,5.75,5.444,5.131,4.804,4.487,4.191,3.909,3.623,3.341,3.048,2.735,2.417,2.11,1.809,1.547,1.341,1.178,1.017,0.889,0.771,0.628,0.464,0.339,0.269,0.223,0.187,0.158,0.123
GUY,2040,11.905,11.981,12.073,12.181,12.3,12.427,12.561,12.695,12.83,12.96,13.084,13.201,13.3,13.377,13.431,13.472,13.501,13.495,13.446,13.362,13.261,13.139,13.015,12.901,12.786,12.668,12.572,12.386,12.064,11.672,11.308,10.934,10.724,10.765,10.976,11.163,11.342,11.558,11.804,12.052,12.276,12.475,12.566,12.506,12.316,12.123,11.979,11.523,10.615,9.454,8.325,7.105,6.374,6.428,6.977,7.458,8.003,8.317,8.204,7.826,7.53,7.238,7.019,6.938,6.939,6.901,6.846,6.759,6.62,6.442,6.261,6.076,5.852,5.575,5.264,4.945,4.614,4.292,3.993,3.708,3.419,3.136,2.844,2.54,2.233,1.938,1.65,1.401,1.203,1.046,0.891,0.772,0.667,0.534,0.376,0.266,0.22,0.18,0.148,0.124
GUY,2041,11.777,11.859,11.945,12.046,12.16,12.283,12.413,12.549,12.68,12.803,12.915,13.024,13.123,13.205,13.262,13.298,13.321,13.332,13.314,13.26,13.177,13.079,12.959,12.839,12.731,12.623,12.512,12.424,12.247,11.932,11.546,11.189,10.823,10.619,10.665,10.879,11.069,11.251,11.469,11.717,11.967,12.193,12.392,12.483,12.421,12.226,12.03,11.88,11.423,10.519,9.363,8.24,7.026,6.297,6.347,6.889,7.362,7.898,8.207,8.09,7.709,7.408,7.112,6.889,6.802,6.797,6.752,6.691,6.596,6.448,6.26,6.068,5.874,5.641,5.36,5.046,4.724,4.392,4.071,3.774,3.493,3.209,2.931,2.649,2.356,2.063,1.777,1.505,1.279,1.093,0.935,0.792,0.687,0.591,0.473,0.332,0.231,0.189,0.155,0.128
GUY,2042,11.664,11.717,11.813,11.908,12.018,12.138,12.265,12.398,12.535,12.662,12.774,12.87,12.961,13.044,13.108,13.147,13.164,13.169,13.163,13.132,13.073,12.991,12.894,12.777,12.663,12.561,12.458,12.355,12.275,12.106,11.799,11.42,11.07,10.712,10.513,10.564,10.78,10.973,11.159,11.378,11.628,11.881,12.107,12.308,12.399,12.334,12.135,11.936,11.781,11.322,10.422,9.273,8.154,6.946,6.22,6.265,6.8,7.265,7.794,8.095,7.974,7.59,7.287,6.987,6.757,6.665,6.654,6.602,6.535,6.433,6.275,6.076,5.875,5.671,5.43,5.144,4.826,4.504,4.17,3.85,3.555,3.278,2.999,2.728,2.453,2.172,1.891,1.616,1.36,1.158,0.982,0.824,0.693,0.602,0.516,0.412,0.289,0.21,0.171,0.135
GUY,2043,11.562,11.597,11.659,11.765,11.87,11.988,12.114,12.246,12.382,12.52,12.644,12.744,12.824,12.899,12.964,13.01,13.03,13.03,13.016,12.991,12.947,12.885,12.804,12.71,12.596,12.485,12.389,12.293,12.197,12.125,11.964,11.665,11.294,10.95,10.6,10.407,10.462,10.682,10.878,11.065,11.286,11.538,11.793,12.021,12.223,12.314,12.247,12.044,11.84,11.681,11.221,10.324,9.181,8.068,6.866,6.142,6.184,6.71,7.169,7.689,7.983,7.859,7.471,7.164,6.86,6.627,6.528,6.511,6.452,6.379,6.269,6.102,5.892,5.681,5.467,5.219,4.927,4.607,4.282,3.948,3.628,3.336,3.062,2.789,2.524,2.258,1.987,1.721,1.454,1.214,1.036,0.871,0.712,0.593,0.516,0.44,0.35,0.246,0.19,0.143
GUY,2044,11.46,11.478,11.527,11.602,11.717,11.832,11.957,12.091,12.227,12.365,12.505,12.626,12.714,12.778,12.835,12.883,12.911,12.913,12.893,12.863,12.819,12.763,12.696,12.617,12.524,12.414,12.307,12.216,12.126,12.038,11.975,11.823,11.53,11.166,10.83,10.486,10.3,10.359,10.583,10.781,10.971,11.195,11.449,11.704,11.934,12.138,12.229,12.159,11.953,11.744,11.581,11.118,10.224,9.089,7.982,6.786,6.063,6.101,6.62,7.07,7.583,7.871,7.742,7.352,7.041,6.733,6.495,6.391,6.367,6.302,6.223,6.105,5.929,5.708,5.487,5.264,5.007,4.711,4.387,4.061,3.725,3.405,3.115,2.847,2.58,2.319,2.062,1.803,1.549,1.292,1.069,0.914,0.76,0.601,0.493,0.43,0.364,0.288,0.203,0.151
GUY,2045,11.35,11.357,11.399,11.467,11.558,11.668,11.792,11.926,12.066,12.206,12.347,12.489,12.606,12.683,12.73,12.771,12.802,12.811,12.794,12.757,12.708,12.647,12.577,12.506,12.428,12.337,12.23,12.128,12.043,11.959,11.879,11.824,11.678,11.395,11.037,10.708,10.372,10.192,10.255,10.482,10.683,10.875,11.101,11.357,11.615,11.846,12.051,12.142,12.069,11.86,11.648,11.479,11.015,10.124,8.995,7.894,6.705,5.985,6.018,6.529,6.973,7.477,7.758,7.624,7.232,6.917,6.605,6.362,6.253,6.221,6.151,6.066,5.941,5.754,5.524,5.292,5.06,4.796,4.494,4.168,3.839,3.503,3.183,2.896,2.631,2.369,2.115,1.866,1.619,1.379,1.13,0.923,0.793,0.649,0.49,0.394,0.344,0.288,0.226,0.159
GUY,2046,11.234,11.291,11.319,11.374,11.452,11.547,11.658,11.781,11.907,12.036,12.161,12.286,12.412,12.51,12.569,12.598,12.621,12.634,12.631,12.61,12.574,12.527,12.468,12.404,12.338,12.266,12.183,12.084,11.99,11.911,11.834,11.759,11.711,11.572,11.294,10.941,10.617,10.284,10.107,10.174,10.404,10.607,10.8,11.026,11.279,11.531,11.757,11.957,12.042,11.966,11.751,11.535,11.36,10.894,10.011,8.891,7.799,6.62,5.904,5.932,6.429,6.859,7.35,7.62,7.483,7.089,6.774,6.459,6.212,6.092,6.048,5.965,5.869,5.733,5.537,5.298,5.06,4.819,4.552,4.252,3.929,3.607,3.277,2.966,2.686,2.429,2.172,1.933,1.703,1.467,1.229,1.001,0.822,0.704,0.574,0.432,0.363,0.305,0.239,0.166
GUY,2047,11.113,11.121,11.233,11.281,11.35,11.437,11.537,11.649,11.768,11.89,12.006,12.117,12.226,12.334,12.414,12.455,12.466,12.471,12.466,12.451,12.426,12.391,12.346,12.291,12.231,12.17,12.106,12.029,11.938,11.853,11.78,11.709,11.64,11.598,11.465,11.192,10.845,10.525,10.197,10.024,10.094,10.325,10.531,10.726,10.952,11.201,11.447,11.668,11.863,11.944,11.861,11.643,11.422,11.241,10.775,9.897,8.788,7.705,6.536,5.824,5.844,6.329,6.746,7.224,7.483,7.341,6.948,6.629,6.313,6.06,5.931,5.874,5.78,5.672,5.526,5.321,5.073,4.826,4.579,4.307,4.008,3.692,3.374,3.052,2.749,2.477,2.228,1.975,1.75,1.539,1.315,1.081,0.871,0.72,0.615,0.499,0.374,0.316,0.247,0.174
GUY,2048,10.985,11.001,11.043,11.175,11.242,11.325,11.421,11.526,11.639,11.757,11.87,11.976,12.072,12.165,12.255,12.317,12.341,12.333,12.32,12.298,12.27,12.24,12.207,12.165,12.112,12.057,12.001,11.942,11.874,11.792,11.715,11.649,11.583,11.521,11.485,11.358,11.091,10.748,10.433,10.109,9.938,10.013,10.246,10.454,10.651,10.876,11.122,11.364,11.578,11.768,11.844,11.757,11.534,11.308,11.122,10.654,9.782,8.684,7.611,6.452,5.743,5.758,6.228,6.633,7.097,7.345,7.199,6.805,6.485,6.167,5.91,5.771,5.701,5.594,5.475,5.318,5.103,4.847,4.594,4.338,4.064,3.765,3.454,3.142,2.827,2.532,2.266,2.025,1.779,1.567,1.376,1.163,0.931,0.742,0.619,0.526,0.424,0.315,0.255,0.181
GUY,2049,10.853,10.878,10.926,10.992,11.116,11.202,11.299,11.405,11.515,11.628,11.743,11.851,11.945,12.026,12.103,12.176,12.22,12.225,12.2,12.169,12.129,12.088,12.055,12.023,11.982,11.933,11.882,11.832,11.78,11.718,11.644,11.575,11.516,11.457,11.401,11.371,11.25,10.988,10.651,10.34,10.019,9.853,9.93,10.166,10.376,10.575,10.8,11.042,11.279,11.488,11.672,11.743,11.651,11.424,11.194,11.001,10.532,9.667,8.578,7.515,6.367,5.663,5.67,6.127,6.519,6.969,7.208,7.057,6.662,6.34,6.02,5.758,5.609,5.526,5.408,5.277,5.111,4.886,4.621,4.36,4.097,3.819,3.522,3.216,2.91,2.603,2.315,2.057,1.823,1.582,1.385,1.212,1.011,0.782,0.613,0.519,0.437,0.349,0.256,0.189
GUY,2050,10.719,10.752,10.804,10.874,10.959,11.055,11.16,11.272,11.387,11.502,11.617,11.728,11.829,11.912,11.978,12.039,12.096,12.122,12.107,12.065,12.017,11.958,11.905,11.867,11.837,11.798,11.751,11.705,11.661,11.615,11.561,11.496,11.434,11.381,11.329,11.279,11.255,11.141,10.884,10.552,10.246,9.929,9.767,9.847,10.086,10.297,10.498,10.722,10.961,11.192,11.397,11.576,11.641,11.544,11.313,11.078,10.88,10.41,9.55,8.472,7.419,6.282,5.581,5.581,6.025,6.405,6.84,7.068,6.914,6.518,6.194,5.872,5.605,5.447,5.351,5.221,5.079,4.901,4.667,4.395,4.125,3.856,3.574,3.278,2.976,2.676,2.377,2.096,1.847,1.621,1.385,1.201,1.048,0.859,0.632,0.483,0.417,0.348,0.274,0.197
GUY,2051,10.585,10.667,10.715,10.78,10.857,10.946,11.045,11.148,11.255,11.358,11.457,11.556,11.651,11.734,11.798,11.847,11.89,11.929,11.943,11.925,11.883,11.838,11.783,11.735,11.701,11.678,11.646,11.609,11.57,11.532,11.492,11.445,11.385,11.33,11.282,11.233,11.187,11.166,11.054,10.802,10.474,10.173,9.859,9.698,9.776,10.012,10.22,10.417,10.636,10.868,11.092,11.29,11.462,11.521,11.42,11.187,10.949,10.747,10.277,9.424,8.354,7.308,6.18,5.482,5.474,5.904,6.27,6.692,6.907,6.745,6.345,6.014,5.688,5.412,5.243,5.135,4.995,4.843,4.659,4.42,4.147,3.878,3.609,3.331,3.042,2.75,2.455,2.17,1.913,1.674,1.447,1.229,1.068,0.929,0.758,0.556,0.438,0.365,0.289,0.208
GUY,2052,10.45,10.497,10.616,10.679,10.755,10.84,10.934,11.034,11.137,11.237,11.329,11.414,11.496,11.575,11.638,11.685,11.716,11.742,11.763,11.766,11.743,11.703,11.659,11.608,11.564,11.537,11.519,11.495,11.465,11.434,11.404,11.37,11.328,11.275,11.225,11.182,11.137,11.094,11.077,10.968,10.72,10.397,10.1,9.788,9.629,9.706,9.938,10.142,10.336,10.55,10.777,10.992,11.183,11.349,11.402,11.297,11.061,10.821,10.616,10.146,9.297,8.236,7.199,6.079,5.382,5.368,5.784,6.136,6.542,6.746,6.577,6.17,5.835,5.502,5.219,5.04,4.92,4.769,4.607,4.415,4.173,3.899,3.63,3.363,3.089,2.807,2.523,2.234,1.964,1.729,1.5,1.273,1.073,0.933,0.808,0.657,0.48,0.387,0.306,0.218
GUY,2053,10.311,10.365,10.433,10.564,10.642,10.73,10.824,10.921,11.022,11.125,11.22,11.301,11.37,11.435,11.497,11.543,11.572,11.585,11.594,11.597,11.587,11.56,11.522,11.48,11.432,11.393,11.371,11.36,11.343,11.321,11.299,11.275,11.247,11.212,11.165,11.121,11.082,11.041,11.002,10.987,10.883,10.638,10.32,10.026,9.719,9.56,9.635,9.864,10.065,10.254,10.464,10.684,10.893,11.076,11.235,11.282,11.174,10.935,10.693,10.483,10.014,9.171,8.118,7.088,5.977,5.283,5.26,5.663,6.002,6.394,6.586,6.408,5.997,5.655,5.317,5.026,4.836,4.705,4.543,4.371,4.171,3.925,3.651,3.383,3.117,2.846,2.571,2.296,2.013,1.757,1.546,1.327,1.099,0.917,0.8,0.689,0.557,0.403,0.323,0.229
GUY,2054,10.167,10.227,10.301,10.386,10.511,10.604,10.704,10.806,10.908,11.011,11.113,11.202,11.272,11.325,11.375,11.419,11.448,11.458,11.453,11.444,11.43,11.407,11.377,11.34,11.301,11.255,11.221,11.205,11.2,11.191,11.178,11.163,11.145,11.123,11.094,11.055,11.015,10.982,10.944,10.909,10.897,10.796,10.556,10.242,9.951,9.648,9.491,9.564,9.79,9.987,10.173,10.377,10.591,10.792,10.968,11.12,11.162,11.049,10.808,10.563,10.351,9.881,9.044,8,6.977,5.874,5.184,5.154,5.541,5.868,6.245,6.425,6.239,5.822,5.475,5.131,4.833,4.632,4.489,4.316,4.134,3.927,3.678,3.402,3.134,2.87,2.604,2.335,2.068,1.792,1.551,1.362,1.153,0.925,0.761,0.667,0.569,0.456,0.327,0.24
GUY,2055,10.017,10.083,10.163,10.253,10.352,10.457,10.566,10.678,10.787,10.894,10.998,11.1,11.183,11.242,11.279,11.312,11.34,11.351,11.342,11.321,11.294,11.262,11.227,11.192,11.157,11.12,11.078,11.048,11.037,11.039,11.037,11.032,11.025,11.014,10.998,10.976,10.942,10.909,10.881,10.847,10.815,10.806,10.708,10.473,10.162,9.876,9.576,9.42,9.492,9.715,9.908,10.089,10.289,10.496,10.69,10.86,11.004,11.04,10.923,10.681,10.432,10.216,9.747,8.915,7.881,6.866,5.772,5.083,5.046,5.419,5.732,6.095,6.262,6.069,5.647,5.294,4.944,4.639,4.428,4.273,4.089,3.898,3.682,3.431,3.154,2.886,2.624,2.361,2.099,1.842,1.57,1.343,1.177,0.98,0.751,0.604,0.532,0.449,0.356,0.25
GUY,2056,9.864,9.97,10.049,10.138,10.235,10.338,10.446,10.555,10.662,10.76,10.851,10.939,11.023,11.089,11.129,11.15,11.165,11.175,11.175,11.163,11.142,11.118,11.089,11.06,11.03,11.002,10.971,10.938,10.916,10.912,10.92,10.923,10.925,10.924,10.917,10.906,10.886,10.856,10.826,10.8,10.77,10.741,10.734,10.636,10.402,10.091,9.804,9.502,9.343,9.412,9.63,9.817,9.994,10.188,10.388,10.576,10.74,10.879,10.908,10.784,10.535,10.279,10.054,9.582,8.758,7.736,6.733,5.653,4.968,4.919,5.271,5.564,5.906,6.056,5.854,5.43,5.073,4.719,4.411,4.195,4.033,3.846,3.652,3.437,3.187,2.915,2.649,2.398,2.154,1.901,1.644,1.391,1.194,1.043,0.865,0.66,0.548,0.464,0.367,0.259
GUY,2057,9.707,9.786,9.924,10.014,10.113,10.217,10.325,10.434,10.545,10.646,10.733,10.808,10.88,10.947,10.995,11.017,11.021,11.019,11.011,10.999,10.982,10.965,10.942,10.917,10.892,10.868,10.846,10.824,10.799,10.784,10.787,10.8,10.81,10.818,10.823,10.821,10.813,10.798,10.77,10.743,10.721,10.694,10.667,10.661,10.566,10.331,10.021,9.731,9.429,9.267,9.332,9.545,9.727,9.898,10.085,10.281,10.463,10.62,10.754,10.777,10.646,10.388,10.125,9.891,9.417,8.6,7.592,6.601,5.535,4.854,4.792,5.123,5.395,5.716,5.85,5.64,5.213,4.851,4.496,4.183,3.961,3.795,3.603,3.406,3.191,2.943,2.676,2.412,2.173,1.946,1.703,1.446,1.214,1.045,0.908,0.749,0.568,0.475,0.377,0.269
GUY,2058,9.548,9.631,9.727,9.877,9.979,10.088,10.2,10.312,10.423,10.533,10.63,10.706,10.765,10.82,10.871,10.9,10.906,10.891,10.872,10.847,10.821,10.803,10.786,10.765,10.744,10.723,10.706,10.69,10.675,10.658,10.652,10.662,10.68,10.696,10.711,10.721,10.724,10.719,10.708,10.684,10.66,10.64,10.616,10.593,10.59,10.495,10.261,9.949,9.659,9.354,9.19,9.252,9.459,9.637,9.802,9.984,10.172,10.349,10.499,10.628,10.645,10.507,10.243,9.972,9.729,9.251,8.443,7.448,6.469,5.416,4.739,4.666,4.974,5.227,5.526,5.644,5.425,4.996,4.63,4.271,3.955,3.728,3.555,3.361,3.161,2.945,2.699,2.438,2.175,1.946,1.739,1.505,1.248,1.036,0.896,0.774,0.635,0.477,0.386,0.277
GUY,2059,9.391,9.477,9.576,9.685,9.828,9.944,10.062,10.181,10.297,10.41,10.521,10.613,10.679,10.722,10.759,10.794,10.805,10.792,10.76,10.725,10.681,10.645,10.622,10.606,10.589,10.57,10.555,10.542,10.533,10.525,10.517,10.518,10.535,10.559,10.582,10.602,10.618,10.625,10.626,10.618,10.597,10.576,10.561,10.539,10.518,10.516,10.423,10.189,9.877,9.586,9.28,9.114,9.171,9.373,9.546,9.705,9.882,10.064,10.233,10.379,10.501,10.512,10.368,10.095,9.816,9.565,9.086,8.285,7.302,6.336,5.296,4.623,4.538,4.825,5.057,5.336,5.437,5.21,4.778,4.409,4.046,3.726,3.494,3.316,3.117,2.915,2.699,2.456,2.198,1.938,1.721,1.531,1.308,1.05,0.857,0.745,0.639,0.519,0.385,0.285
GUY,2060,9.24,9.326,9.425,9.535,9.655,9.78,9.908,10.035,10.161,10.281,10.397,10.508,10.595,10.649,10.676,10.698,10.715,10.709,10.678,10.628,10.576,10.515,10.467,10.439,10.427,10.411,10.396,10.385,10.378,10.375,10.375,10.375,10.384,10.407,10.438,10.467,10.493,10.515,10.526,10.53,10.526,10.509,10.491,10.478,10.461,10.442,10.442,10.35,10.116,9.804,9.512,9.204,9.035,9.089,9.286,9.454,9.608,9.778,9.954,10.118,10.257,10.374,10.38,10.227,9.947,9.661,9.4,8.919,8.125,7.156,6.202,5.177,4.507,4.411,4.676,4.888,5.145,5.23,4.995,4.559,4.186,3.821,3.498,3.26,3.076,2.873,2.669,2.452,2.212,1.959,1.7,1.495,1.324,1.109,0.851,0.679,0.596,0.504,0.404,0.293
GUY,2061,9.099,9.198,9.293,9.4,9.517,9.64,9.768,9.897,10.021,10.135,10.239,10.338,10.433,10.502,10.538,10.548,10.553,10.552,10.535,10.5,10.453,10.402,10.346,10.302,10.28,10.273,10.265,10.258,10.256,10.256,10.259,10.264,10.271,10.287,10.314,10.348,10.38,10.411,10.434,10.45,10.457,10.455,10.44,10.424,10.41,10.39,10.368,10.365,10.271,10.036,9.722,9.429,9.119,8.947,8.997,9.191,9.354,9.504,9.668,9.834,9.985,10.113,10.219,10.214,10.053,9.767,9.475,9.205,8.722,7.935,6.979,6.036,5.025,4.359,4.248,4.49,4.68,4.915,4.983,4.745,4.314,3.945,3.584,3.264,3.027,2.843,2.639,2.443,2.236,2.003,1.75,1.508,1.327,1.172,0.978,0.747,0.609,0.516,0.413,0.301
GUY,2062,8.965,9.037,9.155,9.26,9.376,9.499,9.626,9.756,9.886,10.007,10.109,10.197,10.279,10.357,10.41,10.427,10.42,10.408,10.39,10.361,10.322,10.276,10.229,10.176,10.137,10.12,10.12,10.119,10.122,10.127,10.134,10.143,10.155,10.167,10.188,10.22,10.258,10.294,10.327,10.355,10.374,10.383,10.384,10.371,10.356,10.341,10.318,10.295,10.289,10.192,9.955,9.64,9.345,9.033,8.859,8.905,9.095,9.254,9.4,9.557,9.713,9.853,9.968,10.063,10.048,9.879,9.586,9.287,9.01,8.525,7.745,6.801,5.87,4.873,4.211,4.087,4.303,4.472,4.683,4.736,4.495,4.069,3.703,3.346,3.031,2.795,2.61,2.405,2.217,2.021,1.793,1.541,1.317,1.159,1.019,0.846,0.642,0.529,0.423,0.309
GUY,2063,8.833,8.897,8.982,9.112,9.227,9.351,9.48,9.611,9.744,9.875,9.992,10.083,10.155,10.22,10.282,10.315,10.316,10.291,10.261,10.226,10.186,10.143,10.1,10.055,10.005,9.971,9.961,9.967,9.973,9.984,9.997,10.01,10.026,10.044,10.063,10.089,10.126,10.169,10.208,10.244,10.274,10.296,10.31,10.313,10.303,10.287,10.272,10.248,10.221,10.212,10.112,9.874,9.558,9.262,8.947,8.77,8.813,8.999,9.154,9.296,9.446,9.593,9.72,9.824,9.907,9.881,9.705,9.406,9.1,8.814,8.327,7.555,6.623,5.704,4.721,4.062,3.924,4.117,4.263,4.452,4.489,4.244,3.823,3.461,3.109,2.797,2.563,2.377,2.17,1.991,1.805,1.585,1.332,1.125,0.992,0.867,0.715,0.538,0.435,0.317
GUY,2064,8.703,8.758,8.836,8.935,9.069,9.193,9.325,9.461,9.596,9.731,9.864,9.977,10.057,10.112,10.161,10.205,10.221,10.203,10.161,10.115,10.063,10.011,9.965,9.923,9.88,9.835,9.806,9.801,9.813,9.827,9.846,9.867,9.887,9.908,9.932,9.957,9.99,10.032,10.078,10.121,10.161,10.194,10.219,10.235,10.241,10.233,10.219,10.202,10.176,10.147,10.135,10.033,9.792,9.476,9.177,8.86,8.681,8.721,8.902,9.053,9.191,9.334,9.471,9.586,9.679,9.751,9.715,9.53,9.225,8.912,8.618,8.129,7.364,6.445,5.538,4.569,3.913,3.762,3.931,4.055,4.22,4.242,3.993,3.577,3.218,2.873,2.564,2.329,2.143,1.935,1.765,1.59,1.375,1.123,0.933,0.825,0.714,0.583,0.434,0.324
GUY,2065,8.569,8.618,8.692,8.787,8.899,9.024,9.159,9.298,9.441,9.579,9.717,9.852,9.96,10.029,10.068,10.1,10.127,10.127,10.091,10.032,9.968,9.899,9.834,9.785,9.745,9.705,9.663,9.639,9.64,9.658,9.68,9.707,9.735,9.763,9.79,9.821,9.852,9.89,9.936,9.987,10.033,10.076,10.111,10.14,10.16,10.169,10.162,10.149,10.132,10.103,10.071,10.056,9.951,9.71,9.393,9.092,8.773,8.591,8.628,8.805,8.952,9.086,9.223,9.348,9.451,9.533,9.593,9.547,9.354,9.042,8.723,8.421,7.93,7.173,6.266,5.371,4.416,3.764,3.599,3.743,3.846,3.989,3.994,3.742,3.33,2.976,2.635,2.331,2.096,1.91,1.701,1.538,1.374,1.166,0.914,0.74,0.658,0.561,0.452,0.33
GUY,2066,8.434,8.52,8.584,8.67,8.773,8.889,9.016,9.15,9.284,9.413,9.537,9.659,9.777,9.867,9.919,9.941,9.956,9.966,9.954,9.915,9.858,9.797,9.731,9.672,9.628,9.596,9.562,9.528,9.512,9.52,9.545,9.572,9.606,9.641,9.672,9.703,9.738,9.773,9.814,9.863,9.917,9.966,10.01,10.048,10.075,10.092,10.099,10.09,10.075,10.055,10.023,9.987,9.968,9.86,9.618,9.301,9,8.681,8.496,8.526,8.694,8.832,8.957,9.083,9.198,9.287,9.357,9.406,9.349,9.142,8.817,8.486,8.169,7.674,6.926,6.039,5.162,4.228,3.585,3.41,3.533,3.618,3.742,3.737,3.487,3.085,2.735,2.406,2.128,1.901,1.707,1.512,1.366,1.215,1.027,0.802,0.664,0.569,0.459,0.336
GUY,2067,8.297,8.342,8.47,8.551,8.648,8.759,8.88,9.008,9.14,9.268,9.387,9.496,9.601,9.703,9.775,9.809,9.813,9.813,9.805,9.781,9.739,9.683,9.625,9.564,9.51,9.471,9.445,9.42,9.394,9.386,9.401,9.432,9.466,9.505,9.545,9.583,9.617,9.656,9.694,9.738,9.791,9.846,9.898,9.944,9.983,10.01,10.025,10.03,10.019,10.001,9.977,9.942,9.904,9.88,9.768,9.525,9.209,8.909,8.589,8.401,8.424,8.583,8.713,8.827,8.944,9.046,9.123,9.181,9.219,9.149,8.93,8.593,8.248,7.919,7.419,6.681,5.812,4.953,4.039,3.405,3.221,3.323,3.389,3.495,3.479,3.231,2.841,2.495,2.177,1.926,1.706,1.504,1.323,1.193,1.056,0.888,0.689,0.574,0.465,0.342
GUY,2068,8.159,8.206,8.277,8.421,8.517,8.626,8.745,8.869,8.999,9.13,9.253,9.361,9.454,9.543,9.627,9.682,9.699,9.686,9.668,9.644,9.608,9.562,9.51,9.454,9.396,9.347,9.314,9.294,9.277,9.26,9.26,9.282,9.318,9.359,9.405,9.45,9.492,9.531,9.573,9.614,9.661,9.717,9.777,9.83,9.879,9.919,9.945,9.958,9.961,9.948,9.926,9.9,9.862,9.819,9.791,9.677,9.433,9.117,8.817,8.495,8.305,8.322,8.473,8.592,8.698,8.805,8.895,8.96,9.005,9.031,8.951,8.718,8.368,8.011,7.668,7.162,6.435,5.585,4.743,3.85,3.227,3.032,3.113,3.161,3.248,3.221,2.976,2.596,2.254,1.949,1.723,1.511,1.302,1.134,1.019,0.897,0.749,0.576,0.469,0.346
GUY,2069,8.021,8.07,8.142,8.232,8.371,8.482,8.603,8.73,8.859,8.99,9.12,9.237,9.333,9.411,9.484,9.552,9.59,9.587,9.557,9.523,9.481,9.434,9.385,9.335,9.282,9.227,9.183,9.156,9.143,9.133,9.125,9.133,9.161,9.204,9.251,9.302,9.353,9.401,9.444,9.489,9.533,9.584,9.643,9.706,9.762,9.813,9.852,9.878,9.89,9.89,9.875,9.851,9.822,9.78,9.734,9.701,9.584,9.34,9.025,8.723,8.403,8.209,8.22,8.361,8.472,8.569,8.664,8.743,8.795,8.827,8.843,8.75,8.504,8.142,7.773,7.415,6.906,6.189,5.357,4.533,3.662,3.046,2.843,2.903,2.932,3.001,2.963,2.719,2.351,2.014,1.719,1.52,1.315,1.099,0.944,0.846,0.737,0.61,0.463,0.349
GUY,2070,7.884,7.935,8.006,8.096,8.202,8.321,8.447,8.579,8.713,8.847,8.979,9.108,9.219,9.304,9.367,9.424,9.474,9.494,9.475,9.428,9.377,9.318,9.26,9.207,9.158,9.108,9.057,9.019,8.997,8.991,8.988,8.988,9.004,9.039,9.088,9.141,9.199,9.256,9.308,9.355,9.404,9.453,9.506,9.568,9.633,9.691,9.745,9.786,9.811,9.82,9.819,9.8,9.775,9.742,9.697,9.647,9.61,9.49,9.245,8.931,8.629,8.307,8.111,8.116,8.248,8.349,8.437,8.522,8.59,8.629,8.649,8.654,8.548,8.29,7.915,7.533,7.162,6.649,5.942,5.129,4.323,3.472,2.867,2.653,2.692,2.704,2.754,2.705,2.464,2.106,1.772,1.49,1.318,1.12,0.896,0.754,0.673,0.578,0.471,0.351
GUY,2071,7.753,7.838,7.903,7.985,8.082,8.193,8.312,8.438,8.566,8.689,8.807,8.923,9.035,9.128,9.195,9.242,9.282,9.315,9.324,9.301,9.257,9.207,9.153,9.1,9.052,9.01,8.968,8.926,8.895,8.881,8.881,8.883,8.891,8.912,8.953,9.006,9.062,9.124,9.185,9.239,9.289,9.341,9.391,9.446,9.508,9.571,9.628,9.678,9.717,9.739,9.747,9.741,9.72,9.69,9.654,9.607,9.555,9.514,9.39,9.143,8.826,8.52,8.194,7.991,7.988,8.111,8.203,8.282,8.354,8.404,8.423,8.425,8.411,8.289,8.017,7.628,7.237,6.853,6.339,5.649,4.863,4.085,3.267,2.679,2.463,2.484,2.503,2.53,2.462,2.225,1.879,1.569,1.324,1.167,0.988,0.787,0.67,0.575,0.468,0.351
GUY,2072,7.623,7.673,7.793,7.87,7.964,8.069,8.183,8.304,8.429,8.552,8.663,8.766,8.866,8.961,9.037,9.087,9.117,9.139,9.156,9.153,9.127,9.085,9.039,8.988,8.94,8.898,8.863,8.828,8.794,8.772,8.765,8.771,8.78,8.793,8.821,8.866,8.923,8.984,9.048,9.112,9.169,9.224,9.278,9.33,9.386,9.446,9.509,9.564,9.613,9.649,9.667,9.672,9.663,9.638,9.605,9.567,9.517,9.462,9.418,9.29,9.041,8.719,8.41,8.08,7.872,7.86,7.974,8.058,8.126,8.186,8.218,8.216,8.198,8.167,8.029,7.742,7.343,6.939,6.543,6.028,5.355,4.598,3.848,3.061,2.492,2.272,2.277,2.303,2.306,2.219,1.986,1.653,1.365,1.159,1.017,0.856,0.678,0.568,0.464,0.351
GUY,2073,7.495,7.544,7.613,7.746,7.838,7.942,8.054,8.172,8.295,8.421,8.537,8.637,8.724,8.808,8.887,8.945,8.978,8.99,8.996,8.996,8.982,8.952,8.912,8.869,8.823,8.779,8.743,8.714,8.687,8.662,8.647,8.647,8.659,8.676,8.695,8.728,8.778,8.839,8.904,8.973,9.038,9.1,9.156,9.214,9.268,9.324,9.385,9.446,9.498,9.545,9.579,9.595,9.597,9.584,9.556,9.52,9.479,9.427,9.367,9.32,9.19,8.937,8.613,8.3,7.964,7.751,7.732,7.837,7.91,7.97,8.018,8.031,8.01,7.973,7.923,7.769,7.467,7.056,6.641,6.233,5.718,5.062,4.333,3.61,2.854,2.304,2.081,2.068,2.103,2.082,1.976,1.748,1.427,1.162,0.994,0.865,0.723,0.569,0.458,0.349
GUY,2074,7.367,7.415,7.483,7.569,7.698,7.805,7.918,8.038,8.161,8.285,8.41,8.521,8.61,8.682,8.749,8.811,8.852,8.867,8.862,8.851,8.834,8.81,8.777,8.738,8.698,8.655,8.617,8.588,8.565,8.545,8.529,8.523,8.53,8.547,8.569,8.595,8.634,8.689,8.754,8.823,8.894,8.964,9.029,9.089,9.148,9.204,9.262,9.322,9.381,9.432,9.477,9.508,9.522,9.52,9.505,9.472,9.433,9.39,9.335,9.273,9.223,9.089,8.832,8.505,8.189,7.849,7.629,7.603,7.699,7.762,7.813,7.847,7.844,7.801,7.745,7.678,7.507,7.191,6.768,6.342,5.921,5.406,4.768,4.066,3.372,2.648,2.117,1.889,1.86,1.902,1.858,1.732,1.509,1.2,0.958,0.827,0.714,0.592,0.46,0.349
GUY,2075,7.241,7.287,7.354,7.439,7.539,7.65,7.77,7.895,8.022,8.148,8.274,8.399,8.504,8.582,8.639,8.689,8.734,8.758,8.755,8.733,8.706,8.672,8.636,8.599,8.563,8.526,8.487,8.454,8.43,8.415,8.402,8.394,8.396,8.409,8.434,8.462,8.495,8.539,8.599,8.669,8.741,8.816,8.889,8.957,9.02,9.082,9.14,9.198,9.258,9.316,9.365,9.407,9.436,9.446,9.442,9.423,9.388,9.345,9.298,9.241,9.177,9.122,8.987,8.727,8.397,8.076,7.732,7.506,7.473,7.559,7.613,7.655,7.677,7.655,7.593,7.517,7.431,7.245,6.914,6.48,6.042,5.609,5.094,4.473,3.799,3.133,2.441,1.928,1.698,1.652,1.701,1.633,1.489,1.268,0.973,0.755,0.662,0.564,0.46,0.351
GUY,2076,7.117,7.196,7.256,7.333,7.425,7.529,7.641,7.761,7.881,7.997,8.109,8.218,8.326,8.414,8.474,8.514,8.548,8.576,8.588,8.583,8.563,8.538,8.509,8.478,8.447,8.418,8.387,8.358,8.332,8.315,8.307,8.301,8.299,8.307,8.325,8.354,8.387,8.423,8.47,8.533,8.606,8.68,8.758,8.832,8.9,8.961,9.022,9.079,9.135,9.192,9.247,9.294,9.332,9.357,9.365,9.358,9.338,9.299,9.252,9.2,9.137,9.065,9.003,8.859,8.597,8.264,7.94,7.594,7.361,7.315,7.385,7.423,7.451,7.455,7.413,7.327,7.23,7.125,6.923,6.583,6.146,5.706,5.271,4.763,4.166,3.526,2.88,2.217,1.766,1.547,1.485,1.517,1.449,1.316,1.117,0.853,0.673,0.576,0.471,0.355
GUY,2077,6.995,7.039,7.151,7.224,7.312,7.411,7.519,7.633,7.753,7.868,7.972,8.068,8.161,8.252,8.322,8.366,8.389,8.406,8.417,8.419,8.41,8.392,8.371,8.346,8.319,8.295,8.272,8.249,8.228,8.211,8.201,8.197,8.199,8.203,8.217,8.24,8.273,8.31,8.35,8.401,8.467,8.543,8.621,8.699,8.775,8.842,8.903,8.962,9.017,9.072,9.126,9.178,9.222,9.257,9.278,9.284,9.275,9.251,9.21,9.159,9.101,9.031,8.953,8.883,8.733,8.466,8.132,7.805,7.454,7.215,7.156,7.211,7.233,7.245,7.232,7.169,7.06,6.943,6.818,6.6,6.252,5.81,5.369,4.931,4.433,3.86,3.253,2.625,1.993,1.603,1.397,1.317,1.332,1.266,1.144,0.966,0.734,0.597,0.487,0.364
GUY,2078,6.874,6.917,6.981,7.105,7.192,7.29,7.397,7.509,7.625,7.744,7.853,7.947,8.027,8.104,8.178,8.231,8.257,8.263,8.265,8.259,8.249,8.236,8.222,8.204,8.181,8.161,8.142,8.125,8.11,8.098,8.089,8.086,8.089,8.096,8.108,8.127,8.155,8.193,8.234,8.276,8.331,8.401,8.48,8.56,8.641,8.718,8.785,8.845,8.902,8.955,9.008,9.06,9.11,9.15,9.181,9.199,9.203,9.191,9.165,9.12,9.066,9.003,8.925,8.839,8.761,8.605,8.336,8,7.67,7.316,7.069,6.998,7.037,7.044,7.041,7.009,6.925,6.794,6.655,6.51,6.277,5.92,5.476,5.033,4.592,4.102,3.552,2.979,2.371,1.77,1.441,1.247,1.151,1.147,1.081,0.97,0.814,0.614,0.506,0.372
GUY,2079,6.752,6.794,6.857,6.938,7.059,7.159,7.268,7.382,7.498,7.616,7.734,7.839,7.92,7.986,8.046,8.103,8.139,8.148,8.137,8.122,8.1,8.078,8.063,8.051,8.035,8.017,8.001,7.989,7.979,7.971,7.967,7.967,7.971,7.98,7.994,8.011,8.036,8.07,8.111,8.157,8.204,8.261,8.333,8.415,8.498,8.581,8.66,8.726,8.785,8.842,8.893,8.943,8.993,9.04,9.077,9.105,9.119,9.12,9.107,9.078,9.031,8.972,8.904,8.819,8.727,8.64,8.478,8.204,7.867,7.533,7.176,6.923,6.839,6.862,6.853,6.835,6.786,6.681,6.526,6.367,6.203,5.954,5.589,5.141,4.695,4.252,3.77,3.245,2.706,2.118,1.546,1.278,1.097,0.983,0.962,0.897,0.797,0.663,0.494,0.376
GUY,2080,6.628,6.67,6.733,6.813,6.907,7.012,7.126,7.245,7.366,7.486,7.605,7.723,7.822,7.893,7.943,7.987,8.027,8.046,8.038,8.01,7.978,7.94,7.907,7.887,7.878,7.865,7.851,7.841,7.834,7.831,7.831,7.835,7.843,7.854,7.869,7.89,7.914,7.944,7.983,8.029,8.078,8.128,8.189,8.266,8.351,8.436,8.521,8.6,8.666,8.724,8.78,8.829,8.876,8.925,8.968,9.003,9.026,9.038,9.037,9.021,8.988,8.939,8.877,8.803,8.712,8.611,8.517,8.348,8.071,7.732,7.396,7.035,6.775,6.679,6.685,6.661,6.628,6.562,6.435,6.259,6.078,5.894,5.631,5.256,4.806,4.356,3.91,3.438,2.937,2.432,1.863,1.321,1.115,0.947,0.815,0.777,0.713,0.624,0.511,0.375
GUY,2081,6.505,6.583,6.64,6.713,6.8,6.898,7.005,7.119,7.233,7.342,7.447,7.55,7.652,7.734,7.787,7.819,7.848,7.871,7.879,7.867,7.843,7.813,7.779,7.751,7.739,7.735,7.73,7.725,7.723,7.723,7.726,7.733,7.743,7.757,7.773,7.793,7.817,7.845,7.879,7.922,7.971,8.021,8.075,8.137,8.213,8.297,8.381,8.465,8.543,8.608,8.663,8.715,8.762,8.807,8.852,8.894,8.925,8.946,8.954,8.947,8.924,8.886,8.83,8.76,8.679,8.581,8.473,8.37,8.193,7.91,7.564,7.22,6.854,6.583,6.471,6.458,6.417,6.366,6.282,6.138,5.943,5.747,5.549,5.277,4.903,4.46,4.011,3.586,3.151,2.671,2.164,1.639,1.179,0.992,0.838,0.719,0.69,0.597,0.489,0.365
GUY,2082,6.38,6.425,6.539,6.609,6.694,6.788,6.89,6.999,7.112,7.22,7.319,7.408,7.495,7.58,7.644,7.681,7.696,7.708,7.715,7.712,7.697,7.674,7.648,7.618,7.597,7.589,7.592,7.594,7.598,7.604,7.611,7.62,7.634,7.651,7.67,7.691,7.715,7.744,7.776,7.813,7.859,7.911,7.965,8.02,8.084,8.161,8.244,8.327,8.41,8.486,8.548,8.602,8.651,8.695,8.737,8.78,8.819,8.848,8.866,8.87,8.858,8.828,8.783,8.72,8.643,8.555,8.45,8.334,8.222,8.038,7.748,7.396,7.046,6.671,6.39,6.263,6.232,6.171,6.105,6.003,5.839,5.628,5.415,5.205,4.925,4.551,4.115,3.664,3.261,2.863,2.404,1.897,1.415,1.037,0.869,0.73,0.621,0.555,0.454,0.351
GUY,2083,6.253,6.3,6.366,6.494,6.577,6.672,6.774,6.881,6.991,7.104,7.206,7.293,7.367,7.438,7.506,7.553,7.573,7.572,7.567,7.558,7.544,7.526,7.505,7.482,7.456,7.439,7.439,7.448,7.458,7.47,7.483,7.497,7.514,7.533,7.557,7.582,7.608,7.637,7.67,7.705,7.747,7.796,7.851,7.907,7.965,8.03,8.106,8.189,8.271,8.354,8.427,8.488,8.539,8.586,8.626,8.666,8.706,8.743,8.769,8.784,8.784,8.766,8.731,8.678,8.608,8.525,8.429,8.318,8.194,8.074,7.881,7.585,7.226,6.87,6.489,6.197,6.054,6.003,5.925,5.841,5.722,5.541,5.312,5.084,4.859,4.571,4.198,3.768,3.318,2.934,2.575,2.137,1.628,1.19,0.896,0.745,0.621,0.523,0.42,0.335
GUY,2084,6.127,6.175,6.241,6.324,6.447,6.545,6.649,6.759,6.87,6.982,7.093,7.191,7.267,7.325,7.38,7.431,7.461,7.463,7.445,7.425,7.399,7.374,7.352,7.334,7.314,7.292,7.281,7.286,7.302,7.319,7.34,7.363,7.384,7.405,7.432,7.461,7.493,7.524,7.558,7.594,7.634,7.678,7.731,7.789,7.849,7.907,7.974,8.051,8.134,8.214,8.295,8.367,8.426,8.474,8.519,8.556,8.593,8.63,8.665,8.688,8.701,8.696,8.673,8.63,8.573,8.495,8.404,8.302,8.183,8.053,7.924,7.723,7.42,7.055,6.692,6.304,6.003,5.844,5.774,5.678,5.577,5.44,5.241,4.993,4.75,4.511,4.216,3.843,3.421,2.97,2.608,2.287,1.869,1.359,0.966,0.753,0.622,0.513,0.426,0.327
GUY,2085,6,6.049,6.117,6.2,6.295,6.4,6.512,6.627,6.743,6.859,6.971,7.083,7.175,7.24,7.282,7.321,7.355,7.368,7.352,7.319,7.281,7.24,7.202,7.179,7.163,7.146,7.128,7.122,7.133,7.155,7.181,7.21,7.241,7.269,7.296,7.329,7.366,7.403,7.439,7.478,7.518,7.56,7.609,7.665,7.726,7.788,7.85,7.918,7.995,8.077,8.157,8.235,8.305,8.362,8.409,8.451,8.485,8.518,8.553,8.586,8.607,8.616,8.608,8.578,8.53,8.465,8.381,8.283,8.174,8.048,7.91,7.772,7.564,7.255,6.884,6.513,6.119,5.807,5.633,5.544,5.43,5.312,5.158,4.941,4.676,4.417,4.165,3.861,3.489,3.074,2.623,2.281,1.997,1.601,1.091,0.741,0.61,0.499,0.404,0.329
GUY,2086,5.877,5.956,6.019,6.096,6.186,6.284,6.391,6.503,6.613,6.719,6.818,6.914,7.009,7.084,7.132,7.158,7.18,7.198,7.199,7.181,7.15,7.116,7.079,7.047,7.028,7.02,7.011,7.002,7.004,7.021,7.051,7.082,7.118,7.154,7.187,7.22,7.257,7.297,7.337,7.378,7.419,7.461,7.507,7.557,7.613,7.675,7.736,7.797,7.864,7.939,8.019,8.096,8.172,8.24,8.295,8.34,8.38,8.411,8.44,8.47,8.497,8.511,8.513,8.498,8.462,8.406,8.334,8.242,8.135,8.014,7.876,7.725,7.574,7.354,7.037,6.66,6.283,5.883,5.562,5.374,5.268,5.14,5.01,4.844,4.616,4.342,4.073,3.827,3.536,3.169,2.747,2.325,2.027,1.769,1.413,0.959,0.661,0.54,0.433,0.34
GUY,2087,5.754,5.802,5.912,5.987,6.074,6.17,6.274,6.382,6.493,6.599,6.693,6.777,6.858,6.935,6.992,7.023,7.033,7.04,7.041,7.031,7.01,6.982,6.951,6.917,6.892,6.879,6.877,6.876,6.875,6.885,6.91,6.945,6.984,7.026,7.067,7.105,7.143,7.184,7.228,7.272,7.316,7.36,7.406,7.454,7.505,7.562,7.623,7.684,7.744,7.81,7.883,7.961,8.036,8.109,8.174,8.227,8.27,8.308,8.336,8.362,8.388,8.407,8.415,8.41,8.387,8.344,8.282,8.202,8.103,7.987,7.856,7.704,7.54,7.376,7.145,6.819,6.435,6.051,5.646,5.316,5.114,4.992,4.85,4.707,4.529,4.291,4.009,3.729,3.491,3.211,2.848,2.418,2.027,1.774,1.541,1.226,0.828,0.611,0.483,0.359
GUY,2088,5.633,5.68,5.748,5.869,5.957,6.053,6.157,6.264,6.374,6.485,6.586,6.669,6.736,6.802,6.862,6.903,6.916,6.91,6.9,6.885,6.865,6.841,6.814,6.786,6.757,6.737,6.73,6.734,6.741,6.749,6.768,6.799,6.841,6.885,6.934,6.982,7.025,7.067,7.112,7.16,7.208,7.255,7.302,7.351,7.401,7.454,7.512,7.572,7.633,7.691,7.756,7.829,7.905,7.978,8.047,8.11,8.162,8.202,8.237,8.263,8.285,8.305,8.32,8.32,8.307,8.278,8.228,8.158,8.072,7.966,7.84,7.697,7.533,7.357,7.179,6.936,6.602,6.212,5.821,5.41,5.071,4.856,4.717,4.56,4.405,4.216,3.966,3.676,3.385,3.154,2.887,2.53,2.091,1.73,1.521,1.312,1.038,0.696,0.546,0.383
GUY,2089,5.511,5.558,5.624,5.706,5.827,5.927,6.033,6.143,6.254,6.366,6.477,6.574,6.645,6.697,6.746,6.79,6.814,6.81,6.787,6.76,6.729,6.698,6.67,6.647,6.622,6.597,6.583,6.582,6.593,6.607,6.623,6.65,6.69,6.737,6.788,6.843,6.896,6.946,6.992,7.041,7.093,7.144,7.195,7.246,7.296,7.349,7.403,7.462,7.522,7.582,7.64,7.703,7.774,7.848,7.919,7.986,8.047,8.096,8.135,8.167,8.191,8.209,8.224,8.232,8.225,8.205,8.169,8.113,8.036,7.942,7.828,7.694,7.54,7.362,7.174,6.982,6.728,6.385,5.989,5.591,5.173,4.826,4.597,4.443,4.271,4.104,3.902,3.643,3.344,3.042,2.818,2.562,2.21,1.764,1.433,1.267,1.085,0.851,0.565,0.408
GUY,2090,5.386,5.434,5.5,5.582,5.678,5.784,5.896,6.012,6.129,6.245,6.358,6.47,6.56,6.621,6.657,6.689,6.717,6.723,6.702,6.662,6.62,6.573,6.531,6.5,6.479,6.458,6.437,6.427,6.433,6.451,6.472,6.497,6.533,6.578,6.632,6.69,6.751,6.811,6.865,6.916,6.97,7.025,7.079,7.134,7.187,7.242,7.296,7.352,7.411,7.472,7.531,7.588,7.65,7.719,7.792,7.86,7.924,7.982,8.029,8.066,8.096,8.117,8.132,8.141,8.143,8.13,8.103,8.06,7.996,7.913,7.811,7.689,7.546,7.381,7.192,6.99,6.784,6.519,6.167,5.765,5.36,4.937,4.581,4.338,4.167,3.981,3.801,3.588,3.318,3.011,2.698,2.481,2.238,1.889,1.437,1.136,1.014,0.856,0.662,0.432
GUY,2091,5.259,5.342,5.402,5.479,5.569,5.668,5.775,5.888,5.999,6.105,6.204,6.301,6.396,6.47,6.513,6.533,6.55,6.561,6.557,6.533,6.496,6.456,6.413,6.376,6.352,6.338,6.324,6.312,6.311,6.324,6.348,6.375,6.407,6.448,6.5,6.558,6.62,6.685,6.749,6.805,6.86,6.916,6.974,7.031,7.086,7.139,7.193,7.247,7.303,7.36,7.419,7.477,7.532,7.592,7.66,7.73,7.796,7.859,7.913,7.955,7.987,8.011,8.025,8.033,8.036,8.031,8.01,7.976,7.923,7.848,7.752,7.638,7.504,7.348,7.168,6.964,6.747,6.528,6.252,5.894,5.49,5.085,4.663,4.305,4.054,3.873,3.678,3.501,3.289,3.016,2.702,2.404,2.208,1.983,1.666,1.257,1.065,0.904,0.702,0.457
GUY,2092,5.132,5.182,5.299,5.372,5.46,5.556,5.66,5.769,5.88,5.986,6.081,6.165,6.246,6.324,6.381,6.407,6.411,6.411,6.406,6.391,6.364,6.33,6.293,6.256,6.224,6.206,6.198,6.192,6.189,6.196,6.215,6.246,6.28,6.319,6.366,6.422,6.485,6.551,6.621,6.687,6.748,6.805,6.864,6.925,6.983,7.038,7.092,7.146,7.2,7.254,7.31,7.368,7.425,7.477,7.535,7.601,7.67,7.734,7.794,7.845,7.882,7.909,7.927,7.935,7.936,7.932,7.919,7.892,7.85,7.787,7.701,7.593,7.466,7.32,7.152,6.956,6.738,6.506,6.273,5.985,5.623,5.216,4.81,4.389,4.029,3.772,3.579,3.375,3.201,2.99,2.716,2.392,2.11,1.936,1.729,1.443,1.078,0.933,0.728,0.479
GUY,2093,5.005,5.056,5.125,5.256,5.343,5.44,5.543,5.651,5.761,5.873,5.974,6.057,6.126,6.191,6.252,6.292,6.301,6.288,6.273,6.251,6.225,6.196,6.164,6.132,6.097,6.071,6.059,6.058,6.06,6.065,6.08,6.108,6.145,6.185,6.23,6.283,6.344,6.412,6.482,6.555,6.626,6.69,6.751,6.812,6.875,6.935,6.992,7.046,7.099,7.152,7.206,7.261,7.318,7.372,7.423,7.479,7.543,7.611,7.672,7.73,7.777,7.81,7.831,7.844,7.844,7.839,7.829,7.809,7.774,7.724,7.651,7.554,7.433,7.294,7.137,6.954,6.745,6.512,6.266,6.017,5.718,5.351,4.943,4.536,4.115,3.753,3.488,3.287,3.072,2.903,2.691,2.414,2.083,1.817,1.663,1.475,1.22,0.898,0.745,0.5
GUY,2094,4.88,4.932,5.001,5.086,5.212,5.312,5.419,5.53,5.641,5.754,5.865,5.961,6.033,6.086,6.135,6.18,6.201,6.194,6.165,6.134,6.097,6.059,6.026,5.997,5.968,5.938,5.918,5.912,5.918,5.928,5.941,5.964,5.999,6.042,6.089,6.14,6.2,6.266,6.338,6.413,6.489,6.564,6.632,6.696,6.76,6.825,6.886,6.944,6.997,7.051,7.104,7.157,7.212,7.267,7.32,7.368,7.422,7.484,7.55,7.609,7.664,7.708,7.737,7.751,7.758,7.753,7.741,7.723,7.697,7.654,7.595,7.514,7.406,7.273,7.122,6.951,6.756,6.533,6.285,6.025,5.761,5.45,5.078,4.668,4.26,3.84,3.477,3.205,2.993,2.767,2.603,2.391,2.113,1.773,1.522,1.39,1.221,0.997,0.719,0.52
GUY,2095,4.756,4.806,4.877,4.962,5.06,5.167,5.281,5.398,5.516,5.632,5.745,5.856,5.946,6.007,6.045,6.078,6.106,6.111,6.086,6.041,5.993,5.94,5.891,5.857,5.83,5.804,5.778,5.763,5.764,5.776,5.793,5.815,5.848,5.889,5.938,5.992,6.05,6.115,6.187,6.263,6.341,6.423,6.501,6.571,6.638,6.706,6.773,6.836,6.895,6.949,7.002,7.054,7.106,7.16,7.214,7.265,7.311,7.363,7.424,7.487,7.545,7.597,7.638,7.661,7.671,7.672,7.66,7.641,7.617,7.584,7.534,7.467,7.377,7.257,7.111,6.948,6.765,6.557,6.32,6.056,5.781,5.503,5.183,4.805,4.393,3.984,3.565,3.2,2.92,2.698,2.463,2.302,2.09,1.811,1.463,1.227,1.118,0.966,0.773,0.539
GUY,2096,4.636,4.714,4.777,4.856,4.948,5.049,5.159,5.273,5.386,5.492,5.592,5.689,5.783,5.856,5.9,5.922,5.939,5.951,5.945,5.918,5.875,5.83,5.782,5.739,5.71,5.691,5.672,5.655,5.649,5.656,5.675,5.699,5.728,5.766,5.812,5.866,5.924,5.987,6.055,6.13,6.21,6.291,6.374,6.454,6.526,6.593,6.661,6.728,6.791,6.848,6.901,6.954,7.004,7.055,7.107,7.159,7.209,7.253,7.302,7.358,7.417,7.469,7.515,7.55,7.568,7.571,7.564,7.545,7.517,7.482,7.436,7.373,7.295,7.191,7.057,6.895,6.717,6.521,6.299,6.049,5.774,5.489,5.201,4.875,4.499,4.093,3.685,3.278,2.936,2.66,2.424,2.201,2.05,1.854,1.598,1.283,1.125,0.977,0.787,0.556
GUY,2097,4.521,4.569,4.673,4.748,4.836,4.935,5.039,5.151,5.265,5.373,5.469,5.553,5.633,5.711,5.767,5.795,5.799,5.8,5.797,5.78,5.75,5.71,5.668,5.624,5.588,5.565,5.552,5.541,5.532,5.534,5.55,5.574,5.605,5.64,5.684,5.736,5.795,5.857,5.924,5.996,6.074,6.157,6.242,6.327,6.408,6.481,6.549,6.617,6.683,6.746,6.802,6.855,6.906,6.954,7.003,7.054,7.106,7.153,7.196,7.242,7.295,7.348,7.395,7.435,7.462,7.474,7.472,7.458,7.431,7.394,7.349,7.29,7.216,7.124,7.006,6.857,6.68,6.487,6.277,6.042,5.779,5.493,5.197,4.9,4.568,4.194,3.794,3.387,2.99,2.674,2.4,2.152,1.94,1.799,1.618,1.385,1.101,0.987,0.801,0.571
GUY,2098,4.413,4.455,4.517,4.632,4.718,4.816,4.921,5.031,5.143,5.258,5.362,5.446,5.514,5.579,5.639,5.679,5.688,5.678,5.662,5.643,5.615,5.582,5.545,5.507,5.468,5.436,5.42,5.414,5.411,5.411,5.421,5.443,5.474,5.512,5.553,5.603,5.66,5.723,5.791,5.86,5.936,6.019,6.105,6.191,6.279,6.362,6.437,6.505,6.572,6.64,6.702,6.757,6.809,6.858,6.905,6.952,7.002,7.052,7.099,7.139,7.182,7.23,7.28,7.32,7.354,7.376,7.382,7.372,7.351,7.318,7.271,7.215,7.145,7.057,6.953,6.822,6.658,6.467,6.258,6.034,5.786,5.509,5.212,4.905,4.599,4.263,3.889,3.495,3.088,2.702,2.412,2.141,1.879,1.678,1.548,1.381,1.173,0.921,0.805,0.579
GUY,2099,4.309,4.345,4.403,4.479,4.591,4.689,4.795,4.907,5.02,5.135,5.25,5.349,5.422,5.474,5.523,5.568,5.59,5.582,5.555,5.524,5.488,5.45,5.414,5.38,5.345,5.31,5.285,5.274,5.275,5.28,5.288,5.307,5.335,5.374,5.417,5.467,5.522,5.584,5.652,5.724,5.797,5.877,5.963,6.052,6.142,6.232,6.316,6.392,6.46,6.529,6.595,6.656,6.711,6.762,6.811,6.856,6.902,6.95,6.999,7.043,7.082,7.122,7.166,7.21,7.245,7.273,7.289,7.289,7.273,7.246,7.204,7.149,7.081,6.999,6.899,6.782,6.638,6.459,6.252,6.028,5.79,5.528,5.24,4.93,4.614,4.297,3.956,3.583,3.196,2.79,2.414,2.148,1.881,1.607,1.416,1.296,1.145,0.959,0.74,0.577
GUY,2100,4.21,4.239,4.291,4.362,4.449,4.55,4.659,4.775,4.893,5.01,5.126,5.242,5.336,5.397,5.434,5.466,5.494,5.498,5.475,5.432,5.385,5.333,5.284,5.245,5.214,5.183,5.151,5.132,5.127,5.135,5.147,5.165,5.192,5.228,5.272,5.322,5.377,5.439,5.507,5.579,5.655,5.733,5.816,5.906,5.998,6.09,6.184,6.27,6.346,6.415,6.483,6.549,6.61,6.665,6.715,6.761,6.804,6.849,6.896,6.944,6.986,7.023,7.06,7.101,7.139,7.169,7.191,7.2,7.193,7.172,7.137,7.088,7.024,6.946,6.851,6.739,6.61,6.451,6.258,6.036,5.797,5.546,5.27,4.969,4.647,4.322,3.995,3.649,3.278,2.895,2.49,2.126,1.885,1.621,1.334,1.154,1.044,0.908,0.747,0.559
