BWA,1950,13.507,12.874,12.351,11.922,11.578,11.303,11.089,10.92,10.786,10.674,10.586,10.523,10.405,10.19,9.908,9.642,9.392,9.086,8.702,8.276,7.852,7.394,7.071,6.96,6.978,6.973,6.991,6.882,6.563,6.11,5.692,5.278,4.898,4.586,4.327,4.064,3.805,3.602,3.474,3.401,3.336,3.277,3.249,3.258,3.284,3.319,3.379,3.356,3.203,2.971,2.754,2.523,2.369,2.343,2.397,2.433,2.472,2.483,2.443,2.368,2.302,2.238,2.159,2.061,1.95,1.835,1.713,1.599,1.501,1.413,1.321,1.232,1.132,1.013,0.883,0.758,0.637,0.531,0.449,0.384,0.321,0.263,0.214,0.175,0.142,0.115,0.093,0.075,0.058,0.043,0.029,0.021,0.017,0.012,0.007,0.004,0.003,0.003,0.001,0.001
BWA,1951,16.587,13.345,12.669,12.128,11.707,11.385,11.153,10.998,10.874,10.755,10.638,10.553,10.496,10.381,10.167,9.885,9.617,9.365,9.055,8.665,8.233,7.8,7.335,7.005,6.892,6.91,6.904,6.922,6.814,6.496,6.046,5.631,5.221,4.846,4.535,4.276,4.014,3.756,3.554,3.428,3.358,3.295,3.238,3.213,3.222,3.25,3.286,3.347,3.325,3.173,2.941,2.725,2.495,2.34,2.311,2.362,2.394,2.429,2.436,2.393,2.314,2.244,2.176,2.093,1.993,1.88,1.762,1.64,1.524,1.424,1.334,1.242,1.152,1.053,0.937,0.812,0.693,0.577,0.476,0.399,0.339,0.282,0.229,0.185,0.149,0.12,0.096,0.078,0.063,0.048,0.035,0.024,0.017,0.014,0.01,0.005,0.003,0.003,0.001,0.001
BWA,1952,18.862,16.42,13.101,12.384,11.83,11.418,11.122,10.933,10.838,10.761,10.657,10.536,10.454,10.404,10.293,10.082,9.801,9.534,9.28,8.967,8.574,8.138,7.7,7.229,6.897,6.782,6.799,6.792,6.808,6.703,6.388,5.945,5.535,5.132,4.762,4.455,4.197,3.939,3.683,3.484,3.361,3.293,3.233,3.179,3.155,3.167,3.196,3.233,3.294,3.274,3.123,2.894,2.679,2.451,2.297,2.266,2.312,2.341,2.371,2.374,2.327,2.246,2.172,2.1,2.015,1.912,1.798,1.679,1.555,1.439,1.338,1.247,1.154,1.064,0.966,0.854,0.735,0.623,0.513,0.418,0.347,0.292,0.241,0.194,0.154,0.123,0.098,0.078,0.063,0.05,0.039,0.027,0.018,0.014,0.011,0.008,0.004,0.002,0.001,0
BWA,1953,20.41,17.583,15.295,12.856,12.099,11.532,11.128,10.858,10.712,10.679,10.647,10.558,10.433,10.354,10.31,10.203,9.996,9.717,9.449,9.194,8.878,8.482,8.041,7.6,7.125,6.787,6.671,6.687,6.679,6.695,6.591,6.28,5.843,5.439,5.043,4.677,4.374,4.119,3.863,3.61,3.413,3.294,3.229,3.171,3.119,3.098,3.11,3.141,3.18,3.241,3.222,3.073,2.846,2.634,2.407,2.252,2.219,2.262,2.286,2.313,2.312,2.261,2.176,2.099,2.025,1.936,1.831,1.715,1.595,1.47,1.353,1.252,1.16,1.066,0.976,0.879,0.772,0.659,0.552,0.449,0.361,0.295,0.246,0.2,0.158,0.125,0.097,0.075,0.058,0.047,0.038,0.029,0.02,0.013,0.01,0.008,0.005,0.003,0.001,0
BWA,1954,21.299,18.419,16.064,14.184,12.626,11.828,11.248,10.851,10.607,10.504,10.53,10.545,10.471,10.341,10.267,10.229,10.126,9.921,9.644,9.376,9.119,8.8,8.399,7.954,7.508,7.027,6.686,6.567,6.582,6.575,6.59,6.486,6.18,5.748,5.35,4.959,4.599,4.299,4.046,3.791,3.541,3.347,3.229,3.168,3.112,3.063,3.044,3.058,3.09,3.129,3.192,3.174,3.027,2.802,2.591,2.366,2.212,2.176,2.215,2.235,2.258,2.253,2.198,2.11,2.03,1.951,1.86,1.752,1.634,1.514,1.389,1.27,1.167,1.074,0.98,0.889,0.794,0.69,0.584,0.483,0.386,0.304,0.244,0.2,0.159,0.123,0.094,0.071,0.053,0.039,0.032,0.025,0.019,0.013,0.008,0.006,0.004,0.003,0.001,0
BWA,1955,21.585,18.955,16.759,14.959,13.517,12.396,11.557,10.963,10.576,10.357,10.296,10.383,10.443,10.383,10.249,10.179,10.147,10.049,9.846,9.57,9.302,9.043,8.723,8.317,7.867,7.415,6.93,6.585,6.463,6.478,6.47,6.484,6.381,6.079,5.653,5.26,4.876,4.521,4.224,3.973,3.721,3.472,3.281,3.166,3.107,3.054,3.007,2.99,3.006,3.039,3.08,3.142,3.125,2.98,2.757,2.548,2.325,2.171,2.133,2.167,2.184,2.202,2.193,2.135,2.044,1.959,1.878,1.783,1.673,1.554,1.432,1.306,1.187,1.083,0.988,0.894,0.803,0.709,0.609,0.509,0.413,0.323,0.247,0.192,0.153,0.118,0.088,0.064,0.045,0.031,0.021,0.016,0.013,0.009,0.004,0.003,0.002,0.001,0.001,0
BWA,1956,21.311,20.597,18.289,16.313,14.646,13.266,12.138,11.22,10.578,10.227,10.093,10.078,10.19,10.27,10.222,10.092,10.024,9.993,9.888,9.669,9.368,9.076,8.791,8.453,8.046,7.604,7.158,6.679,6.342,6.229,6.253,6.254,6.281,6.189,5.894,5.473,5.087,4.709,4.363,4.078,3.841,3.601,3.366,3.187,3.085,3.039,2.999,2.964,2.954,2.972,3.001,3.037,3.094,3.073,2.928,2.708,2.499,2.277,2.121,2.078,2.106,2.116,2.127,2.113,2.049,1.954,1.866,1.781,1.684,1.574,1.456,1.334,1.211,1.094,0.992,0.899,0.808,0.72,0.631,0.538,0.446,0.361,0.278,0.21,0.162,0.129,0.098,0.072,0.053,0.038,0.025,0.017,0.013,0.01,0.007,0.004,0.001,0.001,0.001,0
BWA,1957,20.827,19.306,19.703,17.708,15.941,14.399,13.077,11.934,10.934,10.242,9.925,9.873,9.905,10.044,10.144,10.107,9.98,9.914,9.885,9.772,9.534,9.208,8.891,8.579,8.222,7.81,7.374,6.932,6.459,6.129,6.024,6.055,6.068,6.107,6.024,5.736,5.319,4.938,4.564,4.225,3.95,3.726,3.499,3.274,3.107,3.018,2.985,2.956,2.934,2.933,2.95,2.976,3.008,3.059,3.035,2.89,2.67,2.461,2.239,2.081,2.033,2.053,2.057,2.062,2.041,1.973,1.874,1.782,1.693,1.593,1.482,1.363,1.244,1.121,1.006,0.905,0.815,0.726,0.64,0.555,0.47,0.386,0.308,0.235,0.174,0.132,0.104,0.078,0.058,0.042,0.029,0.02,0.013,0.01,0.007,0.006,0.003,0.001,0.001,0
BWA,1958,20.276,19.4,18.446,18.846,17.159,15.6,14.18,12.91,11.754,10.668,9.926,9.642,9.673,9.751,9.917,10.036,10.01,9.888,9.823,9.794,9.675,9.418,9.066,8.722,8.382,8.006,7.589,7.157,6.721,6.25,5.926,5.829,5.87,5.892,5.943,5.871,5.588,5.173,4.797,4.428,4.095,3.831,3.618,3.402,3.189,3.033,2.957,2.936,2.921,2.91,2.916,2.935,2.956,2.984,3.031,3.002,2.856,2.638,2.429,2.206,2.046,1.992,2.005,2.002,2,1.974,1.899,1.796,1.7,1.607,1.504,1.392,1.274,1.154,1.033,0.919,0.82,0.731,0.644,0.561,0.481,0.402,0.327,0.257,0.192,0.14,0.103,0.08,0.059,0.043,0.032,0.022,0.014,0.009,0.007,0.006,0.004,0.002,0,0
BWA,1959,19.843,19.509,18.954,18.212,17.989,16.612,15.26,13.962,12.747,11.574,10.404,9.61,9.359,9.474,9.598,9.792,9.931,9.916,9.796,9.733,9.706,9.58,9.303,8.925,8.555,8.187,7.792,7.369,6.942,6.509,6.043,5.725,5.635,5.684,5.718,5.781,5.718,5.441,5.029,4.657,4.292,3.965,3.711,3.51,3.306,3.103,2.96,2.896,2.888,2.884,2.886,2.9,2.919,2.937,2.961,3.002,2.97,2.823,2.605,2.397,2.173,2.01,1.951,1.957,1.948,1.939,1.906,1.827,1.719,1.619,1.522,1.416,1.303,1.184,1.065,0.945,0.833,0.736,0.649,0.563,0.483,0.406,0.334,0.268,0.206,0.15,0.104,0.074,0.055,0.039,0.028,0.02,0.014,0.009,0.005,0.004,0.003,0.003,0.001,0
BWA,1960,19.715,19.718,19.415,18.852,18.077,17.133,16.065,14.922,13.746,12.584,11.396,10.141,9.294,9.078,9.276,9.447,9.668,9.827,9.822,9.706,9.646,9.62,9.485,9.189,8.786,8.389,7.993,7.578,7.15,6.727,6.297,5.836,5.523,5.442,5.499,5.543,5.618,5.566,5.294,4.885,4.517,4.155,3.835,3.591,3.403,3.211,3.019,2.887,2.836,2.84,2.848,2.863,2.884,2.904,2.918,2.939,2.975,2.939,2.79,2.573,2.364,2.139,1.975,1.91,1.91,1.893,1.878,1.838,1.755,1.642,1.537,1.436,1.328,1.213,1.095,0.975,0.857,0.746,0.65,0.565,0.482,0.404,0.332,0.266,0.208,0.155,0.106,0.069,0.045,0.031,0.018,0.013,0.01,0.007,0.003,0.001,0.001,0.001,0,0
BWA,1961,19.96,19.506,19.361,18.978,18.393,17.638,16.758,15.799,14.74,13.595,12.429,11.257,10.026,9.198,8.99,9.19,9.361,9.58,9.733,9.713,9.576,9.495,9.447,9.295,8.996,8.596,8.202,7.809,7.399,6.98,6.568,6.148,5.699,5.396,5.317,5.374,5.416,5.491,5.441,5.176,4.78,4.421,4.069,3.759,3.526,3.351,3.17,2.99,2.865,2.816,2.818,2.823,2.834,2.851,2.866,2.874,2.888,2.917,2.876,2.727,2.513,2.305,2.082,1.917,1.849,1.84,1.817,1.796,1.751,1.663,1.548,1.441,1.338,1.23,1.116,1.001,0.887,0.772,0.667,0.577,0.497,0.42,0.349,0.284,0.226,0.175,0.128,0.088,0.057,0.037,0.025,0.015,0.011,0.008,0.006,0.003,0.001,0.001,0,0
BWA,1962,20.61,20.483,19.296,19.004,18.542,17.932,17.198,16.383,15.531,14.559,13.443,12.274,11.117,9.911,9.101,8.901,9.103,9.274,9.493,9.638,9.602,9.445,9.343,9.272,9.105,8.802,8.405,8.015,7.624,7.22,6.809,6.406,5.998,5.562,5.268,5.191,5.246,5.289,5.363,5.316,5.06,4.672,4.324,3.981,3.682,3.462,3.298,3.129,2.96,2.844,2.796,2.796,2.798,2.805,2.818,2.828,2.83,2.838,2.859,2.812,2.664,2.451,2.245,2.025,1.86,1.786,1.771,1.742,1.714,1.664,1.573,1.455,1.345,1.239,1.131,1.019,0.907,0.797,0.688,0.588,0.502,0.429,0.359,0.294,0.236,0.186,0.142,0.103,0.069,0.045,0.03,0.02,0.011,0.008,0.006,0.004,0.002,0.001,0,0
BWA,1963,21.517,21.041,20.457,19.087,18.647,18.105,17.472,16.759,16.008,15.264,14.376,13.292,12.118,10.977,9.796,9.005,8.814,9.016,9.188,9.406,9.544,9.493,9.315,9.192,9.098,8.916,8.608,8.216,7.828,7.44,7.042,6.639,6.246,5.849,5.426,5.14,5.065,5.12,5.162,5.237,5.192,4.942,4.567,4.228,3.894,3.606,3.397,3.246,3.089,2.932,2.823,2.776,2.773,2.773,2.777,2.785,2.789,2.786,2.787,2.8,2.749,2.6,2.391,2.186,1.969,1.802,1.724,1.702,1.666,1.632,1.577,1.481,1.361,1.249,1.141,1.032,0.923,0.815,0.708,0.603,0.508,0.429,0.361,0.299,0.239,0.188,0.146,0.11,0.076,0.051,0.033,0.022,0.014,0.008,0.006,0.004,0.003,0.001,0,0
BWA,1964,22.459,21.63,20.813,20.003,18.89,18.304,17.681,17.024,16.33,15.643,15.007,14.205,13.149,11.971,10.844,9.688,8.914,8.732,8.935,9.107,9.325,9.455,9.388,9.19,9.046,8.93,8.733,8.42,8.031,7.646,7.261,6.868,6.473,6.09,5.703,5.292,5.017,4.944,4.997,5.039,5.113,5.07,4.828,4.463,4.134,3.811,3.531,3.334,3.195,3.049,2.904,2.803,2.758,2.752,2.749,2.751,2.754,2.753,2.744,2.738,2.744,2.687,2.538,2.33,2.129,1.913,1.746,1.663,1.634,1.592,1.552,1.491,1.392,1.269,1.154,1.045,0.934,0.826,0.721,0.62,0.519,0.429,0.355,0.294,0.237,0.184,0.141,0.105,0.077,0.05,0.032,0.022,0.014,0.008,0.004,0.003,0.003,0.001,0.001,0
BWA,1965,23.265,22.194,21.215,20.314,19.482,18.703,17.969,17.267,16.584,15.91,15.288,14.758,14.04,13.013,11.829,10.717,9.584,8.829,8.655,8.86,9.032,9.249,9.373,9.29,9.071,8.905,8.768,8.554,8.237,7.851,7.468,7.086,6.697,6.311,5.937,5.561,5.164,4.895,4.825,4.876,4.918,4.991,4.951,4.717,4.362,4.044,3.728,3.46,3.274,3.147,3.013,2.879,2.785,2.742,2.733,2.727,2.725,2.725,2.719,2.703,2.691,2.688,2.628,2.477,2.273,2.072,1.858,1.691,1.604,1.568,1.518,1.473,1.406,1.303,1.176,1.06,0.948,0.837,0.731,0.63,0.531,0.435,0.35,0.283,0.227,0.176,0.13,0.093,0.065,0.044,0.025,0.014,0.01,0.007,0.003,0.001,0.001,0,0,0
BWA,1966,23.807,22.812,21.801,20.87,20.005,19.2,18.439,17.717,17.021,16.344,15.672,15.048,14.512,13.795,12.783,11.62,10.528,9.413,8.672,8.506,8.715,8.891,9.114,9.236,9.146,8.914,8.737,8.586,8.364,8.044,7.659,7.277,6.896,6.512,6.137,5.779,5.418,5.036,4.781,4.717,4.77,4.815,4.891,4.854,4.623,4.274,3.958,3.646,3.382,3.201,3.079,2.95,2.821,2.73,2.687,2.676,2.668,2.664,2.661,2.649,2.629,2.611,2.601,2.536,2.385,2.181,1.981,1.77,1.603,1.512,1.471,1.419,1.368,1.301,1.198,1.075,0.961,0.852,0.746,0.647,0.553,0.463,0.375,0.299,0.238,0.19,0.146,0.108,0.077,0.054,0.036,0.019,0.011,0.008,0.006,0.003,0.001,0,0,0
BWA,1967,24.252,23.08,22.377,21.426,20.54,19.711,18.932,18.19,17.478,16.79,16.115,15.446,14.82,14.278,13.561,12.562,11.421,10.347,9.249,8.522,8.365,8.578,8.759,8.985,9.108,9.009,8.765,8.576,8.412,8.181,7.857,7.475,7.093,6.712,6.333,5.969,5.625,5.279,4.913,4.67,4.613,4.668,4.716,4.795,4.761,4.534,4.188,3.876,3.567,3.306,3.13,3.014,2.89,2.766,2.677,2.633,2.622,2.612,2.606,2.599,2.582,2.556,2.531,2.517,2.447,2.295,2.093,1.894,1.684,1.517,1.423,1.377,1.32,1.266,1.197,1.095,0.975,0.864,0.757,0.656,0.564,0.478,0.395,0.315,0.248,0.195,0.154,0.117,0.085,0.061,0.042,0.028,0.015,0.008,0.007,0.004,0.002,0,0,0
BWA,1968,24.674,23.563,22.552,21.975,21.08,20.24,19.446,18.691,17.967,17.265,16.582,15.911,15.242,14.613,14.063,13.348,12.36,11.238,10.18,9.099,8.384,8.235,8.453,8.639,8.87,8.993,8.886,8.629,8.427,8.251,8.01,7.683,7.3,6.918,6.537,6.164,5.809,5.48,5.147,4.798,4.567,4.515,4.573,4.623,4.706,4.674,4.451,4.11,3.8,3.494,3.235,3.065,2.953,2.834,2.714,2.628,2.584,2.571,2.559,2.551,2.54,2.519,2.487,2.457,2.435,2.361,2.208,2.006,1.809,1.6,1.433,1.336,1.285,1.224,1.167,1.094,0.994,0.876,0.767,0.664,0.568,0.481,0.404,0.328,0.257,0.197,0.152,0.118,0.087,0.063,0.045,0.031,0.02,0.01,0.006,0.004,0.003,0.001,0,0
BWA,1969,25.177,24.135,23.165,22.26,21.614,20.776,19.979,19.218,18.486,17.778,17.085,16.406,15.736,15.067,14.434,13.876,13.159,12.182,11.077,10.033,8.965,8.262,8.121,8.344,8.534,8.773,8.894,8.779,8.509,8.294,8.105,7.854,7.523,7.14,6.758,6.375,6.005,5.661,5.344,5.026,4.692,4.473,4.427,4.487,4.541,4.625,4.597,4.377,4.038,3.732,3.427,3.172,3.004,2.898,2.784,2.668,2.584,2.541,2.525,2.511,2.501,2.487,2.461,2.423,2.386,2.358,2.279,2.125,1.924,1.727,1.52,1.352,1.252,1.195,1.13,1.07,0.995,0.894,0.779,0.673,0.573,0.481,0.4,0.33,0.262,0.199,0.146,0.109,0.082,0.058,0.04,0.029,0.02,0.012,0.006,0.003,0.003,0.001,0,0
BWA,1970,25.837,24.832,23.881,22.978,22.12,21.301,20.516,19.762,19.032,18.323,17.629,16.943,16.267,15.597,14.926,14.287,13.72,12.999,12.029,10.94,9.908,8.851,8.158,8.025,8.253,8.449,8.692,8.815,8.692,8.407,8.179,7.976,7.714,7.378,6.994,6.611,6.227,5.86,5.523,5.221,4.916,4.595,4.387,4.347,4.409,4.466,4.555,4.529,4.312,3.976,3.671,3.367,3.114,2.951,2.85,2.739,2.628,2.546,2.503,2.484,2.469,2.457,2.439,2.408,2.364,2.321,2.287,2.203,2.047,1.846,1.649,1.442,1.273,1.169,1.107,1.038,0.973,0.897,0.796,0.683,0.579,0.481,0.393,0.32,0.256,0.196,0.141,0.096,0.066,0.046,0.028,0.018,0.014,0.009,0.004,0.001,0.001,0,0,0
BWA,1971,26.401,25.591,24.617,23.694,22.816,21.978,21.177,20.409,19.664,18.935,18.221,17.521,16.828,16.145,15.471,14.799,14.158,13.587,12.866,11.9,10.816,9.79,8.74,8.054,7.926,8.161,8.363,8.613,8.74,8.621,8.34,8.115,7.914,7.652,7.312,6.922,6.533,6.143,5.77,5.436,5.136,4.835,4.516,4.312,4.275,4.34,4.399,4.491,4.468,4.254,3.921,3.62,3.319,3.067,2.905,2.803,2.691,2.576,2.494,2.448,2.429,2.412,2.398,2.377,2.339,2.284,2.233,2.188,2.096,1.94,1.741,1.545,1.342,1.174,1.07,1.007,0.939,0.874,0.801,0.705,0.6,0.505,0.415,0.335,0.269,0.214,0.163,0.115,0.079,0.054,0.038,0.023,0.015,0.011,0.007,0.003,0.001,0,0,0
BWA,1972,27.115,26.108,25.416,24.47,23.571,22.714,21.895,21.111,20.357,19.62,18.891,18.17,17.462,16.759,16.067,15.389,14.713,14.067,13.492,12.768,11.803,10.721,9.7,8.652,7.97,7.849,8.091,8.299,8.557,8.689,8.574,8.294,8.071,7.873,7.61,7.265,6.868,6.472,6.074,5.698,5.363,5.065,4.766,4.45,4.248,4.214,4.281,4.344,4.438,4.419,4.208,3.877,3.579,3.28,3.03,2.867,2.764,2.65,2.533,2.447,2.402,2.381,2.362,2.347,2.321,2.275,2.211,2.149,2.094,1.997,1.838,1.641,1.446,1.245,1.078,0.974,0.911,0.842,0.777,0.707,0.618,0.519,0.431,0.349,0.278,0.221,0.174,0.13,0.091,0.063,0.043,0.029,0.017,0.011,0.008,0.005,0.003,0,0,0
BWA,1973,27.987,26.948,25.959,25.291,24.371,23.495,22.659,21.856,21.086,20.345,19.615,18.884,18.153,17.436,16.723,16.021,15.336,14.656,14.004,13.423,12.695,11.729,10.649,9.627,8.582,7.903,7.788,8.037,8.253,8.517,8.655,8.543,8.265,8.043,7.847,7.584,7.233,6.829,6.425,6.018,5.636,5.3,5.005,4.706,4.392,4.193,4.161,4.232,4.297,4.395,4.378,4.17,3.841,3.545,3.248,2.998,2.834,2.729,2.614,2.494,2.407,2.359,2.336,2.316,2.301,2.271,2.217,2.141,2.071,2.005,1.901,1.739,1.543,1.35,1.151,0.986,0.881,0.816,0.747,0.683,0.614,0.53,0.44,0.359,0.284,0.221,0.172,0.133,0.097,0.067,0.046,0.032,0.021,0.012,0.008,0.006,0.004,0.001,0,0
BWA,1974,29.03,27.941,26.913,25.937,25.195,24.3,23.446,22.629,21.843,21.087,20.358,19.633,18.898,18.159,17.431,16.706,15.994,15.301,14.615,13.958,13.371,12.638,11.67,10.588,9.567,8.522,7.846,7.736,7.992,8.216,8.488,8.633,8.524,8.246,8.026,7.831,7.567,7.211,6.797,6.385,5.97,5.581,5.243,4.95,4.653,4.34,4.143,4.113,4.187,4.256,4.357,4.344,4.137,3.81,3.515,3.219,2.97,2.805,2.699,2.581,2.459,2.368,2.319,2.296,2.274,2.257,2.223,2.161,2.075,1.994,1.919,1.807,1.643,1.447,1.255,1.057,0.893,0.788,0.722,0.652,0.589,0.523,0.444,0.36,0.287,0.22,0.164,0.123,0.094,0.064,0.042,0.03,0.021,0.012,0.007,0.004,0.003,0.003,0.001,0
BWA,1975,30.237,29.089,28.008,26.988,26.023,25.108,24.237,23.406,22.608,21.838,21.094,20.378,19.658,18.919,18.171,17.433,16.696,15.974,15.273,14.581,13.917,13.323,12.586,11.614,10.533,9.511,8.466,7.791,7.688,7.951,8.183,8.462,8.613,8.507,8.232,8.013,7.82,7.554,7.192,6.769,6.349,5.925,5.53,5.19,4.898,4.602,4.291,4.095,4.068,4.144,4.217,4.322,4.311,4.107,3.781,3.487,3.192,2.944,2.778,2.669,2.549,2.424,2.331,2.28,2.256,2.232,2.213,2.176,2.105,2.01,1.919,1.833,1.714,1.548,1.353,1.162,0.965,0.802,0.696,0.628,0.559,0.495,0.431,0.357,0.281,0.215,0.155,0.108,0.075,0.053,0.031,0.017,0.013,0.009,0.004,0.001,0.001,0.001,0,0
BWA,1976,31.546,30.36,29.22,28.144,27.126,26.16,25.242,24.368,23.519,22.686,21.871,21.081,20.318,19.559,18.795,18.03,17.277,16.527,15.794,15.084,14.387,13.721,13.124,12.399,11.462,10.43,9.454,8.454,7.818,7.734,8.006,8.245,8.534,8.68,8.548,8.232,7.975,7.74,7.444,7.071,6.653,6.234,5.811,5.427,5.108,4.843,4.576,4.295,4.121,4.1,4.172,4.243,4.344,4.331,4.125,3.798,3.5,3.2,2.95,2.792,2.696,2.586,2.472,2.38,2.316,2.267,2.222,2.181,2.123,2.035,1.924,1.817,1.715,1.587,1.423,1.238,1.057,0.871,0.719,0.618,0.553,0.487,0.428,0.37,0.304,0.238,0.179,0.129,0.09,0.062,0.044,0.025,0.015,0.011,0.007,0.003,0.001,0.001,0,0
BWA,1977,32.996,31.702,30.494,29.362,28.291,27.274,26.305,25.384,24.506,23.642,22.773,21.911,21.076,20.267,19.468,18.678,17.897,17.127,16.365,15.621,14.903,14.199,13.53,12.93,12.217,11.315,10.33,9.4,8.448,7.848,7.784,8.064,8.312,8.611,8.751,8.592,8.237,7.939,7.663,7.338,6.955,6.54,6.123,5.701,5.325,5.028,4.791,4.552,4.302,4.15,4.135,4.204,4.271,4.371,4.354,4.145,3.816,3.516,3.209,2.957,2.808,2.723,2.624,2.521,2.431,2.352,2.28,2.213,2.15,2.072,1.965,1.838,1.715,1.597,1.461,1.299,1.124,0.953,0.78,0.636,0.541,0.478,0.417,0.361,0.309,0.251,0.194,0.143,0.101,0.07,0.049,0.034,0.019,0.011,0.008,0.005,0.003,0.001,0,0
BWA,1978,34.508,33.136,31.853,30.616,29.492,28.427,27.413,26.443,25.517,24.636,23.755,22.853,21.943,21.064,20.207,19.37,18.553,17.757,16.971,16.196,15.443,14.715,14.006,13.334,12.731,12.032,11.164,10.228,9.345,8.439,7.875,7.833,8.119,8.376,8.685,8.819,8.633,8.237,7.902,7.584,7.229,6.837,6.425,6.01,5.589,5.223,4.946,4.737,4.527,4.308,4.177,4.169,4.232,4.297,4.395,4.375,4.164,3.834,3.529,3.216,2.964,2.821,2.749,2.661,2.568,2.48,2.388,2.293,2.204,2.12,2.02,1.894,1.752,1.613,1.479,1.334,1.174,1.009,0.848,0.687,0.554,0.464,0.403,0.345,0.294,0.248,0.198,0.15,0.107,0.074,0.052,0.036,0.024,0.013,0.008,0.005,0.004,0.001,0,0
BWA,1979,35.991,34.549,33.202,31.939,30.71,29.595,28.536,27.525,26.554,25.626,24.742,23.846,22.91,21.955,21.031,20.128,19.252,18.411,17.599,16.8,16.013,15.249,14.514,13.799,13.125,12.521,11.834,11.003,10.115,9.28,8.422,7.896,7.873,8.167,8.431,8.75,8.878,8.666,8.231,7.856,7.498,7.113,6.71,6.304,5.89,5.471,5.115,4.86,4.678,4.497,4.309,4.2,4.197,4.257,4.32,4.414,4.392,4.179,3.847,3.539,3.22,2.968,2.833,2.773,2.694,2.614,2.527,2.421,2.303,2.192,2.085,1.965,1.822,1.664,1.51,1.359,1.205,1.049,0.893,0.742,0.594,0.47,0.385,0.328,0.273,0.228,0.186,0.145,0.106,0.07,0.046,0.033,0.022,0.014,0.008,0.004,0.004,0.003,0.001,0
BWA,1980,37.374,35.882,34.485,33.172,31.937,30.772,29.668,28.617,27.61,26.638,25.708,24.824,23.912,22.942,21.944,20.977,20.028,19.115,18.25,17.423,16.609,15.81,15.039,14.296,13.576,12.901,12.295,11.623,10.828,9.99,9.203,8.394,7.906,7.903,8.204,8.476,8.805,8.927,8.688,8.214,7.801,7.403,6.988,6.577,6.174,5.764,5.346,5.001,4.767,4.615,4.461,4.304,4.218,4.222,4.277,4.338,4.428,4.403,4.188,3.856,3.545,3.221,2.969,2.842,2.794,2.726,2.657,2.572,2.452,2.31,2.178,2.05,1.908,1.747,1.574,1.405,1.238,1.075,0.921,0.776,0.635,0.5,0.387,0.307,0.251,0.201,0.161,0.124,0.092,0.062,0.034,0.019,0.014,0.01,0.004,0.001,0.001,0.001,0,0
BWA,1981,38.731,37.14,35.706,34.352,33.07,31.856,30.701,29.597,28.547,27.551,26.595,25.674,24.794,23.884,22.91,21.902,20.925,19.967,19.046,18.177,17.35,16.534,15.735,14.964,14.225,13.512,12.842,12.243,11.577,10.787,9.954,9.171,8.367,7.881,7.878,8.175,8.445,8.77,8.89,8.648,8.173,7.758,7.357,6.941,6.528,6.125,5.714,5.294,4.949,4.716,4.563,4.409,4.254,4.165,4.166,4.216,4.271,4.357,4.328,4.112,3.781,3.47,3.146,2.891,2.758,2.702,2.626,2.548,2.456,2.331,2.184,2.047,1.916,1.773,1.613,1.445,1.281,1.118,0.963,0.819,0.685,0.557,0.432,0.331,0.26,0.211,0.168,0.132,0.103,0.076,0.051,0.028,0.015,0.012,0.008,0.004,0.001,0.001,0,0
BWA,1982,39.98,38.415,36.867,35.493,34.183,32.933,31.742,30.597,29.494,28.447,27.462,26.522,25.61,24.738,23.83,22.852,21.835,20.851,19.884,18.955,18.083,17.256,16.44,15.64,14.871,14.136,13.43,12.767,12.175,11.515,10.732,9.905,9.127,8.329,7.847,7.842,8.136,8.403,8.723,8.84,8.597,8.12,7.704,7.302,6.885,6.471,6.068,5.656,5.237,4.891,4.658,4.506,4.353,4.198,4.108,4.105,4.15,4.201,4.28,4.247,4.031,3.7,3.391,3.068,2.811,2.671,2.606,2.522,2.437,2.337,2.206,2.056,1.914,1.78,1.635,1.478,1.314,1.154,0.998,0.85,0.716,0.594,0.477,0.365,0.274,0.211,0.169,0.133,0.105,0.081,0.059,0.039,0.022,0.012,0.009,0.006,0.003,0.001,0,0
BWA,1983,41.075,39.519,38.04,36.605,35.289,34.024,32.806,31.635,30.503,29.4,28.356,27.381,26.457,25.554,24.688,23.783,22.799,21.774,20.782,19.804,18.868,17.994,17.165,16.349,15.549,14.781,14.05,13.351,12.695,12.109,11.456,10.679,9.857,9.085,8.292,7.813,7.807,8.098,8.362,8.679,8.792,8.547,8.07,7.653,7.248,6.83,6.417,6.012,5.601,5.181,4.834,4.601,4.45,4.298,4.143,4.052,4.046,4.086,4.131,4.204,4.167,3.951,3.621,3.313,2.991,2.732,2.586,2.513,2.42,2.327,2.22,2.084,1.928,1.784,1.644,1.499,1.344,1.184,1.029,0.878,0.738,0.614,0.503,0.398,0.298,0.218,0.164,0.129,0.098,0.077,0.06,0.043,0.027,0.014,0.008,0.006,0.004,0.001,0,0
BWA,1984,41.966,40.496,39.078,37.709,36.414,35.154,33.93,32.741,31.59,30.467,29.362,28.319,27.354,26.442,25.547,24.686,23.781,22.791,21.756,20.752,19.763,18.817,17.938,17.109,16.29,15.487,14.718,13.991,13.297,12.647,12.067,11.419,10.646,9.828,9.059,8.27,7.793,7.788,8.076,8.337,8.65,8.761,8.514,8.035,7.615,7.209,6.788,6.373,5.968,5.555,5.133,4.786,4.554,4.402,4.25,4.096,4.004,3.994,4.029,4.069,4.137,4.096,3.878,3.55,3.24,2.919,2.657,2.506,2.423,2.322,2.222,2.108,1.965,1.805,1.655,1.513,1.366,1.212,1.056,0.905,0.759,0.626,0.511,0.412,0.319,0.232,0.162,0.117,0.088,0.065,0.05,0.039,0.027,0.016,0.008,0.005,0.004,0.003,0.001,0
BWA,1985,42.62,41.331,40.055,38.794,37.548,36.32,35.112,33.927,32.766,31.63,30.512,29.403,28.358,27.399,26.498,25.61,24.751,23.842,22.844,21.795,20.778,19.775,18.818,17.932,17.098,16.274,15.467,14.696,13.971,13.28,12.632,12.056,11.413,10.643,9.826,9.059,8.272,7.796,7.789,8.076,8.335,8.646,8.754,8.504,8.022,7.598,7.188,6.765,6.348,5.94,5.524,5.101,4.752,4.518,4.367,4.214,4.06,3.967,3.954,3.983,4.018,4.081,4.035,3.815,3.487,3.177,2.854,2.591,2.432,2.339,2.23,2.121,1.999,1.851,1.685,1.531,1.385,1.236,1.083,0.931,0.784,0.642,0.517,0.411,0.322,0.241,0.166,0.108,0.07,0.048,0.03,0.022,0.017,0.012,0.005,0.001,0.001,0.001,0,0
BWA,1986,42.603,42.203,41.04,39.859,38.668,37.473,36.273,35.068,33.898,32.782,31.706,30.633,29.566,28.53,27.533,26.561,25.606,24.678,23.716,22.69,21.633,20.605,19.591,18.64,17.783,16.995,16.218,15.461,14.734,14.036,13.363,12.734,12.175,11.55,10.802,10.007,9.258,8.489,8.017,7.991,8.245,8.472,8.75,8.828,8.553,8.053,7.611,7.18,6.746,6.331,5.937,5.535,5.124,4.788,4.564,4.419,4.274,4.128,4.038,4.019,4.039,4.064,4.115,4.054,3.817,3.469,3.139,2.797,2.514,2.337,2.23,2.106,1.983,1.853,1.703,1.54,1.39,1.249,1.108,0.964,0.821,0.685,0.555,0.441,0.348,0.271,0.2,0.136,0.089,0.058,0.039,0.024,0.018,0.014,0.009,0.004,0.001,0.001,0,0
BWA,1987,42.36,41.802,41.931,40.887,39.798,38.674,37.525,36.349,35.143,33.984,32.909,31.889,30.859,29.83,28.8,27.76,26.715,25.691,24.69,23.67,22.613,21.545,20.503,19.473,18.525,17.694,16.948,16.217,15.508,14.822,14.149,13.491,12.88,12.335,11.726,10.997,10.222,9.489,8.735,8.264,8.219,8.442,8.638,8.883,8.931,8.633,8.112,7.649,7.196,6.75,6.338,5.955,5.563,5.164,4.84,4.625,4.488,4.349,4.21,4.123,4.099,4.109,4.122,4.162,4.088,3.832,3.462,3.112,2.747,2.444,2.251,2.128,1.989,1.853,1.713,1.56,1.401,1.254,1.119,0.984,0.849,0.715,0.589,0.47,0.368,0.285,0.221,0.159,0.107,0.071,0.046,0.031,0.019,0.014,0.01,0.007,0.003,0.001,0,0
BWA,1988,42.01,41.883,41.555,41.714,40.79,39.792,38.733,37.63,36.476,35.267,34.117,33.082,32.117,31.127,30.135,29.109,28.024,26.906,25.81,24.736,23.657,22.568,21.486,20.428,19.383,18.436,17.631,16.927,16.237,15.577,14.931,14.282,13.639,13.043,12.513,11.919,11.208,10.452,9.735,8.994,8.523,8.461,8.651,8.816,9.03,9.047,8.723,8.183,7.698,7.223,6.764,6.353,5.981,5.599,5.212,4.899,4.692,4.561,4.43,4.298,4.213,4.185,4.185,4.187,4.216,4.127,3.852,3.461,3.088,2.702,2.379,2.167,2.028,1.874,1.724,1.575,1.419,1.262,1.12,0.989,0.862,0.734,0.609,0.494,0.385,0.294,0.224,0.171,0.119,0.079,0.053,0.034,0.022,0.013,0.009,0.008,0.005,0.002,0,0
BWA,1989,41.731,41.93,41.882,41.61,41.452,40.649,39.742,38.749,37.692,36.562,35.351,34.213,33.22,32.31,31.36,30.408,29.388,28.26,27.067,25.902,24.755,23.617,22.496,21.404,20.332,19.27,18.326,17.547,16.886,16.241,15.629,15.023,14.4,13.771,13.192,12.677,12.099,11.408,10.671,9.969,9.244,8.774,8.693,8.851,8.985,9.166,9.154,8.806,8.244,7.738,7.241,6.77,6.36,5.999,5.629,5.255,4.953,4.755,4.631,4.507,4.383,4.299,4.266,4.256,4.249,4.265,4.161,3.867,3.455,3.061,2.654,2.311,2.081,1.927,1.758,1.593,1.434,1.276,1.122,0.984,0.859,0.738,0.618,0.503,0.398,0.3,0.22,0.162,0.119,0.078,0.05,0.034,0.023,0.013,0.008,0.005,0.004,0.003,0.001,0
BWA,1990,41.669,42.008,42.096,41.956,41.612,41.089,40.408,39.595,38.672,37.664,36.559,35.35,34.225,33.276,32.425,31.519,30.606,29.594,28.426,27.163,25.93,24.713,23.521,22.372,21.27,20.185,19.11,18.17,17.421,16.804,16.205,15.643,15.079,14.483,13.87,13.31,12.811,12.249,11.579,10.864,10.18,9.471,9.003,8.904,9.031,9.133,9.281,9.238,8.866,8.286,7.759,7.242,6.759,6.353,6.004,5.646,5.284,4.995,4.806,4.688,4.572,4.455,4.375,4.337,4.317,4.299,4.304,4.185,3.874,3.442,3.028,2.6,2.237,1.99,1.82,1.637,1.457,1.29,1.131,0.979,0.845,0.726,0.612,0.5,0.395,0.3,0.214,0.146,0.099,0.068,0.038,0.021,0.016,0.01,0.004,0.001,0.001,0.001,0,0
BWA,1991,42.232,41.834,42.04,42.052,41.883,41.548,41.069,40.469,39.719,38.814,37.796,36.697,35.503,34.383,33.421,32.546,31.619,30.681,29.645,28.457,27.177,25.925,24.69,23.482,22.324,21.217,20.129,19.053,18.114,17.369,16.758,16.167,15.613,15.06,14.479,13.882,13.336,12.853,12.304,11.64,10.927,10.246,9.537,9.068,8.96,9.077,9.168,9.304,9.246,8.854,8.251,7.703,7.164,6.663,6.245,5.889,5.524,5.154,4.864,4.685,4.584,4.483,4.385,4.311,4.263,4.221,4.183,4.168,4.034,3.717,3.284,2.869,2.441,2.079,1.835,1.671,1.495,1.323,1.164,1.012,0.868,0.741,0.631,0.527,0.427,0.334,0.251,0.178,0.121,0.082,0.056,0.03,0.017,0.013,0.008,0.004,0.001,0.001,0,0
BWA,1992,43.023,42.973,41.874,41.945,41.881,41.683,41.358,40.926,40.41,39.725,38.841,37.814,36.725,35.55,34.437,33.466,32.572,31.623,30.664,29.608,28.404,27.108,25.842,24.592,23.373,22.209,21.101,20.013,18.937,18.002,17.263,16.661,16.079,15.536,14.996,14.43,13.851,13.323,12.856,12.322,11.667,10.958,10.281,9.576,9.104,8.99,9.096,9.175,9.3,9.226,8.815,8.191,7.623,7.063,6.546,6.117,5.756,5.385,5.009,4.719,4.551,4.466,4.381,4.3,4.234,4.175,4.112,4.054,4.02,3.87,3.548,3.116,2.701,2.273,1.913,1.674,1.516,1.347,1.184,1.034,0.889,0.754,0.635,0.533,0.44,0.352,0.273,0.201,0.14,0.097,0.065,0.044,0.023,0.013,0.009,0.007,0.003,0.001,0,0
BWA,1993,43.876,43.443,43.027,41.839,41.777,41.636,41.41,41.096,40.711,40.279,39.66,38.798,37.766,36.689,35.535,34.43,33.452,32.539,31.572,30.593,29.518,28.298,26.992,25.713,24.45,23.223,22.055,20.947,19.862,18.789,17.859,17.128,16.535,15.964,15.431,14.905,14.356,13.797,13.287,12.837,12.317,11.672,10.971,10.297,9.597,9.125,9.005,9.1,9.166,9.279,9.19,8.761,8.117,7.53,6.95,6.418,5.979,5.613,5.237,4.854,4.565,4.408,4.34,4.271,4.209,4.15,4.081,3.995,3.919,3.864,3.7,3.373,2.943,2.528,2.102,1.745,1.511,1.359,1.197,1.043,0.902,0.766,0.638,0.529,0.436,0.352,0.277,0.211,0.151,0.104,0.072,0.049,0.031,0.016,0.009,0.007,0.004,0.001,0,0
BWA,1994,44.548,43.802,43.168,42.626,41.803,41.607,41.39,41.137,40.832,40.495,40.145,39.593,38.754,37.716,36.65,35.516,34.422,33.436,32.504,31.518,30.52,29.426,28.193,26.874,25.583,24.307,23.071,21.899,20.793,19.708,18.639,17.715,16.991,16.409,15.848,15.326,14.813,14.282,13.741,13.249,12.817,12.311,11.677,10.981,10.314,9.617,9.144,9.018,9.103,9.158,9.258,9.153,8.706,8.043,7.436,6.838,6.289,5.842,5.47,5.088,4.7,4.412,4.265,4.213,4.161,4.117,4.066,3.986,3.879,3.783,3.708,3.53,3.198,2.77,2.357,1.931,1.578,1.348,1.202,1.047,0.902,0.77,0.642,0.523,0.422,0.338,0.265,0.203,0.149,0.1,0.066,0.047,0.031,0.018,0.009,0.005,0.004,0.003,0.001,0
BWA,1995,44.873,43.987,43.261,42.672,42.195,41.803,41.474,41.181,40.9,40.604,40.314,40.048,39.562,38.743,37.699,36.644,35.53,34.443,33.449,32.497,31.493,30.474,29.36,28.111,26.78,25.475,24.186,22.939,21.763,20.656,19.572,18.505,17.586,16.869,16.296,15.745,15.233,14.734,14.219,13.697,13.222,12.808,12.316,11.692,11.002,10.34,9.646,9.172,9.04,9.113,9.157,9.244,9.125,8.66,7.976,7.349,6.731,6.167,5.709,5.332,4.946,4.55,4.263,4.127,4.091,4.053,4.03,3.986,3.895,3.766,3.651,3.556,3.364,3.026,2.6,2.187,1.762,1.411,1.186,1.046,0.899,0.763,0.638,0.519,0.408,0.317,0.241,0.178,0.128,0.088,0.05,0.029,0.022,0.014,0.006,0.001,0.001,0.001,0.001,0
BWA,1996,44.716,44.486,43.734,43.106,42.582,42.144,41.764,41.416,41.119,40.867,40.619,40.359,40.115,39.638,38.809,37.739,36.657,35.514,34.398,33.377,32.398,31.367,30.319,29.183,27.919,26.578,25.265,23.969,22.722,21.553,20.458,19.387,18.335,17.434,16.739,16.19,15.663,15.176,14.696,14.192,13.676,13.207,12.794,12.304,11.686,11.002,10.342,9.654,9.171,9.006,9.035,9.037,9.083,8.932,8.454,7.771,7.143,6.521,5.967,5.535,5.195,4.843,4.486,4.221,4.081,4.024,3.969,3.926,3.863,3.749,3.599,3.46,3.34,3.137,2.807,2.402,2.011,1.609,1.277,1.064,0.932,0.794,0.667,0.555,0.447,0.347,0.266,0.202,0.149,0.106,0.072,0.041,0.023,0.018,0.012,0.005,0.001,0.001,0.001,0
BWA,1997,44.235,43.704,44.149,43.533,43.001,42.541,42.139,41.771,41.405,41.103,40.88,40.679,40.45,40.229,39.761,38.918,37.821,36.711,35.538,34.393,33.341,32.335,31.275,30.199,29.039,27.757,26.406,25.083,23.779,22.53,21.366,20.282,19.225,18.186,17.302,16.627,16.101,15.597,15.134,14.674,14.181,13.67,13.205,12.794,12.306,11.692,11.013,10.357,9.673,9.179,8.983,8.968,8.928,8.931,8.75,8.258,7.575,6.945,6.319,5.774,5.369,5.063,4.746,4.427,4.183,4.04,3.961,3.888,3.828,3.743,3.608,3.435,3.274,3.129,2.913,2.592,2.208,1.836,1.457,1.145,0.944,0.819,0.69,0.573,0.47,0.374,0.287,0.216,0.163,0.121,0.086,0.057,0.032,0.018,0.014,0.009,0.004,0.001,0.001,0
BWA,1998,43.662,43.462,43.269,43.827,43.344,42.909,42.513,42.15,41.792,41.409,41.102,40.908,40.752,40.554,40.357,39.896,39.04,37.916,36.778,35.576,34.398,33.316,32.283,31.194,30.088,28.904,27.604,26.242,24.908,23.596,22.345,21.187,20.113,19.067,18.043,17.175,16.522,16.018,15.537,15.098,14.657,14.175,13.669,13.208,12.797,12.313,11.702,11.029,10.375,9.695,9.19,8.963,8.903,8.822,8.783,8.57,8.064,7.381,6.749,6.119,5.582,5.202,4.934,4.651,4.37,4.147,4,3.9,3.808,3.731,3.625,3.468,3.272,3.087,2.917,2.689,2.376,2.013,1.662,1.306,1.013,0.823,0.705,0.586,0.479,0.387,0.302,0.227,0.167,0.124,0.092,0.065,0.042,0.023,0.014,0.01,0.006,0.003,0.001,0
BWA,1999,43.33,43.349,43.318,43.239,43.464,43.116,42.778,42.446,42.122,41.774,41.374,41.062,40.896,40.789,40.622,40.447,39.994,39.127,37.976,36.811,35.579,34.371,33.261,32.201,31.083,29.95,28.742,27.426,26.053,24.711,23.392,22.14,20.987,19.924,18.892,17.881,17.032,16.4,15.92,15.463,15.048,14.626,14.155,13.655,13.199,12.79,12.307,11.702,11.034,10.384,9.707,9.193,8.934,8.83,8.707,8.625,8.38,7.863,7.179,6.545,5.914,5.386,5.031,4.798,4.551,4.307,4.108,3.956,3.835,3.725,3.629,3.503,3.323,3.105,2.898,2.703,2.463,2.158,1.817,1.487,1.153,0.88,0.702,0.591,0.481,0.384,0.302,0.229,0.167,0.116,0.084,0.064,0.045,0.026,0.014,0.009,0.006,0.004,0.001,0
BWA,2000,43.475,43.486,43.442,43.348,43.21,43.032,42.82,42.578,42.313,42.027,41.691,41.273,40.958,40.821,40.761,40.625,40.473,40.03,39.151,37.976,36.786,35.526,34.29,33.154,32.068,30.924,29.764,28.535,27.205,25.823,24.475,23.151,21.9,20.755,19.706,18.688,17.693,16.863,16.253,15.797,15.364,14.974,14.572,14.114,13.621,13.169,12.762,12.282,11.684,11.022,10.376,9.704,9.181,8.891,8.743,8.579,8.455,8.18,7.649,6.966,6.332,5.699,5.18,4.854,4.656,4.445,4.239,4.062,3.906,3.763,3.635,3.523,3.376,3.175,2.934,2.704,2.485,2.233,1.938,1.618,1.308,0.999,0.745,0.58,0.476,0.376,0.288,0.217,0.156,0.106,0.066,0.045,0.034,0.024,0.011,0.004,0.004,0.002,0.001,0
BWA,2001,44.412,43.488,43.39,43.287,43.176,43.054,42.925,42.793,42.609,42.35,42.04,41.695,41.279,40.956,40.802,40.719,40.558,40.379,39.921,39.048,37.89,36.714,35.467,34.238,33.097,31.997,30.842,29.672,28.419,27.049,25.618,24.221,22.849,21.563,20.402,19.353,18.335,17.342,16.52,15.931,15.5,15.096,14.737,14.363,13.928,13.454,13.023,12.635,12.168,11.578,10.918,10.272,9.601,9.071,8.77,8.607,8.427,8.285,7.998,7.464,6.784,6.152,5.519,5.002,4.673,4.472,4.259,4.052,3.872,3.711,3.563,3.43,3.313,3.164,2.961,2.722,2.493,2.275,2.032,1.752,1.455,1.167,0.881,0.648,0.497,0.406,0.318,0.244,0.184,0.132,0.089,0.054,0.037,0.029,0.019,0.009,0.004,0.002,0.002,0.001
BWA,2002,45.795,44.998,43.412,43.205,43.044,42.917,42.81,42.729,42.678,42.552,42.3,41.967,41.615,41.2,40.871,40.699,40.593,40.408,40.203,39.73,38.864,37.726,36.567,35.336,34.116,32.972,31.861,30.695,29.517,28.246,26.839,25.36,23.919,22.502,21.181,20.009,18.961,17.945,16.954,16.144,15.575,15.173,14.797,14.469,14.124,13.714,13.261,12.849,12.482,12.031,11.448,10.791,10.146,9.476,8.943,8.631,8.453,8.258,8.099,7.799,7.264,6.588,5.959,5.328,4.812,4.483,4.28,4.064,3.857,3.673,3.508,3.355,3.216,3.096,2.945,2.741,2.503,2.277,2.061,1.826,1.563,1.289,1.024,0.761,0.549,0.414,0.335,0.259,0.198,0.15,0.107,0.07,0.042,0.029,0.023,0.015,0.007,0.004,0.002,0.001
BWA,2003,47.416,46.02,44.887,43.298,42.983,42.765,42.621,42.53,42.496,42.526,42.458,42.216,41.858,41.499,41.084,40.75,40.561,40.432,40.224,39.992,39.505,38.648,37.531,36.389,35.175,33.964,32.818,31.697,30.523,29.339,28.049,26.605,25.08,23.596,22.134,20.782,19.598,18.553,17.54,16.553,15.755,15.207,14.833,14.486,14.189,13.874,13.488,13.055,12.665,12.318,11.883,11.309,10.654,10.013,9.344,8.807,8.485,8.292,8.081,7.905,7.595,7.057,6.387,5.76,5.134,4.62,4.289,4.083,3.866,3.658,3.472,3.303,3.144,3.001,2.877,2.724,2.52,2.283,2.059,1.846,1.619,1.374,1.122,0.88,0.64,0.45,0.331,0.265,0.201,0.153,0.115,0.082,0.052,0.03,0.021,0.016,0.011,0.005,0.002,0.001
BWA,2004,48.973,47.091,45.572,44.378,43.217,42.794,42.518,42.357,42.282,42.296,42.407,42.396,42.161,41.781,41.415,41.001,40.659,40.454,40.302,40.071,39.811,39.31,38.46,37.363,36.238,35.038,33.837,32.69,31.558,30.374,29.182,27.871,26.392,24.82,23.291,21.784,20.4,19.203,18.159,17.149,16.165,15.378,14.851,14.504,14.187,13.92,13.634,13.273,12.861,12.491,12.164,11.744,11.177,10.526,9.887,9.219,8.678,8.345,8.137,7.912,7.719,7.397,6.857,6.19,5.566,4.943,4.432,4.099,3.891,3.672,3.462,3.275,3.101,2.935,2.789,2.661,2.505,2.3,2.065,1.843,1.632,1.414,1.185,0.956,0.737,0.521,0.351,0.249,0.195,0.143,0.107,0.082,0.058,0.035,0.02,0.014,0.011,0.007,0.004,0.001
BWA,2005,50.245,48.117,46.39,45.022,43.972,43.202,42.669,42.335,42.158,42.098,42.16,42.351,42.399,42.172,41.767,41.393,40.98,40.631,40.408,40.233,39.978,39.691,39.175,38.33,37.252,36.141,34.956,33.762,32.61,31.465,30.27,29.068,27.736,26.218,24.597,23.021,21.467,20.048,18.837,17.794,16.782,15.801,15.024,14.517,14.196,13.908,13.672,13.415,13.076,12.684,12.335,12.028,11.623,11.064,10.415,9.776,9.108,8.562,8.217,7.995,7.754,7.543,7.208,6.666,6.003,5.381,4.76,4.249,3.916,3.703,3.482,3.272,3.082,2.902,2.731,2.579,2.448,2.29,2.085,1.85,1.629,1.42,1.209,0.998,0.792,0.595,0.401,0.253,0.166,0.125,0.085,0.062,0.048,0.033,0.017,0.008,0.006,0.005,0.003,0.001
BWA,2006,50.976,49.771,47.875,46.3,45.017,43.998,43.205,42.596,42.207,42.035,42.015,42.091,42.282,42.324,42.08,41.653,41.257,40.819,40.458,40.246,40.093,39.857,39.588,39.086,38.246,37.165,36.054,34.87,33.662,32.476,31.285,30.044,28.796,27.432,25.904,24.288,22.717,21.166,19.761,18.575,17.563,16.584,15.638,14.889,14.401,14.092,13.815,13.591,13.338,12.996,12.592,12.231,11.909,11.491,10.923,10.269,9.622,8.948,8.392,8.034,7.794,7.538,7.311,6.969,6.43,5.777,5.165,4.554,4.051,3.72,3.507,3.286,3.077,2.886,2.703,2.529,2.374,2.239,2.082,1.882,1.656,1.446,1.247,1.05,0.861,0.679,0.502,0.335,0.212,0.141,0.103,0.069,0.051,0.04,0.027,0.013,0.007,0.005,0.003,0.001
BWA,2007,51.437,49.677,49.397,47.729,46.302,45.102,44.113,43.295,42.608,42.163,41.996,42.016,42.105,42.297,42.332,42.072,41.622,41.203,40.739,40.367,40.163,40.032,39.816,39.565,39.076,38.238,37.153,36.037,34.853,33.63,32.406,31.165,29.878,28.583,27.184,25.641,24.028,22.457,20.909,19.514,18.35,17.368,16.42,15.505,14.784,14.314,14.015,13.749,13.537,13.288,12.941,12.526,12.151,11.814,11.382,10.805,10.142,9.488,8.805,8.239,7.865,7.609,7.337,7.094,6.742,6.206,5.562,4.958,4.358,3.862,3.533,3.317,3.096,2.887,2.696,2.51,2.331,2.172,2.035,1.877,1.683,1.467,1.265,1.075,0.893,0.724,0.567,0.41,0.268,0.173,0.114,0.082,0.054,0.04,0.031,0.021,0.011,0.005,0.003,0.001
BWA,2008,51.7,50.382,49.162,49.041,47.6,46.322,45.204,44.244,43.401,42.635,42.135,41.973,42.032,42.135,42.329,42.357,42.079,41.606,41.165,40.675,40.29,40.095,39.987,39.789,39.555,39.078,38.244,37.155,36.035,34.849,33.61,32.349,31.058,29.723,28.379,26.944,25.388,23.776,22.205,20.659,19.274,18.132,17.18,16.261,15.377,14.684,14.232,13.944,13.69,13.488,13.242,12.89,12.463,12.076,11.724,11.277,10.69,10.02,9.356,8.665,8.087,7.699,7.426,7.138,6.879,6.518,5.984,5.348,4.753,4.163,3.673,3.346,3.128,2.907,2.699,2.506,2.317,2.133,1.97,1.83,1.673,1.484,1.277,1.086,0.904,0.737,0.588,0.456,0.318,0.202,0.133,0.088,0.06,0.039,0.028,0.022,0.015,0.007,0.003,0.001
BWA,2009,51.902,50.994,50.055,49.098,48.599,47.389,46.262,45.229,44.299,43.433,42.59,42.034,41.877,41.976,42.092,42.287,42.309,42.014,41.52,41.055,40.54,40.143,39.958,39.873,39.694,39.479,39.016,38.186,37.094,35.972,34.787,33.534,32.238,30.899,29.517,28.127,26.66,25.092,23.483,21.916,20.373,19.001,17.883,16.962,16.075,15.225,14.559,14.125,13.849,13.606,13.417,13.176,12.819,12.381,11.981,11.614,11.155,10.558,9.881,9.21,8.511,7.922,7.519,7.231,6.927,6.652,6.283,5.751,5.126,4.541,3.96,3.479,3.153,2.934,2.712,2.505,2.312,2.12,1.931,1.766,1.622,1.466,1.283,1.085,0.903,0.732,0.578,0.45,0.343,0.225,0.136,0.093,0.061,0.039,0.024,0.018,0.013,0.01,0.005,0.001
BWA,2010,52.155,51.507,50.746,49.897,48.982,48.025,47.049,46.075,45.129,44.232,43.345,42.427,41.818,41.666,41.806,41.935,42.13,42.146,41.835,41.319,40.834,40.296,39.888,39.713,39.651,39.493,39.297,38.848,38.025,36.933,35.814,34.633,33.37,32.041,30.658,29.234,27.801,26.305,24.729,23.129,21.569,20.033,18.677,17.585,16.698,15.845,15.031,14.396,13.981,13.718,13.488,13.311,13.075,12.714,12.266,11.855,11.475,11.003,10.399,9.716,9.039,8.334,7.738,7.321,7.016,6.698,6.409,6.032,5.504,4.891,4.317,3.749,3.276,2.953,2.733,2.511,2.307,2.113,1.918,1.726,1.558,1.412,1.257,1.079,0.891,0.719,0.558,0.42,0.312,0.231,0.133,0.069,0.053,0.036,0.017,0.008,0.007,0.005,0.003,0.001
BWA,2011,52.869,52.007,51.316,50.534,49.682,48.778,47.845,46.908,45.952,44.986,44.044,43.119,42.167,41.524,41.343,41.458,41.561,41.729,41.722,41.396,40.867,40.37,39.819,39.405,39.233,39.177,39.025,38.838,38.39,37.553,36.44,35.301,34.105,32.822,31.468,30.057,28.61,27.155,25.653,24.102,22.544,21.027,19.535,18.233,17.207,16.392,15.611,14.87,14.29,13.907,13.655,13.436,13.269,13.031,12.65,12.172,11.729,11.311,10.814,10.203,9.525,8.85,8.148,7.553,7.133,6.821,6.498,6.204,5.828,5.305,4.7,4.134,3.575,3.11,2.789,2.568,2.347,2.144,1.953,1.76,1.57,1.404,1.261,1.112,0.947,0.777,0.617,0.473,0.357,0.265,0.192,0.109,0.057,0.044,0.029,0.014,0.007,0.005,0.003,0.001
BWA,2012,53.616,52.935,51.724,50.992,50.192,49.34,48.447,47.541,46.645,45.712,44.726,43.743,42.783,41.797,41.123,40.914,41.003,41.08,41.221,41.193,40.849,40.309,39.802,39.241,38.822,38.652,38.604,38.459,38.28,37.834,36.987,35.854,34.7,33.492,32.193,30.817,29.381,27.914,26.44,24.938,23.414,21.904,20.433,18.988,17.743,16.785,16.045,15.338,14.671,14.15,13.798,13.558,13.352,13.195,12.954,12.555,12.048,11.574,11.121,10.598,9.982,9.31,8.639,7.943,7.35,6.927,6.61,6.283,5.986,5.609,5.093,4.498,3.942,3.394,2.936,2.619,2.398,2.178,1.978,1.788,1.596,1.41,1.247,1.106,0.966,0.813,0.661,0.514,0.387,0.293,0.216,0.151,0.085,0.045,0.035,0.023,0.011,0.005,0.003,0.001
BWA,2013,54.344,53.505,52.623,51.401,50.628,49.812,48.96,48.08,47.199,46.347,45.434,44.433,43.407,42.414,41.396,40.69,40.454,40.518,40.568,40.683,40.632,40.273,39.723,39.205,38.635,38.211,38.043,38.003,37.866,37.696,37.251,36.394,35.243,34.075,32.856,31.542,30.145,28.686,27.201,25.707,24.207,22.71,21.248,19.825,18.427,17.24,16.353,15.688,15.054,14.462,13.999,13.679,13.452,13.258,13.112,12.869,12.452,11.917,11.412,10.923,10.375,9.753,9.09,8.423,7.732,7.143,6.716,6.393,6.063,5.763,5.387,4.878,4.294,3.748,3.212,2.761,2.447,2.227,2.008,1.809,1.622,1.433,1.249,1.09,0.953,0.818,0.68,0.544,0.411,0.302,0.229,0.167,0.112,0.06,0.033,0.025,0.017,0.008,0.004,0.001
BWA,2014,54.974,54.038,53.104,52.172,51.163,50.35,49.514,48.66,47.792,46.937,46.125,45.233,44.212,43.144,42.116,41.064,40.325,40.061,40.1,40.124,40.213,40.139,39.764,39.203,38.674,38.093,37.664,37.5,37.465,37.335,37.174,36.73,35.862,34.691,33.507,32.275,30.943,29.522,28.039,26.532,25.019,23.516,22.046,20.628,19.25,17.898,16.767,15.947,15.356,14.795,14.278,13.872,13.582,13.368,13.186,13.05,12.804,12.369,11.804,11.268,10.743,10.17,9.542,8.884,8.221,7.534,6.946,6.518,6.188,5.854,5.55,5.175,4.671,4.096,3.56,3.033,2.591,2.28,2.059,1.842,1.645,1.46,1.273,1.091,0.934,0.8,0.673,0.548,0.429,0.308,0.216,0.167,0.118,0.072,0.036,0.022,0.016,0.011,0.005,0.001
BWA,2015,55.444,54.559,53.681,52.811,51.946,51.086,50.228,49.37,48.513,47.653,46.822,46.048,45.174,44.131,43.016,41.948,40.86,40.086,39.793,39.806,39.805,39.867,39.77,39.378,38.803,38.262,37.667,37.23,37.068,37.041,36.917,36.764,36.32,35.437,34.243,33.039,31.79,30.437,28.988,27.474,25.941,24.405,22.896,21.447,20.07,18.733,17.423,16.345,15.59,15.071,14.58,14.134,13.784,13.526,13.323,13.152,13.026,12.777,12.321,11.726,11.157,10.594,9.995,9.357,8.704,8.042,7.358,6.772,6.337,6.001,5.662,5.353,4.977,4.477,3.91,3.382,2.864,2.428,2.118,1.897,1.68,1.485,1.3,1.115,0.936,0.781,0.65,0.529,0.416,0.314,0.205,0.131,0.103,0.071,0.033,0.012,0.01,0.007,0.005,0.002
BWA,2016,55.182,55.058,54.27,53.458,52.626,51.777,50.911,50.025,49.151,48.302,47.466,46.647,45.88,45.013,43.984,42.882,41.828,40.753,39.988,39.699,39.712,39.71,39.769,39.67,39.273,38.692,38.143,37.54,37.094,36.92,36.879,36.741,36.576,36.12,35.229,34.033,32.824,31.572,30.219,28.771,27.262,25.735,24.203,22.7,21.257,19.885,18.553,17.248,16.174,15.421,14.901,14.411,13.966,13.612,13.35,13.141,12.963,12.832,12.577,12.115,11.517,10.942,10.375,9.772,9.135,8.482,7.821,7.14,6.551,6.114,5.772,5.429,5.115,4.739,4.248,3.695,3.178,2.675,2.251,1.95,1.733,1.524,1.335,1.16,0.986,0.82,0.675,0.555,0.452,0.353,0.262,0.169,0.109,0.086,0.058,0.027,0.011,0.008,0.005,0.002
BWA,2017,54.799,54.51,54.859,54.165,53.414,52.618,51.782,50.908,49.993,49.098,48.254,47.439,46.63,45.865,45.004,43.984,42.894,41.849,40.783,40.025,39.738,39.752,39.747,39.805,39.702,39.298,38.709,38.151,37.538,37.081,36.893,36.838,36.687,36.506,36.038,35.138,33.933,32.716,31.457,30.098,28.649,27.139,25.612,24.081,22.58,21.137,19.766,18.435,17.131,16.056,15.303,14.782,14.289,13.841,13.485,13.216,13.001,12.817,12.678,12.416,11.949,11.343,10.763,10.189,9.582,8.942,8.287,7.625,6.943,6.355,5.911,5.562,5.213,4.894,4.517,4.032,3.491,2.986,2.495,2.081,1.787,1.576,1.372,1.191,1.024,0.861,0.706,0.571,0.464,0.377,0.292,0.21,0.133,0.086,0.068,0.046,0.021,0.01,0.006,0.002
BWA,2018,54.331,54.464,54.413,54.768,54.168,53.478,52.715,51.89,51.005,50.059,49.142,48.302,47.506,46.704,45.942,45.085,44.071,42.99,41.954,40.894,40.141,39.856,39.869,39.864,39.92,39.812,39.401,38.801,38.233,37.609,37.138,36.937,36.868,36.702,36.506,36.025,35.114,33.898,32.671,31.403,30.036,28.582,27.069,25.538,24.004,22.501,21.057,19.684,18.353,17.047,15.97,15.215,14.69,14.194,13.743,13.382,13.107,12.884,12.692,12.546,12.277,11.802,11.191,10.604,10.023,9.41,8.765,8.108,7.444,6.761,6.169,5.719,5.363,5.007,4.682,4.303,3.824,3.293,2.799,2.318,1.916,1.627,1.421,1.223,1.048,0.889,0.736,0.594,0.467,0.373,0.303,0.231,0.158,0.098,0.065,0.051,0.035,0.016,0.007,0.003
BWA,2019,53.845,54.348,54.6,54.622,54.686,54.18,53.551,52.82,52.008,51.112,50.134,49.195,48.359,47.581,46.787,46.028,45.174,44.167,43.094,42.065,41.013,40.265,39.982,39.994,39.988,40.042,39.93,39.51,38.901,38.321,37.685,37.203,36.988,36.904,36.723,36.514,36.019,35.095,33.868,32.632,31.353,29.979,28.518,27.002,25.469,23.932,22.427,20.98,19.605,18.272,16.965,15.887,15.128,14.6,14.101,13.646,13.281,12.999,12.769,12.571,12.417,12.14,11.658,11.039,10.445,9.857,9.238,8.589,7.929,7.263,6.578,5.983,5.528,5.164,4.802,4.47,4.09,3.616,3.094,2.61,2.142,1.749,1.467,1.266,1.075,0.904,0.754,0.612,0.481,0.364,0.283,0.228,0.169,0.107,0.062,0.042,0.033,0.022,0.01,0.004
BWA,2020,53.41,54.151,54.611,54.815,54.788,54.555,54.142,53.576,52.879,52.078,51.174,50.164,49.204,48.372,47.614,46.829,46.071,45.222,44.223,43.16,42.139,41.094,40.352,40.071,40.084,40.076,40.129,40.013,39.585,38.966,38.377,37.73,37.235,37.006,36.908,36.713,36.488,35.979,35.044,33.809,32.563,31.276,29.894,28.43,26.912,25.377,23.838,22.332,20.884,19.509,18.176,16.868,15.788,15.028,14.497,13.996,13.538,13.168,12.881,12.643,12.437,12.276,11.992,11.503,10.877,10.277,9.682,9.058,8.406,7.743,7.074,6.39,5.792,5.331,4.959,4.591,4.254,3.871,3.404,2.892,2.419,1.963,1.581,1.306,1.109,0.924,0.76,0.618,0.486,0.368,0.26,0.191,0.154,0.109,0.055,0.026,0.021,0.016,0.01,0.004
BWA,2021,53.115,53.573,54.199,54.591,54.763,54.734,54.53,54.176,53.652,52.959,52.14,51.23,50.223,49.267,48.442,47.694,46.917,46.166,45.322,44.326,43.263,42.241,41.195,40.448,40.161,40.163,40.144,40.185,40.056,39.617,38.984,38.381,37.72,37.212,36.969,36.857,36.648,36.411,35.891,34.949,33.707,32.456,31.164,29.778,28.31,26.789,25.251,23.711,22.203,20.757,19.383,18.049,16.741,15.662,14.899,14.364,13.86,13.398,13.022,12.725,12.476,12.259,12.086,11.79,11.291,10.656,10.047,9.444,8.812,8.157,7.494,6.825,6.142,5.545,5.08,4.703,4.33,3.988,3.61,3.156,2.665,2.212,1.777,1.414,1.156,0.974,0.801,0.655,0.531,0.415,0.309,0.216,0.16,0.128,0.09,0.045,0.023,0.017,0.011,0.005
BWA,2022,52.878,53.66,53.69,54.202,54.523,54.664,54.633,54.458,54.163,53.683,52.995,52.157,51.243,50.239,49.289,48.471,47.733,46.965,46.222,45.384,44.391,43.329,42.307,41.26,40.511,40.215,40.206,40.178,40.207,40.065,39.613,38.968,38.352,37.679,37.158,36.901,36.775,36.553,36.303,35.773,34.823,33.577,32.322,31.026,29.637,28.168,26.644,25.104,23.564,22.056,20.61,19.238,17.907,16.601,15.522,14.757,14.22,13.712,13.247,12.866,12.559,12.298,12.069,11.884,11.578,11.07,10.426,9.809,9.196,8.559,7.901,7.237,6.57,5.889,5.293,4.824,4.441,4.065,3.72,3.346,2.905,2.434,2.002,1.588,1.245,1.005,0.838,0.677,0.549,0.444,0.343,0.249,0.17,0.127,0.102,0.071,0.035,0.019,0.012,0.005
BWA,2023,52.724,53.365,53.864,53.777,54.174,54.425,54.533,54.501,54.355,54.12,53.683,53,52.143,51.228,50.227,49.281,48.473,47.744,46.985,46.251,45.42,44.43,43.369,42.348,41.302,40.549,40.246,40.228,40.189,40.206,40.052,39.588,38.931,38.302,37.616,37.081,36.811,36.672,36.438,36.175,35.635,34.678,33.428,32.169,30.871,29.481,28.009,26.484,24.945,23.403,21.896,20.452,19.084,17.754,16.452,15.373,14.608,14.069,13.557,13.089,12.702,12.386,12.114,11.874,11.677,11.36,10.842,10.191,9.565,8.945,8.301,7.641,6.977,6.311,5.634,5.038,4.565,4.177,3.798,3.45,3.08,2.653,2.203,1.791,1.399,1.076,0.852,0.701,0.554,0.442,0.356,0.272,0.189,0.126,0.094,0.075,0.052,0.026,0.013,0.005
BWA,2024,52.672,53.124,53.512,53.832,53.855,54.136,54.318,54.394,54.361,54.244,54.067,53.674,52.996,52.121,51.203,50.206,49.266,48.467,47.748,46.998,46.272,45.447,44.462,43.403,42.383,41.337,40.581,40.272,40.243,40.193,40.198,40.032,39.557,38.887,38.246,37.547,37,36.716,36.564,36.316,36.041,35.491,34.527,33.274,32.012,30.711,29.319,27.845,26.32,24.781,23.24,21.734,20.292,18.926,17.6,16.299,15.222,14.456,13.914,13.4,12.929,12.536,12.212,11.928,11.676,11.469,11.141,10.614,9.954,9.32,8.692,8.042,7.38,6.716,6.052,5.377,4.781,4.307,3.914,3.53,3.18,2.813,2.401,1.971,1.579,1.209,0.907,0.701,0.564,0.43,0.336,0.269,0.201,0.129,0.081,0.062,0.049,0.033,0.016,0.006
BWA,2025,52.728,52.978,53.236,53.49,53.728,53.937,54.103,54.215,54.259,54.224,54.136,54.018,53.669,52.996,52.103,51.181,50.189,49.255,48.463,47.755,47.014,46.297,45.479,44.497,43.439,42.421,41.375,40.616,40.299,40.261,40.2,40.193,40.015,39.527,38.846,38.193,37.482,36.921,36.624,36.458,36.198,35.909,35.349,34.38,33.122,31.856,30.553,29.159,27.684,26.159,24.618,23.077,21.572,20.133,18.77,17.445,16.148,15.072,14.305,13.761,13.244,12.77,12.371,12.039,11.743,11.48,11.261,10.922,10.385,9.718,9.075,8.439,7.784,7.12,6.457,5.793,5.122,4.526,4.048,3.65,3.263,2.91,2.548,2.148,1.739,1.369,1.02,0.738,0.55,0.428,0.307,0.229,0.182,0.129,0.069,0.036,0.03,0.022,0.015,0.006
BWA,2026,52.95,52.755,52.973,53.213,53.461,53.7,53.92,54.107,54.235,54.284,54.246,54.159,54.046,53.701,53.036,52.153,51.238,50.253,49.326,48.538,47.829,47.088,46.368,45.547,44.559,43.494,42.465,41.409,40.639,40.31,40.258,40.182,40.161,39.969,39.467,38.776,38.111,37.388,36.817,36.508,36.333,36.063,35.765,35.197,34.219,32.955,31.684,30.375,28.977,27.501,25.974,24.434,22.893,21.388,19.951,18.589,17.266,15.969,14.892,14.122,13.57,13.047,12.566,12.158,11.811,11.499,11.22,10.984,10.632,10.083,9.407,8.756,8.112,7.454,6.79,6.13,5.47,4.808,4.22,3.747,3.354,2.976,2.631,2.282,1.91,1.536,1.188,0.873,0.636,0.471,0.359,0.254,0.19,0.152,0.107,0.057,0.03,0.024,0.015,0.006
BWA,2027,53.273,53.09,52.765,52.951,53.172,53.413,53.656,53.887,54.095,54.239,54.292,54.251,54.166,54.056,53.716,53.06,52.185,51.28,50.303,49.382,48.596,47.888,47.146,46.426,45.602,44.607,43.534,42.497,41.431,40.65,40.307,40.241,40.151,40.116,39.91,39.396,38.693,38.016,37.283,36.7,36.381,36.196,35.915,35.609,35.032,34.049,32.778,31.501,30.188,28.787,27.309,25.783,24.242,22.7,21.197,19.762,18.403,17.082,15.786,14.708,13.933,13.375,12.846,12.359,11.941,11.58,11.252,10.957,10.705,10.338,9.778,9.093,8.435,7.783,7.121,6.457,5.801,5.147,4.492,3.913,3.446,3.059,2.688,2.35,2.017,1.672,1.33,1.006,0.727,0.534,0.393,0.29,0.202,0.152,0.121,0.085,0.045,0.024,0.016,0.008
BWA,2028,53.649,53.257,53.029,52.764,52.919,53.122,53.356,53.601,53.844,54.073,54.232,54.289,54.246,54.162,54.056,53.721,53.072,52.208,51.311,50.343,49.427,48.645,47.938,47.196,46.474,45.646,44.647,43.565,42.52,41.444,40.652,40.297,40.218,40.113,40.062,39.842,39.317,38.602,37.914,37.171,36.578,36.248,36.051,35.762,35.446,34.862,33.871,32.595,31.313,29.995,28.59,27.112,25.586,24.046,22.505,21.003,19.569,18.212,16.893,15.599,14.521,13.742,13.179,12.643,12.149,11.721,11.347,11.002,10.69,10.424,10.042,9.471,8.778,8.111,7.453,6.786,6.123,5.471,4.823,4.177,3.605,3.143,2.763,2.399,2.069,1.751,1.433,1.126,0.825,0.58,0.431,0.315,0.221,0.149,0.113,0.089,0.062,0.033,0.017,0.008
BWA,2029,54.011,53.453,53.086,52.885,52.76,52.883,53.068,53.294,53.541,53.795,54.045,54.222,54.282,54.236,54.155,54.05,53.722,53.081,52.227,51.339,50.379,49.47,48.69,47.983,47.242,46.519,45.688,44.683,43.594,42.539,41.455,40.652,40.284,40.19,40.072,40.007,39.773,39.234,38.509,37.81,37.055,36.451,36.111,35.904,35.606,35.281,34.688,33.691,32.409,31.123,29.8,28.392,26.912,25.387,23.848,22.307,20.806,19.375,18.02,16.703,15.411,14.333,13.55,12.98,12.438,11.938,11.501,11.112,10.752,10.425,10.142,9.746,9.164,8.462,7.787,7.121,6.451,5.789,5.14,4.498,3.86,3.296,2.84,2.465,2.11,1.788,1.486,1.194,0.921,0.644,0.433,0.328,0.236,0.152,0.097,0.074,0.058,0.041,0.021,0.008
BWA,2030,54.304,53.647,53.188,52.902,52.765,52.753,52.843,53.01,53.23,53.479,53.746,54.015,54.208,54.274,54.224,54.144,54.044,53.72,53.087,52.243,51.363,50.412,49.509,48.733,48.026,47.284,46.562,45.728,44.717,43.62,42.557,41.463,40.649,40.269,40.161,40.029,39.949,39.7,39.15,38.413,37.704,36.938,36.324,35.973,35.756,35.447,35.114,34.513,33.509,32.221,30.931,29.603,28.193,26.713,25.187,23.649,22.108,20.609,19.18,17.828,16.513,15.223,14.143,13.358,12.782,12.233,11.726,11.28,10.878,10.5,10.157,9.859,9.449,8.857,8.145,7.463,6.79,6.116,5.454,4.81,4.173,3.544,2.988,2.539,2.169,1.821,1.506,1.22,0.955,0.715,0.462,0.286,0.226,0.158,0.083,0.044,0.036,0.027,0.018,0.009
BWA,2031,54.525,54.159,53.593,53.193,52.938,52.81,52.786,52.842,52.985,53.209,53.479,53.755,54.029,54.225,54.299,54.259,54.186,54.094,53.775,53.146,52.302,51.422,50.47,49.564,48.78,48.066,47.314,46.58,45.735,44.713,43.605,42.53,41.425,40.598,40.204,40.083,39.937,39.843,39.583,39.023,38.278,37.561,36.788,36.165,35.803,35.573,35.253,34.908,34.297,33.286,31.993,30.697,29.365,27.951,26.468,24.943,23.403,21.862,20.362,18.933,17.58,16.265,14.973,13.89,13.098,12.513,11.955,11.44,10.981,10.561,10.164,9.802,9.485,9.061,8.458,7.742,7.055,6.379,5.708,5.059,4.433,3.817,3.209,2.677,2.254,1.91,1.584,1.299,1.052,0.817,0.6,0.382,0.239,0.188,0.131,0.068,0.038,0.028,0.019,0.009
BWA,2032,54.671,54.05,54.016,53.542,53.199,52.975,52.857,52.821,52.842,52.962,53.19,53.48,53.765,54.042,54.245,54.326,54.295,54.23,54.146,53.833,53.206,52.362,51.483,50.529,49.62,48.83,48.106,47.345,46.6,45.744,44.711,43.592,42.505,41.386,40.547,40.14,40.006,39.847,39.739,39.466,38.898,38.145,37.419,36.639,36.007,35.635,35.391,35.059,34.702,34.082,33.064,31.766,30.464,29.128,27.711,26.227,24.699,23.159,21.616,20.116,18.686,17.334,16.017,14.725,13.638,12.839,12.244,11.677,11.153,10.682,10.245,9.828,9.447,9.113,8.674,8.06,7.337,6.646,5.968,5.301,4.663,4.056,3.461,2.875,2.368,1.969,1.652,1.346,1.092,0.883,0.68,0.484,0.301,0.192,0.15,0.104,0.054,0.03,0.019,0.009
BWA,2033,54.764,54.244,53.825,53.87,53.487,53.203,53.01,52.902,52.852,52.839,52.936,53.168,53.479,53.774,54.055,54.262,54.351,54.328,54.272,54.195,53.888,53.264,52.421,51.541,50.587,49.673,48.877,48.144,47.373,46.618,45.75,44.706,43.576,42.478,41.347,40.495,40.075,39.927,39.755,39.633,39.348,38.77,38.01,37.276,36.489,35.848,35.464,35.208,34.864,34.495,33.865,32.84,31.537,30.231,28.889,27.47,25.982,24.455,22.912,21.37,19.868,18.439,17.086,15.769,14.474,13.384,12.579,11.975,11.399,10.866,10.382,9.928,9.491,9.091,8.739,8.285,7.662,6.933,6.238,5.556,4.893,4.268,3.679,3.103,2.54,2.058,1.684,1.395,1.109,0.884,0.714,0.542,0.368,0.221,0.145,0.113,0.078,0.039,0.021,0.009
BWA,2034,54.841,54.433,54.078,53.777,53.716,53.423,53.198,53.036,52.937,52.876,52.829,52.902,53.138,53.469,53.773,54.057,54.27,54.366,54.353,54.305,54.235,53.934,53.313,52.47,51.591,50.636,49.719,48.916,48.175,47.394,46.628,45.75,44.695,43.553,42.443,41.3,40.436,40.003,39.842,39.656,39.52,39.224,38.636,37.868,37.126,36.332,35.683,35.288,35.019,34.663,34.282,33.643,32.61,31.303,29.992,28.647,27.223,25.735,24.206,22.663,21.12,19.618,18.189,16.836,15.518,14.222,13.128,12.317,11.705,11.119,10.577,10.082,9.61,9.153,8.735,8.364,7.895,7.262,6.528,5.828,5.143,4.484,3.872,3.302,2.746,2.206,1.747,1.399,1.136,0.871,0.677,0.545,0.403,0.251,0.142,0.098,0.075,0.051,0.026,0.01
BWA,2035,54.932,54.616,54.317,54.038,53.781,53.551,53.351,53.183,53.053,52.962,52.889,52.807,52.858,53.097,53.449,53.762,54.05,54.268,54.372,54.367,54.327,54.266,53.97,53.352,52.51,51.63,50.674,49.755,48.946,48.196,47.406,46.63,45.74,44.675,43.522,42.401,41.246,40.37,39.924,39.749,39.549,39.4,39.091,38.494,37.719,36.97,36.169,35.512,35.105,34.823,34.455,34.063,33.414,32.375,31.063,29.748,28.398,26.972,25.482,23.953,22.409,20.865,19.364,17.934,16.582,15.263,13.967,12.871,12.052,11.431,10.837,10.286,9.779,9.29,8.813,8.376,7.988,7.504,6.861,6.122,5.417,4.731,4.075,3.475,2.923,2.388,1.871,1.436,1.114,0.876,0.633,0.469,0.377,0.265,0.135,0.062,0.05,0.037,0.024,0.011
BWA,2036,55.084,54.901,54.601,54.313,54.041,53.788,53.559,53.356,53.188,53.062,52.979,52.909,52.831,52.887,53.135,53.496,53.818,54.114,54.337,54.443,54.438,54.397,54.335,54.035,53.409,52.558,51.67,50.702,49.771,48.95,48.187,47.384,46.594,45.691,44.614,43.451,42.319,41.155,40.266,39.81,39.625,39.414,39.255,38.935,38.328,37.542,36.784,35.973,35.305,34.886,34.591,34.21,33.806,33.144,32.097,30.776,29.454,28.097,26.665,25.168,23.633,22.085,20.534,19.028,17.597,16.243,14.924,13.627,12.526,11.7,11.068,10.464,9.906,9.385,8.878,8.379,7.923,7.518,7.025,6.384,5.656,4.965,4.292,3.66,3.094,2.585,2.081,1.611,1.24,0.956,0.737,0.526,0.392,0.314,0.22,0.111,0.055,0.041,0.027,0.012
BWA,2037,55.244,55.039,54.862,54.579,54.302,54.036,53.787,53.559,53.354,53.186,53.064,52.987,52.922,52.848,52.91,53.165,53.535,53.865,54.17,54.398,54.506,54.502,54.46,54.395,54.092,53.459,52.6,51.701,50.724,49.78,48.947,48.171,47.355,46.551,45.636,44.547,43.375,42.233,41.057,40.159,39.691,39.495,39.274,39.103,38.773,38.157,37.361,36.593,35.773,35.094,34.662,34.355,33.96,33.543,32.871,31.813,30.486,29.156,27.792,26.353,24.851,23.311,21.756,20.2,18.69,17.257,15.903,14.582,13.284,12.179,11.346,10.704,10.09,9.524,8.991,8.465,7.945,7.469,7.046,6.544,5.905,5.189,4.511,3.852,3.244,2.713,2.249,1.775,1.351,1.044,0.798,0.597,0.419,0.314,0.25,0.176,0.088,0.046,0.031,0.013
BWA,2038,55.384,55.214,55.01,54.815,54.547,54.282,54.023,53.778,53.55,53.344,53.175,53.056,52.986,52.928,52.857,52.923,53.187,53.566,53.904,54.216,54.451,54.562,54.556,54.514,54.447,54.14,53.501,52.632,51.724,50.736,49.783,48.937,48.148,47.319,46.501,45.573,44.474,43.291,42.138,40.953,40.044,39.565,39.359,39.127,38.945,38.606,37.979,37.173,36.396,35.566,34.877,34.433,34.111,33.704,33.275,32.592,31.525,30.191,28.853,27.483,26.037,24.53,22.984,21.424,19.863,18.348,16.914,15.56,14.239,12.939,11.832,10.99,10.337,9.714,9.139,8.595,8.05,7.508,7.014,6.573,6.062,5.426,4.721,4.056,3.412,2.827,2.332,1.91,1.467,1.091,0.847,0.64,0.457,0.312,0.236,0.187,0.13,0.065,0.034,0.015
BWA,2039,55.472,55.34,55.168,54.965,54.759,54.507,54.253,54.001,53.761,53.534,53.324,53.156,53.041,52.978,52.924,52.857,52.929,53.2,53.588,53.935,54.255,54.496,54.609,54.603,54.559,54.491,54.18,53.535,52.657,51.739,50.741,49.776,48.919,48.118,47.275,46.445,45.504,44.394,43.201,42.037,40.842,39.923,39.434,39.217,38.975,38.782,38.431,37.795,36.98,36.193,35.354,34.655,34.199,33.864,33.444,33.001,32.307,31.231,29.89,28.546,27.17,25.718,24.205,22.653,21.089,19.522,18.005,16.569,15.214,13.891,12.592,11.481,10.632,9.969,9.336,8.754,8.198,7.634,7.071,6.558,6.1,5.579,4.946,4.252,3.601,2.972,2.41,1.951,1.572,1.16,0.831,0.651,0.482,0.316,0.205,0.158,0.124,0.085,0.041,0.017
BWA,2040,55.484,55.404,55.277,55.111,54.915,54.696,54.459,54.217,53.972,53.735,53.51,53.298,53.129,53.019,52.962,52.913,52.85,52.927,53.206,53.604,53.959,54.286,54.531,54.648,54.641,54.597,54.527,54.212,53.56,52.674,51.746,50.739,49.763,48.894,48.081,47.225,46.381,45.428,44.307,43.104,41.931,40.725,39.797,39.297,39.069,38.816,38.613,38.253,37.606,36.782,35.984,35.137,34.428,33.959,33.611,33.178,32.724,32.018,30.935,29.586,28.235,26.852,25.395,23.876,22.319,20.751,19.179,17.657,16.221,14.867,13.544,12.243,11.129,10.273,9.6,8.958,8.368,7.799,7.217,6.633,6.102,5.626,5.096,4.465,3.784,3.146,2.53,1.993,1.569,1.234,0.853,0.57,0.455,0.323,0.176,0.097,0.08,0.061,0.04,0.018
BWA,2041,55.452,55.476,55.398,55.272,55.11,54.915,54.699,54.465,54.226,53.985,53.752,53.531,53.324,53.16,53.058,53.01,52.97,52.916,52.999,53.281,53.679,54.032,54.359,54.601,54.709,54.693,54.637,54.556,54.228,53.563,52.665,51.725,50.703,49.713,48.832,48.006,47.139,46.282,45.318,44.188,42.978,41.798,40.585,39.648,39.137,38.895,38.629,38.412,38.039,37.381,36.547,35.74,34.882,34.161,33.677,33.311,32.861,32.389,31.667,30.567,29.204,27.838,26.441,24.972,23.443,21.877,20.3,18.722,17.195,15.759,14.406,13.086,11.79,10.677,9.813,9.13,8.48,7.886,7.311,6.722,6.13,5.595,5.115,4.596,3.996,3.36,2.752,2.187,1.725,1.349,1.036,0.708,0.477,0.38,0.269,0.146,0.085,0.065,0.043,0.019
BWA,2042,55.348,55.417,55.461,55.384,55.262,55.101,54.909,54.695,54.465,54.228,53.992,53.763,53.546,53.342,53.184,53.09,53.053,53.022,52.975,53.064,53.35,53.747,54.1,54.425,54.663,54.763,54.738,54.672,54.578,54.237,53.561,52.65,51.695,50.66,49.658,48.763,47.927,47.046,46.178,45.202,44.064,42.846,41.659,40.44,39.494,38.97,38.716,38.436,38.205,37.82,37.151,36.308,35.49,34.623,33.889,33.389,33.006,32.539,32.05,31.311,30.196,28.817,27.437,26.026,24.544,23.005,21.432,19.847,18.261,16.731,15.294,13.945,12.627,11.335,10.222,9.353,8.659,8.002,7.402,6.821,6.225,5.626,5.086,4.602,4.094,3.527,2.937,2.358,1.842,1.457,1.128,0.839,0.563,0.385,0.305,0.216,0.115,0.068,0.044,0.02
BWA,2043,55.184,55.334,55.406,55.436,55.362,55.242,55.083,54.894,54.682,54.455,54.222,53.989,53.766,53.553,53.352,53.2,53.115,53.087,53.064,53.027,53.122,53.409,53.806,54.159,54.482,54.716,54.809,54.774,54.696,54.592,54.239,53.55,52.626,51.659,50.61,49.594,48.688,47.839,46.946,46.065,45.079,43.933,42.709,41.515,40.288,39.334,38.799,38.531,38.238,37.993,37.595,36.916,36.063,35.236,34.358,33.612,33.096,32.695,32.212,31.706,30.951,29.82,28.426,27.031,25.607,24.113,22.564,20.984,19.392,17.798,16.264,14.827,13.481,12.166,10.879,9.766,8.891,8.186,7.522,6.918,6.332,5.726,5.121,4.577,4.089,3.591,3.056,2.512,1.963,1.498,1.188,0.907,0.642,0.419,0.291,0.229,0.161,0.085,0.047,0.021
BWA,2044,54.982,55.202,55.34,55.401,55.404,55.331,55.212,55.056,54.87,54.661,54.437,54.207,53.979,53.759,53.55,53.354,53.207,53.13,53.112,53.098,53.069,53.17,53.461,53.857,54.209,54.531,54.761,54.846,54.8,54.712,54.596,54.231,53.53,52.593,51.614,50.552,49.522,48.603,47.743,46.839,45.946,44.949,43.794,42.564,41.363,40.13,39.166,38.621,38.34,38.033,37.775,37.364,36.674,35.812,34.975,34.088,33.329,32.798,32.38,31.879,31.357,30.586,29.438,28.03,26.622,25.184,23.678,22.12,20.532,18.933,17.333,15.795,14.358,13.014,11.703,10.42,9.308,8.427,7.712,7.041,6.431,5.84,5.228,4.616,4.067,3.577,3.088,2.585,2.088,1.568,1.153,0.92,0.686,0.446,0.274,0.197,0.154,0.107,0.054,0.022
BWA,2045,54.755,55.03,55.221,55.334,55.378,55.361,55.29,55.174,55.02,54.836,54.63,54.41,54.182,53.957,53.743,53.538,53.346,53.205,53.135,53.128,53.122,53.101,53.209,53.502,53.898,54.25,54.569,54.795,54.873,54.818,54.719,54.59,54.214,53.5,52.552,51.559,50.484,49.443,48.512,47.639,46.723,45.818,44.811,43.648,42.411,41.204,39.965,38.993,38.436,38.141,37.821,37.549,37.126,36.426,35.555,34.707,33.811,33.04,32.495,32.059,31.542,31.003,30.215,29.052,27.631,26.208,24.757,23.24,21.672,20.076,18.471,16.863,15.322,13.886,12.546,11.238,9.961,8.849,7.962,7.238,6.558,5.946,5.348,4.729,4.109,3.557,3.062,2.585,2.114,1.663,1.174,0.808,0.652,0.465,0.248,0.128,0.104,0.079,0.052,0.024
BWA,2046,54.556,54.792,55.041,55.216,55.322,55.367,55.356,55.3,55.195,55.045,54.86,54.657,54.439,54.219,54.002,53.796,53.601,53.418,53.283,53.218,53.209,53.204,53.183,53.287,53.572,53.959,54.3,54.608,54.821,54.886,54.816,54.704,54.559,54.168,53.441,52.48,51.475,50.387,49.334,48.393,47.511,46.586,45.67,44.654,43.482,42.237,41.018,39.77,38.789,38.219,37.909,37.575,37.288,36.848,36.136,35.251,34.391,33.479,32.691,32.122,31.657,31.112,30.546,29.732,28.546,27.102,25.66,24.188,22.655,21.077,19.474,17.864,16.253,14.712,13.282,11.951,10.654,9.391,8.292,7.411,6.691,6.02,5.416,4.835,4.24,3.652,3.12,2.663,2.244,1.819,1.401,0.976,0.678,0.545,0.387,0.206,0.113,0.085,0.057,0.026
BWA,2047,54.336,54.664,54.818,55.041,55.2,55.299,55.343,55.341,55.298,55.206,55.059,54.873,54.672,54.459,54.244,54.036,53.841,53.654,53.479,53.351,53.288,53.281,53.276,53.254,53.354,53.633,54.01,54.34,54.638,54.838,54.889,54.804,54.676,54.517,54.111,53.371,52.398,51.381,50.28,49.216,48.264,47.373,46.439,45.514,44.489,43.308,42.052,40.826,39.569,38.577,37.994,37.671,37.322,37.018,36.564,35.838,34.941,34.066,33.142,32.336,31.742,31.25,30.677,30.083,29.244,28.034,26.569,25.105,23.615,22.066,20.477,18.869,17.253,15.639,14.099,12.675,11.352,10.068,8.82,7.732,6.859,6.143,5.479,4.885,4.32,3.749,3.193,2.682,2.263,1.901,1.523,1.14,0.78,0.546,0.438,0.31,0.163,0.093,0.062,0.028
BWA,2048,54.103,54.434,54.706,54.835,55.032,55.174,55.266,55.31,55.315,55.287,55.206,55.062,54.876,54.677,54.469,54.259,54.06,53.874,53.697,53.529,53.408,53.349,53.343,53.338,53.316,53.412,53.683,54.051,54.371,54.656,54.844,54.881,54.782,54.639,54.465,54.045,53.292,52.307,51.277,50.165,49.089,48.128,47.227,46.283,45.349,44.314,43.125,41.862,40.626,39.36,38.357,37.762,37.425,37.061,36.742,36.272,35.534,34.623,33.737,32.798,31.975,31.356,30.836,30.236,29.615,28.75,27.517,26.03,24.546,23.037,21.473,19.874,18.259,16.639,15.022,13.483,12.064,10.752,9.48,8.246,7.172,6.304,5.593,4.937,4.354,3.804,3.258,2.734,2.244,1.862,1.557,1.227,0.877,0.582,0.416,0.331,0.234,0.121,0.067,0.03
BWA,2049,53.87,54.191,54.467,54.699,54.843,55.013,55.139,55.225,55.268,55.28,55.267,55.197,55.058,54.869,54.674,54.47,54.267,54.075,53.899,53.73,53.572,53.457,53.401,53.396,53.392,53.367,53.461,53.725,54.083,54.391,54.666,54.84,54.864,54.751,54.593,54.404,53.969,53.203,52.206,51.165,50.041,48.954,47.983,47.073,46.12,45.177,44.134,42.936,41.663,40.42,39.145,38.131,37.524,37.172,36.794,36.459,35.976,35.224,34.301,33.4,32.45,31.609,30.966,30.417,29.789,29.143,28.251,26.995,25.488,23.984,22.456,20.876,19.267,17.647,16.022,14.403,12.866,11.453,10.151,8.889,7.672,6.61,5.749,5.043,4.395,3.821,3.289,2.767,2.274,1.806,1.461,1.214,0.932,0.615,0.384,0.285,0.225,0.156,0.078,0.033
BWA,2050,53.646,53.947,54.218,54.457,54.665,54.84,54.984,55.095,55.173,55.217,55.236,55.237,55.179,55.043,54.855,54.662,54.461,54.264,54.08,53.914,53.755,53.605,53.496,53.444,53.441,53.435,53.411,53.501,53.758,54.106,54.404,54.666,54.827,54.838,54.711,54.538,54.333,53.885,53.106,52.097,51.044,49.909,48.81,47.829,46.912,45.949,44.997,43.945,42.739,41.458,40.206,38.923,37.9,37.28,36.914,36.522,36.171,35.673,34.908,33.973,33.059,32.096,31.237,30.571,29.993,29.339,28.665,27.748,26.469,24.941,23.417,21.87,20.278,18.658,17.031,15.404,13.782,12.246,10.84,9.547,8.299,7.097,6.047,5.194,4.493,3.853,3.29,2.772,2.276,1.815,1.368,1.06,0.871,0.635,0.352,0.187,0.155,0.118,0.079,0.035
BWA,2051,53.486,53.676,53.96,54.22,54.455,54.664,54.843,54.997,55.116,55.198,55.243,55.265,55.27,55.217,55.09,54.911,54.728,54.536,54.344,54.165,54,53.841,53.69,53.579,53.52,53.508,53.494,53.458,53.537,53.781,54.114,54.398,54.644,54.791,54.787,54.645,54.459,54.239,53.776,52.987,51.968,50.906,49.76,48.653,47.66,46.729,45.756,44.791,43.727,42.512,41.222,39.96,38.665,37.63,36.994,36.61,36.198,35.827,35.307,34.521,33.565,32.627,31.641,30.756,30.053,29.435,28.742,28.031,27.079,25.77,24.218,22.672,21.107,19.5,17.874,16.248,14.624,13.009,11.489,10.108,8.848,7.636,6.474,5.465,4.653,3.991,3.383,2.867,2.411,1.964,1.535,1.144,0.89,0.729,0.53,0.292,0.166,0.127,0.085,0.039
BWA,2052,53.338,53.566,53.695,53.963,54.212,54.442,54.651,54.836,54.998,55.125,55.21,55.256,55.281,55.291,55.244,55.124,54.956,54.782,54.599,54.414,54.238,54.074,53.916,53.765,53.65,53.585,53.565,53.54,53.495,53.56,53.791,54.111,54.38,54.612,54.744,54.724,54.569,54.367,54.132,53.657,52.856,51.827,50.756,49.601,48.483,47.48,46.537,45.552,44.575,43.5,42.275,40.976,39.704,38.4,37.352,36.701,36.298,35.868,35.475,34.934,34.127,33.149,32.189,31.18,30.267,29.528,28.871,28.139,27.389,26.405,25.067,23.49,21.922,20.338,18.718,17.086,15.461,13.84,12.233,10.729,9.374,8.148,6.973,5.849,4.883,4.109,3.489,2.911,2.444,2.049,1.65,1.256,0.92,0.719,0.587,0.425,0.231,0.136,0.091,0.042
BWA,2053,53.191,53.375,53.572,53.704,53.954,54.194,54.42,54.627,54.817,54.988,55.123,55.211,55.26,55.288,55.301,55.261,55.149,54.991,54.825,54.651,54.473,54.301,54.138,53.98,53.829,53.712,53.641,53.61,53.577,53.52,53.575,53.792,54.098,54.352,54.569,54.686,54.651,54.481,54.265,54.016,53.527,52.716,51.678,50.596,49.432,48.305,47.29,46.337,45.34,44.35,43.265,42.03,40.723,39.442,38.128,37.067,36.401,35.98,35.529,35.117,34.554,33.726,32.727,31.745,30.713,29.772,28.999,28.301,27.531,26.744,25.725,24.358,22.757,21.168,19.565,17.933,16.295,14.67,13.054,11.454,9.967,8.638,7.446,6.307,5.224,4.297,3.566,2.985,2.44,2.021,1.686,1.336,0.976,0.696,0.549,0.445,0.319,0.171,0.097,0.044
BWA,2054,53.029,53.176,53.345,53.534,53.703,53.937,54.166,54.386,54.595,54.789,54.969,55.112,55.204,55.253,55.285,55.303,55.267,55.165,55.016,54.86,54.694,54.522,54.355,54.193,54.035,53.884,53.763,53.686,53.648,53.604,53.537,53.579,53.784,54.076,54.314,54.516,54.618,54.569,54.384,54.154,53.89,53.388,52.566,51.518,50.428,49.255,48.118,47.093,46.127,45.119,44.117,43.021,41.777,40.463,39.172,37.849,36.777,36.094,35.655,35.185,34.751,34.168,33.32,32.299,31.294,30.241,29.273,28.464,27.726,26.917,26.093,25.04,23.646,22.021,20.411,18.789,17.144,15.502,13.877,12.266,10.675,9.203,7.901,6.742,5.64,4.598,3.713,3.022,2.481,1.968,1.598,1.323,1.022,0.696,0.471,0.377,0.303,0.214,0.111,0.048
BWA,2055,52.841,52.963,53.115,53.29,53.485,53.694,53.909,54.128,54.344,54.553,54.751,54.941,55.092,55.187,55.237,55.272,55.294,55.264,55.171,55.031,54.884,54.726,54.562,54.398,54.238,54.081,53.928,53.805,53.723,53.675,53.623,53.545,53.575,53.766,54.044,54.268,54.454,54.54,54.477,54.278,54.034,53.754,53.24,52.406,51.351,50.251,49.07,47.923,46.888,45.911,44.891,43.878,42.77,41.518,40.196,38.897,37.563,36.48,35.782,35.324,34.836,34.381,33.777,32.907,31.866,30.839,29.765,28.769,27.924,27.147,26.3,25.439,24.352,22.929,21.281,19.65,18.01,16.353,14.706,13.082,11.476,9.893,8.438,7.163,6.038,4.973,3.971,3.128,2.477,1.977,1.494,1.174,0.96,0.707,0.416,0.246,0.206,0.16,0.108,0.05
BWA,2056,52.668,52.834,52.969,53.128,53.309,53.505,53.712,53.923,54.14,54.359,54.574,54.779,54.973,55.129,55.233,55.292,55.338,55.367,55.345,55.255,55.117,54.97,54.814,54.646,54.476,54.307,54.141,53.979,53.844,53.749,53.689,53.624,53.531,53.547,53.724,53.987,54.198,54.368,54.44,54.364,54.152,53.895,53.604,53.076,52.231,51.163,50.05,48.857,47.699,46.65,45.66,44.628,43.6,42.479,41.214,39.88,38.568,37.221,36.119,35.396,34.91,34.391,33.905,33.269,32.367,31.293,30.234,29.129,28.096,27.206,26.378,25.484,24.579,23.454,22.001,20.331,18.682,17.03,15.374,13.744,12.153,10.583,9.04,7.637,6.43,5.382,4.372,3.455,2.726,2.144,1.677,1.253,0.987,0.805,0.592,0.345,0.213,0.166,0.112,0.052
BWA,2057,52.469,52.591,52.818,52.965,53.134,53.318,53.516,53.721,53.928,54.143,54.366,54.588,54.797,54.995,55.158,55.271,55.34,55.393,55.432,55.417,55.331,55.194,55.048,54.89,54.721,54.544,54.368,54.192,54.02,53.874,53.768,53.694,53.616,53.51,53.511,53.673,53.922,54.118,54.275,54.332,54.241,54.018,53.748,53.443,52.904,52.046,50.967,49.841,48.636,47.465,46.404,45.403,44.356,43.314,42.18,40.904,39.558,38.233,36.873,35.753,35.005,34.49,33.941,33.422,32.753,31.821,30.715,29.624,28.488,27.418,26.482,25.603,24.663,23.715,22.551,21.069,19.377,17.711,16.047,14.391,12.78,11.221,9.688,8.186,6.835,5.695,4.725,3.77,2.938,2.324,1.811,1.376,1.012,0.8,0.65,0.475,0.274,0.171,0.116,0.055
BWA,2058,52.259,52.396,52.552,52.792,52.954,53.13,53.319,53.518,53.721,53.924,54.136,54.363,54.592,54.806,55.009,55.177,55.298,55.377,55.439,55.488,55.478,55.396,55.261,55.116,54.958,54.786,54.604,54.419,54.234,54.051,53.894,53.776,53.691,53.598,53.478,53.465,53.613,53.848,54.029,54.17,54.213,54.11,53.873,53.591,53.275,52.722,51.853,50.761,49.625,48.406,47.223,46.151,45.137,44.078,43.022,41.874,40.586,39.229,37.891,36.518,35.38,34.608,34.063,33.484,32.935,32.234,31.27,30.132,29.009,27.842,26.735,25.753,24.824,23.838,22.846,21.645,20.133,18.42,16.737,15.061,13.406,11.814,10.287,8.791,7.329,6.033,4.959,4.067,3.168,2.421,1.921,1.477,1.074,0.77,0.612,0.495,0.358,0.203,0.119,0.057
BWA,2059,52.06,52.208,52.369,52.542,52.757,52.931,53.116,53.309,53.51,53.712,53.909,54.12,54.349,54.585,54.805,55.012,55.186,55.315,55.404,55.476,55.533,55.53,55.452,55.319,55.174,55.015,54.84,54.653,54.46,54.266,54.073,53.905,53.774,53.677,53.57,53.437,53.41,53.543,53.764,53.93,54.056,54.085,53.968,53.719,53.425,53.095,52.531,51.649,50.545,49.397,48.168,46.974,45.889,44.862,43.79,42.721,41.56,40.261,38.893,37.543,36.157,35.001,34.205,33.63,33.022,32.44,31.708,30.712,29.544,28.388,27.191,26.047,25.02,24.041,23.008,21.973,20.735,19.193,17.458,15.759,14.071,12.418,10.845,9.351,7.892,6.472,5.228,4.223,3.408,2.565,1.903,1.517,1.144,0.772,0.528,0.424,0.339,0.241,0.132,0.059
BWA,2060,51.885,52.032,52.19,52.355,52.529,52.711,52.899,53.092,53.289,53.491,53.691,53.884,54.092,54.325,54.567,54.793,55.003,55.184,55.322,55.42,55.501,55.567,55.571,55.497,55.364,55.22,55.062,54.884,54.692,54.491,54.287,54.084,53.905,53.762,53.652,53.533,53.384,53.344,53.463,53.668,53.82,53.931,53.946,53.816,53.555,53.247,52.906,52.33,51.436,50.321,49.161,47.92,46.714,45.618,44.579,43.494,42.411,41.238,39.928,38.548,37.187,35.788,34.614,33.795,33.192,32.552,31.94,31.175,30.149,28.949,27.763,26.534,25.355,24.282,23.254,22.175,21.097,19.821,18.25,16.494,14.779,13.079,11.429,9.875,8.415,6.992,5.613,4.423,3.486,2.749,1.962,1.385,1.114,0.809,0.471,0.286,0.238,0.184,0.125,0.061
BWA,2061,51.786,51.902,52.047,52.203,52.368,52.542,52.723,52.913,53.109,53.31,53.515,53.72,53.917,54.132,54.374,54.625,54.861,55.081,55.267,55.409,55.509,55.591,55.656,55.658,55.578,55.438,55.285,55.116,54.929,54.724,54.511,54.295,54.078,53.886,53.73,53.607,53.475,53.314,53.259,53.365,53.558,53.696,53.795,53.795,53.651,53.373,53.05,52.692,52.101,51.193,50.065,48.891,47.636,46.415,45.302,44.247,43.145,42.042,40.85,39.52,38.12,36.737,35.315,34.114,33.257,32.612,31.931,31.274,30.466,29.398,28.158,26.934,25.67,24.449,23.324,22.237,21.108,19.985,18.68,17.102,15.358,13.659,11.981,10.374,8.894,7.528,6.169,4.897,3.867,3.026,2.331,1.643,1.168,0.938,0.678,0.392,0.245,0.19,0.128,0.063
BWA,2062,51.71,51.818,51.909,52.051,52.205,52.369,52.544,52.727,52.917,53.116,53.319,53.53,53.739,53.94,54.161,54.412,54.674,54.917,55.147,55.34,55.486,55.588,55.671,55.736,55.735,55.649,55.501,55.339,55.16,54.961,54.746,54.52,54.292,54.062,53.856,53.687,53.552,53.406,53.232,53.164,53.258,53.437,53.561,53.647,53.634,53.475,53.182,52.842,52.469,51.861,50.94,49.798,48.611,47.342,46.106,44.978,43.907,42.787,41.664,40.452,39.104,37.685,36.279,34.836,33.606,32.713,32.026,31.303,30.601,29.75,28.641,27.363,26.099,24.801,23.539,22.36,21.216,20.036,18.868,17.535,15.95,14.218,12.536,10.879,9.318,7.911,6.64,5.343,4.179,3.309,2.565,1.913,1.323,0.951,0.761,0.547,0.313,0.196,0.133,0.065
BWA,2063,51.641,51.721,51.818,51.907,52.046,52.198,52.361,52.536,52.719,52.911,53.113,53.321,53.534,53.748,53.954,54.181,54.439,54.711,54.965,55.202,55.404,55.552,55.656,55.739,55.804,55.801,55.71,55.554,55.382,55.195,54.985,54.757,54.52,54.279,54.036,53.817,53.635,53.487,53.328,53.141,53.059,53.139,53.305,53.418,53.49,53.464,53.289,52.981,52.625,52.235,51.613,50.677,49.523,48.323,47.04,45.79,44.646,43.558,42.42,41.279,40.048,38.68,37.242,35.815,34.349,33.091,32.163,31.435,30.668,29.923,29.029,27.879,26.561,25.26,23.928,22.624,21.392,20.19,18.96,17.748,16.386,14.795,13.075,11.411,9.775,8.259,6.927,5.75,4.516,3.46,2.752,2.103,1.494,1.004,0.735,0.584,0.416,0.233,0.138,0.068
BWA,2064,51.561,51.619,51.696,51.792,51.896,52.033,52.183,52.345,52.519,52.704,52.898,53.1,53.312,53.529,53.747,53.957,54.19,54.458,54.74,55.002,55.249,55.457,55.611,55.715,55.799,55.864,55.859,55.761,55.597,55.417,55.219,54.998,54.759,54.51,54.257,54,53.767,53.573,53.412,53.241,53.04,52.946,53.012,53.166,53.265,53.325,53.284,53.094,52.77,52.399,51.993,51.355,50.407,49.24,48.026,46.729,45.464,44.306,43.202,42.047,40.888,39.638,38.251,36.792,35.344,33.857,32.572,31.607,30.837,30.029,29.24,28.303,27.113,25.755,24.416,23.05,21.705,20.42,19.162,17.882,16.625,15.234,13.637,11.929,10.283,8.671,7.199,5.941,4.86,3.689,2.741,2.193,1.642,1.075,0.685,0.517,0.406,0.285,0.154,0.07
BWA,2065,51.455,51.504,51.571,51.656,51.758,51.877,52.011,52.159,52.32,52.494,52.679,52.875,53.081,53.295,53.517,53.739,53.954,54.192,54.468,54.759,55.031,55.287,55.502,55.659,55.765,55.85,55.914,55.907,55.804,55.632,55.443,55.235,55.004,54.754,54.493,54.227,53.957,53.711,53.504,53.33,53.145,52.931,52.824,52.878,53.018,53.103,53.15,53.095,52.891,52.552,52.165,51.743,51.089,50.128,48.949,47.722,46.412,45.133,43.96,42.839,41.667,40.489,39.221,37.815,36.338,34.87,33.361,32.048,31.047,30.236,29.386,28.553,27.573,26.342,24.946,23.568,22.169,20.784,19.447,18.131,16.802,15.5,14.081,12.478,10.783,9.154,7.564,6.138,4.956,3.969,2.861,2.021,1.635,1.179,0.656,0.365,0.3,0.23,0.154,0.074
BWA,2066,51.359,51.453,51.512,51.586,51.674,51.777,51.894,52.023,52.168,52.333,52.513,52.705,52.905,53.116,53.34,53.571,53.804,54.027,54.273,54.554,54.847,55.12,55.376,55.588,55.74,55.837,55.913,55.969,55.951,55.837,55.652,55.45,55.23,54.986,54.724,54.451,54.172,53.889,53.631,53.413,53.228,53.032,52.806,52.685,52.725,52.849,52.918,52.948,52.877,52.654,52.296,51.891,51.449,50.778,49.798,48.602,47.357,46.028,44.727,43.529,42.381,41.18,39.972,38.673,37.238,35.731,34.232,32.691,31.341,30.292,29.427,28.524,27.642,26.611,25.332,23.889,22.471,21.038,19.619,18.247,16.899,15.548,14.229,12.824,11.282,9.68,8.105,6.625,5.381,4.309,3.372,2.4,1.709,1.379,0.991,0.547,0.324,0.249,0.167,0.08
BWA,2067,51.238,51.31,51.444,51.514,51.593,51.685,51.788,51.903,52.027,52.171,52.339,52.526,52.722,52.927,53.145,53.377,53.619,53.861,54.094,54.348,54.631,54.926,55.201,55.456,55.668,55.813,55.903,55.97,56.015,55.986,55.861,55.665,55.451,55.218,54.96,54.686,54.402,54.111,53.815,53.544,53.315,53.119,52.912,52.673,52.54,52.564,52.673,52.725,52.739,52.65,52.41,52.035,51.611,51.149,50.459,49.462,48.248,46.985,45.636,44.315,43.092,41.917,40.688,39.45,38.119,36.656,35.12,33.588,32.017,30.629,29.533,28.615,27.66,26.725,25.645,24.317,22.829,21.369,19.904,18.452,17.045,15.666,14.293,12.956,11.566,10.084,8.574,7.055,5.684,4.622,3.662,2.773,1.939,1.397,1.123,0.803,0.438,0.271,0.182,0.087
BWA,2068,51.089,51.189,51.287,51.427,51.509,51.595,51.69,51.794,51.906,52.025,52.166,52.338,52.532,52.733,52.942,53.167,53.408,53.66,53.91,54.153,54.414,54.702,54.999,55.274,55.53,55.738,55.878,55.961,56.018,56.054,56.014,55.878,55.67,55.444,55.198,54.927,54.641,54.345,54.042,53.733,53.45,53.209,53.003,52.784,52.534,52.388,52.397,52.489,52.526,52.522,52.416,52.159,51.766,51.323,50.842,50.133,49.118,47.887,46.606,45.239,43.896,42.648,41.447,40.19,38.921,37.561,36.068,34.503,32.941,31.338,29.912,28.769,27.798,26.791,25.806,24.675,23.299,21.765,20.265,18.766,17.282,15.84,14.43,13.035,11.68,10.306,8.885,7.467,6.003,4.743,3.863,3.013,2.173,1.477,1.084,0.867,0.615,0.329,0.199,0.093
BWA,2069,50.911,51.043,51.164,51.276,51.403,51.495,51.588,51.686,51.79,51.9,52.014,52.155,52.329,52.53,52.737,52.951,53.181,53.43,53.693,53.953,54.204,54.473,54.765,55.064,55.339,55.596,55.801,55.937,56.01,56.06,56.085,56.035,55.887,55.669,55.429,55.17,54.886,54.588,54.28,53.965,53.643,53.348,53.095,52.878,52.648,52.387,52.227,52.222,52.298,52.318,52.298,52.174,51.9,51.489,51.028,50.528,49.799,48.768,47.52,46.22,44.835,43.471,42.2,40.971,39.686,38.388,36.998,35.476,33.881,32.289,30.655,29.192,28.002,26.978,25.919,24.883,23.701,22.277,20.698,19.158,17.626,16.109,14.632,13.192,11.775,10.404,9.044,7.684,6.359,4.951,3.8,3.104,2.366,1.574,1.016,0.772,0.61,0.426,0.22,0.101
BWA,2070,50.705,50.871,51.017,51.147,51.264,51.373,51.475,51.575,51.676,51.78,51.888,51.997,52.135,52.313,52.52,52.732,52.95,53.187,53.445,53.718,53.988,54.249,54.523,54.82,55.12,55.396,55.653,55.857,55.986,56.052,56.092,56.108,56.047,55.888,55.658,55.407,55.133,54.838,54.527,54.207,53.88,53.546,53.239,52.975,52.746,52.505,52.233,52.06,52.04,52.099,52.103,52.066,51.926,51.633,51.205,50.726,50.206,49.46,48.411,47.146,45.829,44.425,43.041,41.745,40.489,39.177,37.849,36.429,34.879,33.255,31.633,29.968,28.468,27.23,26.153,25.043,23.956,22.725,21.253,19.629,18.048,16.484,14.934,13.424,11.953,10.514,9.127,7.782,6.483,5.251,3.898,2.858,2.344,1.717,0.975,0.554,0.459,0.353,0.238,0.111
BWA,2071,50.501,50.719,50.883,51.027,51.157,51.274,51.382,51.484,51.586,51.689,51.799,51.911,52.026,52.17,52.356,52.575,52.796,53.024,53.269,53.531,53.805,54.077,54.338,54.611,54.903,55.194,55.462,55.71,55.902,56.021,56.075,56.103,56.107,56.032,55.862,55.619,55.357,55.072,54.764,54.442,54.112,53.773,53.429,53.109,52.833,52.591,52.334,52.047,51.859,51.822,51.863,51.847,51.79,51.628,51.312,50.861,50.357,49.811,49.037,47.961,46.668,45.321,43.887,42.469,41.136,39.841,38.486,37.115,35.655,34.066,32.405,30.745,29.047,27.504,26.21,25.068,23.9,22.759,21.485,19.98,18.336,16.741,15.171,13.635,12.161,10.746,9.338,8.036,6.839,5.646,4.474,3.28,2.422,1.982,1.446,0.814,0.5,0.386,0.259,0.121
BWA,2072,50.267,50.504,50.728,50.89,51.033,51.161,51.278,51.385,51.488,51.591,51.698,51.812,51.929,52.048,52.199,52.395,52.622,52.854,53.092,53.344,53.611,53.887,54.16,54.422,54.693,54.98,55.264,55.523,55.761,55.942,56.05,56.093,56.109,56.099,56.012,55.83,55.576,55.302,55.004,54.684,54.351,54.011,53.662,53.306,52.974,52.685,52.429,52.159,51.856,51.652,51.598,51.621,51.586,51.507,51.324,50.987,50.511,49.983,49.41,48.61,47.506,46.184,44.809,43.344,41.893,40.522,39.187,37.792,36.378,34.876,33.249,31.552,29.855,28.123,26.537,25.186,23.979,22.753,21.56,20.241,18.704,17.039,15.432,13.856,12.333,10.896,9.538,8.161,6.943,5.894,4.808,3.696,2.664,1.987,1.619,1.174,0.653,0.42,0.282,0.131
BWA,2073,50.018,50.288,50.522,50.732,50.892,51.033,51.16,51.276,51.383,51.487,51.591,51.701,51.82,51.942,52.066,52.222,52.427,52.665,52.906,53.154,53.413,53.685,53.964,54.237,54.5,54.769,55.049,55.326,55.577,55.805,55.977,56.073,56.104,56.108,56.085,55.986,55.792,55.526,55.239,54.929,54.598,54.255,53.904,53.543,53.176,52.834,52.532,52.261,51.978,51.661,51.44,51.369,51.372,51.317,51.219,51.014,50.654,50.155,49.602,49.004,48.177,47.045,45.697,44.291,42.795,41.311,39.904,38.529,37.093,35.636,34.093,32.429,30.694,28.962,27.195,25.566,24.159,22.889,21.605,20.358,18.994,17.426,15.74,14.121,12.54,11.03,9.63,8.328,6.983,5.85,4.949,3.968,2.917,2.046,1.551,1.255,0.902,0.492,0.308,0.143
BWA,2074,49.771,50.064,50.319,50.539,50.729,50.886,51.026,51.152,51.267,51.375,51.478,51.584,51.697,51.82,51.947,52.075,52.239,52.452,52.701,52.952,53.209,53.475,53.752,54.032,54.307,54.57,54.838,55.114,55.382,55.624,55.842,56.003,56.089,56.108,56.1,56.064,55.952,55.746,55.469,55.171,54.848,54.505,54.151,53.79,53.419,53.041,52.686,52.371,52.088,51.79,51.457,51.222,51.132,51.117,51.043,50.924,50.698,50.316,49.793,49.216,48.592,47.738,46.579,45.202,43.768,42.242,40.725,39.281,37.866,36.39,34.89,33.306,31.603,29.833,28.064,26.265,24.593,23.13,21.795,20.453,19.154,17.745,16.145,14.441,12.808,11.221,9.726,8.363,7.119,5.805,4.756,4.004,3.13,2.138,1.427,1.115,0.892,0.631,0.331,0.157
BWA,2075,49.536,49.839,50.105,50.338,50.541,50.719,50.875,51.013,51.138,51.252,51.36,51.463,51.571,51.687,51.815,51.946,52.078,52.248,52.47,52.73,52.992,53.257,53.531,53.811,54.094,54.371,54.634,54.899,55.169,55.43,55.664,55.872,56.023,56.097,56.106,56.084,56.036,55.911,55.693,55.404,55.094,54.759,54.405,54.04,53.669,53.287,52.898,52.532,52.204,51.908,51.594,51.248,50.996,50.889,50.855,50.763,50.623,50.376,49.971,49.425,48.823,48.173,47.293,46.108,44.702,43.238,41.684,40.133,38.652,37.198,35.681,34.14,32.515,30.775,28.968,27.163,25.331,23.617,22.097,20.699,19.299,17.947,16.494,14.863,13.138,11.494,9.903,8.421,7.096,5.907,4.626,3.663,3.058,2.291,1.359,0.809,0.679,0.529,0.359,0.17
BWA,2076,49.352,49.577,49.86,50.114,50.339,50.541,50.721,50.885,51.03,51.157,51.274,51.384,51.493,51.607,51.733,51.871,52.012,52.154,52.333,52.559,52.821,53.084,53.351,53.624,53.899,54.175,54.443,54.698,54.953,55.212,55.462,55.683,55.88,56.018,56.08,56.077,56.044,55.983,55.848,55.617,55.319,54.998,54.652,54.286,53.909,53.525,53.13,52.726,52.345,52.003,51.69,51.361,50.997,50.724,50.596,50.537,50.418,50.252,49.974,49.536,48.953,48.313,47.622,46.701,45.474,44.026,42.518,40.919,39.323,37.791,36.286,34.719,33.128,31.454,29.668,27.819,25.974,24.111,22.363,20.801,19.36,17.927,16.548,15.097,13.503,11.847,10.237,8.738,7.421,6.197,5.052,3.913,3.111,2.589,1.931,1.136,0.725,0.567,0.386,0.184
BWA,2077,49.183,49.459,49.611,49.875,50.115,50.335,50.533,50.718,50.889,51.04,51.172,51.288,51.403,51.516,51.637,51.772,51.92,52.072,52.224,52.409,52.642,52.906,53.171,53.438,53.709,53.98,54.248,54.508,54.754,54.999,55.248,55.486,55.696,55.88,56.005,56.056,56.041,55.997,55.924,55.775,55.536,55.227,54.894,54.538,54.161,53.771,53.374,52.967,52.549,52.153,51.796,51.468,51.122,50.738,50.446,50.295,50.213,50.068,49.874,49.566,49.094,48.474,47.795,47.066,46.103,44.834,43.343,41.791,40.149,38.506,36.926,35.368,33.751,32.11,30.389,28.558,26.665,24.783,22.888,21.106,19.501,18.019,16.553,15.148,13.696,12.142,10.553,8.979,7.573,6.42,5.298,4.196,3.2,2.558,2.12,1.571,0.912,0.605,0.413,0.198
BWA,2078,49.019,49.266,49.5,49.639,49.884,50.111,50.323,50.521,50.706,50.886,51.044,51.179,51.297,51.415,51.533,51.66,51.804,51.964,52.126,52.287,52.481,52.718,52.984,53.25,53.519,53.788,54.055,54.315,54.567,54.803,55.038,55.276,55.503,55.701,55.873,55.987,56.025,55.999,55.942,55.857,55.698,55.447,55.127,54.785,54.417,54.029,53.628,53.218,52.796,52.365,51.955,51.582,51.239,50.875,50.474,50.162,49.989,49.882,49.711,49.491,49.153,48.646,47.989,47.273,46.503,45.499,44.188,42.655,41.06,39.374,37.686,36.056,34.447,32.779,31.089,29.32,27.443,25.508,23.587,21.662,19.846,18.199,16.675,15.177,13.745,12.294,10.779,9.257,7.719,6.407,5.417,4.398,3.339,2.486,2.005,1.649,1.21,0.689,0.441,0.213
BWA,2079,48.844,49.065,49.281,49.494,49.662,49.886,50.101,50.307,50.501,50.691,50.877,51.043,51.18,51.299,51.422,51.544,51.678,51.831,52.002,52.173,52.344,52.545,52.787,53.056,53.323,53.593,53.861,54.122,54.376,54.62,54.847,55.072,55.299,55.515,55.701,55.859,55.961,55.987,55.95,55.881,55.784,55.613,55.351,55.022,54.669,54.291,53.89,53.477,53.055,52.62,52.174,51.749,51.362,51.003,50.623,50.204,49.871,49.676,49.546,49.349,49.1,48.732,48.192,47.499,46.744,45.935,44.89,43.538,41.962,40.324,38.594,36.86,35.181,33.521,31.804,30.064,28.247,26.326,24.347,22.389,20.434,18.583,16.896,15.329,13.799,12.34,10.89,9.415,7.961,6.459,5.239,4.414,3.496,2.482,1.772,1.452,1.179,0.851,0.465,0.227
BWA,2080,48.646,48.849,49.056,49.263,49.471,49.678,49.883,50.085,50.283,50.476,50.668,50.863,51.035,51.175,51.296,51.421,51.548,51.689,51.851,52.032,52.214,52.395,52.604,52.85,53.121,53.39,53.661,53.927,54.183,54.43,54.665,54.883,55.097,55.315,55.519,55.694,55.84,55.929,55.943,55.894,55.813,55.704,55.521,55.249,54.909,54.546,54.156,53.745,53.321,52.886,52.438,51.978,51.538,51.137,50.762,50.365,49.927,49.575,49.358,49.203,48.981,48.706,48.307,47.734,47.003,46.21,45.361,44.276,42.882,41.264,39.583,37.81,36.03,34.302,32.592,30.824,29.036,27.172,25.205,23.185,21.189,19.203,17.319,15.59,13.983,12.42,10.935,9.486,8.049,6.663,5.198,4.072,3.411,2.595,1.625,1.057,0.898,0.709,0.49,0.242
BWA,2081,48.449,48.66,48.866,49.072,49.279,49.485,49.691,49.894,50.096,50.298,50.496,50.693,50.892,51.072,51.221,51.353,51.489,51.626,51.774,51.942,52.125,52.308,52.492,52.699,52.941,53.205,53.467,53.729,53.985,54.232,54.467,54.692,54.898,55.101,55.306,55.5,55.662,55.797,55.874,55.878,55.819,55.727,55.607,55.412,55.129,54.776,54.399,53.997,53.571,53.131,52.682,52.218,51.74,51.282,50.861,50.467,50.047,49.585,49.204,48.954,48.761,48.499,48.183,47.738,47.113,46.327,45.477,44.569,43.426,41.975,40.301,38.566,36.74,34.905,33.115,31.342,29.518,27.678,25.773,23.778,21.741,19.737,17.751,15.882,14.186,12.626,11.088,9.686,8.379,7.045,5.713,4.407,3.469,2.896,2.193,1.36,0.933,0.737,0.511,0.254
BWA,2082,48.233,48.441,48.67,48.877,49.083,49.289,49.495,49.699,49.901,50.103,50.307,50.511,50.714,50.917,51.103,51.262,51.404,51.551,51.698,51.855,52.028,52.213,52.399,52.583,52.789,53.027,53.285,53.538,53.791,54.039,54.275,54.5,54.713,54.907,55.099,55.292,55.475,55.626,55.748,55.814,55.808,55.737,55.636,55.504,55.298,55.001,54.637,54.247,53.831,53.391,52.937,52.474,51.993,51.498,51.022,50.582,50.166,49.724,49.237,48.828,48.544,48.314,48.013,47.655,47.165,46.488,45.646,44.739,43.772,42.57,41.063,39.334,37.544,35.666,33.775,31.925,30.089,28.208,26.318,24.371,22.347,20.294,18.282,16.297,14.444,12.78,11.268,9.755,8.436,7.271,6.039,4.762,3.615,2.865,2.38,1.791,1.095,0.761,0.529,0.266
BWA,2083,48.004,48.223,48.442,48.675,48.882,49.088,49.294,49.498,49.702,49.902,50.103,50.311,50.521,50.728,50.936,51.129,51.297,51.45,51.607,51.764,51.929,52.107,52.295,52.483,52.668,52.873,53.107,53.357,53.603,53.848,54.086,54.312,54.526,54.728,54.91,55.09,55.272,55.443,55.583,55.693,55.748,55.73,55.65,55.537,55.395,55.177,54.869,54.492,54.089,53.658,53.205,52.738,52.258,51.763,51.249,50.754,50.295,49.86,49.395,48.883,48.446,48.129,47.861,47.52,47.122,46.585,45.856,44.959,43.995,42.971,41.711,40.147,38.362,36.517,34.588,32.641,30.73,28.832,26.895,24.954,22.966,20.914,18.845,16.824,14.84,13.003,11.371,9.908,8.42,7.184,6.162,5.032,3.81,2.822,2.26,1.864,1.388,0.831,0.546,0.277
BWA,2084,47.77,48.001,48.227,48.448,48.672,48.88,49.087,49.292,49.496,49.698,49.895,50.098,50.308,50.523,50.735,50.949,51.147,51.325,51.49,51.656,51.823,51.997,52.179,52.37,52.559,52.746,52.951,53.18,53.422,53.661,53.896,54.125,54.341,54.545,54.736,54.906,55.073,55.244,55.404,55.532,55.631,55.674,55.645,55.554,55.431,55.277,55.049,54.728,54.339,53.923,53.479,53.011,52.53,52.036,51.524,50.994,50.48,50.002,49.547,49.059,48.523,48.058,47.707,47.401,47.022,46.582,46,45.22,44.267,43.246,42.163,40.846,39.225,37.385,35.485,33.505,31.504,29.532,27.572,25.578,23.586,21.558,19.478,17.393,15.364,13.382,11.56,9.962,8.548,7.085,5.932,5.052,4.025,2.857,2.03,1.655,1.348,0.985,0.566,0.288
BWA,2085,47.541,47.777,48.007,48.23,48.448,48.662,48.872,49.078,49.283,49.486,49.686,49.882,50.084,50.297,50.518,50.734,50.953,51.159,51.346,51.521,51.698,51.875,52.055,52.244,52.437,52.629,52.817,53.019,53.244,53.481,53.711,53.938,54.156,54.363,54.555,54.735,54.893,55.049,55.208,55.357,55.473,55.56,55.591,55.552,55.451,55.317,55.152,54.912,54.58,54.179,53.75,53.292,52.81,52.315,51.806,51.278,50.731,50.199,49.702,49.226,48.717,48.157,47.663,47.279,46.936,46.516,46.035,45.408,44.576,43.568,42.49,41.35,39.974,38.297,36.403,34.449,32.417,30.362,28.329,26.307,24.257,22.216,20.147,18.04,15.938,13.903,11.921,10.116,8.551,7.185,5.749,4.68,3.942,3.017,1.905,1.237,1.05,0.832,0.582,0.3
BWA,2086,47.352,47.57,47.799,48.023,48.243,48.459,48.674,48.884,49.094,49.301,49.508,49.713,49.914,50.123,50.346,50.577,50.805,51.033,51.248,51.44,51.617,51.797,51.976,52.156,52.34,52.527,52.711,52.891,53.085,53.299,53.526,53.746,53.962,54.169,54.364,54.547,54.716,54.863,55.007,55.156,55.295,55.402,55.477,55.497,55.446,55.331,55.184,55.006,54.752,54.405,53.989,53.544,53.069,52.57,52.056,51.529,50.979,50.407,49.849,49.324,48.815,48.271,47.673,47.136,46.7,46.3,45.821,45.279,44.586,43.683,42.6,41.448,40.235,38.786,37.037,35.071,33.054,30.966,28.86,26.781,24.721,22.643,20.582,18.523,16.464,14.441,12.447,10.577,8.964,7.51,6.181,4.893,3.994,3.353,2.554,1.597,1.087,0.861,0.603,0.313
BWA,2087,47.166,47.395,47.592,47.814,48.034,48.251,48.466,48.679,48.892,49.103,49.314,49.525,49.734,49.94,50.155,50.389,50.63,50.869,51.107,51.33,51.527,51.707,51.89,52.071,52.25,52.43,52.61,52.787,52.959,53.144,53.349,53.565,53.775,53.979,54.175,54.36,54.533,54.69,54.826,54.96,55.099,55.227,55.322,55.387,55.396,55.333,55.206,55.046,54.853,54.584,54.224,53.792,53.332,52.84,52.322,51.79,51.244,50.673,50.077,49.493,48.938,48.398,47.819,47.184,46.604,46.117,45.659,45.121,44.518,43.759,42.785,41.627,40.4,39.114,37.593,35.771,33.735,31.654,29.511,27.354,25.229,23.131,21.026,18.945,16.895,14.886,12.943,10.99,9.229,7.809,6.466,5.174,4.036,3.308,2.764,2.091,1.29,0.894,0.628,0.326
BWA,2088,46.987,47.204,47.418,47.607,47.823,48.038,48.252,48.465,48.678,48.892,49.106,49.32,49.534,49.749,49.96,50.182,50.424,50.677,50.926,51.175,51.406,51.609,51.791,51.976,52.159,52.337,52.512,52.686,52.857,53.02,53.196,53.391,53.598,53.797,53.99,54.175,54.349,54.511,54.657,54.782,54.905,55.033,55.152,55.236,55.29,55.287,55.212,55.073,54.899,54.692,54.41,54.035,53.59,53.113,52.604,52.069,51.518,50.953,50.36,49.74,49.13,48.547,47.975,47.361,46.689,46.065,45.527,45.012,44.414,43.752,42.927,41.881,40.648,39.347,37.988,36.394,34.501,32.396,30.25,28.051,25.843,23.672,21.537,19.406,17.305,15.265,13.306,11.442,9.531,7.88,6.653,5.421,4.167,3.179,2.621,2.174,1.627,0.982,0.653,0.34
BWA,2089,46.809,47.015,47.219,47.424,47.617,47.825,48.036,48.246,48.458,48.671,48.886,49.102,49.319,49.538,49.756,49.972,50.201,50.453,50.717,50.976,51.236,51.474,51.683,51.869,52.055,52.24,52.417,52.588,52.757,52.919,53.073,53.24,53.427,53.623,53.812,53.993,54.167,54.329,54.482,54.618,54.73,54.842,54.96,55.068,55.142,55.185,55.172,55.084,54.932,54.745,54.525,54.228,53.84,53.379,52.887,52.36,51.808,51.24,50.655,50.04,49.397,48.761,48.149,47.545,46.897,46.187,45.52,44.931,44.358,43.702,42.978,42.088,40.971,39.663,38.289,36.858,35.192,33.226,31.051,28.842,26.587,24.329,22.113,19.94,17.783,15.663,13.634,11.724,9.939,8.071,6.53,5.497,4.376,3.158,2.32,1.934,1.583,1.163,0.674,0.353
BWA,2090,46.635,46.828,47.023,47.219,47.417,47.618,47.821,48.026,48.233,48.443,48.656,48.873,49.091,49.311,49.533,49.757,49.976,50.213,50.474,50.748,51.018,51.287,51.536,51.749,51.938,52.126,52.312,52.489,52.657,52.817,52.973,53.119,53.277,53.453,53.64,53.818,53.988,54.15,54.303,54.444,54.568,54.67,54.771,54.878,54.977,55.04,55.073,55.047,54.948,54.783,54.583,54.349,54.038,53.635,53.161,52.653,52.109,51.539,50.953,50.349,49.714,49.047,48.384,47.743,47.108,46.425,45.679,44.968,44.328,43.698,42.982,42.198,41.243,40.055,38.672,37.225,35.721,33.983,31.945,29.702,27.43,25.12,22.812,20.551,18.341,16.158,14.019,12,10.141,8.437,6.61,5.18,4.34,3.33,2.15,1.462,1.247,0.994,0.7,0.367
BWA,2091,46.493,46.661,46.849,47.041,47.235,47.432,47.632,47.834,48.041,48.251,48.466,48.684,48.905,49.131,49.36,49.594,49.828,50.059,50.304,50.571,50.848,51.12,51.392,51.639,51.848,52.032,52.213,52.391,52.559,52.718,52.869,53.015,53.15,53.297,53.464,53.642,53.809,53.968,54.12,54.262,54.395,54.51,54.601,54.691,54.787,54.872,54.923,54.942,54.902,54.788,54.609,54.392,54.141,53.813,53.391,52.898,52.369,51.801,51.206,50.591,49.958,49.289,48.586,47.884,47.196,46.511,45.775,44.974,44.2,43.487,42.778,41.984,41.123,40.083,38.801,37.319,35.778,34.189,32.375,30.276,27.984,25.675,23.339,21.032,18.808,16.667,14.511,12.484,10.668,8.933,7.272,5.634,4.437,3.705,2.829,1.808,1.286,1.024,0.722,0.379
BWA,2092,46.352,46.524,46.681,46.866,47.054,47.245,47.44,47.64,47.842,48.05,48.264,48.483,48.706,48.932,49.165,49.404,49.649,49.893,50.135,50.388,50.66,50.941,51.216,51.49,51.736,51.942,52.119,52.294,52.463,52.623,52.773,52.915,53.05,53.175,53.312,53.468,53.636,53.793,53.942,54.084,54.216,54.338,54.443,54.525,54.604,54.688,54.761,54.799,54.805,54.751,54.623,54.428,54.196,53.926,53.58,53.141,52.628,52.078,51.488,50.867,50.225,49.561,48.86,48.119,47.376,46.644,45.909,45.119,44.262,43.425,42.641,41.853,40.98,40.041,38.918,37.54,35.959,34.326,32.652,30.763,28.601,26.261,23.917,21.553,19.248,17.064,14.99,12.864,10.946,9.334,7.722,6.106,4.657,3.694,3.069,2.326,1.466,1.054,0.743,0.392
BWA,2093,46.211,46.374,46.543,46.695,46.875,47.06,47.25,47.443,47.641,47.844,48.053,48.27,48.493,48.721,48.952,49.192,49.441,49.696,49.952,50.204,50.466,50.744,51.028,51.305,51.58,51.827,52.028,52.2,52.367,52.529,52.68,52.821,52.954,53.078,53.193,53.319,53.465,53.623,53.77,53.909,54.04,54.163,54.275,54.37,54.441,54.51,54.583,54.643,54.668,54.661,54.593,54.45,54.24,53.992,53.705,53.341,52.884,52.352,51.781,51.167,50.52,49.851,49.157,48.422,47.646,46.862,46.085,45.3,44.458,43.544,42.645,41.789,40.923,39.971,38.955,37.746,36.274,34.595,32.87,31.11,29.146,26.923,24.536,22.154,19.764,17.461,15.315,13.31,11.214,9.406,7.999,6.511,4.939,3.679,2.95,2.433,1.824,1.123,0.765,0.406
BWA,2094,46.067,46.222,46.382,46.546,46.702,46.879,47.06,47.246,47.438,47.636,47.838,48.05,48.27,48.497,48.73,48.966,49.212,49.471,49.738,50.004,50.266,50.537,50.82,51.106,51.387,51.665,51.91,52.108,52.273,52.434,52.587,52.73,52.861,52.984,53.099,53.204,53.319,53.456,53.603,53.74,53.868,53.989,54.102,54.204,54.29,54.35,54.408,54.469,54.517,54.529,54.508,54.427,54.27,54.045,53.78,53.477,53.095,52.619,52.068,51.476,50.839,50.168,49.47,48.746,47.978,47.166,46.342,45.519,44.685,43.79,42.822,41.859,40.93,39.986,38.955,37.863,36.57,35.003,33.226,31.409,29.564,27.525,25.24,22.806,20.388,17.972,15.672,13.565,11.628,9.563,7.866,6.663,5.298,3.771,2.7,2.205,1.796,1.321,0.779,0.42
BWA,2095,45.918,46.067,46.219,46.376,46.537,46.703,46.875,47.053,47.237,47.427,47.624,47.827,48.038,48.261,48.493,48.732,48.972,49.226,49.494,49.772,50.048,50.32,50.6,50.889,51.179,51.461,51.741,51.985,52.179,52.338,52.491,52.638,52.771,52.894,53.008,53.113,53.206,53.311,53.437,53.575,53.701,53.819,53.93,54.033,54.125,54.201,54.251,54.298,54.347,54.383,54.383,54.348,54.253,54.082,53.841,53.56,53.24,52.839,52.346,51.776,51.164,50.503,49.807,49.082,48.328,47.527,46.679,45.815,44.948,44.064,43.115,42.091,41.066,40.066,39.042,37.934,36.765,35.389,33.727,31.851,29.943,28.014,25.901,23.555,21.075,18.62,16.179,13.881,11.813,9.946,7.91,6.324,5.325,4.085,2.604,1.722,1.461,1.159,0.818,0.436
BWA,2096,45.792,45.938,46.086,46.238,46.394,46.553,46.717,46.887,47.065,47.252,47.448,47.65,47.858,48.078,48.309,48.554,48.802,49.054,49.315,49.589,49.871,50.15,50.425,50.704,50.989,51.273,51.549,51.821,52.058,52.244,52.394,52.538,52.673,52.796,52.91,53.015,53.11,53.194,53.289,53.406,53.535,53.652,53.759,53.86,53.953,54.034,54.097,54.135,54.169,54.205,54.225,54.209,54.157,54.044,53.855,53.595,53.293,52.948,52.522,52.001,51.402,50.756,50.06,49.324,48.556,47.754,46.902,45.998,45.074,44.142,43.188,42.169,41.074,39.968,38.869,37.737,36.526,35.263,33.793,32.038,30.074,28.091,26.096,23.954,21.632,19.218,16.782,14.452,12.383,10.441,8.599,6.765,5.433,4.558,3.479,2.195,1.521,1.208,0.853,0.455
BWA,2097,45.655,45.797,45.952,46.101,46.252,46.406,46.564,46.728,46.895,47.073,47.262,47.464,47.671,47.884,48.111,48.353,48.608,48.867,49.13,49.4,49.68,49.965,50.248,50.525,50.803,51.086,51.364,51.633,51.897,52.125,52.303,52.443,52.578,52.703,52.817,52.92,53.017,53.102,53.176,53.261,53.369,53.489,53.596,53.694,53.785,53.867,53.937,53.988,54.015,54.035,54.055,54.063,54.03,53.961,53.83,53.622,53.343,53.019,52.652,52.2,51.652,51.022,50.343,49.612,48.836,48.024,47.174,46.27,45.311,44.328,43.331,42.308,41.218,40.053,38.863,37.666,36.427,35.115,33.758,32.193,30.345,28.294,26.235,24.174,22.003,19.707,17.357,14.941,12.723,10.882,9.065,7.252,5.619,4.541,3.79,2.872,1.786,1.264,0.892,0.476
BWA,2098,45.505,45.65,45.796,45.962,46.111,46.261,46.414,46.572,46.732,46.898,47.075,47.268,47.475,47.687,47.906,48.139,48.392,48.658,48.927,49.201,49.481,49.766,50.054,50.34,50.619,50.897,51.176,51.448,51.711,51.967,52.187,52.355,52.488,52.612,52.728,52.831,52.925,53.013,53.089,53.152,53.228,53.327,53.437,53.536,53.624,53.704,53.776,53.834,53.874,53.886,53.893,53.902,53.894,53.845,53.759,53.61,53.384,53.086,52.74,52.349,51.872,51.296,50.636,49.925,49.157,48.343,47.487,46.589,45.634,44.62,43.577,42.516,41.423,40.263,39.027,37.756,36.459,35.112,33.699,32.248,30.59,28.648,26.51,24.376,22.248,20.05,17.779,15.495,13.097,10.993,9.381,7.689,5.904,4.472,3.648,3.023,2.265,1.376,0.939,0.5
BWA,2099,45.333,45.492,45.646,45.799,45.966,46.115,46.265,46.417,46.572,46.731,46.895,47.072,47.269,47.48,47.698,47.922,48.163,48.424,48.701,48.983,49.266,49.555,49.846,50.137,50.425,50.707,50.986,51.261,51.527,51.782,52.031,52.243,52.403,52.525,52.641,52.746,52.839,52.924,53.002,53.069,53.123,53.189,53.278,53.38,53.469,53.548,53.617,53.678,53.725,53.753,53.754,53.747,53.741,53.718,53.655,53.551,53.384,53.139,52.821,52.455,52.039,51.538,50.934,50.245,49.501,48.698,47.844,46.945,45.999,44.992,43.923,42.82,41.696,40.535,39.303,37.996,36.643,35.249,33.794,32.279,30.734,28.983,26.948,24.722,22.513,20.32,18.095,15.849,13.631,11.253,9.261,7.878,6.311,4.554,3.325,2.754,2.254,1.658,0.966,0.527
BWA,2100,45.135,45.318,45.492,45.655,45.812,45.964,46.114,46.262,46.413,46.567,46.724,46.886,47.062,47.262,47.479,47.702,47.931,48.178,48.449,48.738,49.03,49.325,49.621,49.919,50.213,50.504,50.788,51.067,51.338,51.598,51.846,52.088,52.291,52.442,52.556,52.663,52.757,52.841,52.916,52.985,53.041,53.086,53.142,53.222,53.315,53.394,53.463,53.523,53.573,53.609,53.624,53.612,53.593,53.573,53.536,53.455,53.334,53.151,52.887,52.55,52.163,51.723,51.197,50.565,49.846,49.069,48.231,47.337,46.395,45.402,44.344,43.22,42.058,40.869,39.639,38.337,36.961,35.526,34.032,32.47,30.854,29.217,27.372,25.244,22.931,20.648,18.389,16.138,13.918,11.766,9.407,7.528,6.374,4.933,3.205,2.178,1.861,1.485,1.05,0.556
