GAB,1950,12.209,11.312,10.562,9.941,9.442,9.047,8.747,8.527,8.376,8.279,8.237,8.248,8.24,8.177,8.083,8.013,7.96,7.902,7.838,7.77,7.703,7.635,7.565,7.492,7.416,7.34,7.263,7.185,7.108,7.031,6.954,6.874,6.795,6.714,6.632,6.55,6.467,6.383,6.297,6.209,6.121,6.031,5.941,5.851,5.76,5.667,5.572,5.477,5.381,5.284,5.185,5.083,4.978,4.87,4.759,4.645,4.528,4.406,4.279,4.149,4.014,3.874,3.73,3.58,3.423,3.264,3.103,2.935,2.759,2.578,2.398,2.218,2.037,1.855,1.676,1.501,1.33,1.167,1.014,0.872,0.737,0.608,0.496,0.402,0.323,0.253,0.191,0.139,0.101,0.074,0.049,0.034,0.027,0.018,0.01,0.005,0.004,0.004,0.002,0.001
GAB,1951,12.104,11.765,10.975,10.308,9.752,9.297,8.933,8.647,8.437,8.3,8.219,8.182,8.192,8.184,8.123,8.031,7.963,7.907,7.849,7.785,7.716,7.648,7.579,7.508,7.433,7.357,7.28,7.201,7.122,7.043,6.964,6.884,6.803,6.721,6.639,6.556,6.471,6.387,6.3,6.214,6.126,6.037,5.946,5.855,5.764,5.671,5.578,5.482,5.385,5.288,5.189,5.086,4.983,4.875,4.764,4.651,4.535,4.414,4.288,4.158,4.022,3.883,3.74,3.591,3.437,3.277,3.114,2.95,2.781,2.603,2.423,2.243,2.063,1.885,1.708,1.535,1.365,1.201,1.046,0.904,0.772,0.647,0.53,0.428,0.344,0.275,0.213,0.16,0.117,0.085,0.061,0.04,0.028,0.023,0.015,0.008,0.004,0.003,0.002,0.001
GAB,1952,12.043,11.446,11.318,10.636,10.053,9.56,9.152,8.817,8.545,8.347,8.223,8.155,8.125,8.135,8.125,8.066,7.978,7.911,7.854,7.795,7.73,7.662,7.592,7.522,7.449,7.374,7.296,7.217,7.137,7.056,6.976,6.895,6.813,6.731,6.648,6.563,6.478,6.392,6.305,6.217,6.129,6.041,5.95,5.86,5.768,5.676,5.583,5.487,5.39,5.292,5.192,5.092,4.988,4.881,4.771,4.658,4.542,4.422,4.299,4.17,4.036,3.895,3.752,3.605,3.453,3.295,3.13,2.964,2.797,2.625,2.447,2.266,2.086,1.908,1.733,1.56,1.392,1.229,1.072,0.926,0.792,0.671,0.558,0.451,0.36,0.287,0.227,0.173,0.128,0.095,0.069,0.048,0.031,0.023,0.017,0.012,0.007,0.003,0.002,0.001
GAB,1953,12.028,11.506,11.014,10.871,10.296,9.796,9.367,9.006,8.7,8.441,8.254,8.144,8.092,8.067,8.076,8.065,8.009,7.924,7.858,7.8,7.74,7.675,7.605,7.535,7.463,7.39,7.313,7.234,7.154,7.073,6.991,6.908,6.826,6.742,6.657,6.572,6.486,6.399,6.311,6.222,6.134,6.044,5.955,5.864,5.773,5.68,5.586,5.492,5.395,5.298,5.198,5.096,4.994,4.888,4.779,4.667,4.551,4.432,4.309,4.182,4.05,3.912,3.768,3.62,3.47,3.313,3.15,2.983,2.814,2.644,2.469,2.291,2.109,1.93,1.753,1.58,1.412,1.25,1.093,0.942,0.805,0.68,0.571,0.468,0.373,0.293,0.229,0.178,0.133,0.098,0.072,0.053,0.035,0.023,0.016,0.013,0.008,0.004,0.002,0.001
GAB,1954,12.07,11.583,11.117,10.675,10.425,9.958,9.541,9.176,8.86,8.585,8.34,8.163,8.068,8.029,8.011,8.018,8.008,7.953,7.871,7.806,7.748,7.686,7.62,7.551,7.479,7.406,7.331,7.254,7.174,7.092,7.009,6.925,6.841,6.757,6.671,6.585,6.498,6.41,6.321,6.231,6.141,6.05,5.96,5.87,5.778,5.686,5.593,5.498,5.403,5.305,5.206,5.104,5.001,4.897,4.789,4.678,4.564,4.446,4.323,4.197,4.067,3.932,3.788,3.641,3.489,3.334,3.174,3.007,2.836,2.664,2.491,2.314,2.134,1.952,1.773,1.598,1.427,1.264,1.107,0.957,0.814,0.683,0.57,0.471,0.379,0.295,0.224,0.171,0.13,0.093,0.067,0.05,0.036,0.023,0.014,0.01,0.008,0.005,0.003,0.001
GAB,1955,12.173,11.69,11.228,10.789,10.375,9.986,9.625,9.292,8.991,8.72,8.474,8.244,8.077,7.996,7.972,7.958,7.965,7.955,7.902,7.824,7.759,7.699,7.637,7.57,7.5,7.429,7.354,7.278,7.199,7.118,7.035,6.95,6.865,6.779,6.693,6.605,6.517,6.428,6.338,6.247,6.156,6.062,5.971,5.879,5.789,5.696,5.603,5.509,5.413,5.317,5.218,5.117,5.014,4.91,4.803,4.693,4.58,4.463,4.342,4.216,4.087,3.954,3.815,3.668,3.516,3.36,3.201,3.037,2.866,2.691,2.515,2.339,2.16,1.979,1.796,1.619,1.444,1.276,1.116,0.965,0.822,0.685,0.562,0.459,0.37,0.289,0.216,0.157,0.113,0.082,0.053,0.036,0.028,0.019,0.01,0.005,0.004,0.003,0.002,0.001
GAB,1956,12.299,11.83,11.372,10.943,10.54,10.165,9.818,9.503,9.205,8.918,8.649,8.405,8.175,8.01,7.931,7.909,7.896,7.902,7.89,7.836,7.758,7.692,7.632,7.568,7.5,7.429,7.356,7.28,7.202,7.122,7.039,6.955,6.868,6.782,6.694,6.606,6.517,6.427,6.336,6.245,6.154,6.061,5.968,5.875,5.784,5.691,5.599,5.503,5.407,5.31,5.211,5.111,5.008,4.903,4.796,4.686,4.573,4.457,4.336,4.211,4.082,3.948,3.811,3.667,3.517,3.36,3.2,3.038,2.872,2.699,2.523,2.347,2.172,1.995,1.818,1.641,1.468,1.3,1.14,0.991,0.851,0.72,0.594,0.484,0.392,0.313,0.243,0.181,0.131,0.095,0.067,0.044,0.03,0.023,0.016,0.008,0.004,0.003,0.002,0.001
GAB,1957,12.496,11.948,11.502,11.07,10.671,10.305,9.968,9.663,9.394,9.129,8.856,8.589,8.346,8.118,7.953,7.875,7.856,7.844,7.848,7.835,7.781,7.703,7.636,7.574,7.509,7.44,7.368,7.293,7.217,7.137,7.054,6.97,6.883,6.795,6.706,6.617,6.527,6.437,6.344,6.253,6.161,6.069,5.976,5.882,5.788,5.695,5.602,5.506,5.41,5.314,5.215,5.114,5.011,4.905,4.798,4.688,4.575,4.459,4.34,4.216,4.087,3.951,3.814,3.673,3.525,3.37,3.209,3.045,2.88,2.71,2.536,2.359,2.182,2.007,1.833,1.658,1.487,1.32,1.159,1.007,0.867,0.739,0.619,0.505,0.406,0.325,0.258,0.196,0.144,0.106,0.076,0.053,0.033,0.023,0.018,0.012,0.006,0.003,0.002,0.001
GAB,1958,12.763,12.156,11.609,11.19,10.782,10.414,10.083,9.784,9.52,9.296,9.065,8.805,8.538,8.298,8.07,7.905,7.829,7.813,7.801,7.804,7.789,7.735,7.656,7.589,7.526,7.458,7.389,7.315,7.239,7.161,7.08,6.996,6.909,6.82,6.731,6.64,6.548,6.457,6.364,6.271,6.177,6.083,5.991,5.897,5.803,5.707,5.613,5.519,5.423,5.325,5.225,5.125,5.022,4.918,4.81,4.7,4.587,4.471,4.351,4.229,4.1,3.966,3.827,3.684,3.539,3.386,3.227,3.062,2.895,2.726,2.553,2.376,2.197,2.02,1.846,1.673,1.502,1.336,1.174,1.019,0.875,0.745,0.628,0.518,0.416,0.328,0.258,0.202,0.15,0.109,0.081,0.057,0.039,0.024,0.016,0.013,0.009,0.004,0.002,0.001
GAB,1959,13.097,12.42,11.82,11.294,10.888,10.504,10.168,9.871,9.61,9.387,9.208,9.01,8.763,8.497,8.259,8.031,7.866,7.792,7.779,7.767,7.769,7.752,7.698,7.618,7.55,7.485,7.417,7.346,7.271,7.193,7.113,7.03,6.944,6.855,6.766,6.674,6.581,6.488,6.393,6.299,6.203,6.108,6.014,5.92,5.825,5.729,5.633,5.537,5.441,5.343,5.245,5.143,5.041,4.936,4.829,4.719,4.606,4.49,4.371,4.248,4.121,3.99,3.851,3.707,3.56,3.409,3.252,3.088,2.917,2.746,2.573,2.398,2.219,2.039,1.861,1.686,1.514,1.347,1.185,1.03,0.88,0.743,0.623,0.517,0.419,0.328,0.252,0.192,0.147,0.105,0.074,0.056,0.039,0.025,0.015,0.01,0.008,0.006,0.003,0.001
GAB,1960,13.493,12.739,12.081,11.51,11.018,10.596,10.236,9.93,9.669,9.444,9.262,9.128,8.963,8.73,8.464,8.228,8,7.835,7.763,7.752,7.74,7.74,7.722,7.667,7.587,7.518,7.452,7.382,7.309,7.232,7.154,7.072,6.988,6.899,6.809,6.716,6.622,6.527,6.432,6.336,6.239,6.142,6.044,5.949,5.854,5.758,5.661,5.565,5.467,5.369,5.27,5.17,5.066,4.962,4.854,4.745,4.632,4.516,4.397,4.274,4.148,4.018,3.882,3.739,3.589,3.437,3.282,3.121,2.951,2.776,2.6,2.424,2.245,2.064,1.882,1.703,1.527,1.356,1.193,1.036,0.885,0.742,0.613,0.502,0.406,0.319,0.239,0.174,0.127,0.091,0.059,0.038,0.03,0.02,0.01,0.004,0.004,0.003,0.002,0.001
GAB,1961,13.867,13.111,12.408,11.797,11.271,10.82,10.437,10.114,9.835,9.586,9.364,9.182,9.045,8.883,8.662,8.412,8.191,7.976,7.821,7.754,7.746,7.736,7.737,7.722,7.668,7.592,7.525,7.46,7.39,7.312,7.23,7.144,7.055,6.961,6.86,6.753,6.645,6.534,6.428,6.33,6.237,6.142,6.046,5.95,5.854,5.757,5.659,5.561,5.463,5.363,5.263,5.163,5.059,4.954,4.846,4.737,4.624,4.508,4.388,4.265,4.137,4.007,3.872,3.732,3.584,3.431,3.274,3.115,2.95,2.779,2.603,2.426,2.25,2.072,1.894,1.717,1.544,1.375,1.211,1.057,0.912,0.774,0.643,0.526,0.427,0.344,0.267,0.2,0.145,0.105,0.075,0.048,0.032,0.025,0.017,0.009,0.004,0.003,0.002,0.001
GAB,1962,14.299,13.395,12.747,12.093,11.53,11.048,10.637,10.292,10.006,9.753,9.515,9.295,9.114,8.974,8.813,8.604,8.371,8.163,7.961,7.817,7.755,7.749,7.742,7.743,7.729,7.68,7.607,7.542,7.479,7.408,7.325,7.236,7.143,7.048,6.944,6.828,6.706,6.583,6.456,6.338,6.236,6.145,6.052,5.959,5.864,5.767,5.666,5.567,5.468,5.368,5.267,5.166,5.062,4.957,4.848,4.739,4.625,4.509,4.39,4.267,4.14,4.007,3.871,3.733,3.588,3.435,3.277,3.115,2.953,2.785,2.612,2.433,2.256,2.079,1.903,1.729,1.556,1.387,1.224,1.069,0.925,0.791,0.665,0.545,0.44,0.354,0.282,0.215,0.159,0.117,0.084,0.059,0.037,0.025,0.019,0.013,0.006,0.003,0.002,0.001
GAB,1963,14.789,13.816,12.973,12.402,11.798,11.281,10.842,10.47,10.162,9.912,9.685,9.459,9.24,9.06,8.917,8.757,8.559,8.343,8.148,7.959,7.824,7.768,7.764,7.759,7.762,7.749,7.702,7.633,7.57,7.508,7.435,7.35,7.252,7.152,7.051,6.937,6.807,6.669,6.53,6.387,6.258,6.153,6.064,5.971,5.881,5.787,5.689,5.585,5.484,5.383,5.281,5.179,5.075,4.969,4.861,4.751,4.638,4.521,4.401,4.279,4.152,4.019,3.882,3.742,3.599,3.449,3.292,3.128,2.963,2.795,2.624,2.447,2.268,2.089,1.912,1.738,1.565,1.397,1.233,1.076,0.928,0.794,0.672,0.556,0.449,0.356,0.281,0.221,0.165,0.12,0.088,0.064,0.042,0.026,0.018,0.014,0.009,0.005,0.002,0.001
GAB,1964,15.342,14.305,13.405,12.629,12.078,11.521,11.05,10.653,10.321,10.05,9.837,9.634,9.419,9.201,9.021,8.875,8.716,8.529,8.329,8.147,7.971,7.845,7.794,7.793,7.789,7.793,7.782,7.738,7.672,7.612,7.551,7.476,7.386,7.281,7.175,7.065,6.941,6.798,6.643,6.488,6.329,6.188,6.079,5.992,5.902,5.813,5.72,5.62,5.514,5.41,5.308,5.204,5.099,4.993,4.885,4.774,4.661,4.545,4.424,4.301,4.175,4.044,3.907,3.765,3.619,3.471,3.315,3.153,2.985,2.814,2.643,2.468,2.289,2.106,1.926,1.748,1.575,1.404,1.24,1.081,0.929,0.789,0.664,0.552,0.449,0.352,0.272,0.209,0.16,0.114,0.08,0.061,0.043,0.027,0.016,0.011,0.008,0.006,0.003,0.001
GAB,1965,15.952,14.862,13.91,13.085,12.377,11.773,11.263,10.837,10.481,10.188,9.953,9.776,9.599,9.394,9.177,8.996,8.846,8.69,8.511,8.328,8.159,7.995,7.879,7.834,7.834,7.832,7.838,7.828,7.788,7.725,7.666,7.606,7.53,7.435,7.323,7.209,7.092,6.957,6.8,6.629,6.457,6.28,6.128,6.016,5.93,5.841,5.754,5.662,5.56,5.451,5.346,5.241,5.135,5.028,4.919,4.808,4.695,4.578,4.458,4.336,4.208,4.079,3.943,3.801,3.653,3.501,3.348,3.188,3.019,2.845,2.67,2.494,2.315,2.132,1.947,1.766,1.587,1.413,1.245,1.084,0.931,0.784,0.65,0.535,0.434,0.341,0.257,0.188,0.136,0.099,0.063,0.041,0.032,0.022,0.011,0.005,0.003,0.003,0.002,0.001
GAB,1966,16.514,15.568,14.557,13.669,12.897,12.228,11.654,11.166,10.753,10.411,10.127,9.896,9.719,9.541,9.336,9.119,8.936,8.783,8.628,8.463,8.3,8.151,8.007,7.903,7.858,7.852,7.846,7.843,7.831,7.797,7.745,7.695,7.643,7.574,7.481,7.37,7.255,7.138,7.001,6.837,6.657,6.475,6.287,6.126,6.009,5.921,5.828,5.738,5.639,5.523,5.395,5.27,5.147,5.027,4.914,4.805,4.694,4.581,4.463,4.339,4.208,4.076,3.941,3.8,3.654,3.5,3.344,3.186,3.022,2.851,2.675,2.497,2.32,2.142,1.962,1.781,1.603,1.43,1.264,1.106,0.956,0.815,0.679,0.558,0.455,0.367,0.285,0.214,0.156,0.113,0.082,0.051,0.034,0.026,0.018,0.008,0.003,0.003,0.002,0.001
GAB,1967,17.136,15.984,15.218,14.282,13.457,12.734,12.104,11.56,11.091,10.693,10.362,10.086,9.859,9.682,9.502,9.296,9.08,8.895,8.736,8.584,8.432,8.289,8.159,8.034,7.943,7.899,7.886,7.873,7.865,7.851,7.822,7.781,7.739,7.696,7.633,7.542,7.431,7.315,7.198,7.058,6.887,6.698,6.507,6.307,6.137,6.015,5.924,5.828,5.735,5.629,5.497,5.349,5.206,5.063,4.928,4.811,4.702,4.59,4.476,4.357,4.228,4.092,3.953,3.813,3.667,3.514,3.356,3.194,3.032,2.863,2.689,2.509,2.329,2.152,1.973,1.794,1.617,1.444,1.276,1.116,0.968,0.83,0.699,0.576,0.467,0.377,0.3,0.23,0.17,0.125,0.09,0.064,0.04,0.026,0.021,0.014,0.006,0.003,0.002,0.001
GAB,1968,17.777,16.615,15.573,14.882,14.022,13.258,12.584,11.993,11.477,11.027,10.643,10.323,10.055,9.832,9.654,9.474,9.267,9.049,8.862,8.698,8.548,8.411,8.287,8.174,8.07,7.992,7.948,7.928,7.91,7.895,7.878,7.855,7.824,7.792,7.757,7.7,7.612,7.5,7.383,7.266,7.122,6.945,6.746,6.545,6.333,6.154,6.027,5.933,5.834,5.738,5.623,5.476,5.309,5.147,4.984,4.836,4.712,4.604,4.491,4.377,4.256,4.121,3.978,3.834,3.688,3.536,3.378,3.215,3.048,2.881,2.707,2.529,2.346,2.165,1.985,1.806,1.63,1.456,1.287,1.124,0.971,0.832,0.704,0.585,0.473,0.376,0.298,0.235,0.175,0.127,0.094,0.067,0.045,0.028,0.018,0.015,0.01,0.005,0.002,0.001
GAB,1969,18.381,17.231,16.187,15.243,14.545,13.76,13.058,12.433,11.881,11.392,10.962,10.592,10.284,10.024,9.804,9.627,9.445,9.237,9.018,8.829,8.66,8.512,8.387,8.284,8.19,8.106,8.04,7.997,7.97,7.945,7.923,7.905,7.887,7.868,7.844,7.817,7.766,7.68,7.568,7.452,7.333,7.187,7.001,6.793,6.582,6.36,6.17,6.038,5.941,5.838,5.74,5.617,5.454,5.268,5.087,4.905,4.742,4.613,4.505,4.391,4.277,4.153,4.014,3.863,3.713,3.563,3.406,3.242,3.072,2.901,2.728,2.551,2.368,2.183,1.999,1.818,1.64,1.464,1.294,1.129,0.97,0.825,0.695,0.579,0.47,0.37,0.285,0.219,0.168,0.12,0.084,0.063,0.045,0.028,0.016,0.011,0.008,0.006,0.003,0.001
GAB,1970,18.913,17.8,16.776,15.836,14.977,14.197,13.488,12.848,12.273,11.76,11.3,10.889,10.534,10.237,9.985,9.769,9.592,9.408,9.2,8.981,8.789,8.616,8.469,8.358,8.275,8.199,8.134,8.082,8.039,8.005,7.975,7.946,7.925,7.913,7.905,7.89,7.871,7.826,7.742,7.63,7.513,7.394,7.244,7.052,6.835,6.614,6.38,6.182,6.045,5.945,5.838,5.737,5.606,5.429,5.222,5.023,4.822,4.646,4.511,4.402,4.287,4.173,4.047,3.904,3.747,3.591,3.435,3.273,3.103,2.928,2.751,2.574,2.392,2.206,2.017,1.832,1.649,1.47,1.297,1.131,0.97,0.817,0.678,0.557,0.452,0.355,0.267,0.194,0.141,0.102,0.064,0.042,0.032,0.022,0.01,0.005,0.003,0.003,0.002,0.001
GAB,1971,19.359,18.579,17.541,16.577,15.686,14.864,14.109,13.417,12.79,12.226,11.722,11.266,10.854,10.498,10.202,9.954,9.738,9.56,9.377,9.168,8.95,8.758,8.584,8.438,8.326,8.241,8.164,8.098,8.043,7.998,7.962,7.93,7.898,7.874,7.86,7.849,7.83,7.809,7.761,7.676,7.561,7.444,7.324,7.172,6.979,6.762,6.54,6.305,6.105,5.966,5.864,5.754,5.649,5.516,5.336,5.127,4.926,4.722,4.542,4.403,4.288,4.168,4.047,3.916,3.766,3.604,3.442,3.282,3.114,2.941,2.762,2.582,2.403,2.221,2.035,1.851,1.668,1.49,1.319,1.154,0.998,0.851,0.708,0.582,0.474,0.382,0.298,0.221,0.161,0.117,0.083,0.052,0.033,0.026,0.018,0.008,0.003,0.003,0.002,0.001
GAB,1972,19.744,18.79,18.245,17.282,16.379,15.536,14.751,14.022,13.346,12.732,12.18,11.683,11.231,10.817,10.46,10.167,9.922,9.708,9.529,9.346,9.137,8.919,8.728,8.554,8.406,8.293,8.207,8.129,8.061,8.004,7.958,7.919,7.884,7.849,7.823,7.806,7.792,7.77,7.745,7.695,7.608,7.493,7.373,7.252,7.1,6.906,6.687,6.464,6.228,6.027,5.887,5.781,5.668,5.56,5.425,5.243,5.032,4.829,4.623,4.439,4.295,4.174,4.049,3.923,3.786,3.63,3.461,3.294,3.128,2.957,2.779,2.596,2.414,2.232,2.05,1.866,1.684,1.505,1.332,1.166,1.011,0.866,0.729,0.6,0.486,0.392,0.313,0.238,0.176,0.129,0.093,0.065,0.04,0.026,0.02,0.013,0.007,0.003,0.002,0
GAB,1973,20.116,19.256,18.415,17.913,17.025,16.183,15.387,14.639,13.936,13.278,12.675,12.133,11.646,11.197,10.782,10.424,10.133,9.891,9.677,9.499,9.315,9.107,8.889,8.697,8.523,8.375,8.261,8.174,8.094,8.024,7.967,7.918,7.876,7.838,7.802,7.772,7.752,7.734,7.71,7.683,7.63,7.541,7.424,7.303,7.18,7.027,6.832,6.613,6.389,6.153,5.95,5.807,5.699,5.583,5.472,5.334,5.149,4.937,4.731,4.523,4.336,4.187,4.061,3.93,3.798,3.655,3.494,3.319,3.147,2.975,2.799,2.616,2.43,2.246,2.062,1.879,1.696,1.516,1.341,1.173,1.014,0.868,0.735,0.61,0.492,0.391,0.308,0.242,0.18,0.131,0.097,0.069,0.046,0.028,0.018,0.015,0.01,0.005,0.002,0
GAB,1974,20.549,19.757,18.968,18.186,17.587,16.773,15.992,15.244,14.531,13.855,13.213,12.623,12.091,11.613,11.167,10.751,10.392,10.102,9.864,9.651,9.471,9.288,9.079,8.862,8.67,8.496,8.347,8.233,8.143,8.062,7.991,7.931,7.879,7.835,7.796,7.755,7.724,7.701,7.68,7.654,7.623,7.567,7.476,7.358,7.236,7.111,6.956,6.762,6.541,6.316,6.079,5.875,5.729,5.618,5.5,5.386,5.244,5.057,4.844,4.636,4.425,4.234,4.081,3.949,3.812,3.674,3.526,3.358,3.178,3,2.823,2.642,2.455,2.266,2.077,1.893,1.709,1.527,1.35,1.179,1.014,0.862,0.725,0.604,0.49,0.384,0.295,0.226,0.173,0.122,0.085,0.064,0.045,0.029,0.017,0.01,0.008,0.005,0.003,0
GAB,1975,21.094,20.325,19.554,18.786,18.023,17.271,16.532,15.81,15.109,14.433,13.782,13.156,12.578,12.057,11.587,11.144,10.726,10.366,10.077,9.842,9.63,9.449,9.265,9.057,8.84,8.648,8.473,8.324,8.207,8.117,8.035,7.962,7.9,7.846,7.8,7.757,7.715,7.68,7.655,7.631,7.601,7.567,7.509,7.416,7.296,7.172,7.046,6.89,6.694,6.473,6.247,6.008,5.803,5.655,5.542,5.42,5.303,5.159,4.969,4.753,4.542,4.329,4.135,3.977,3.84,3.696,3.553,3.398,3.225,3.039,2.855,2.673,2.487,2.296,2.102,1.911,1.724,1.539,1.359,1.184,1.017,0.856,0.71,0.583,0.472,0.37,0.277,0.199,0.144,0.103,0.064,0.04,0.031,0.021,0.01,0.004,0.003,0.002,0.002,0
GAB,1976,21.716,20.873,20.106,19.349,18.602,17.867,17.149,16.451,15.758,15.068,14.39,13.74,13.115,12.537,12.021,11.556,11.117,10.701,10.343,10.056,9.821,9.61,9.43,9.246,9.037,8.819,8.627,8.45,8.298,8.18,8.087,8.001,7.926,7.86,7.804,7.754,7.709,7.663,7.625,7.597,7.571,7.539,7.501,7.441,7.345,7.223,7.097,6.968,6.81,6.612,6.389,6.162,5.922,5.714,5.563,5.446,5.32,5.199,5.05,4.857,4.637,4.422,4.205,4.007,3.842,3.698,3.549,3.4,3.24,3.061,2.871,2.684,2.5,2.313,2.122,1.931,1.743,1.559,1.381,1.21,1.047,0.892,0.742,0.61,0.496,0.399,0.309,0.229,0.166,0.119,0.084,0.052,0.033,0.025,0.017,0.008,0.003,0.002,0.002,0
GAB,1977,22.448,21.574,20.665,19.9,19.156,18.43,17.722,17.036,16.379,15.718,15.037,14.356,13.707,13.082,12.505,11.992,11.533,11.096,10.682,10.326,10.04,9.807,9.597,9.418,9.233,9.024,8.804,8.61,8.432,8.279,8.157,8.062,7.974,7.894,7.826,7.766,7.714,7.665,7.617,7.575,7.544,7.515,7.481,7.441,7.378,7.28,7.155,7.026,6.894,6.734,6.534,6.309,6.081,5.839,5.629,5.475,5.354,5.224,5.098,4.945,4.748,4.524,4.305,4.084,3.881,3.71,3.559,3.404,3.249,3.084,2.9,2.706,2.516,2.329,2.141,1.95,1.761,1.577,1.396,1.224,1.062,0.91,0.766,0.63,0.509,0.41,0.326,0.248,0.182,0.132,0.094,0.066,0.039,0.025,0.019,0.013,0.007,0.002,0.002,0
GAB,1978,23.265,22.289,21.368,20.469,19.706,18.973,18.268,17.586,16.934,16.317,15.685,15.014,14.33,13.68,13.056,12.48,11.97,11.515,11.082,10.67,10.315,10.031,9.798,9.589,9.41,9.225,9.014,8.794,8.599,8.418,8.263,8.139,8.041,7.95,7.868,7.797,7.734,7.678,7.626,7.575,7.53,7.496,7.464,7.427,7.385,7.32,7.218,7.09,6.959,6.825,6.662,6.46,6.233,6.003,5.759,5.547,5.39,5.265,5.131,5,4.844,4.642,4.413,4.191,3.965,3.757,3.58,3.423,3.261,3.1,2.93,2.741,2.543,2.349,2.159,1.969,1.779,1.592,1.41,1.234,1.068,0.915,0.774,0.642,0.517,0.41,0.323,0.253,0.187,0.135,0.098,0.069,0.047,0.027,0.017,0.014,0.009,0.004,0.002,0
GAB,1979,24.127,23.051,22.055,21.131,20.284,19.522,18.801,18.116,17.461,16.842,16.265,15.662,15,14.313,13.663,13.037,12.462,11.955,11.505,11.074,10.664,10.311,10.027,9.796,9.586,9.407,9.222,9.01,8.789,8.592,8.409,8.251,8.126,8.025,7.93,7.846,7.771,7.705,7.647,7.592,7.536,7.489,7.452,7.417,7.377,7.333,7.265,7.161,7.03,6.896,6.759,6.593,6.389,6.161,5.929,5.683,5.469,5.307,5.178,5.039,4.905,4.744,4.538,4.306,4.078,3.849,3.636,3.453,3.288,3.12,2.953,2.777,2.583,2.38,2.183,1.99,1.799,1.61,1.424,1.245,1.073,0.912,0.769,0.639,0.517,0.405,0.31,0.237,0.18,0.126,0.087,0.064,0.045,0.028,0.015,0.01,0.008,0.005,0.002,0
GAB,1980,25,23.847,22.791,21.821,20.93,20.107,19.346,18.637,17.973,17.342,16.756,16.219,15.644,14.993,14.301,13.651,13.025,12.449,11.945,11.499,11.071,10.661,10.309,10.027,9.796,9.587,9.409,9.223,9.011,8.788,8.588,8.403,8.244,8.116,8.011,7.915,7.827,7.749,7.68,7.618,7.56,7.502,7.451,7.412,7.374,7.331,7.284,7.212,7.106,6.973,6.835,6.696,6.527,6.321,6.091,5.857,5.609,5.392,5.227,5.093,4.951,4.812,4.647,4.436,4.199,3.968,3.734,3.516,3.326,3.155,2.98,2.807,2.625,2.426,2.219,2.018,1.822,1.63,1.44,1.257,1.081,0.911,0.757,0.622,0.503,0.393,0.293,0.211,0.151,0.107,0.065,0.04,0.031,0.021,0.009,0.003,0.003,0.002,0.002,0
GAB,1981,25.813,24.743,23.643,22.629,21.693,20.828,20.024,19.276,18.577,17.921,17.299,16.715,16.178,15.605,14.956,14.271,13.624,13,12.427,11.925,11.481,11.055,10.647,10.295,10.013,9.781,9.571,9.39,9.203,8.988,8.763,8.562,8.375,8.213,8.082,7.975,7.876,7.785,7.706,7.634,7.57,7.509,7.448,7.395,7.352,7.312,7.265,7.215,7.14,7.03,6.894,6.754,6.61,6.439,6.23,5.999,5.761,5.511,5.29,5.121,4.98,4.832,4.686,4.514,4.299,4.058,3.823,3.584,3.362,3.167,2.991,2.811,2.634,2.451,2.252,2.046,1.847,1.654,1.467,1.287,1.114,0.95,0.792,0.651,0.529,0.426,0.328,0.243,0.175,0.125,0.088,0.053,0.033,0.026,0.017,0.007,0.003,0.002,0.001,0
GAB,1982,26.639,25.423,24.502,23.453,22.481,21.578,20.738,19.954,19.218,18.528,17.881,17.265,16.685,16.148,15.575,14.93,14.249,13.605,12.984,12.413,11.912,11.471,11.045,10.639,10.287,10.004,9.771,9.56,9.377,9.188,8.971,8.744,8.54,8.351,8.186,8.054,7.944,7.842,7.749,7.666,7.592,7.525,7.462,7.399,7.344,7.298,7.253,7.203,7.15,7.072,6.96,6.82,6.676,6.529,6.355,6.143,5.909,5.669,5.417,5.192,5.017,4.87,4.715,4.563,4.386,4.165,3.92,3.679,3.436,3.211,3.011,2.829,2.644,2.464,2.277,2.079,1.873,1.678,1.487,1.305,1.135,0.973,0.82,0.674,0.546,0.438,0.349,0.264,0.192,0.139,0.099,0.069,0.041,0.026,0.019,0.013,0.005,0.002,0.001,0
GAB,1983,27.471,26.255,25.126,24.272,23.275,22.344,21.473,20.659,19.893,19.17,18.489,17.848,17.239,16.663,16.125,15.552,14.91,14.234,13.592,12.973,12.403,11.905,11.465,11.041,10.635,10.285,10.001,9.766,9.553,9.369,9.178,8.959,8.73,8.523,8.332,8.165,8.028,7.917,7.813,7.716,7.63,7.554,7.485,7.42,7.354,7.296,7.246,7.199,7.146,7.088,7.007,6.892,6.748,6.601,6.451,6.273,6.059,5.822,5.58,5.325,5.097,4.916,4.763,4.601,4.443,4.259,4.033,3.783,3.538,3.292,3.06,2.856,2.668,2.479,2.294,2.106,1.906,1.703,1.508,1.322,1.145,0.982,0.831,0.689,0.556,0.441,0.348,0.272,0.2,0.143,0.104,0.073,0.049,0.028,0.017,0.014,0.009,0.004,0.001,0
GAB,1984,28.311,27.105,25.978,24.923,24.052,23.105,22.214,21.377,20.587,19.839,19.128,18.456,17.824,17.221,16.646,16.109,15.536,14.897,14.224,13.586,12.968,12.399,11.903,11.464,11.041,10.637,10.286,10,9.765,9.549,9.363,9.17,8.95,8.718,8.51,8.315,8.146,8.007,7.893,7.785,7.686,7.597,7.519,7.448,7.379,7.312,7.25,7.198,7.147,7.091,7.03,6.945,6.826,6.68,6.529,6.376,6.194,5.977,5.737,5.492,5.235,5.003,4.817,4.657,4.488,4.323,4.133,3.903,3.647,3.398,3.147,2.912,2.701,2.508,2.315,2.127,1.935,1.735,1.532,1.341,1.156,0.985,0.83,0.691,0.56,0.438,0.335,0.256,0.195,0.136,0.093,0.068,0.047,0.029,0.016,0.01,0.008,0.005,0.002,0
GAB,1985,29.153,27.968,26.847,25.787,24.786,23.837,22.941,22.091,21.285,20.521,19.791,19.091,18.428,17.803,17.207,16.634,16.096,15.524,14.887,14.218,13.582,12.965,12.399,11.903,11.465,11.044,10.64,10.289,10.003,9.766,9.549,9.361,9.165,8.943,8.709,8.498,8.301,8.128,7.987,7.87,7.76,7.658,7.567,7.485,7.411,7.342,7.271,7.207,7.152,7.097,7.037,6.973,6.885,6.762,6.612,6.459,6.301,6.116,5.897,5.654,5.407,5.146,4.91,4.718,4.552,4.377,4.205,4.009,3.773,3.513,3.259,3.003,2.763,2.547,2.348,2.15,1.958,1.764,1.563,1.362,1.172,0.991,0.825,0.678,0.55,0.431,0.321,0.231,0.165,0.119,0.071,0.043,0.033,0.022,0.01,0.003,0.003,0.002,0.002,0
GAB,1986,29.948,28.936,27.799,26.716,25.686,24.705,23.772,22.883,22.04,21.243,20.485,19.759,19.059,18.397,17.775,17.182,16.612,16.076,15.505,14.87,14.204,13.569,12.954,12.389,11.893,11.455,11.033,10.628,10.276,9.988,9.748,9.529,9.339,9.141,8.916,8.68,8.467,8.267,8.092,7.95,7.831,7.718,7.614,7.521,7.437,7.36,7.287,7.213,7.146,7.087,7.029,6.965,6.897,6.804,6.678,6.524,6.365,6.204,6.014,5.79,5.543,5.29,5.025,4.784,4.585,4.411,4.229,4.05,3.848,3.607,3.343,3.087,2.83,2.59,2.372,2.173,1.976,1.785,1.596,1.404,1.213,1.034,0.865,0.711,0.58,0.467,0.361,0.267,0.192,0.137,0.097,0.057,0.035,0.026,0.017,0.008,0.003,0.002,0.002,0
GAB,1987,30.741,29.623,28.735,27.644,26.598,25.597,24.638,23.719,22.838,22.001,21.209,20.459,19.736,19.037,18.376,17.756,17.167,16.598,16.062,15.494,14.86,14.196,13.563,12.95,12.384,11.889,11.45,11.026,10.621,10.267,9.977,9.735,9.514,9.321,9.121,8.893,8.656,8.44,8.238,8.061,7.916,7.795,7.681,7.575,7.479,7.392,7.312,7.236,7.16,7.089,7.026,6.964,6.896,6.823,6.727,6.596,6.439,6.276,6.108,5.915,5.686,5.434,5.177,4.907,4.66,4.454,4.272,4.083,3.897,3.688,3.443,3.176,2.917,2.659,2.416,2.198,1.999,1.802,1.614,1.428,1.244,1.064,0.896,0.739,0.599,0.482,0.384,0.291,0.212,0.153,0.109,0.076,0.045,0.026,0.021,0.014,0.007,0.002,0.002,0
GAB,1988,31.524,30.45,29.4,28.54,27.496,26.487,25.514,24.575,23.671,22.798,21.966,21.182,20.438,19.718,19.019,18.358,17.742,17.155,16.589,16.054,15.487,14.855,14.192,13.561,12.948,12.383,11.888,11.448,11.023,10.616,10.26,9.969,9.725,9.501,9.305,9.102,8.873,8.632,8.414,8.211,8.031,7.885,7.761,7.645,7.537,7.439,7.35,7.266,7.187,7.107,7.033,6.966,6.901,6.828,6.752,6.651,6.516,6.354,6.187,6.016,5.817,5.583,5.327,5.064,4.79,4.537,4.324,4.134,3.937,3.744,3.529,3.28,3.009,2.748,2.488,2.245,2.025,1.825,1.629,1.441,1.261,1.085,0.917,0.76,0.613,0.487,0.384,0.301,0.221,0.157,0.115,0.081,0.054,0.031,0.019,0.014,0.009,0.004,0.002,0
GAB,1989,32.29,31.26,30.243,29.239,28.344,27.348,26.376,25.431,24.513,23.623,22.757,21.932,21.154,20.416,19.7,19.002,18.342,17.726,17.142,16.579,16.045,15.479,14.849,14.188,13.557,12.946,12.381,11.886,11.445,11.019,10.611,10.254,9.96,9.714,9.488,9.289,9.083,8.852,8.61,8.39,8.183,8.002,7.852,7.728,7.609,7.499,7.399,7.306,7.22,7.137,7.055,6.978,6.907,6.838,6.761,6.681,6.576,6.436,6.27,6.098,5.923,5.719,5.48,5.218,4.951,4.672,4.414,4.194,3.996,3.792,3.592,3.37,3.116,2.844,2.579,2.317,2.072,1.852,1.652,1.456,1.27,1.093,0.925,0.768,0.623,0.488,0.375,0.287,0.218,0.151,0.103,0.076,0.053,0.033,0.017,0.011,0.009,0.005,0.002,0
GAB,1990,33.033,32.045,31.06,30.08,29.107,28.145,27.196,26.261,25.345,24.449,23.572,22.714,21.893,21.123,20.393,19.679,18.981,18.322,17.709,17.128,16.567,16.034,15.469,14.841,14.182,13.552,12.942,12.379,11.883,11.441,11.015,10.604,10.246,9.951,9.702,9.474,9.273,9.064,8.831,8.585,8.363,8.154,7.971,7.819,7.692,7.572,7.46,7.357,7.262,7.173,7.088,7.002,6.92,6.847,6.773,6.693,6.608,6.499,6.356,6.185,6.009,5.829,5.621,5.377,5.111,4.839,4.554,4.291,4.063,3.858,3.646,3.438,3.211,2.953,2.677,2.409,2.146,1.9,1.678,1.477,1.283,1.098,0.926,0.766,0.62,0.486,0.362,0.262,0.188,0.136,0.081,0.049,0.038,0.025,0.011,0.004,0.003,0.002,0.002,0
GAB,1991,33.766,32.85,31.889,30.927,29.97,29.018,28.075,27.143,26.222,25.313,24.42,23.545,22.688,21.869,21.1,20.372,19.66,18.964,18.305,17.693,17.113,16.552,16.02,15.455,14.826,14.166,13.536,12.925,12.361,11.863,11.419,10.991,10.579,10.219,9.922,9.67,9.439,9.236,9.025,8.789,8.543,8.32,8.109,7.923,7.77,7.64,7.517,7.402,7.296,7.198,7.106,7.016,6.925,6.841,6.762,6.682,6.598,6.507,6.392,6.241,6.063,5.879,5.692,5.476,5.226,4.954,4.676,4.388,4.118,3.884,3.671,3.453,3.24,3.01,2.752,2.478,2.214,1.956,1.716,1.505,1.315,1.131,0.958,0.799,0.655,0.526,0.407,0.301,0.218,0.156,0.111,0.066,0.04,0.031,0.021,0.009,0.003,0.002,0.002,0
GAB,1992,34.486,33.558,32.667,31.732,30.794,29.859,28.928,28.004,27.091,26.183,25.281,24.391,23.519,22.662,21.843,21.077,20.352,19.642,18.946,18.288,17.677,17.098,16.538,16.006,15.44,14.812,14.151,13.52,12.908,12.343,11.844,11.398,10.968,10.554,10.191,9.891,9.638,9.404,9.198,8.986,8.748,8.501,8.275,8.063,7.875,7.72,7.587,7.462,7.344,7.234,7.133,7.037,6.944,6.85,6.76,6.677,6.592,6.501,6.405,6.284,6.127,5.941,5.75,5.554,5.331,5.075,4.797,4.514,4.22,3.945,3.705,3.484,3.26,3.041,2.808,2.551,2.28,2.021,1.767,1.534,1.33,1.151,0.978,0.817,0.673,0.544,0.433,0.327,0.239,0.174,0.124,0.086,0.05,0.031,0.024,0.016,0.007,0.002,0.002,0
GAB,1993,35.163,34.261,33.352,32.481,31.572,30.66,29.748,28.837,27.932,27.037,26.142,25.248,24.361,23.491,22.634,21.816,21.052,20.33,19.622,18.926,18.27,17.66,17.082,16.522,15.99,15.425,14.796,14.135,13.504,12.891,12.324,11.823,11.376,10.943,10.528,10.163,9.861,9.605,9.37,9.16,8.946,8.707,8.458,8.231,8.017,7.828,7.669,7.535,7.406,7.285,7.173,7.068,6.969,6.871,6.773,6.679,6.591,6.501,6.406,6.303,6.175,6.012,5.819,5.62,5.416,5.186,4.924,4.64,4.351,4.053,3.772,3.524,3.297,3.067,2.843,2.607,2.349,2.082,1.826,1.577,1.351,1.157,0.988,0.827,0.678,0.546,0.434,0.338,0.249,0.178,0.13,0.091,0.062,0.035,0.021,0.017,0.011,0.005,0.002,0
GAB,1994,35.759,34.896,34.025,33.147,32.295,31.412,30.525,29.636,28.745,27.859,26.982,26.101,25.215,24.331,23.462,22.605,21.788,21.027,20.308,19.602,18.907,18.25,17.642,17.065,16.505,15.974,15.409,14.78,14.118,13.486,12.873,12.305,11.803,11.354,10.919,10.502,10.135,9.83,9.573,9.335,9.123,8.906,8.665,8.415,8.187,7.971,7.779,7.619,7.482,7.351,7.226,7.111,7.003,6.9,6.799,6.696,6.598,6.505,6.41,6.309,6.202,6.067,5.896,5.695,5.49,5.279,5.042,4.773,4.483,4.188,3.885,3.599,3.344,3.11,2.873,2.644,2.405,2.147,1.883,1.631,1.387,1.168,0.982,0.824,0.675,0.537,0.419,0.323,0.245,0.169,0.116,0.085,0.06,0.036,0.019,0.012,0.009,0.007,0.003,0
GAB,1995,36.257,35.451,34.632,33.8,32.959,32.109,31.252,30.389,29.523,28.653,27.787,26.927,26.06,25.181,24.3,23.433,22.577,21.762,21.002,20.287,19.582,18.887,18.232,17.623,17.048,16.489,15.958,15.393,14.764,14.101,13.469,12.854,12.285,11.781,11.331,10.895,10.475,10.107,9.8,9.54,9.299,9.085,8.866,8.623,8.371,8.141,7.925,7.731,7.568,7.428,7.294,7.167,7.049,6.937,6.831,6.727,6.62,6.517,6.419,6.319,6.212,6.099,5.959,5.78,5.573,5.359,5.14,4.897,4.621,4.325,4.025,3.717,3.426,3.164,2.922,2.68,2.446,2.204,1.946,1.684,1.437,1.198,0.985,0.809,0.661,0.523,0.397,0.292,0.211,0.151,0.09,0.054,0.041,0.028,0.012,0.004,0.003,0.002,0.002,0
GAB,1996,36.64,36.031,35.255,34.462,33.654,32.832,31.999,31.157,30.307,29.448,28.583,27.719,26.861,25.996,25.122,24.249,23.39,22.54,21.729,20.971,20.256,19.553,18.859,18.206,17.599,17.026,16.469,15.939,15.377,14.752,14.097,13.47,12.861,12.294,11.79,11.335,10.894,10.47,10.095,9.783,9.515,9.267,9.045,8.819,8.572,8.316,8.082,7.861,7.664,7.497,7.353,7.215,7.083,6.961,6.844,6.732,6.622,6.509,6.4,6.293,6.184,6.067,5.945,5.795,5.607,5.389,5.167,4.94,4.688,4.407,4.107,3.804,3.495,3.202,2.939,2.697,2.455,2.222,1.986,1.741,1.495,1.264,1.041,0.846,0.688,0.558,0.436,0.329,0.243,0.175,0.124,0.073,0.043,0.033,0.022,0.01,0.003,0.002,0.002,0
GAB,1997,36.959,36.327,35.819,35.071,34.304,33.518,32.717,31.901,31.075,30.236,29.383,28.523,27.662,26.805,25.942,25.074,24.209,23.355,22.511,21.703,20.948,20.234,19.531,18.839,18.186,17.581,17.01,16.454,15.926,15.366,14.747,14.097,13.476,12.872,12.308,11.802,11.342,10.897,10.468,10.088,9.768,9.494,9.238,9.009,8.776,8.522,8.264,8.025,7.8,7.598,7.428,7.28,7.138,7.003,6.875,6.753,6.636,6.52,6.401,6.284,6.169,6.051,5.924,5.793,5.634,5.436,5.209,4.976,4.74,4.481,4.194,3.891,3.584,3.273,2.979,2.715,2.472,2.232,2,1.77,1.536,1.306,1.091,0.885,0.708,0.568,0.456,0.35,0.261,0.193,0.138,0.096,0.056,0.033,0.026,0.017,0.007,0.002,0.002,0
GAB,1998,37.253,36.71,36.121,35.612,34.894,34.152,33.389,32.607,31.809,30.997,30.169,29.324,28.468,27.61,26.753,25.893,25.03,24.171,23.324,22.485,21.682,20.928,20.215,19.513,18.821,18.169,17.566,16.996,16.443,15.916,15.358,14.744,14.1,13.485,12.887,12.325,11.816,11.353,10.903,10.468,10.082,9.756,9.475,9.211,8.973,8.734,8.476,8.212,7.971,7.74,7.535,7.36,7.208,7.062,6.923,6.791,6.664,6.541,6.418,6.294,6.17,6.046,5.918,5.782,5.642,5.474,5.265,5.028,4.787,4.541,4.274,3.982,3.674,3.365,3.052,2.757,2.491,2.248,2.008,1.778,1.554,1.332,1.118,0.919,0.73,0.57,0.447,0.354,0.264,0.192,0.143,0.103,0.068,0.039,0.024,0.018,0.012,0.005,0.002,0
GAB,1999,37.576,37.09,36.554,35.974,35.405,34.716,33.999,33.259,32.496,31.715,30.919,30.102,29.264,28.412,27.556,26.7,25.843,24.985,24.134,23.291,22.458,21.659,20.908,20.195,19.494,18.803,18.151,17.55,16.983,16.431,15.904,15.35,14.741,14.103,13.492,12.9,12.341,11.831,11.362,10.908,10.469,10.076,9.743,9.455,9.184,8.938,8.691,8.429,8.161,7.915,7.68,7.471,7.292,7.136,6.986,6.842,6.706,6.574,6.445,6.317,6.187,6.056,5.923,5.785,5.64,5.491,5.312,5.094,4.847,4.597,4.342,4.068,3.77,3.457,3.146,2.831,2.534,2.268,2.023,1.784,1.556,1.338,1.128,0.929,0.746,0.574,0.432,0.327,0.251,0.177,0.125,0.093,0.066,0.041,0.022,0.014,0.01,0.007,0.003,0
GAB,2000,37.975,37.496,36.977,36.418,35.824,35.195,34.534,33.844,33.127,32.383,31.62,30.838,30.033,29.202,28.354,27.501,26.646,25.79,24.939,24.094,23.259,22.431,21.635,20.886,20.174,19.473,18.783,18.132,17.533,16.968,16.418,15.893,15.341,14.735,14.104,13.5,12.911,12.355,11.844,11.37,10.912,10.467,10.07,9.73,9.434,9.156,8.902,8.648,8.38,8.109,7.858,7.62,7.406,7.224,7.064,6.91,6.762,6.62,6.483,6.348,6.214,6.078,5.941,5.8,5.653,5.498,5.339,5.151,4.924,4.667,4.406,4.143,3.86,3.557,3.241,2.925,2.609,2.312,2.043,1.798,1.56,1.334,1.121,0.923,0.74,0.573,0.418,0.293,0.206,0.149,0.091,0.057,0.044,0.029,0.013,0.004,0.003,0.002,0.002,0
GAB,2001,38.416,37.794,37.285,36.753,36.201,35.624,35.028,34.414,33.758,33.047,32.296,31.532,30.751,29.954,29.143,28.321,27.493,26.661,25.829,24.998,24.174,23.356,22.547,21.763,21.012,20.291,19.581,18.879,18.215,17.603,17.026,16.462,15.923,15.357,14.741,14.1,13.485,12.887,12.321,11.801,11.321,10.854,10.402,9.997,9.65,9.346,9.062,8.8,8.54,8.269,7.996,7.743,7.502,7.287,7.1,6.935,6.777,6.624,6.477,6.333,6.19,6.048,5.902,5.756,5.604,5.445,5.279,5.11,4.912,4.676,4.412,4.146,3.876,3.592,3.29,2.98,2.67,2.362,2.074,1.818,1.588,1.366,1.155,0.961,0.784,0.624,0.477,0.344,0.243,0.17,0.121,0.074,0.047,0.035,0.023,0.01,0.003,0.002,0.002,0
GAB,2002,38.955,38.339,37.619,37.078,36.536,35.989,35.431,34.866,34.299,33.677,32.974,32.215,31.448,30.67,29.881,29.089,28.293,27.489,26.68,25.87,25.061,24.256,23.458,22.667,21.892,21.141,20.41,19.689,18.976,18.3,17.676,17.087,16.51,15.955,15.376,14.748,14.097,13.472,12.865,12.29,11.761,11.271,10.798,10.34,9.927,9.572,9.261,8.968,8.7,8.434,8.16,7.884,7.629,7.387,7.168,6.978,6.809,6.646,6.488,6.335,6.183,6.032,5.881,5.728,5.571,5.408,5.238,5.061,4.881,4.675,4.43,4.159,3.886,3.611,3.325,3.025,2.719,2.415,2.114,1.837,1.593,1.378,1.17,0.976,0.8,0.644,0.508,0.38,0.272,0.192,0.135,0.094,0.056,0.035,0.027,0.018,0.008,0.003,0.002,0
GAB,2003,39.668,38.913,38.208,37.465,36.893,36.34,35.799,35.259,34.726,34.205,33.615,32.919,32.151,31.384,30.605,29.824,29.051,28.282,27.501,26.714,25.927,25.138,24.353,23.572,22.799,22.035,21.281,20.542,19.811,19.084,18.396,17.759,17.158,16.567,15.997,15.403,14.765,14.103,13.468,12.849,12.264,11.727,11.23,10.747,10.282,9.862,9.5,9.18,8.881,8.604,8.333,8.054,7.777,7.521,7.275,7.054,6.86,6.686,6.518,6.356,6.197,6.038,5.878,5.719,5.557,5.391,5.217,5.035,4.847,4.657,4.44,4.186,3.908,3.628,3.349,3.06,2.761,2.459,2.163,1.869,1.601,1.37,1.169,0.977,0.798,0.64,0.506,0.392,0.285,0.199,0.142,0.098,0.067,0.039,0.025,0.019,0.013,0.005,0.002,0
GAB,2004,40.647,39.7,38.849,38.081,37.351,36.746,36.182,35.645,35.122,34.62,34.145,33.588,32.898,32.121,31.352,30.573,29.798,29.043,28.298,27.541,26.776,26.009,25.242,24.474,23.711,22.954,22.199,21.444,20.693,19.952,19.212,18.51,17.86,17.246,16.64,16.054,15.446,14.795,14.123,13.476,12.847,12.252,11.705,11.198,10.709,10.235,9.808,9.437,9.11,8.801,8.518,8.24,7.958,7.679,7.419,7.171,6.946,6.748,6.57,6.398,6.23,6.064,5.899,5.73,5.562,5.391,5.215,5.03,4.837,4.638,4.436,4.209,3.947,3.66,3.374,3.09,2.798,2.501,2.203,1.912,1.625,1.367,1.148,0.961,0.784,0.62,0.48,0.368,0.277,0.189,0.127,0.091,0.063,0.039,0.022,0.015,0.011,0.007,0.003,0
GAB,2005,41.95,40.763,39.718,38.801,37.994,37.281,36.644,36.067,35.534,35.028,34.557,34.126,33.602,32.918,32.13,31.358,30.577,29.809,29.071,28.351,27.615,26.871,26.125,25.376,24.626,23.879,23.139,22.392,21.633,20.872,20.118,19.365,18.647,17.984,17.355,16.735,16.132,15.509,14.845,14.16,13.502,12.86,12.254,11.698,11.182,10.682,10.201,9.765,9.386,9.049,8.733,8.441,8.157,7.871,7.589,7.326,7.076,6.848,6.645,6.461,6.284,6.111,5.94,5.766,5.588,5.411,5.232,5.046,4.849,4.644,4.433,4.221,3.984,3.711,3.416,3.123,2.834,2.539,2.242,1.948,1.662,1.382,1.133,0.926,0.753,0.592,0.444,0.322,0.229,0.161,0.093,0.054,0.041,0.028,0.012,0.005,0.003,0.003,0.002,0
GAB,2006,43.347,41.695,40.497,39.454,38.546,37.755,37.067,36.467,35.916,35.388,34.874,34.403,33.972,33.472,32.857,32.162,31.478,30.785,30.093,29.413,28.735,28.042,27.341,26.613,25.844,25.051,24.26,23.467,22.682,21.916,21.165,20.414,19.663,18.938,18.25,17.587,16.933,16.299,15.64,14.934,14.208,13.506,12.821,12.181,11.605,11.078,10.569,10.08,9.638,9.254,8.915,8.597,8.305,8.021,7.732,7.447,7.18,6.927,6.694,6.486,6.295,6.11,5.93,5.75,5.566,5.379,5.192,5.004,4.808,4.602,4.386,4.167,3.947,3.705,3.431,3.138,2.848,2.562,2.276,1.994,1.72,1.454,1.196,0.969,0.785,0.634,0.492,0.365,0.266,0.189,0.131,0.076,0.044,0.034,0.022,0.01,0.003,0.003,0.002,0
GAB,2007,45.033,43.235,41.478,40.27,39.225,38.326,37.55,36.887,36.323,35.798,35.272,34.753,34.28,33.847,33.374,32.825,32.222,31.626,31.02,30.403,29.78,29.144,28.493,27.835,27.123,26.335,25.498,24.661,23.813,22.991,22.216,21.476,20.727,19.977,19.244,18.532,17.834,17.146,16.48,15.785,15.038,14.267,13.522,12.794,12.12,11.521,10.986,10.466,9.968,9.52,9.131,8.788,8.469,8.177,7.892,7.6,7.311,7.042,6.785,6.548,6.333,6.136,5.943,5.754,5.566,5.373,5.175,4.979,4.781,4.576,4.36,4.133,3.905,3.678,3.43,3.155,2.863,2.576,2.293,2.015,1.749,1.495,1.249,1.012,0.807,0.644,0.515,0.393,0.288,0.21,0.149,0.101,0.058,0.034,0.026,0.016,0.008,0.003,0.002,0
GAB,2008,46.971,44.844,43.007,41.319,40.098,39.052,38.16,37.399,36.758,36.231,35.729,35.207,34.679,34.206,33.77,33.321,32.838,32.328,31.818,31.297,30.755,30.187,29.592,28.981,28.365,27.669,26.86,25.979,25.095,24.192,23.331,22.548,21.816,21.069,20.319,19.576,18.838,18.104,17.383,16.684,15.952,15.161,14.346,13.558,12.784,12.074,11.455,10.908,10.378,9.87,9.415,9.022,8.675,8.354,8.061,7.774,7.48,7.186,6.913,6.653,6.411,6.19,5.984,5.783,5.587,5.39,5.187,4.98,4.773,4.565,4.35,4.124,3.887,3.649,3.415,3.161,2.884,2.592,2.307,2.027,1.758,1.506,1.272,1.046,0.829,0.645,0.504,0.397,0.294,0.212,0.155,0.109,0.072,0.039,0.024,0.018,0.011,0.005,0.002,0
GAB,2009,49.109,46.691,44.594,42.79,41.237,40.001,38.952,38.065,37.316,36.699,36.206,35.728,35.208,34.67,34.195,33.756,33.331,32.913,32.494,32.069,31.633,31.165,30.653,30.097,29.525,28.95,28.268,27.437,26.509,25.577,24.617,23.716,22.922,22.197,21.451,20.7,19.946,19.181,18.41,17.652,16.919,16.148,15.314,14.452,13.618,12.798,12.051,11.41,10.85,10.309,9.791,9.329,8.928,8.577,8.253,7.96,7.672,7.373,7.075,6.797,6.533,6.286,6.058,5.844,5.635,5.43,5.224,5.011,4.792,4.575,4.358,4.133,3.894,3.647,3.4,3.157,2.899,2.618,2.326,2.043,1.766,1.505,1.267,1.051,0.844,0.647,0.485,0.365,0.28,0.196,0.136,0.1,0.069,0.043,0.022,0.013,0.01,0.006,0.003,0
GAB,2010,51.385,48.749,46.443,44.438,42.71,41.233,39.98,38.925,38.043,37.305,36.709,36.25,35.794,35.275,34.728,34.249,33.807,33.405,33.051,32.723,32.382,32.03,31.636,31.178,30.661,30.128,29.592,28.923,28.068,27.093,26.11,25.091,24.147,23.342,22.623,21.877,21.122,20.355,19.563,18.751,17.958,17.188,16.377,15.497,14.586,13.705,12.837,12.052,11.387,10.814,10.259,9.729,9.258,8.852,8.495,8.168,7.873,7.582,7.28,6.976,6.693,6.425,6.172,5.937,5.714,5.497,5.283,5.067,4.844,4.613,4.386,4.158,3.922,3.672,3.413,3.157,2.904,2.639,2.355,2.063,1.781,1.507,1.253,1.029,0.831,0.643,0.467,0.325,0.227,0.163,0.098,0.06,0.046,0.03,0.013,0.004,0.003,0.003,0.002,0
GAB,2011,53.459,51.049,48.545,46.326,44.373,42.668,41.19,39.92,38.843,37.945,37.201,36.591,36.106,35.691,35.309,34.964,34.673,34.415,34.182,33.969,33.752,33.521,33.28,32.924,32.399,31.745,31.073,30.384,29.583,28.645,27.615,26.567,25.479,24.475,23.619,22.86,22.075,21.288,20.489,19.661,18.815,17.989,17.193,16.355,15.452,14.521,13.62,12.735,11.937,11.268,10.695,10.141,9.614,9.144,8.735,8.374,8.044,7.745,7.45,7.143,6.832,6.544,6.268,6.009,5.765,5.535,5.309,5.088,4.863,4.632,4.393,4.157,3.923,3.681,3.427,3.165,2.907,2.653,2.393,2.12,1.844,1.577,1.319,1.084,0.882,0.707,0.54,0.388,0.271,0.189,0.133,0.079,0.049,0.037,0.025,0.01,0.003,0.003,0.002,0
GAB,2012,55.617,52.832,50.809,48.43,46.295,44.391,42.705,41.224,39.934,38.833,37.917,37.164,36.541,36.031,35.653,35.41,35.265,35.162,35.087,35.024,34.949,34.844,34.721,34.592,34.274,33.681,32.887,32.076,31.232,30.299,29.273,28.189,27.074,25.914,24.847,23.941,23.139,22.315,21.493,20.661,19.796,18.913,18.055,17.229,16.365,15.437,14.483,13.56,12.656,11.845,11.169,10.596,10.042,9.517,9.047,8.635,8.268,7.933,7.631,7.332,7.018,6.702,6.406,6.124,5.856,5.606,5.367,5.132,4.902,4.669,4.428,4.18,3.936,3.695,3.447,3.188,2.922,2.662,2.408,2.152,1.889,1.627,1.376,1.134,0.917,0.737,0.585,0.438,0.309,0.218,0.151,0.104,0.061,0.037,0.028,0.019,0.008,0.003,0.002,0
GAB,2013,57.73,54.993,52.467,50.586,48.332,46.28,44.423,42.756,41.272,39.961,38.837,37.902,37.141,36.504,35.966,35.628,35.523,35.578,35.663,35.773,35.879,35.944,35.95,35.937,35.92,35.639,34.977,34.046,33.093,32.093,31.026,29.915,28.774,27.591,26.359,25.228,24.271,23.427,22.563,21.707,20.839,19.938,19.018,18.127,17.272,16.379,15.426,14.448,13.506,12.581,11.757,11.075,10.5,9.946,9.422,8.952,8.537,8.166,7.826,7.519,7.216,6.896,6.573,6.27,5.981,5.706,5.447,5.199,4.956,4.718,4.476,4.225,3.969,3.716,3.468,3.214,2.95,2.681,2.418,2.164,1.911,1.657,1.411,1.175,0.948,0.75,0.592,0.464,0.335,0.232,0.164,0.113,0.075,0.043,0.027,0.021,0.013,0.006,0.002,0
GAB,2014,59.646,57.03,54.557,52.227,50.294,48.169,46.203,44.396,42.752,41.265,39.936,38.789,37.838,37.068,36.418,35.854,35.555,35.588,35.845,36.118,36.412,36.689,36.894,37.012,37.107,37.201,36.959,36.229,35.159,34.068,32.913,31.712,30.517,29.322,28.073,26.769,25.577,24.569,23.683,22.781,21.891,20.99,20.053,19.096,18.175,17.29,16.372,15.395,14.395,13.433,12.49,11.652,10.965,10.39,9.837,9.315,8.845,8.428,8.051,7.708,7.399,7.091,6.766,6.436,6.127,5.831,5.547,5.281,5.023,4.773,4.526,4.277,4.017,3.752,3.491,3.237,2.976,2.707,2.434,2.17,1.915,1.666,1.424,1.191,0.972,0.761,0.583,0.445,0.341,0.232,0.153,0.11,0.075,0.046,0.024,0.015,0.012,0.007,0.003,0
GAB,2015,61.246,58.818,56.459,54.179,51.986,49.889,47.898,46.022,44.268,42.649,41.165,39.82,38.653,37.687,36.911,36.249,35.66,35.401,35.572,36.03,36.49,36.968,37.413,37.756,37.986,38.191,38.396,38.192,37.397,36.191,34.963,33.655,32.326,31.047,29.801,28.488,27.117,25.865,24.81,23.884,22.946,22.024,21.093,20.122,19.132,18.18,17.27,16.327,15.328,14.309,13.329,12.37,11.522,10.831,10.257,9.705,9.186,8.719,8.299,7.919,7.573,7.26,6.949,6.62,6.283,5.969,5.666,5.377,5.103,4.838,4.58,4.327,4.068,3.801,3.526,3.258,2.997,2.732,2.459,2.184,1.919,1.664,1.419,1.187,0.97,0.767,0.573,0.413,0.298,0.217,0.129,0.074,0.056,0.037,0.016,0.006,0.004,0.003,0.002,0
GAB,2016,62.994,61.141,58.821,56.532,54.292,52.114,50.008,47.985,46.084,44.33,42.724,41.242,39.893,38.726,37.766,37.003,36.352,35.773,35.524,35.708,36.175,36.648,37.135,37.585,37.925,38.146,38.339,38.535,38.319,37.513,36.299,35.059,33.739,32.398,31.109,29.853,28.531,27.149,25.889,24.825,23.891,22.944,22.016,21.076,20.096,19.096,18.136,17.216,16.267,15.262,14.238,13.254,12.292,11.439,10.744,10.167,9.611,9.09,8.617,8.191,7.802,7.449,7.128,6.808,6.471,6.127,5.804,5.495,5.197,4.913,4.641,4.375,4.115,3.852,3.579,3.3,3.03,2.768,2.504,2.238,1.973,1.718,1.474,1.245,1.033,0.838,0.651,0.482,0.349,0.251,0.179,0.105,0.061,0.046,0.031,0.013,0.004,0.003,0.003,0.001
GAB,2017,64.435,62.502,60.903,58.696,56.484,54.288,52.13,50.021,47.969,46.047,44.296,42.707,41.231,39.88,38.715,37.766,37.016,36.377,35.81,35.572,35.766,36.245,36.726,37.223,37.677,38.013,38.223,38.407,38.59,38.365,37.55,36.328,35.079,33.751,32.401,31.104,29.841,28.511,27.123,25.855,24.784,23.845,22.893,21.959,21.012,20.026,19.019,18.052,17.125,16.17,15.161,14.137,13.151,12.186,11.331,10.635,10.054,9.497,8.972,8.496,8.065,7.67,7.308,6.98,6.653,6.309,5.958,5.627,5.31,5.005,4.714,4.434,4.16,3.894,3.626,3.348,3.066,2.794,2.531,2.27,2.01,1.756,1.513,1.281,1.067,0.875,0.704,0.535,0.389,0.283,0.203,0.141,0.08,0.047,0.036,0.024,0.01,0.004,0.003,0.001
GAB,2018,65.478,63.877,62.126,60.569,58.479,56.346,54.199,52.064,49.953,47.876,45.937,44.193,42.624,41.155,39.803,38.644,37.705,36.97,36.344,35.789,35.563,35.768,36.256,36.746,37.252,37.708,38.04,38.24,38.414,38.586,38.349,37.527,36.298,35.043,33.709,32.352,31.049,29.782,28.447,27.053,25.781,24.705,23.761,22.804,21.866,20.916,19.924,18.911,17.938,17.007,16.047,15.038,14.013,13.026,12.061,11.206,10.508,9.927,9.367,8.841,8.362,7.925,7.524,7.156,6.822,6.488,6.136,5.778,5.441,5.117,4.806,4.507,4.22,3.939,3.667,3.394,3.112,2.828,2.554,2.29,2.033,1.781,1.538,1.306,1.087,0.889,0.717,0.568,0.418,0.296,0.217,0.154,0.102,0.057,0.034,0.025,0.016,0.007,0.003,0.001
GAB,2019,66.037,64.841,63.418,61.803,60.198,58.223,56.171,54.074,51.965,49.853,47.752,45.797,44.06,42.511,41.052,39.702,38.547,37.62,36.9,36.288,35.745,35.532,35.747,36.244,36.742,37.257,37.716,38.043,38.232,38.395,38.556,38.309,37.479,36.247,34.986,33.644,32.282,30.974,29.702,28.363,26.966,25.69,24.61,23.661,22.701,21.759,20.805,19.81,18.792,17.814,16.877,15.915,14.904,13.88,12.893,11.928,11.073,10.375,9.792,9.232,8.704,8.223,7.781,7.374,6.999,6.659,6.317,5.96,5.596,5.252,4.922,4.603,4.298,4.003,3.716,3.44,3.161,2.876,2.588,2.313,2.049,1.795,1.55,1.318,1.099,0.892,0.709,0.558,0.432,0.301,0.203,0.152,0.105,0.064,0.032,0.02,0.015,0.01,0.004,0.001
GAB,2020,66.082,65.363,64.341,63.053,61.537,59.831,57.974,56.001,53.955,51.869,49.758,47.634,45.662,43.932,42.404,40.952,39.604,38.453,37.538,36.833,36.236,35.705,35.502,35.729,36.235,36.741,37.264,37.726,38.048,38.227,38.38,38.528,38.272,37.435,36.197,34.931,33.582,32.214,30.902,29.625,28.282,26.88,25.601,24.517,23.564,22.6,21.654,20.696,19.696,18.674,17.692,16.75,15.785,14.772,13.749,12.763,11.797,10.942,10.243,9.659,9.097,8.569,8.085,7.638,7.224,6.844,6.497,6.15,5.785,5.414,5.064,4.727,4.402,4.09,3.787,3.494,3.212,2.929,2.639,2.349,2.073,1.809,1.558,1.321,1.099,0.892,0.697,0.531,0.399,0.297,0.184,0.11,0.086,0.057,0.025,0.008,0.007,0.004,0.003,0.001
GAB,2021,65.6,65.902,65.208,64.206,62.936,61.435,59.742,57.895,55.932,53.89,51.81,49.702,47.58,45.61,43.88,42.353,40.902,39.552,38.402,37.485,36.782,36.182,35.652,35.447,35.67,36.17,36.672,37.19,37.646,37.961,38.135,38.281,38.422,38.159,37.319,36.078,34.808,33.458,32.087,30.773,29.495,28.152,26.75,25.468,24.381,23.424,22.455,21.506,20.544,19.541,18.517,17.531,16.588,15.621,14.609,13.586,12.6,11.636,10.779,10.077,9.489,8.922,8.388,7.898,7.445,7.024,6.637,6.282,5.927,5.557,5.18,4.825,4.483,4.155,3.84,3.535,3.241,2.959,2.679,2.397,2.117,1.852,1.601,1.364,1.147,0.948,0.758,0.586,0.446,0.335,0.244,0.15,0.09,0.07,0.047,0.02,0.007,0.006,0.003,0.001
GAB,2022,64.641,65.143,65.753,65.081,64.1,62.848,61.361,59.68,57.843,55.887,53.852,51.775,49.67,47.549,45.579,43.85,42.323,40.87,39.518,38.366,37.45,36.746,36.147,35.614,35.408,35.627,36.123,36.62,37.133,37.583,37.893,38.059,38.198,38.333,38.065,37.22,35.976,34.702,33.347,31.974,30.658,29.379,28.034,26.631,25.347,24.256,23.294,22.321,21.367,20.402,19.395,18.368,17.38,16.433,15.464,14.452,13.429,12.444,11.48,10.622,9.917,9.322,8.75,8.212,7.716,7.256,6.827,6.433,6.071,5.709,5.332,4.949,4.588,4.243,3.911,3.591,3.284,2.989,2.707,2.431,2.155,1.886,1.632,1.392,1.172,0.973,0.796,0.623,0.474,0.363,0.27,0.192,0.116,0.07,0.054,0.036,0.016,0.006,0.004,0.001
GAB,2023,63.494,64.595,65.149,65.616,64.968,64.006,62.771,61.299,59.629,57.801,55.852,53.822,51.749,49.646,47.526,45.556,43.827,42.299,40.847,39.493,38.338,37.421,36.717,36.117,35.584,35.376,35.59,36.082,36.574,37.083,37.528,37.831,37.99,38.123,38.252,37.977,37.127,35.88,34.602,33.244,31.867,30.549,29.268,27.921,26.516,25.23,24.136,23.168,22.191,21.232,20.263,19.252,18.223,17.231,16.282,15.31,14.297,13.275,12.29,11.326,10.467,9.758,9.158,8.581,8.036,7.534,7.067,6.631,6.229,5.86,5.492,5.107,4.718,4.352,4.003,3.666,3.343,3.034,2.737,2.456,2.183,1.915,1.656,1.413,1.185,0.979,0.8,0.644,0.49,0.364,0.279,0.206,0.14,0.082,0.05,0.039,0.026,0.011,0.004,0.001
GAB,2024,62.553,64.05,64.98,65.394,65.459,64.836,63.895,62.676,61.219,59.562,57.744,55.802,53.778,51.709,49.609,47.49,45.521,43.791,42.265,40.811,39.456,38.3,37.383,36.679,36.078,35.544,35.333,35.544,36.032,36.518,37.022,37.462,37.758,37.911,38.038,38.159,37.879,37.024,35.774,34.492,33.131,31.752,30.431,29.149,27.8,26.395,25.107,24.008,23.036,22.055,21.091,20.118,19.104,18.071,17.078,16.124,15.152,14.138,13.116,12.132,11.168,10.308,9.595,8.991,8.409,7.858,7.35,6.877,6.434,6.024,5.648,5.272,4.881,4.486,4.115,3.761,3.42,3.094,2.783,2.485,2.204,1.934,1.673,1.425,1.193,0.977,0.786,0.626,0.493,0.356,0.253,0.196,0.14,0.088,0.047,0.03,0.023,0.015,0.007,0.001
GAB,2025,62.107,63.692,64.763,65.357,65.514,65.273,64.674,63.753,62.553,61.111,59.466,57.658,55.726,53.709,51.644,49.548,47.431,45.464,43.736,42.21,40.756,39.399,38.244,37.326,36.623,36.021,35.487,35.274,35.481,35.963,36.446,36.944,37.378,37.668,37.814,37.934,38.048,37.763,36.904,35.65,34.367,33.002,31.621,30.299,29.016,27.666,26.261,24.971,23.869,22.893,21.908,20.941,19.963,18.948,17.912,16.917,15.961,14.986,13.973,12.953,11.968,11.006,10.145,9.429,8.82,8.231,7.677,7.163,6.683,6.232,5.816,5.432,5.05,4.653,4.252,3.876,3.518,3.173,2.844,2.53,2.232,1.951,1.685,1.43,1.193,0.972,0.768,0.592,0.452,0.341,0.221,0.142,0.111,0.075,0.035,0.012,0.01,0.007,0.004,0.001
GAB,2026,62.4,62.446,63.732,64.619,65.128,65.277,65.105,64.652,63.837,62.64,61.14,59.476,57.668,55.734,53.715,51.649,49.55,47.429,45.459,43.73,42.204,40.75,39.392,38.235,37.316,36.61,36.006,35.469,35.252,35.455,35.93,36.406,36.898,37.325,37.606,37.744,37.856,37.962,37.669,36.804,35.546,34.258,32.889,31.503,30.176,28.887,27.532,26.12,24.824,23.717,22.734,21.742,20.77,19.786,18.765,17.726,16.726,15.765,14.786,13.769,12.745,11.758,10.792,9.927,9.206,8.591,7.998,7.438,6.918,6.432,5.975,5.553,5.164,4.778,4.38,3.979,3.603,3.248,2.909,2.589,2.286,2,1.732,1.48,1.247,1.031,0.829,0.648,0.501,0.38,0.281,0.181,0.117,0.091,0.062,0.028,0.011,0.008,0.005,0.002
GAB,2027,63.19,63.919,62.725,63.71,64.414,64.835,64.975,64.873,64.567,63.858,62.667,61.11,59.428,57.622,55.688,53.669,51.603,49.503,47.381,45.409,43.683,42.158,40.704,39.347,38.19,37.269,36.562,35.956,35.416,35.196,35.393,35.862,36.331,36.816,37.234,37.509,37.638,37.741,37.838,37.537,36.669,35.408,34.117,32.744,31.355,30.023,28.73,27.37,25.954,24.654,23.541,22.554,21.556,20.578,19.591,18.566,17.522,16.518,15.553,14.571,13.552,12.525,11.536,10.568,9.7,8.974,8.354,7.756,7.192,6.667,6.175,5.712,5.284,4.891,4.502,4.102,3.702,3.327,2.975,2.642,2.33,2.039,1.764,1.509,1.275,1.061,0.869,0.684,0.526,0.407,0.308,0.222,0.14,0.091,0.071,0.048,0.022,0.008,0.005,0.002
GAB,2028,64.285,64.273,64.307,62.974,63.657,64.177,64.513,64.644,64.611,64.453,63.85,62.664,61.052,59.353,57.549,55.617,53.599,51.534,49.433,47.311,45.339,43.614,42.092,40.64,39.283,38.127,37.206,36.497,35.889,35.348,35.124,35.316,35.778,36.239,36.716,37.128,37.394,37.515,37.609,37.697,37.389,36.517,35.253,33.959,32.584,31.192,29.857,28.559,27.195,25.776,24.472,23.355,22.362,21.361,20.378,19.386,18.357,17.31,16.303,15.335,14.35,13.328,12.3,11.308,10.339,9.468,8.738,8.113,7.51,6.942,6.412,5.914,5.446,5.013,4.615,4.224,3.822,3.423,3.051,2.701,2.374,2.07,1.791,1.529,1.288,1.068,0.875,0.705,0.539,0.406,0.314,0.234,0.161,0.099,0.065,0.051,0.034,0.015,0.006,0.003
GAB,2029,65.383,64.687,64.234,63.976,63.231,63.613,63.949,64.198,64.321,64.357,64.346,63.849,62.668,61,59.285,57.482,55.552,53.535,51.47,49.369,47.246,45.274,43.55,42.03,40.579,39.224,38.068,37.146,36.436,35.827,35.283,35.056,35.242,35.697,36.152,36.621,37.026,37.283,37.395,37.481,37.561,37.246,36.369,35.102,33.805,32.427,31.032,29.694,28.392,27.024,25.601,24.293,23.171,22.173,21.167,20.18,19.184,18.15,17.101,16.09,15.118,14.13,13.107,12.076,11.082,10.11,9.237,8.503,7.872,7.265,6.693,6.159,5.655,5.18,4.742,4.341,3.946,3.543,3.144,2.774,2.428,2.106,1.812,1.543,1.294,1.065,0.863,0.69,0.542,0.395,0.284,0.221,0.161,0.102,0.058,0.039,0.031,0.021,0.008,0.003
GAB,2030,66.254,65.085,64.284,63.794,63.554,63.505,63.586,63.738,63.9,64.015,64.121,64.257,63.867,62.689,60.966,59.232,57.431,55.502,53.485,51.42,49.318,47.194,45.222,43.499,41.98,40.53,39.176,38.019,37.097,36.386,35.774,35.228,34.998,35.178,35.626,36.073,36.536,36.933,37.182,37.286,37.363,37.435,37.112,36.23,34.96,33.66,32.28,30.881,29.539,28.232,26.86,25.433,24.12,22.994,21.991,20.98,19.987,18.986,17.949,16.896,15.881,14.906,13.914,12.888,11.855,10.859,9.885,9.009,8.271,7.635,7.023,6.446,5.907,5.397,4.917,4.473,4.067,3.669,3.265,2.867,2.498,2.155,1.84,1.554,1.296,1.059,0.844,0.658,0.505,0.38,0.25,0.164,0.128,0.088,0.042,0.017,0.014,0.011,0.007,0.003
GAB,2031,66.805,65.92,64.915,64.222,63.791,63.571,63.501,63.525,63.636,63.802,63.946,64.061,64.198,63.806,62.628,60.902,59.166,57.363,55.432,53.416,51.353,49.254,47.13,45.16,43.436,41.919,40.468,39.114,37.956,37.032,36.317,35.702,35.151,34.915,35.088,35.528,35.967,36.421,36.807,37.048,37.143,37.21,37.271,36.94,36.05,34.774,33.467,32.079,30.674,29.326,28.013,26.637,25.205,23.887,22.753,21.744,20.725,19.727,18.718,17.673,16.61,15.587,14.603,13.605,12.576,11.543,10.546,9.572,8.696,7.956,7.318,6.705,6.127,5.588,5.079,4.599,4.158,3.756,3.366,2.974,2.591,2.239,1.914,1.617,1.353,1.121,0.903,0.712,0.556,0.424,0.314,0.204,0.134,0.105,0.072,0.034,0.015,0.011,0.007,0.003
GAB,2032,67.151,65.779,65.605,64.764,64.177,63.805,63.604,63.516,63.481,63.552,63.721,63.894,64.019,64.155,63.763,62.582,60.854,59.117,57.309,55.377,53.361,51.3,49.202,47.079,45.11,43.387,41.868,40.417,39.062,37.902,36.976,36.257,35.638,35.084,34.843,35.009,35.44,35.87,36.314,36.692,36.924,37.009,37.068,37.119,36.779,35.881,34.596,33.281,31.886,30.474,29.119,27.802,26.42,24.984,23.659,22.52,21.502,20.477,19.472,18.455,17.402,16.329,15.297,14.303,13.299,12.266,11.233,10.235,9.262,8.385,7.643,7.002,6.387,5.81,5.272,4.762,4.284,3.846,3.447,3.062,2.683,2.316,1.982,1.672,1.395,1.154,0.945,0.747,0.582,0.454,0.343,0.248,0.158,0.105,0.082,0.056,0.027,0.011,0.007,0.003
GAB,2033,67.387,66.162,65.235,65.298,64.622,64.142,63.827,63.646,63.539,63.447,63.475,63.648,63.85,63.985,64.122,63.727,62.546,60.816,59.076,57.265,55.329,53.314,51.254,49.157,47.035,45.066,43.342,41.824,40.373,39.015,37.854,36.925,36.203,35.58,35.021,34.775,34.934,35.357,35.778,36.214,36.582,36.804,36.88,36.93,36.972,36.623,35.716,34.424,33.101,31.699,30.279,28.918,27.596,26.208,24.765,23.435,22.289,21.264,20.231,19.219,18.195,17.132,16.051,15.009,14.007,12.995,11.959,10.924,9.926,8.953,8.075,7.332,6.687,6.071,5.494,4.955,4.446,3.969,3.533,3.138,2.76,2.393,2.042,1.723,1.431,1.173,0.955,0.769,0.592,0.451,0.352,0.263,0.181,0.112,0.075,0.059,0.04,0.018,0.007,0.003
GAB,2034,67.659,66.603,65.759,65.102,64.985,64.473,64.099,63.843,63.682,63.555,63.405,63.393,63.569,63.8,63.946,64.081,63.686,62.503,60.771,59.027,57.213,55.277,53.261,51.203,49.107,46.986,45.017,43.294,41.775,40.323,38.965,37.803,36.871,36.146,35.519,34.956,34.703,34.855,35.27,35.683,36.109,36.468,36.681,36.748,36.788,36.821,36.463,35.548,34.248,32.918,31.507,30.081,28.714,27.386,25.993,24.545,23.209,22.055,21.023,19.983,18.965,17.933,16.861,15.77,14.719,13.708,12.689,11.65,10.615,9.617,8.643,7.765,7.018,6.371,5.754,5.176,4.637,4.129,3.653,3.22,2.827,2.458,2.102,1.768,1.464,1.189,0.952,0.755,0.594,0.436,0.319,0.25,0.183,0.115,0.067,0.046,0.035,0.024,0.011,0.003
GAB,2035,68.077,67.126,66.321,65.65,65.1,64.657,64.31,64.043,63.845,63.704,63.558,63.351,63.297,63.477,63.737,63.892,64.027,63.632,62.447,60.712,58.968,57.151,55.212,53.197,51.141,49.047,46.927,44.959,43.236,41.717,40.265,38.907,37.742,36.808,36.08,35.449,34.883,34.625,34.769,35.176,35.58,35.997,36.347,36.55,36.608,36.638,36.662,36.295,35.372,34.064,32.726,31.309,29.876,28.503,27.17,25.772,24.318,22.977,21.817,20.778,19.732,18.706,17.667,16.586,15.486,14.426,13.406,12.381,11.339,10.303,9.305,8.331,7.453,6.704,6.055,5.436,4.858,4.32,3.812,3.337,2.906,2.517,2.154,1.811,1.491,1.206,0.948,0.729,0.556,0.418,0.28,0.189,0.149,0.102,0.049,0.02,0.016,0.012,0.008,0.004
GAB,2036,68.698,67.932,67.03,66.259,65.61,65.071,64.63,64.275,64.003,63.808,63.675,63.532,63.325,63.27,63.446,63.702,63.852,63.983,63.584,62.396,60.661,58.916,57.098,55.159,53.144,51.087,48.993,46.873,44.904,43.181,41.659,40.204,38.843,37.675,36.737,36.003,35.367,34.795,34.53,34.667,35.064,35.458,35.867,36.205,36.394,36.437,36.452,36.46,36.079,35.145,33.828,32.481,31.052,29.61,28.23,26.889,25.483,24.023,22.673,21.499,20.443,19.383,18.343,17.292,16.199,15.09,14.021,12.992,11.963,10.921,9.889,8.896,7.93,7.059,6.317,5.674,5.063,4.495,3.969,3.477,3.021,2.609,2.24,1.899,1.583,1.292,1.03,0.802,0.618,0.467,0.346,0.229,0.154,0.122,0.084,0.041,0.018,0.013,0.008,0.004
GAB,2037,69.445,68.486,67.782,66.928,66.191,65.564,65.037,64.598,64.233,63.956,63.765,63.639,63.5,63.293,63.238,63.41,63.662,63.808,63.932,63.529,62.34,60.606,58.859,57.041,55.101,53.086,51.03,48.935,46.815,44.846,43.121,41.597,40.14,38.776,37.604,36.662,35.925,35.283,34.705,34.433,34.562,34.95,35.334,35.733,36.06,36.235,36.263,36.263,36.254,35.859,34.914,33.588,32.231,30.794,29.343,27.954,26.605,25.192,23.724,22.365,21.178,20.108,19.032,17.979,16.914,15.811,14.691,13.614,12.578,11.544,10.502,9.475,8.486,7.527,6.664,5.929,5.292,4.691,4.133,3.619,3.142,2.705,2.311,1.962,1.644,1.354,1.093,0.854,0.656,0.506,0.38,0.274,0.177,0.121,0.096,0.065,0.031,0.013,0.008,0.004
GAB,2038,70.28,69.261,68.334,67.623,66.817,66.115,65.509,64.994,64.557,64.183,63.901,63.713,63.596,63.46,63.254,63.196,63.365,63.613,63.754,63.874,63.466,62.276,60.542,58.795,56.976,55.036,53.022,50.965,48.871,46.751,44.781,43.055,41.53,40.07,38.702,37.529,36.583,35.841,35.194,34.609,34.332,34.452,34.83,35.206,35.595,35.91,36.072,36.084,36.068,36.045,35.636,34.68,33.344,31.978,30.531,29.071,27.673,26.317,24.897,23.424,22.054,20.855,19.769,18.679,17.612,16.535,15.42,14.291,13.205,12.161,11.123,10.082,9.058,8.076,7.124,6.268,5.54,4.91,4.316,3.769,3.269,2.807,2.388,2.014,1.683,1.388,1.126,0.894,0.678,0.51,0.394,0.293,0.202,0.126,0.087,0.068,0.047,0.022,0.009,0.004
GAB,2039,71.151,70.072,69.085,68.188,67.456,66.699,66.03,65.446,64.943,64.507,64.126,63.838,63.654,63.545,63.412,63.206,63.148,63.313,63.557,63.693,63.807,63.396,62.204,60.47,58.723,56.904,54.965,52.95,50.895,48.801,46.681,44.712,42.985,41.457,39.995,38.626,37.448,36.498,35.752,35.101,34.511,34.225,34.337,34.708,35.073,35.451,35.756,35.904,35.9,35.87,35.831,35.408,34.44,33.097,31.721,30.263,28.795,27.39,26.027,24.599,23.119,21.741,20.529,19.428,18.324,17.243,16.153,15.028,13.89,12.796,11.742,10.7,9.661,8.641,7.664,6.721,5.872,5.15,4.527,3.942,3.405,2.917,2.472,2.071,1.716,1.405,1.133,0.897,0.695,0.502,0.363,0.282,0.205,0.13,0.076,0.054,0.042,0.028,0.013,0.004
GAB,2040,72.013,70.901,69.874,68.929,68.066,67.281,66.573,65.938,65.377,64.885,64.451,64.063,63.768,63.588,63.487,63.358,63.152,63.092,63.255,63.493,63.625,63.734,63.319,62.126,60.393,58.645,56.826,54.887,52.874,50.818,48.726,46.607,44.637,42.909,41.381,39.917,38.544,37.364,36.41,35.66,35.004,34.408,34.115,34.22,34.581,34.936,35.306,35.597,35.731,35.713,35.667,35.613,35.175,34.198,32.845,31.46,29.993,28.516,27.104,25.734,24.299,22.813,21.426,20.201,19.085,17.967,16.872,15.77,14.634,13.486,12.383,11.323,10.277,9.238,8.223,7.252,6.316,5.475,4.76,4.144,3.568,3.041,2.565,2.137,1.753,1.419,1.126,0.877,0.667,0.495,0.326,0.217,0.171,0.118,0.058,0.025,0.02,0.015,0.01,0.004
GAB,2041,72.903,71.889,70.815,69.816,68.889,68.037,67.254,66.541,65.905,65.346,64.861,64.43,64.041,63.746,63.563,63.459,63.325,63.115,63.051,63.211,63.447,63.575,63.681,63.262,62.068,60.333,58.584,56.763,54.823,52.807,50.75,48.654,46.534,44.561,42.83,41.298,39.831,38.454,37.268,36.31,35.555,34.894,34.293,33.991,34.083,34.429,34.77,35.123,35.398,35.514,35.475,35.411,35.335,34.88,33.887,32.521,31.123,29.644,28.152,26.724,25.337,23.887,22.386,20.983,19.74,18.607,17.473,16.365,15.252,14.106,12.953,11.847,10.785,9.743,8.716,7.718,6.767,5.854,5.037,4.347,3.757,3.209,2.711,2.266,1.87,1.522,1.214,0.955,0.745,0.563,0.411,0.267,0.179,0.14,0.096,0.047,0.021,0.015,0.01,0.004
GAB,2042,73.783,72.671,71.758,70.723,69.75,68.843,68.001,67.222,66.504,65.864,65.309,64.831,64.402,64.013,63.717,63.532,63.425,63.287,63.073,63.005,63.161,63.393,63.518,63.62,63.199,62.003,60.266,58.516,56.694,54.752,52.735,50.676,48.579,46.456,44.482,42.747,41.212,39.74,38.36,37.169,36.208,35.448,34.781,34.172,33.863,33.942,34.273,34.599,34.936,35.195,35.292,35.235,35.149,35.054,34.581,33.573,32.194,30.783,29.291,27.786,26.342,24.938,23.471,21.955,20.538,19.278,18.127,16.978,15.856,14.731,13.577,12.418,11.309,10.246,9.208,8.193,7.213,6.282,5.39,4.598,3.933,3.369,2.85,2.381,1.967,1.604,1.29,1.009,0.784,0.612,0.46,0.326,0.208,0.14,0.11,0.075,0.036,0.016,0.011,0.004
GAB,2043,74.631,73.545,72.498,71.617,70.621,69.678,68.788,67.957,67.18,66.458,65.815,65.264,64.791,64.365,63.978,63.68,63.492,63.382,63.241,63.023,62.95,63.103,63.332,63.454,63.552,63.128,61.93,60.192,58.442,56.618,54.674,52.656,50.596,48.497,46.372,44.396,42.659,41.12,39.645,38.26,37.065,36.099,35.335,34.663,34.048,33.731,33.798,34.114,34.424,34.746,34.988,35.066,34.989,34.884,34.768,34.276,33.254,31.863,30.438,28.934,27.415,25.956,24.536,23.053,21.522,20.089,18.813,17.645,16.48,15.344,14.208,13.046,11.882,10.769,9.704,8.671,7.669,6.707,5.795,4.926,4.158,3.519,2.982,2.491,2.051,1.667,1.337,1.057,0.804,0.613,0.479,0.356,0.241,0.149,0.102,0.08,0.054,0.026,0.011,0.004
GAB,2044,75.419,74.378,73.358,72.361,71.466,70.51,69.593,68.723,67.903,67.129,66.403,65.756,65.209,64.744,64.32,63.932,63.634,63.444,63.331,63.186,62.964,62.887,63.036,63.262,63.38,63.475,63.049,61.848,60.11,58.358,56.534,54.589,52.57,50.509,48.409,46.282,44.303,42.564,41.023,39.544,38.155,36.956,35.986,35.218,34.54,33.92,33.593,33.649,33.949,34.245,34.551,34.775,34.835,34.739,34.615,34.478,33.968,32.931,31.527,30.09,28.573,27.041,25.566,24.129,22.631,21.086,19.638,18.345,17.161,15.981,14.832,13.684,12.513,11.345,10.228,9.162,8.133,7.143,6.2,5.308,4.462,3.718,3.104,2.594,2.131,1.72,1.368,1.071,0.823,0.599,0.442,0.346,0.251,0.156,0.09,0.063,0.049,0.033,0.016,0.005
GAB,2045,76.128,75.152,74.175,73.205,72.246,71.305,70.388,69.5,68.649,67.839,67.069,66.338,65.69,65.144,64.687,64.266,63.878,63.579,63.387,63.27,63.122,62.896,62.815,62.96,63.183,63.298,63.389,62.96,61.758,60.019,58.267,56.442,54.497,52.476,50.414,48.313,46.185,44.205,42.464,40.92,39.439,38.044,36.842,35.867,35.095,34.412,33.786,33.451,33.494,33.781,34.06,34.35,34.557,34.599,34.484,34.339,34.182,33.655,32.603,31.187,29.738,28.208,26.663,25.174,23.72,22.206,20.648,19.184,17.875,16.673,15.479,14.316,13.157,11.979,10.805,9.686,8.618,7.595,6.617,5.692,4.821,3.997,3.277,2.689,2.206,1.771,1.389,1.068,0.804,0.591,0.394,0.271,0.214,0.147,0.072,0.031,0.025,0.018,0.012,0.005
GAB,2046,76.801,76.023,75.075,74.121,73.165,72.216,71.279,70.36,69.472,68.624,67.819,67.051,66.32,65.671,65.124,64.664,64.239,63.848,63.545,63.35,63.231,63.081,62.851,62.767,62.909,63.127,63.237,63.324,62.89,61.684,59.942,58.186,56.357,54.409,52.384,50.319,48.214,46.082,44.098,42.353,40.806,39.321,37.922,36.713,35.732,34.951,34.258,33.622,33.273,33.3,33.567,33.827,34.096,34.282,34.298,34.157,33.987,33.803,33.248,32.17,30.729,29.254,27.701,26.133,24.623,23.151,21.621,20.048,18.57,17.246,16.03,14.824,13.653,12.492,11.318,10.155,9.049,7.998,6.998,6.056,5.175,4.349,3.571,2.899,2.357,1.917,1.518,1.181,0.908,0.68,0.492,0.323,0.223,0.176,0.121,0.059,0.026,0.02,0.013,0.005
GAB,2047,77.385,76.595,75.909,74.992,74.059,73.118,72.178,71.246,70.326,69.438,68.592,67.793,67.026,66.296,65.646,65.097,64.634,64.207,63.81,63.504,63.307,63.186,63.032,62.8,62.713,62.85,63.064,63.17,63.252,62.814,61.605,59.859,58.099,56.266,54.315,52.287,50.218,48.109,45.974,43.986,42.238,40.688,39.199,37.796,36.581,35.593,34.802,34.1,33.453,33.091,33.101,33.35,33.59,33.839,34.002,33.994,33.827,33.63,33.418,32.838,31.734,30.267,28.768,27.19,25.6,24.07,22.579,21.034,19.446,17.954,16.615,15.384,14.167,12.988,11.825,10.655,9.503,8.41,7.374,6.4,5.494,4.657,3.876,3.146,2.521,2.024,1.627,1.264,0.972,0.75,0.557,0.391,0.252,0.176,0.137,0.094,0.046,0.021,0.014,0.005
GAB,2048,77.885,77.208,76.465,75.785,74.898,73.986,73.061,72.132,71.202,70.281,69.392,68.551,67.757,66.993,66.263,65.612,65.061,64.595,64.165,63.765,63.455,63.255,63.132,62.976,62.741,62.65,62.784,62.993,63.094,63.172,62.729,61.516,59.767,58.004,56.169,54.213,52.183,50.11,47.998,45.859,43.868,42.118,40.565,39.073,37.665,36.445,35.449,34.649,33.937,33.279,32.904,32.899,33.128,33.349,33.578,33.719,33.686,33.492,33.268,33.031,32.423,31.293,29.802,28.278,26.676,25.063,23.513,22.005,20.442,18.841,17.335,15.981,14.736,13.509,12.322,11.156,9.991,8.849,7.771,6.752,5.801,4.932,4.138,3.403,2.72,2.142,1.69,1.338,1.011,0.764,0.591,0.434,0.291,0.181,0.128,0.1,0.068,0.033,0.014,0.006
GAB,2049,78.306,77.741,77.092,76.371,75.649,74.791,73.902,72.992,72.073,71.148,70.226,69.337,68.498,67.71,66.948,66.218,65.567,65.015,64.547,64.113,63.71,63.396,63.193,63.068,62.909,62.671,62.577,62.707,62.912,63.007,63.081,62.634,61.418,59.666,57.9,56.061,54.103,52.07,49.995,47.88,45.737,43.743,41.99,40.435,38.939,37.527,36.302,35.298,34.491,33.769,33.1,32.713,32.69,32.902,33.102,33.311,33.428,33.371,33.152,32.902,32.637,32.003,30.847,29.332,27.783,26.157,24.523,22.952,21.427,19.848,18.233,16.714,15.345,14.086,12.848,11.653,10.485,9.325,8.194,7.13,6.126,5.202,4.367,3.619,2.929,2.294,1.763,1.356,1.048,0.758,0.555,0.431,0.31,0.192,0.11,0.08,0.062,0.042,0.02,0.006
GAB,2050,78.656,78.194,77.636,76.993,76.277,75.5,74.672,73.805,72.911,72.001,71.082,70.159,69.269,68.435,67.651,66.892,66.163,65.511,64.958,64.486,64.05,63.643,63.326,63.12,62.992,62.832,62.59,62.495,62.619,62.819,62.911,62.979,62.528,61.309,59.554,57.786,55.944,53.983,51.948,49.871,47.754,45.607,43.611,41.856,40.299,38.799,37.384,36.153,35.143,34.327,33.596,32.916,32.515,32.477,32.669,32.851,33.038,33.133,33.052,32.806,32.529,32.238,31.578,30.397,28.856,27.284,25.635,23.977,22.389,20.845,19.25,17.623,16.09,14.706,13.434,12.185,10.984,9.813,8.659,7.539,6.488,5.501,4.601,3.804,3.099,2.455,1.867,1.383,1.022,0.758,0.504,0.347,0.272,0.186,0.092,0.04,0.032,0.025,0.015,0.007
GAB,2051,79.001,78.611,78.14,77.579,76.939,76.229,75.462,74.649,73.793,72.901,71.989,71.069,70.146,69.256,68.42,67.633,66.872,66.138,65.483,64.927,64.455,64.016,63.606,63.287,63.078,62.947,62.782,62.537,62.435,62.555,62.748,62.832,62.893,62.435,61.211,59.45,57.675,55.827,53.861,51.821,49.741,47.62,45.47,43.468,41.707,40.141,38.634,37.209,35.969,34.949,34.123,33.379,32.685,32.267,32.208,32.374,32.53,32.692,32.754,32.633,32.342,32.02,31.686,30.984,29.768,28.197,26.596,24.92,23.24,21.631,20.073,18.467,16.834,15.298,13.913,12.643,11.4,10.211,9.062,7.942,6.867,5.864,4.925,4.079,3.344,2.704,2.11,1.588,1.181,0.869,0.632,0.414,0.286,0.224,0.154,0.076,0.035,0.026,0.017,0.007
GAB,2052,79.276,78.984,78.552,78.073,77.51,76.872,76.169,75.412,74.614,73.768,72.88,71.965,71.045,70.122,69.231,68.393,67.604,66.84,66.103,65.445,64.887,64.412,63.972,63.559,63.237,63.025,62.89,62.721,62.473,62.367,62.479,62.666,62.743,62.797,62.333,61.101,59.335,57.555,55.701,53.73,51.686,49.603,47.478,45.324,43.318,41.55,39.978,38.463,37.028,35.779,34.749,33.913,33.156,32.45,32.014,31.932,32.074,32.204,32.339,32.37,32.208,31.872,31.507,31.127,30.385,29.134,27.533,25.903,24.2,22.497,20.87,19.298,17.682,16.042,14.503,13.117,11.85,10.615,9.436,8.308,7.224,6.194,5.238,4.348,3.557,2.882,2.308,1.764,1.309,0.978,0.715,0.504,0.325,0.226,0.176,0.121,0.058,0.028,0.018,0.007
GAB,2053,79.482,79.259,78.933,78.482,77.993,77.427,76.792,76.096,75.351,74.567,73.732,72.847,71.93,71.009,70.088,69.196,68.357,67.565,66.798,66.057,65.397,64.836,64.36,63.917,63.502,63.178,62.962,62.824,62.65,62.399,62.287,62.394,62.573,62.644,62.691,62.22,60.982,59.212,57.426,55.566,53.59,51.543,49.457,47.328,45.171,43.161,41.387,39.808,38.285,36.842,35.582,34.544,33.697,32.929,32.208,31.755,31.652,31.77,31.873,31.981,31.979,31.777,31.397,30.988,30.564,29.781,28.495,26.864,25.207,23.477,21.751,20.106,18.519,16.892,15.247,13.705,12.319,11.054,9.828,8.659,7.553,6.504,5.52,4.611,3.771,3.035,2.42,1.91,1.418,1.029,0.775,0.562,0.378,0.235,0.165,0.129,0.088,0.042,0.019,0.008
GAB,2054,79.621,79.457,79.198,78.848,78.398,77.9,77.333,76.701,76.012,75.276,74.507,73.684,72.802,71.884,70.963,70.042,69.15,68.309,67.515,66.745,66.001,65.337,64.775,64.298,63.853,63.436,63.108,62.89,62.747,62.571,62.315,62.199,62.299,62.471,62.536,62.575,62.097,60.854,59.078,57.288,55.422,53.442,51.391,49.302,47.172,45.011,42.996,41.218,39.632,38.102,36.649,35.381,34.333,33.476,32.696,31.961,31.492,31.368,31.46,31.537,31.618,31.584,31.343,30.918,30.464,29.996,29.172,27.852,26.193,24.505,22.75,21.002,19.338,17.737,16.101,14.451,12.906,11.519,10.257,9.039,7.882,6.797,5.784,4.846,3.984,3.192,2.511,1.958,1.513,1.071,0.75,0.572,0.407,0.251,0.145,0.105,0.081,0.055,0.026,0.008
GAB,2055,79.695,79.586,79.387,79.103,78.74,78.303,77.797,77.227,76.598,75.916,75.191,74.438,73.625,72.746,71.827,70.906,69.986,69.093,68.251,67.455,66.683,65.936,65.268,64.704,64.226,63.779,63.359,63.03,62.808,62.662,62.482,62.222,62.102,62.196,62.361,62.417,62.45,61.965,60.717,58.936,57.14,55.27,53.286,51.232,49.141,47.008,44.845,42.826,41.042,39.45,37.912,36.452,35.174,34.117,33.251,32.459,31.71,31.224,31.078,31.145,31.196,31.251,31.185,30.903,30.433,29.936,29.423,28.559,27.205,25.516,23.801,22.02,20.25,18.568,16.953,15.308,13.652,12.105,10.718,9.459,8.248,7.103,6.04,5.063,4.17,3.357,2.614,1.988,1.496,1.116,0.725,0.471,0.369,0.253,0.124,0.055,0.044,0.033,0.022,0.009
GAB,2056,79.766,79.661,79.537,79.332,79.05,78.692,78.265,77.775,77.216,76.59,75.905,75.179,74.425,73.612,72.731,71.809,70.885,69.96,69.065,68.22,67.424,66.649,65.9,65.23,64.664,64.183,63.731,63.309,62.974,62.748,62.596,62.409,62.143,62.016,62.1,62.255,62.302,62.324,61.831,60.576,58.788,56.986,55.109,53.117,51.057,48.957,46.816,44.643,42.615,40.824,39.224,37.677,36.204,34.914,33.844,32.965,32.156,31.39,30.878,30.697,30.722,30.729,30.741,30.626,30.289,29.76,29.205,28.637,27.724,26.331,24.613,22.873,21.07,19.287,17.602,15.993,14.359,12.72,11.199,9.848,8.632,7.469,6.374,5.371,4.463,3.647,2.893,2.231,1.7,1.274,0.93,0.596,0.39,0.305,0.209,0.102,0.048,0.036,0.023,0.01
GAB,2057,79.783,79.761,79.615,79.477,79.265,78.982,78.631,78.214,77.74,77.193,76.569,75.881,75.154,74.401,73.587,72.704,71.779,70.853,69.925,69.026,68.179,67.382,66.605,65.855,65.182,64.613,64.128,63.674,63.248,62.908,62.677,62.519,62.326,62.055,61.92,61.996,62.141,62.179,62.19,61.687,60.424,58.631,56.822,54.939,52.94,50.872,48.765,46.615,44.433,42.397,40.599,38.991,37.434,35.949,34.647,33.566,32.673,31.849,31.065,30.528,30.312,30.293,30.257,30.225,30.062,29.669,29.082,28.47,27.845,26.884,25.454,23.706,21.94,20.117,18.321,16.633,15.029,13.406,11.785,10.291,8.975,7.804,6.688,5.644,4.7,3.862,3.124,2.429,1.847,1.413,1.05,0.745,0.468,0.309,0.241,0.165,0.08,0.038,0.025,0.011
GAB,2058,79.76,79.768,79.714,79.556,79.404,79.187,78.904,78.558,78.153,77.694,77.158,76.538,75.846,75.12,74.366,73.552,72.667,71.74,70.809,69.878,68.977,68.129,67.329,66.551,65.799,65.125,64.553,64.065,63.608,63.178,62.834,62.597,62.433,62.235,61.958,61.815,61.883,62.018,62.045,62.045,61.534,60.263,58.465,56.651,54.76,52.755,50.68,48.566,46.408,44.218,42.174,40.367,38.752,37.186,35.69,34.377,33.283,32.376,31.536,30.735,30.174,29.922,29.859,29.781,29.706,29.493,29.045,28.399,27.73,27.051,26.04,24.572,22.796,21.004,19.16,17.352,15.662,14.063,12.453,10.849,9.381,8.101,6.974,5.907,4.913,4.028,3.262,2.6,1.966,1.464,1.126,0.826,0.559,0.339,0.228,0.178,0.12,0.057,0.027,0.011
GAB,2059,79.716,79.74,79.715,79.637,79.487,79.321,79.097,78.816,78.474,78.08,77.637,77.114,76.495,75.801,75.074,74.321,73.506,72.62,71.69,70.757,69.822,68.918,68.068,67.268,66.489,65.734,65.058,64.483,63.993,63.533,63.099,62.751,62.509,62.34,62.136,61.851,61.702,61.76,61.886,61.903,61.893,61.373,60.096,58.291,56.47,54.575,52.563,50.482,48.36,46.195,43.997,41.945,40.13,38.508,36.933,35.426,34.1,32.995,32.075,31.219,30.402,29.815,29.528,29.423,29.3,29.182,28.921,28.418,27.713,26.987,26.252,25.192,23.688,21.882,20.066,18.202,16.382,14.688,13.096,11.497,9.911,8.47,7.226,6.144,5.124,4.181,3.357,2.661,2.076,1.502,1.079,0.838,0.603,0.373,0.21,0.147,0.114,0.076,0.035,0.012
GAB,2060,79.664,79.692,79.682,79.633,79.542,79.408,79.227,78.997,78.716,78.381,77.997,77.571,77.059,76.443,75.746,75.019,74.267,73.45,72.563,71.631,70.696,69.758,68.851,67.999,67.198,66.417,65.661,64.982,64.406,63.912,63.449,63.012,62.66,62.413,62.238,62.028,61.737,61.58,61.63,61.746,61.753,61.733,61.204,59.92,58.11,56.284,54.383,52.365,50.277,48.148,45.976,43.77,41.71,39.889,38.259,36.675,35.158,33.821,32.704,31.77,30.899,30.063,29.452,29.13,28.982,28.816,28.655,28.345,27.785,27.023,26.24,25.45,24.342,22.8,20.967,19.125,17.241,15.408,13.713,12.128,10.54,8.973,7.558,6.35,5.312,4.341,3.45,2.685,2.059,1.552,1.037,0.696,0.55,0.38,0.186,0.082,0.066,0.049,0.032,0.013
GAB,2061,79.663,79.631,79.646,79.632,79.584,79.498,79.372,79.205,78.985,78.705,78.368,77.984,77.557,77.044,76.427,75.726,74.995,74.239,73.42,72.531,71.597,70.66,69.719,68.81,67.957,67.153,66.369,65.61,64.928,64.346,63.848,63.379,62.936,62.577,62.323,62.14,61.92,61.621,61.453,61.492,61.597,61.592,61.56,61.019,59.722,57.901,56.061,54.146,52.118,50.019,47.882,45.699,43.483,41.412,39.581,37.941,36.345,34.813,33.458,32.319,31.359,30.458,29.592,28.942,28.57,28.365,28.143,27.926,27.556,26.93,26.096,25.25,24.397,23.243,21.674,19.832,17.986,16.104,14.291,12.635,11.105,9.578,8.076,6.736,5.61,4.658,3.754,2.955,2.303,1.755,1.296,0.855,0.577,0.455,0.313,0.154,0.072,0.054,0.034,0.015
GAB,2062,79.661,79.652,79.584,79.589,79.571,79.523,79.443,79.326,79.172,78.961,78.684,78.344,77.958,77.533,77.019,76.399,75.695,74.962,74.202,73.38,72.488,71.553,70.615,69.672,68.761,67.905,67.099,66.312,65.549,64.863,64.278,63.774,63.299,62.85,62.485,62.223,62.032,61.804,61.495,61.318,61.346,61.439,61.423,61.379,60.825,59.516,57.682,55.83,53.903,51.861,49.754,47.608,45.416,43.189,41.108,39.267,37.618,36.009,34.463,33.09,31.929,30.941,30.013,29.117,28.428,28.006,27.744,27.465,27.193,26.763,26.069,25.167,24.254,23.341,22.14,20.545,18.692,16.844,14.965,13.172,11.555,10.081,8.615,7.179,5.912,4.868,4.002,3.166,2.459,1.921,1.452,1.041,0.673,0.459,0.36,0.248,0.12,0.059,0.038,0.016
GAB,2063,79.67,79.627,79.594,79.529,79.522,79.499,79.452,79.377,79.269,79.129,78.928,78.653,78.31,77.924,77.498,76.984,76.362,75.656,74.919,74.154,73.329,72.436,71.5,70.561,69.616,68.703,67.844,67.036,66.247,65.481,64.792,64.202,63.692,63.212,62.757,62.386,62.116,61.916,61.679,61.362,61.175,61.192,61.273,61.245,61.189,60.624,59.303,57.457,55.592,53.652,51.6,49.482,47.329,45.128,42.89,40.8,38.95,37.29,35.669,34.108,32.718,31.534,30.521,29.564,28.636,27.909,27.438,27.119,26.784,26.457,25.966,25.205,24.233,23.257,22.282,21.034,19.413,17.552,15.7,13.824,12.05,10.474,9.055,7.65,6.28,5.088,4.124,3.345,2.577,1.964,1.538,1.147,0.785,0.491,0.34,0.267,0.182,0.087,0.041,0.018
GAB,2064,79.709,79.621,79.558,79.513,79.464,79.447,79.419,79.374,79.302,79.204,79.076,78.885,78.612,78.268,77.881,77.455,76.941,76.316,75.607,74.867,74.099,73.271,72.376,71.439,70.498,69.552,68.637,67.776,66.966,66.173,65.405,64.712,64.118,63.604,63.119,62.657,62.279,62.002,61.794,61.549,61.222,61.025,61.031,61.1,61.061,60.994,60.416,59.083,57.224,55.348,53.396,51.332,49.206,47.044,44.834,42.586,40.486,38.627,36.958,35.325,33.75,32.341,31.136,30.097,29.111,28.154,27.388,26.868,26.491,26.099,25.718,25.167,24.339,23.297,22.256,21.22,19.926,18.279,16.409,14.554,12.681,10.928,9.391,8.027,6.684,5.381,4.263,3.382,2.687,1.988,1.468,1.154,0.843,0.529,0.309,0.221,0.172,0.116,0.054,0.019
GAB,2065,79.784,79.643,79.542,79.472,79.425,79.391,79.363,79.33,79.286,79.22,79.13,79.016,78.835,78.564,78.217,77.831,77.404,76.889,76.263,75.551,74.807,74.035,73.205,72.309,71.371,70.428,69.48,68.564,67.701,66.888,66.094,65.322,64.626,64.027,63.509,63.018,62.551,62.166,61.881,61.665,61.411,61.075,60.869,60.865,60.922,60.87,60.792,60.201,58.856,56.987,55.098,53.133,51.059,48.923,46.755,44.536,42.279,40.169,38.3,36.621,34.977,33.388,31.962,30.736,29.67,28.656,27.669,26.865,26.294,25.861,25.412,24.976,24.365,23.47,22.359,21.253,20.157,18.817,17.144,15.265,13.407,11.538,9.804,8.308,7,5.718,4.482,3.438,2.638,2.031,1.4,0.973,0.772,0.538,0.273,0.126,0.102,0.077,0.05,0.021
GAB,2066,79.945,79.726,79.594,79.5,79.437,79.394,79.365,79.341,79.311,79.268,79.204,79.115,79.001,78.817,78.546,78.194,77.804,77.375,76.856,76.228,75.514,74.769,73.994,73.162,72.263,71.322,70.377,69.426,68.505,67.64,66.822,66.022,65.245,64.542,63.937,63.411,62.912,62.436,62.042,61.749,61.522,61.258,60.912,60.692,60.671,60.709,60.637,60.537,59.929,58.568,56.683,54.78,52.798,50.709,48.561,46.382,44.151,41.879,39.753,37.866,36.165,34.496,32.879,31.424,30.167,29.068,28.017,26.994,26.143,25.511,25.007,24.491,23.993,23.318,22.357,21.184,20.024,18.877,17.515,15.862,14.033,12.229,10.419,8.763,7.363,6.163,4.963,3.847,2.958,2.256,1.7,1.158,0.809,0.641,0.446,0.225,0.111,0.084,0.054,0.023
GAB,2067,80.144,79.874,79.659,79.535,79.447,79.39,79.354,79.33,79.31,79.283,79.242,79.178,79.091,78.976,78.792,78.518,78.164,77.77,77.336,76.813,76.183,75.468,74.721,73.944,73.109,72.207,71.265,70.317,69.363,68.44,67.569,66.747,65.942,65.16,64.451,63.839,63.306,62.799,62.314,61.91,61.608,61.373,61.099,60.743,60.509,60.47,60.489,60.397,60.277,59.649,58.272,56.373,54.454,52.457,50.353,48.194,46.003,43.759,41.475,39.333,37.426,35.703,34.01,32.367,30.884,29.594,28.461,27.375,26.316,25.419,24.725,24.149,23.566,23.005,22.267,21.241,20.006,18.791,17.595,16.212,14.578,12.799,11.049,9.3,7.72,6.417,5.325,4.207,3.211,2.477,1.874,1.37,0.914,0.644,0.509,0.353,0.177,0.091,0.059,0.025
GAB,2068,80.363,80.03,79.772,79.585,79.467,79.388,79.337,79.306,79.286,79.27,79.247,79.208,79.146,79.057,78.942,78.758,78.482,78.124,77.727,77.289,76.763,76.131,75.414,74.665,73.887,73.05,72.146,71.201,70.25,69.293,68.366,67.492,66.665,65.855,65.067,64.353,63.734,63.193,62.679,62.186,61.773,61.461,61.217,60.932,60.566,60.321,60.263,60.261,60.15,60.01,59.363,57.97,56.057,54.123,52.11,49.992,47.82,45.619,43.363,41.066,38.909,36.984,35.238,33.521,31.852,30.339,29.019,27.851,26.73,25.635,24.691,23.936,23.289,22.639,22.016,21.214,20.123,18.826,17.556,16.31,14.907,13.292,11.563,9.868,8.178,6.678,5.47,4.487,3.451,2.575,1.997,1.492,1.038,0.672,0.48,0.378,0.26,0.128,0.064,0.026
GAB,2069,80.577,80.194,79.89,79.658,79.503,79.394,79.322,79.277,79.252,79.237,79.224,79.204,79.167,79.106,79.018,78.904,78.718,78.439,78.078,77.677,77.236,76.706,76.072,75.354,74.604,73.824,72.984,72.078,71.131,70.177,69.218,68.287,67.409,66.578,65.764,64.971,64.25,63.625,63.077,62.554,62.052,61.631,61.31,61.056,60.762,60.385,60.126,60.052,60.03,59.899,59.738,59.072,57.663,55.736,53.787,51.758,49.627,47.444,45.231,42.964,40.654,38.482,36.538,34.77,33.029,31.332,29.791,28.44,27.24,26.083,24.952,23.963,23.145,22.427,21.711,21.025,20.159,19.003,17.644,16.32,15.025,13.601,12.006,10.326,8.685,7.057,5.634,4.522,3.648,2.694,1.939,1.517,1.109,0.707,0.429,0.316,0.246,0.167,0.08,0.029
GAB,2070,80.769,80.356,80.024,79.762,79.563,79.416,79.315,79.249,79.211,79.191,79.181,79.172,79.155,79.12,79.06,78.974,78.859,78.673,78.391,78.027,77.623,77.177,76.644,76.008,75.289,74.536,73.754,72.912,72.005,71.055,70.099,69.137,68.204,67.322,66.486,65.667,64.869,64.142,63.511,62.955,62.425,61.914,61.484,61.154,60.89,60.586,60.199,59.927,59.836,59.794,59.643,59.462,58.777,57.352,55.411,53.448,51.404,49.258,47.063,44.84,42.561,40.239,38.052,36.089,34.3,32.535,30.812,29.242,27.86,26.626,25.433,24.268,23.232,22.352,21.564,20.78,20.032,19.104,17.882,16.461,15.083,13.739,12.294,10.719,9.089,7.504,5.935,4.59,3.575,2.81,1.937,1.303,1.037,0.727,0.377,0.186,0.151,0.114,0.074,0.032
GAB,2071,80.959,80.669,80.296,79.99,79.744,79.551,79.403,79.291,79.218,79.182,79.17,79.162,79.153,79.135,79.098,79.034,78.943,78.825,78.635,78.351,77.985,77.58,77.131,76.596,75.957,75.234,74.478,73.694,72.848,71.936,70.982,70.021,69.054,68.115,67.226,66.384,65.558,64.751,64.016,63.377,62.814,62.274,61.752,61.31,60.966,60.685,60.364,59.959,59.667,59.552,59.486,59.309,59.102,58.393,56.946,54.987,53.003,50.938,48.771,46.553,44.304,42,39.65,37.436,35.447,33.631,31.838,30.084,28.481,27.062,25.787,24.555,23.353,22.27,21.327,20.467,19.62,18.816,17.844,16.596,15.168,13.789,12.447,11.042,9.556,8.048,6.545,5.113,3.965,3.067,2.356,1.604,1.088,0.862,0.604,0.311,0.164,0.124,0.08,0.035
GAB,2072,81.124,80.728,80.566,80.231,79.953,79.723,79.537,79.386,79.264,79.184,79.15,79.144,79.139,79.131,79.112,79.072,79.005,78.911,78.788,78.595,78.308,77.941,77.532,77.082,76.543,75.902,75.177,74.418,73.63,72.781,71.865,70.906,69.941,68.969,68.023,67.129,66.28,65.446,64.631,63.889,63.241,62.669,62.12,61.589,61.134,60.775,60.478,60.139,59.716,59.403,59.266,59.175,58.973,58.739,58.005,56.538,54.559,52.556,50.47,48.28,46.039,43.766,41.436,39.059,36.818,34.803,32.96,31.138,29.356,27.719,26.263,24.947,23.674,22.436,21.306,20.301,19.37,18.459,17.598,16.582,15.31,13.874,12.495,11.155,9.789,8.392,7.006,5.586,4.29,3.339,2.56,1.902,1.272,0.871,0.689,0.48,0.244,0.133,0.087,0.037
GAB,2073,81.263,80.904,80.586,80.456,80.162,79.91,79.696,79.517,79.365,79.233,79.145,79.112,79.113,79.111,79.103,79.083,79.041,78.97,78.873,78.747,78.549,78.26,77.891,77.48,77.027,76.487,75.842,75.115,74.353,73.561,72.708,71.789,70.826,69.856,68.878,67.927,67.027,66.172,65.33,64.507,63.756,63.101,62.521,61.962,61.421,60.954,60.58,60.266,59.91,59.469,59.135,58.976,58.86,58.633,58.373,57.615,56.127,54.129,52.105,49.999,47.788,45.523,43.225,40.87,38.467,36.199,34.157,32.287,30.437,28.624,26.955,25.461,24.105,22.793,21.518,20.341,19.273,18.271,17.297,16.379,15.32,14.023,12.579,11.199,9.863,8.535,7.227,5.963,4.626,3.466,2.712,2.05,1.449,0.938,0.655,0.515,0.357,0.179,0.094,0.04
GAB,2074,81.38,81.065,80.773,80.505,80.342,80.088,79.862,79.663,79.492,79.338,79.194,79.099,79.069,79.077,79.078,79.069,79.048,79.004,78.93,78.829,78.699,78.498,78.206,77.835,77.423,76.967,76.424,75.777,75.046,74.281,73.487,72.631,71.707,70.74,69.764,68.782,67.826,66.92,66.057,65.209,64.378,63.619,62.955,62.367,61.8,61.248,60.77,60.381,60.05,59.675,59.216,58.863,58.681,58.54,58.288,58.002,57.219,55.711,53.694,51.65,49.524,47.292,45.003,42.681,40.3,37.87,35.576,33.508,31.612,29.733,27.891,26.189,24.658,23.26,21.908,20.599,19.375,18.243,17.17,16.133,15.159,14.057,12.734,11.283,9.902,8.569,7.281,6.061,4.92,3.666,2.642,2.086,1.542,0.995,0.605,0.438,0.342,0.233,0.113,0.043
GAB,2075,81.478,81.206,80.942,80.69,80.448,80.22,80.005,79.805,79.622,79.458,79.303,79.149,79.047,79.018,79.034,79.037,79.028,79.006,78.959,78.883,78.778,78.644,78.439,78.145,77.773,77.357,76.899,76.354,75.705,74.971,74.204,73.406,72.546,71.62,70.648,69.668,68.68,67.719,66.806,65.938,65.083,64.242,63.475,62.805,62.208,61.631,61.07,60.58,60.177,59.829,59.437,58.96,58.587,58.381,58.216,57.939,57.626,56.819,55.289,53.254,51.191,49.045,46.791,44.48,42.133,39.727,37.271,34.951,32.856,30.934,29.027,27.156,25.42,23.852,22.415,21.023,19.677,18.408,17.212,16.068,14.968,13.938,12.792,11.444,9.987,8.605,7.275,6.026,4.896,3.878,2.706,1.818,1.46,1.034,0.541,0.271,0.221,0.167,0.11,0.047
GAB,2076,81.59,81.415,81.159,80.908,80.663,80.426,80.199,79.984,79.785,79.603,79.441,79.288,79.134,79.031,79,79.013,79.012,79,78.975,78.926,78.847,78.74,78.602,78.395,78.099,77.722,77.304,76.842,76.292,75.638,74.9,74.127,73.324,72.459,71.525,70.546,69.559,68.565,67.595,66.675,65.799,64.935,64.086,63.308,62.623,62.012,61.419,60.84,60.33,59.908,59.539,59.125,58.625,58.226,57.99,57.792,57.481,57.133,56.291,54.724,52.65,50.549,48.363,46.073,43.729,41.352,38.915,36.43,34.08,31.955,30.002,28.066,26.167,24.402,22.799,21.325,19.903,18.533,17.236,16.012,14.84,13.72,12.674,11.542,10.247,8.871,7.541,6.311,5.224,4.209,3.26,2.247,1.521,1.22,0.861,0.447,0.241,0.182,0.119,0.052
GAB,2077,81.681,81.489,81.347,81.107,80.868,80.631,80.4,80.175,79.959,79.758,79.58,79.421,79.268,79.114,79.01,78.977,78.986,78.983,78.967,78.937,78.886,78.805,78.696,78.556,78.346,78.046,77.667,77.245,76.779,76.226,75.568,74.825,74.047,73.238,72.367,71.426,70.441,69.448,68.444,67.467,66.539,65.655,64.783,63.925,63.136,62.438,61.812,61.202,60.604,60.077,59.635,59.246,58.81,58.286,57.861,57.595,57.365,57.019,56.638,55.761,54.156,52.043,49.904,47.678,45.352,42.975,40.568,38.102,35.586,33.206,31.051,29.067,27.103,25.177,23.381,21.744,20.234,18.78,17.386,16.064,14.81,13.609,12.47,11.41,10.29,9.049,7.755,6.478,5.346,4.421,3.522,2.643,1.787,1.225,0.978,0.688,0.354,0.198,0.13,0.056
GAB,2078,81.741,81.588,81.414,81.273,81.049,80.821,80.593,80.367,80.144,79.927,79.727,79.549,79.393,79.241,79.088,78.982,78.947,78.955,78.947,78.928,78.895,78.842,78.758,78.646,78.504,78.291,77.988,77.605,77.18,76.712,76.154,75.491,74.744,73.961,73.146,72.269,71.323,70.331,69.33,68.319,67.334,66.399,65.508,64.627,63.76,62.959,62.248,61.606,60.981,60.365,59.819,59.357,58.947,58.49,57.943,57.492,57.196,56.932,56.554,56.138,55.225,53.583,51.432,49.254,46.991,44.627,42.218,39.781,37.285,34.74,32.33,30.145,28.131,26.137,24.184,22.359,20.688,19.141,17.657,16.239,14.892,13.607,12.378,11.22,10.144,9.038,7.851,6.638,5.413,4.381,3.618,2.834,2.025,1.327,0.929,0.737,0.515,0.26,0.142,0.061
GAB,2079,81.76,81.648,81.508,81.346,81.192,80.985,80.768,80.549,80.327,80.106,79.889,79.688,79.512,79.359,79.208,79.055,78.95,78.912,78.916,78.905,78.882,78.846,78.79,78.704,78.59,78.445,78.229,77.924,77.538,77.109,76.637,76.075,75.408,74.656,73.868,73.047,72.165,71.213,70.215,69.207,68.187,67.195,66.253,65.354,64.465,63.588,62.777,62.052,61.395,60.754,60.122,59.556,59.075,58.645,58.166,57.596,57.118,56.792,56.495,56.083,55.634,54.684,53.006,50.818,48.6,46.298,43.898,41.457,38.991,36.464,33.89,31.451,29.236,27.192,25.169,23.19,21.335,19.629,18.047,16.531,15.09,13.717,12.403,11.147,9.968,8.878,7.785,6.651,5.52,4.348,3.415,2.815,2.145,1.408,0.868,0.632,0.496,0.342,0.167,0.067
GAB,2080,81.727,81.661,81.561,81.433,81.279,81.104,80.912,80.709,80.496,80.281,80.063,79.844,79.642,79.468,79.317,79.168,79.015,78.908,78.869,78.87,78.856,78.829,78.79,78.731,78.643,78.527,78.378,78.16,77.852,77.463,77.031,76.555,75.99,75.318,74.561,73.768,72.943,72.054,71.096,70.092,69.077,68.051,67.05,66.101,65.194,64.297,63.412,62.59,61.852,61.18,60.521,59.871,59.287,58.787,58.337,57.835,57.243,56.738,56.384,56.054,55.608,55.125,54.139,52.424,50.198,47.943,45.602,43.166,40.692,38.197,35.642,33.039,30.57,28.325,26.251,24.199,22.193,20.31,18.569,16.95,15.405,13.939,12.541,11.197,9.914,8.717,7.611,6.532,5.451,4.403,3.283,2.449,2.01,1.457,0.79,0.407,0.336,0.256,0.168,0.073
GAB,2081,81.67,81.688,81.625,81.529,81.405,81.254,81.083,80.896,80.695,80.485,80.27,80.052,79.833,79.63,79.454,79.302,79.15,78.993,78.883,78.841,78.84,78.823,78.795,78.752,78.69,78.6,78.479,78.327,78.104,77.791,77.396,76.959,76.478,75.906,75.227,74.464,73.663,72.83,71.933,70.967,69.955,68.931,67.896,66.884,65.923,65.003,64.089,63.186,62.347,61.592,60.902,60.223,59.55,58.941,58.416,57.94,57.409,56.788,56.245,55.838,55.45,54.946,54.403,53.36,51.592,49.317,47.013,44.624,42.144,39.633,37.104,34.518,31.887,29.394,27.125,25.029,22.962,20.946,19.057,17.316,15.703,14.169,12.723,11.354,10.055,8.828,7.667,6.64,5.683,4.7,3.72,2.741,2.055,1.683,1.215,0.654,0.363,0.277,0.183,0.079
GAB,2082,81.563,81.606,81.643,81.584,81.491,81.369,81.223,81.057,80.874,80.676,80.467,80.252,80.034,79.816,79.613,79.435,79.28,79.124,78.965,78.852,78.808,78.804,78.786,78.754,78.709,78.644,78.549,78.425,78.269,78.042,77.724,77.325,76.881,76.394,75.816,75.131,74.359,73.552,72.71,71.805,70.832,69.813,68.781,67.736,66.714,65.739,64.804,63.877,62.957,62.1,61.327,60.619,59.92,59.224,58.592,58.041,57.538,56.979,56.327,55.747,55.29,54.842,54.28,53.676,52.577,50.756,48.433,46.08,43.643,41.12,38.57,36.008,33.39,30.733,28.214,25.923,23.806,21.723,19.697,17.803,16.062,14.454,12.932,11.504,10.166,8.911,7.74,6.618,5.668,4.832,3.948,3.036,2.197,1.66,1.354,0.973,0.518,0.301,0.2,0.087
GAB,2083,81.422,81.517,81.561,81.592,81.535,81.446,81.328,81.186,81.023,80.844,80.65,80.443,80.228,80.011,79.792,79.588,79.409,79.251,79.092,78.93,78.813,78.767,78.762,78.741,78.706,78.659,78.591,78.492,78.365,78.205,77.973,77.65,77.246,76.797,76.304,75.72,75.028,74.25,73.434,72.584,71.672,70.691,69.665,68.625,67.57,66.539,65.551,64.602,63.658,62.722,61.848,61.058,60.332,59.612,58.894,58.236,57.662,57.131,56.543,55.863,55.244,54.736,54.229,53.609,52.946,51.789,49.916,47.543,45.143,42.659,40.092,37.504,34.908,32.26,29.576,27.033,24.717,22.581,20.482,18.446,16.547,14.806,13.203,11.694,10.284,8.977,7.766,6.652,5.567,4.694,3.982,3.196,2.351,1.654,1.266,1.025,0.731,0.383,0.216,0.095
GAB,2084,81.274,81.408,81.491,81.526,81.531,81.477,81.392,81.278,81.14,80.98,80.806,80.615,80.41,80.196,79.978,79.76,79.555,79.374,79.214,79.052,78.886,78.767,78.719,78.711,78.688,78.65,78.6,78.528,78.427,78.296,78.132,77.896,77.568,77.159,76.705,76.206,75.615,74.917,74.132,73.309,72.451,71.53,70.542,69.509,68.461,67.397,66.355,65.355,64.392,63.433,62.48,61.589,60.781,60.037,59.298,58.556,57.875,57.276,56.719,56.102,55.392,54.735,54.176,53.611,52.931,52.209,50.996,49.07,46.649,44.2,41.669,39.059,36.434,33.804,31.126,28.416,25.849,23.51,21.352,19.238,17.193,15.29,13.549,11.95,10.454,9.064,7.787,6.62,5.563,4.515,3.721,3.13,2.442,1.667,1.11,0.87,0.697,0.489,0.246,0.103
GAB,2085,81.136,81.29,81.395,81.457,81.478,81.46,81.409,81.327,81.217,81.083,80.928,80.758,80.57,80.367,80.153,79.937,79.717,79.512,79.33,79.167,79.003,78.832,78.711,78.659,78.651,78.625,78.585,78.532,78.457,78.353,78.217,78.049,77.81,77.476,77.062,76.603,76.098,75.502,74.797,74.005,73.175,72.309,71.381,70.385,69.344,68.288,67.216,66.164,65.151,64.174,63.2,62.231,61.322,60.497,59.736,58.976,58.212,57.507,56.882,56.299,55.654,54.915,54.22,53.61,52.986,52.248,51.466,50.195,48.218,45.749,43.253,40.674,38.022,35.359,32.697,29.99,27.253,24.662,22.301,20.122,17.993,15.94,14.031,12.289,10.698,9.213,7.843,6.596,5.474,4.473,3.464,2.748,2.278,1.69,0.983,0.567,0.475,0.368,0.247,0.11
GAB,2086,81.071,81.133,81.271,81.369,81.428,81.451,81.442,81.402,81.328,81.219,81.082,80.927,80.757,80.568,80.363,80.146,79.927,79.705,79.498,79.313,79.148,78.982,78.809,78.685,78.631,78.619,78.59,78.545,78.488,78.408,78.298,78.158,77.983,77.736,77.397,76.975,76.508,75.994,75.389,74.677,73.876,73.036,72.161,71.222,70.214,69.158,68.086,66.999,65.929,64.9,63.905,62.912,61.922,60.99,60.144,59.358,58.571,57.778,57.038,56.37,55.736,55.039,54.247,53.491,52.809,52.106,51.29,50.431,49.086,47.042,44.513,41.96,39.329,36.633,33.938,31.252,28.529,25.785,23.197,20.851,18.7,16.606,14.594,12.741,11.069,9.559,8.132,6.862,5.761,4.74,3.797,2.907,2.312,1.912,1.413,0.814,0.497,0.387,0.259,0.117
GAB,2087,81.018,81.141,81.119,81.242,81.331,81.388,81.414,81.41,81.383,81.318,81.21,81.07,80.913,80.744,80.555,80.348,80.129,79.907,79.682,79.471,79.285,79.118,78.95,78.776,78.649,78.591,78.575,78.543,78.495,78.433,78.348,78.233,78.086,77.906,77.653,77.306,76.877,76.401,75.879,75.265,74.545,73.736,72.888,72.003,71.053,70.032,68.962,67.875,66.77,65.683,64.639,63.627,62.615,61.603,60.65,59.782,58.972,58.159,57.337,56.561,55.849,55.165,54.416,53.571,52.755,52.001,51.218,50.324,49.387,47.969,45.858,43.27,40.66,37.977,35.239,32.51,29.802,27.064,24.313,21.728,19.398,17.274,15.216,13.246,11.448,9.847,8.418,7.05,5.88,4.925,4.005,3.119,2.348,1.876,1.545,1.135,0.646,0.402,0.272,0.125
GAB,2088,80.947,81.037,81.117,81.093,81.2,81.282,81.336,81.364,81.368,81.352,81.295,81.19,81.046,80.889,80.719,80.53,80.321,80.1,79.875,79.648,79.434,79.246,79.077,78.908,78.73,78.601,78.541,78.522,78.485,78.434,78.367,78.277,78.157,78.004,77.818,77.558,77.205,76.768,76.284,75.753,75.131,74.402,73.587,72.729,71.835,70.874,69.84,68.756,67.654,66.532,65.429,64.368,63.34,62.309,61.276,60.302,59.411,58.578,57.739,56.886,56.076,55.321,54.587,53.786,52.889,52.011,51.184,50.323,49.35,48.337,46.846,44.668,42.02,39.354,36.621,33.839,31.079,28.349,25.595,22.837,20.257,17.943,15.847,13.824,11.896,10.153,8.623,7.277,5.965,4.898,4.088,3.27,2.44,1.79,1.439,1.176,0.856,0.479,0.282,0.131
GAB,2089,80.808,80.881,80.956,81.027,81.057,81.148,81.221,81.274,81.304,81.315,81.311,81.263,81.159,81.012,80.855,80.685,80.495,80.285,80.061,79.834,79.603,79.386,79.196,79.027,78.854,78.675,78.543,78.48,78.457,78.417,78.362,78.291,78.196,78.07,77.912,77.72,77.454,77.094,76.649,76.157,75.618,74.988,74.251,73.427,72.562,71.658,70.686,69.64,68.542,67.424,66.287,65.167,64.09,63.045,61.995,60.942,59.945,59.033,58.176,57.31,56.43,55.584,54.786,54.002,53.149,52.199,51.26,50.362,49.421,48.371,47.281,45.716,43.473,40.765,38.044,35.259,32.435,29.642,26.891,24.124,21.359,18.783,16.486,14.418,12.43,10.545,8.857,7.397,6.134,4.881,3.915,3.251,2.534,1.762,1.231,1.002,0.809,0.579,0.31,0.137
GAB,2090,80.574,80.658,80.747,80.837,80.927,81.011,81.087,81.151,81.201,81.234,81.252,81.26,81.22,81.117,80.968,80.81,80.64,80.449,80.237,80.012,79.782,79.548,79.329,79.136,78.966,78.792,78.61,78.476,78.409,78.383,78.34,78.28,78.205,78.106,77.974,77.811,77.612,77.34,76.972,76.52,76.021,75.473,74.834,74.09,73.259,72.384,71.472,70.49,69.431,68.318,67.186,66.032,64.897,63.803,62.742,61.674,60.599,59.581,58.647,57.768,56.875,55.965,55.085,54.244,53.409,52.506,51.504,50.504,49.533,48.513,47.386,46.218,44.581,42.272,39.506,36.729,33.893,31.027,28.203,25.431,22.649,19.878,17.306,15.027,12.986,11.035,9.192,7.561,6.172,4.99,3.795,2.931,2.414,1.798,1.083,0.672,0.566,0.442,0.301,0.142
GAB,2091,80.29,80.523,80.629,80.733,80.834,80.927,81.011,81.081,81.142,81.193,81.23,81.25,81.258,81.217,81.113,80.961,80.801,80.628,80.435,80.221,79.994,79.762,79.527,79.305,79.11,78.936,78.758,78.573,78.434,78.364,78.332,78.283,78.218,78.136,78.029,77.891,77.718,77.511,77.23,76.854,76.394,75.886,75.327,74.677,73.919,73.071,72.181,71.252,70.253,69.176,68.048,66.896,65.721,64.564,63.45,62.368,61.274,60.172,59.121,58.147,57.222,56.281,55.319,54.381,53.476,52.574,51.601,50.531,49.451,48.384,47.259,46.032,44.768,43.046,40.667,37.844,35.019,32.144,29.261,26.449,23.711,20.974,18.256,15.759,13.574,11.647,9.771,8.065,6.631,5.368,4.249,3.193,2.475,2.032,1.508,0.901,0.581,0.453,0.309,0.147
GAB,2092,79.927,80.12,80.463,80.592,80.711,80.82,80.918,81.001,81.066,81.124,81.178,81.218,81.239,81.247,81.206,81.101,80.947,80.783,80.609,80.413,80.197,79.968,79.734,79.497,79.273,79.075,78.897,78.717,78.528,78.385,78.31,78.273,78.218,78.146,78.058,77.945,77.798,77.619,77.402,77.113,76.728,76.259,75.741,75.174,74.512,73.74,72.878,71.971,71.024,70.007,68.915,67.769,66.6,65.404,64.225,63.09,61.986,60.869,59.738,58.655,57.642,56.671,55.681,54.666,53.67,52.703,51.733,50.691,49.552,48.393,47.229,46,44.672,43.313,41.506,39.057,36.178,33.305,30.391,27.491,24.691,21.988,19.296,16.633,14.208,12.12,10.305,8.506,6.937,5.701,4.563,3.505,2.59,2.02,1.651,1.217,0.717,0.465,0.317,0.152
GAB,2093,79.518,79.786,80.03,80.394,80.545,80.679,80.797,80.9,80.982,81.042,81.096,81.151,81.196,81.219,81.227,81.185,81.078,80.922,80.757,80.579,80.38,80.162,79.933,79.697,79.457,79.231,79.03,78.849,78.665,78.473,78.326,78.246,78.204,78.144,78.067,77.972,77.852,77.697,77.509,77.284,76.986,76.593,76.115,75.588,75.011,74.338,73.552,72.675,71.752,70.788,69.754,68.645,67.483,66.294,65.079,63.879,62.723,61.597,60.455,59.298,58.182,57.128,56.112,55.074,54.006,52.954,51.923,50.886,49.775,48.568,47.329,46.069,44.734,43.307,41.853,39.96,37.441,34.507,31.587,28.633,25.717,22.929,20.262,17.615,15.006,12.656,10.665,8.961,7.24,5.806,4.768,3.758,2.762,1.985,1.564,1.269,0.927,0.535,0.326,0.158
GAB,2094,79.101,79.436,79.737,80.004,80.312,80.486,80.636,80.764,80.87,80.953,81.007,81.058,81.113,81.162,81.187,81.195,81.153,81.044,80.886,80.718,80.537,80.336,80.117,79.885,79.648,79.406,79.178,78.974,78.791,78.603,78.407,78.256,78.171,78.124,78.058,77.975,77.874,77.747,77.585,77.389,77.156,76.848,76.447,75.961,75.424,74.837,74.152,73.354,72.461,71.522,70.541,69.491,68.365,67.186,65.979,64.743,63.523,62.346,61.199,60.032,58.848,57.7,56.607,55.546,54.458,53.34,52.229,51.137,50.031,48.851,47.576,46.257,44.902,43.461,41.936,40.387,38.409,35.82,32.831,29.864,26.872,23.94,21.164,18.533,15.932,13.378,11.102,9.207,7.616,5.973,4.676,3.836,2.952,2.018,1.381,1.107,0.888,0.637,0.351,0.163
GAB,2095,78.709,79.089,79.428,79.729,79.992,80.22,80.414,80.579,80.716,80.827,80.908,80.958,81.005,81.062,81.115,81.142,81.15,81.107,80.998,80.837,80.666,80.483,80.279,80.058,79.825,79.587,79.342,79.112,78.905,78.719,78.528,78.328,78.173,78.083,78.032,77.96,77.871,77.764,77.629,77.461,77.256,77.014,76.697,76.288,75.794,75.248,74.651,73.957,73.144,72.236,71.281,70.283,69.216,68.074,66.879,65.655,64.398,63.157,61.96,60.791,59.601,58.39,57.21,56.077,54.971,53.835,52.664,51.496,50.341,49.169,47.92,46.577,45.179,43.727,42.184,40.557,38.915,36.852,34.195,31.151,28.137,25.107,22.159,19.397,16.803,14.247,11.748,9.547,7.749,6.271,4.705,3.545,2.903,2.146,1.274,0.778,0.651,0.506,0.345,0.168
GAB,2096,78.431,78.735,79.087,79.409,79.702,79.966,80.203,80.415,80.591,80.73,80.835,80.916,80.965,81.012,81.067,81.119,81.142,81.148,81.104,80.992,80.83,80.657,80.472,80.267,80.043,79.807,79.564,79.317,79.083,78.872,78.68,78.485,78.28,78.117,78.022,77.963,77.884,77.786,77.669,77.526,77.348,77.135,76.883,76.555,76.131,75.621,75.059,74.444,73.73,72.9,71.973,71,69.98,68.89,67.728,66.511,65.261,63.978,62.705,61.471,60.258,59.02,57.759,56.525,55.334,54.166,52.965,51.725,50.482,49.242,47.976,46.637,45.211,43.717,42.151,40.485,38.751,37.006,34.872,32.184,29.143,26.143,23.138,20.25,17.593,15.138,12.668,10.341,8.411,6.771,5.354,3.969,3.006,2.454,1.807,1.064,0.676,0.526,0.358,0.175
GAB,2097,78.226,78.591,78.748,79.072,79.378,79.663,79.928,80.173,80.401,80.59,80.73,80.83,80.909,80.96,81.005,81.059,81.109,81.13,81.134,81.086,80.972,80.81,80.635,80.448,80.24,80.014,79.775,79.53,79.278,79.039,78.825,78.629,78.428,78.217,78.049,77.946,77.881,77.793,77.687,77.562,77.41,77.224,77.001,76.739,76.399,75.961,75.435,74.855,74.223,73.491,72.644,71.699,70.706,69.665,68.553,67.369,66.131,64.857,63.547,62.243,60.97,59.714,58.43,57.118,55.83,54.582,53.352,52.085,50.778,49.459,48.133,46.776,45.345,43.836,42.245,40.565,38.779,36.935,35.09,32.885,30.167,27.131,24.145,21.163,18.336,15.786,13.469,11.086,8.931,7.272,5.79,4.435,3.23,2.466,2.005,1.467,0.852,0.548,0.374,0.183
GAB,2098,78.1,78.393,78.675,78.748,79.042,79.331,79.61,79.875,80.13,80.374,80.575,80.716,80.811,80.888,80.939,80.984,81.036,81.084,81.103,81.104,81.054,80.94,80.775,80.599,80.41,80.199,79.971,79.729,79.481,79.226,78.983,78.764,78.564,78.358,78.141,77.967,77.858,77.784,77.689,77.575,77.441,77.281,77.086,76.853,76.582,76.23,75.777,75.235,74.64,73.989,73.24,72.375,71.413,70.4,69.336,68.204,67,65.739,64.442,63.104,61.769,60.459,59.16,57.83,56.468,55.125,53.82,52.528,51.196,49.822,48.427,47.016,45.565,44.046,42.453,40.767,38.973,37.067,35.114,33.167,30.891,28.144,25.113,22.141,19.184,16.418,13.975,11.798,9.503,7.518,6.133,4.809,3.515,2.491,1.926,1.556,1.128,0.64,0.393,0.192
GAB,2099,78.055,78.233,78.43,78.642,78.734,79,79.271,79.543,79.81,80.073,80.333,80.547,80.688,80.778,80.854,80.905,80.949,81.001,81.046,81.063,81.061,81.009,80.892,80.727,80.55,80.358,80.146,79.915,79.67,79.419,79.16,78.914,78.69,78.485,78.273,78.051,77.872,77.756,77.676,77.573,77.449,77.307,77.139,76.935,76.694,76.411,76.048,75.582,75.023,74.412,73.743,72.976,72.093,71.114,70.082,68.997,67.843,66.618,65.336,64.015,62.652,61.286,59.937,58.595,57.219,55.808,54.411,53.048,51.695,50.299,48.857,47.388,45.89,44.348,42.741,41.063,39.281,37.375,35.349,33.286,31.24,28.893,26.116,23.091,20.135,17.202,14.499,12.163,10.126,7.917,6.106,4.991,3.827,2.596,1.752,1.385,1.107,0.788,0.427,0.203
GAB,2100,78.086,78.109,78.191,78.324,78.499,78.709,78.946,79.2,79.465,79.732,80.003,80.281,80.506,80.65,80.734,80.808,80.859,80.903,80.953,80.996,81.011,81.006,80.952,80.834,80.667,80.488,80.295,80.08,79.847,79.599,79.344,79.083,78.833,78.605,78.394,78.178,77.951,77.765,77.643,77.555,77.445,77.312,77.162,76.985,76.773,76.522,76.23,75.855,75.375,74.801,74.172,73.487,72.702,71.802,70.805,69.754,68.648,67.472,66.227,64.925,63.58,62.19,60.792,59.407,58.023,56.6,55.139,53.689,52.27,50.856,49.394,47.885,46.341,44.759,43.125,41.428,39.668,37.791,35.771,33.625,31.455,29.309,26.891,24.086,21.066,18.126,15.219,12.577,10.349,8.452,6.331,4.692,3.85,2.844,1.676,1.013,0.846,0.657,0.447,0.216
