MNE,1950,10.331,9.887,9.566,9.355,9.237,9.193,9.21,9.272,9.361,9.461,9.579,9.723,9.76,9.629,9.383,9.136,8.866,8.59,8.328,8.067,7.781,7.483,7.145,6.755,6.33,5.921,5.53,5.138,4.747,4.372,4.018,3.664,3.455,3.458,3.601,3.743,3.909,4.038,4.082,4.068,4.076,4.094,4.075,4.007,3.904,3.799,3.686,3.574,3.471,3.374,3.273,3.164,3.076,3.018,2.98,2.94,2.899,2.852,2.79,2.718,2.65,2.584,2.503,2.403,2.291,2.18,2.063,1.968,1.906,1.867,1.82,1.771,1.715,1.646,1.564,1.485,1.41,1.309,1.171,1.01,0.854,0.696,0.563,0.47,0.404,0.339,0.279,0.226,0.178,0.137,0.097,0.071,0.057,0.041,0.023,0.014,0.011,0.008,0.006,0.003
MNE,1951,11.073,10.204,9.785,9.485,9.285,9.172,9.13,9.144,9.202,9.293,9.397,9.518,9.662,9.703,9.578,9.342,9.104,8.844,8.577,8.32,8.064,7.782,7.49,7.156,6.767,6.345,5.935,5.544,5.152,4.76,4.386,4.031,3.675,3.464,3.463,3.601,3.738,3.899,4.023,4.062,4.046,4.05,4.064,4.042,3.971,3.867,3.759,3.645,3.532,3.425,3.326,3.222,3.112,3.02,2.959,2.918,2.872,2.829,2.778,2.713,2.639,2.567,2.497,2.416,2.313,2.199,2.085,1.967,1.869,1.803,1.757,1.704,1.651,1.591,1.518,1.433,1.35,1.272,1.174,1.043,0.895,0.752,0.607,0.485,0.401,0.343,0.285,0.234,0.189,0.149,0.112,0.08,0.058,0.047,0.033,0.019,0.01,0.008,0.006,0.003
MNE,1952,11.891,10.98,10.149,9.755,9.47,9.281,9.174,9.133,9.142,9.198,9.291,9.401,9.525,9.671,9.715,9.597,9.368,9.138,8.885,8.623,8.372,8.118,7.839,7.549,7.217,6.827,6.402,5.991,5.597,5.201,4.806,4.43,4.071,3.712,3.497,3.492,3.626,3.759,3.916,4.036,4.072,4.052,4.053,4.063,4.039,3.965,3.857,3.747,3.629,3.513,3.404,3.302,3.194,3.08,2.987,2.921,2.876,2.827,2.779,2.724,2.656,2.578,2.502,2.43,2.344,2.238,2.122,2.006,1.886,1.784,1.713,1.66,1.602,1.545,1.479,1.4,1.312,1.226,1.144,1.046,0.924,0.786,0.654,0.521,0.411,0.336,0.286,0.234,0.19,0.153,0.12,0.089,0.062,0.045,0.036,0.026,0.015,0.007,0.005,0.003
MNE,1953,12.62,11.592,10.758,10.128,9.757,9.487,9.308,9.206,9.165,9.171,9.225,9.32,9.437,9.565,9.712,9.759,9.647,9.426,9.202,8.955,8.699,8.45,8.2,7.923,7.634,7.301,6.91,6.482,6.067,5.667,5.268,4.869,4.488,4.126,3.762,3.542,3.533,3.663,3.793,3.945,4.062,4.094,4.07,4.068,4.076,4.048,3.971,3.86,3.746,3.626,3.506,3.394,3.289,3.177,3.06,2.962,2.893,2.843,2.789,2.737,2.678,2.606,2.525,2.446,2.37,2.28,2.172,2.052,1.934,1.81,1.705,1.628,1.568,1.505,1.442,1.372,1.287,1.195,1.105,1.02,0.923,0.806,0.681,0.56,0.439,0.339,0.272,0.228,0.184,0.148,0.119,0.092,0.065,0.045,0.033,0.026,0.019,0.01,0.005,0.002
MNE,1954,13.143,12.109,11.256,10.568,10.112,9.763,9.51,9.34,9.243,9.203,9.205,9.257,9.355,9.477,9.608,9.758,9.809,9.703,9.488,9.271,9.03,8.778,8.534,8.285,8.01,7.723,7.391,6.997,6.564,6.146,5.742,5.338,4.934,4.548,4.181,3.812,3.588,3.575,3.702,3.827,3.977,4.089,4.119,4.092,4.086,4.09,4.059,3.979,3.865,3.747,3.624,3.501,3.385,3.276,3.161,3.041,2.938,2.866,2.811,2.754,2.697,2.634,2.558,2.473,2.39,2.31,2.217,2.105,1.983,1.861,1.736,1.626,1.544,1.477,1.408,1.34,1.264,1.175,1.077,0.985,0.896,0.799,0.689,0.575,0.464,0.355,0.266,0.207,0.171,0.133,0.105,0.084,0.063,0.042,0.028,0.021,0.017,0.012,0.006,0.002
MNE,1955,13.392,12.47,11.689,11.037,10.504,10.079,9.753,9.516,9.356,9.264,9.225,9.223,9.272,9.373,9.501,9.636,9.787,9.842,9.742,9.534,9.324,9.09,8.844,8.603,8.357,8.085,7.799,7.466,7.071,6.636,6.214,5.807,5.399,4.991,4.602,4.23,3.857,3.628,3.612,3.735,3.856,4.002,4.111,4.136,4.106,4.097,4.098,4.063,3.981,3.863,3.743,3.616,3.489,3.371,3.258,3.14,3.016,2.911,2.834,2.774,2.713,2.652,2.584,2.505,2.416,2.33,2.246,2.15,2.035,1.91,1.785,1.657,1.544,1.456,1.384,1.308,1.234,1.153,1.06,0.958,0.861,0.769,0.673,0.571,0.467,0.367,0.27,0.192,0.142,0.113,0.082,0.062,0.049,0.035,0.019,0.011,0.008,0.006,0.005,0.002
MNE,1956,13.381,13.203,12.395,11.688,11.076,10.557,10.12,9.756,9.49,9.331,9.258,9.223,9.217,9.264,9.363,9.489,9.621,9.77,9.821,9.72,9.512,9.3,9.064,8.818,8.577,8.33,8.058,7.773,7.442,7.047,6.612,6.191,5.784,5.377,4.971,4.582,4.212,3.839,3.611,3.594,3.716,3.836,3.98,4.087,4.113,4.08,4.07,4.069,4.032,3.947,3.827,3.705,3.576,3.447,3.327,3.212,3.091,2.965,2.857,2.777,2.716,2.652,2.588,2.518,2.435,2.343,2.254,2.167,2.067,1.95,1.822,1.695,1.565,1.45,1.36,1.284,1.207,1.131,1.051,0.959,0.862,0.769,0.682,0.592,0.498,0.405,0.315,0.229,0.164,0.121,0.094,0.067,0.051,0.041,0.029,0.016,0.008,0.006,0.004,0.002
MNE,1957,13.182,12.752,13.009,12.315,11.681,11.111,10.606,10.157,9.754,9.459,9.302,9.246,9.215,9.208,9.253,9.349,9.472,9.601,9.748,9.796,9.693,9.484,9.271,9.034,8.787,8.547,8.3,8.028,7.744,7.413,7.019,6.585,6.165,5.759,5.353,4.947,4.56,4.191,3.819,3.591,3.573,3.694,3.814,3.957,4.063,4.086,4.053,4.041,4.038,4,3.912,3.791,3.666,3.534,3.404,3.28,3.163,3.041,2.913,2.802,2.72,2.656,2.59,2.523,2.45,2.364,2.268,2.176,2.085,1.984,1.863,1.733,1.605,1.473,1.356,1.262,1.185,1.105,1.028,0.948,0.858,0.764,0.676,0.593,0.51,0.426,0.344,0.262,0.188,0.136,0.1,0.075,0.054,0.041,0.032,0.023,0.012,0.006,0.004,0.002
MNE,1958,12.894,12.755,12.541,12.807,12.227,11.669,11.14,10.649,10.189,9.746,9.425,9.268,9.229,9.204,9.194,9.235,9.33,9.451,9.577,9.72,9.767,9.661,9.451,9.237,8.999,8.752,8.511,8.265,7.994,7.71,7.38,6.987,6.555,6.136,5.731,5.325,4.921,4.535,4.168,3.797,3.57,3.552,3.672,3.79,3.932,4.037,4.058,4.024,4.009,4.005,3.964,3.875,3.751,3.625,3.491,3.357,3.232,3.113,2.989,2.859,2.746,2.662,2.595,2.526,2.457,2.381,2.292,2.194,2.097,2.004,1.899,1.776,1.643,1.513,1.38,1.261,1.165,1.084,1.002,0.924,0.844,0.757,0.667,0.583,0.504,0.427,0.353,0.282,0.209,0.147,0.107,0.079,0.057,0.039,0.03,0.024,0.017,0.009,0.004,0.002
MNE,1959,12.649,12.756,12.729,12.588,12.608,12.141,11.657,11.169,10.693,10.221,9.74,9.39,9.234,9.214,9.193,9.18,9.22,9.311,9.43,9.554,9.694,9.737,9.63,9.419,9.204,8.965,8.717,8.476,8.231,7.96,7.678,7.348,6.957,6.525,6.107,5.703,5.299,4.896,4.512,4.145,3.775,3.549,3.531,3.649,3.767,3.907,4.01,4.03,3.994,3.979,3.972,3.929,3.838,3.713,3.584,3.447,3.312,3.185,3.065,2.938,2.805,2.691,2.603,2.535,2.462,2.39,2.312,2.22,2.118,2.019,1.922,1.814,1.688,1.554,1.422,1.287,1.167,1.068,0.984,0.9,0.821,0.74,0.656,0.569,0.489,0.415,0.346,0.28,0.22,0.157,0.106,0.079,0.057,0.038,0.025,0.02,0.015,0.011,0.006,0.002
MNE,1960,12.572,12.828,12.919,12.868,12.694,12.42,12.068,11.656,11.21,10.748,10.263,9.743,9.366,9.21,9.208,9.191,9.176,9.212,9.302,9.419,9.539,9.676,9.718,9.609,9.396,9.18,8.94,8.692,8.451,8.205,7.935,7.653,7.324,6.932,6.502,6.084,5.681,5.278,4.876,4.493,4.126,3.758,3.531,3.512,3.63,3.747,3.886,3.988,4.007,3.969,3.951,3.943,3.899,3.805,3.678,3.547,3.408,3.27,3.141,3.018,2.889,2.754,2.637,2.548,2.476,2.401,2.327,2.246,2.151,2.044,1.942,1.842,1.731,1.603,1.466,1.332,1.196,1.073,0.971,0.885,0.799,0.717,0.638,0.555,0.473,0.397,0.327,0.263,0.208,0.159,0.104,0.065,0.052,0.036,0.02,0.012,0.009,0.007,0.004,0.003
MNE,1961,12.751,12.687,12.87,12.917,12.846,12.671,12.416,12.101,11.718,11.269,10.79,10.296,9.773,9.392,9.234,9.229,9.21,9.192,9.226,9.313,9.43,9.55,9.685,9.725,9.616,9.402,9.186,8.946,8.696,8.454,8.208,7.937,7.654,7.325,6.932,6.502,6.083,5.678,5.274,4.872,4.488,4.121,3.751,3.524,3.505,3.621,3.736,3.874,3.974,3.991,3.949,3.928,3.918,3.87,3.773,3.642,3.508,3.366,3.226,3.095,2.97,2.839,2.702,2.584,2.491,2.415,2.337,2.261,2.176,2.075,1.965,1.858,1.753,1.638,1.51,1.373,1.239,1.103,0.982,0.884,0.801,0.719,0.642,0.566,0.49,0.415,0.344,0.282,0.227,0.178,0.134,0.087,0.055,0.043,0.03,0.017,0.01,0.007,0.005,0.003
MNE,1962,13.112,13.299,12.804,12.912,12.915,12.823,12.648,12.411,12.135,11.778,11.329,10.83,10.328,9.803,9.417,9.256,9.249,9.228,9.207,9.239,9.325,9.439,9.558,9.693,9.733,9.623,9.408,9.191,8.951,8.701,8.458,8.211,7.94,7.655,7.325,6.932,6.5,6.08,5.675,5.27,4.867,4.483,4.115,3.746,3.517,3.497,3.612,3.725,3.862,3.96,3.973,3.93,3.905,3.89,3.84,3.74,3.606,3.469,3.324,3.181,3.047,2.922,2.789,2.651,2.529,2.434,2.355,2.273,2.194,2.105,2,1.885,1.773,1.664,1.546,1.415,1.278,1.145,1.011,0.892,0.795,0.716,0.637,0.565,0.494,0.424,0.355,0.292,0.236,0.191,0.149,0.108,0.069,0.044,0.035,0.024,0.013,0.007,0.006,0.003
MNE,1963,13.483,13.524,13.499,12.894,12.928,12.886,12.774,12.598,12.381,12.144,11.815,11.364,10.849,10.34,9.811,9.423,9.26,9.251,9.227,9.204,9.233,9.317,9.43,9.548,9.68,9.72,9.609,9.394,9.176,8.936,8.686,8.443,8.196,7.925,7.641,7.311,6.918,6.485,6.065,5.66,5.255,4.852,4.468,4.101,3.731,3.503,3.482,3.595,3.707,3.842,3.938,3.949,3.902,3.874,3.856,3.802,3.7,3.563,3.423,3.275,3.129,2.994,2.867,2.733,2.593,2.47,2.372,2.289,2.205,2.121,2.029,1.92,1.8,1.683,1.57,1.449,1.317,1.182,1.048,0.916,0.799,0.705,0.629,0.555,0.486,0.421,0.357,0.296,0.237,0.19,0.154,0.118,0.082,0.051,0.033,0.027,0.018,0.009,0.006,0.003
MNE,1964,13.63,13.553,13.459,13.347,12.933,12.891,12.805,12.673,12.498,12.3,12.104,11.802,11.355,10.824,10.309,9.78,9.391,9.226,9.215,9.189,9.163,9.189,9.271,9.382,9.498,9.629,9.667,9.556,9.342,9.126,8.886,8.637,8.395,8.149,7.878,7.595,7.267,6.875,6.444,6.026,5.622,5.219,4.818,4.436,4.071,3.703,3.475,3.452,3.564,3.674,3.806,3.9,3.908,3.858,3.828,3.806,3.749,3.644,3.505,3.362,3.213,3.065,2.929,2.8,2.666,2.525,2.401,2.3,2.214,2.127,2.041,1.946,1.832,1.708,1.587,1.47,1.347,1.215,1.079,0.948,0.817,0.703,0.613,0.539,0.47,0.406,0.346,0.288,0.235,0.183,0.143,0.117,0.088,0.056,0.034,0.024,0.018,0.012,0.006,0.003
MNE,1965,13.399,13.297,13.2,13.106,13.008,12.904,12.789,12.658,12.507,12.334,12.158,12.002,11.731,11.287,10.744,10.227,9.699,9.311,9.146,9.132,9.103,9.075,9.099,9.179,9.288,9.4,9.529,9.566,9.455,9.243,9.029,8.791,8.545,8.305,8.061,7.792,7.512,7.187,6.799,6.372,5.957,5.557,5.157,4.761,4.382,4.02,3.656,3.429,3.406,3.516,3.623,3.752,3.843,3.848,3.796,3.762,3.738,3.678,3.57,3.431,3.287,3.135,2.985,2.849,2.721,2.586,2.446,2.32,2.218,2.129,2.039,1.951,1.853,1.737,1.608,1.484,1.364,1.238,1.107,0.973,0.844,0.715,0.604,0.517,0.448,0.383,0.324,0.27,0.22,0.173,0.128,0.097,0.079,0.057,0.03,0.016,0.013,0.01,0.006,0.003
MNE,1966,12.918,13.095,13.035,12.966,12.889,12.801,12.696,12.567,12.435,12.306,12.166,12.017,11.884,11.625,11.176,10.616,10.081,9.538,9.125,8.924,8.87,8.801,8.732,8.727,8.797,8.911,9.029,9.165,9.213,9.118,8.925,8.732,8.517,8.291,8.068,7.837,7.581,7.315,7.001,6.623,6.204,5.797,5.405,5.012,4.622,4.251,3.896,3.538,3.321,3.311,3.436,3.558,3.703,3.808,3.824,3.781,3.758,3.741,3.687,3.583,3.441,3.296,3.14,2.986,2.84,2.702,2.556,2.404,2.267,2.154,2.057,1.958,1.861,1.757,1.636,1.506,1.382,1.261,1.138,1.011,0.884,0.761,0.64,0.536,0.455,0.392,0.333,0.279,0.233,0.188,0.146,0.107,0.081,0.066,0.048,0.026,0.014,0.011,0.007,0.003
MNE,1967,12.082,12.25,12.733,12.715,12.676,12.616,12.537,12.43,12.289,12.157,12.05,11.944,11.822,11.714,11.468,11.016,10.441,9.892,9.334,8.898,8.663,8.569,8.46,8.349,8.316,8.378,8.497,8.619,8.762,8.82,8.741,8.568,8.396,8.206,8.002,7.795,7.577,7.336,7.086,6.785,6.418,6.009,5.612,5.229,4.845,4.464,4.101,3.755,3.405,3.198,3.201,3.343,3.479,3.639,3.756,3.784,3.751,3.737,3.729,3.681,3.579,3.437,3.289,3.132,2.973,2.82,2.672,2.514,2.352,2.205,2.082,1.976,1.869,1.764,1.654,1.53,1.398,1.273,1.153,1.033,0.91,0.79,0.675,0.562,0.466,0.393,0.335,0.281,0.235,0.195,0.156,0.119,0.086,0.065,0.053,0.038,0.02,0.011,0.008,0.003
MNE,1968,11.126,11.501,11.798,12.36,12.385,12.375,12.333,12.263,12.156,12.002,11.868,11.784,11.713,11.618,11.534,11.3,10.846,10.256,9.694,9.123,8.665,8.396,8.261,8.113,7.962,7.901,7.953,8.076,8.203,8.351,8.421,8.359,8.205,8.055,7.89,7.707,7.517,7.313,7.087,6.851,6.564,6.209,5.81,5.422,5.049,4.675,4.303,3.949,3.612,3.269,3.072,3.089,3.246,3.397,3.57,3.7,3.74,3.718,3.713,3.714,3.671,3.571,3.429,3.281,3.122,2.958,2.797,2.638,2.472,2.298,2.14,2.008,1.894,1.778,1.665,1.549,1.422,1.29,1.164,1.045,0.926,0.81,0.697,0.589,0.485,0.396,0.329,0.277,0.228,0.19,0.157,0.124,0.092,0.064,0.049,0.04,0.029,0.014,0.008,0.004
MNE,1969,10.352,10.875,11.292,11.613,12.028,12.094,12.113,12.089,12.027,11.919,11.752,11.618,11.554,11.518,11.45,11.389,11.169,10.71,10.105,9.526,8.941,8.459,8.156,7.98,7.793,7.6,7.51,7.554,7.683,7.814,7.969,8.049,8.004,7.869,7.74,7.598,7.437,7.263,7.072,6.86,6.639,6.364,6.019,5.629,5.251,4.886,4.52,4.156,3.81,3.48,3.144,2.957,2.987,3.159,3.326,3.513,3.657,3.708,3.696,3.7,3.709,3.672,3.574,3.432,3.282,3.12,2.951,2.783,2.614,2.436,2.251,2.082,1.941,1.818,1.694,1.573,1.449,1.319,1.186,1.059,0.94,0.824,0.712,0.606,0.505,0.409,0.328,0.267,0.222,0.178,0.145,0.12,0.093,0.064,0.043,0.034,0.027,0.02,0.01,0.004
MNE,1970,9.959,10.517,10.967,11.32,11.582,11.765,11.875,11.923,11.915,11.863,11.753,11.572,11.435,11.393,11.391,11.348,11.311,11.104,10.637,10.012,9.414,8.81,8.302,7.962,7.746,7.517,7.283,7.163,7.199,7.333,7.47,7.631,7.724,7.693,7.577,7.469,7.35,7.209,7.051,6.872,6.673,6.464,6.201,5.864,5.481,5.109,4.75,4.39,4.032,3.692,3.368,3.037,2.858,2.902,3.091,3.273,3.477,3.635,3.698,3.695,3.709,3.727,3.696,3.599,3.455,3.303,3.137,2.963,2.784,2.604,2.414,2.218,2.037,1.884,1.751,1.618,1.488,1.358,1.223,1.088,0.961,0.84,0.726,0.618,0.517,0.423,0.335,0.261,0.207,0.166,0.127,0.102,0.083,0.062,0.037,0.022,0.019,0.015,0.01,0.004
MNE,1971,9.859,9.999,10.469,10.865,11.189,11.447,11.646,11.795,11.869,11.862,11.792,11.676,11.495,11.358,11.314,11.31,11.265,11.226,11.016,10.552,9.93,9.336,8.735,8.229,7.892,7.676,7.45,7.218,7.101,7.136,7.268,7.405,7.565,7.658,7.627,7.511,7.403,7.284,7.144,6.986,6.808,6.609,6.401,6.139,5.804,5.423,5.054,4.697,4.339,3.983,3.646,3.323,2.996,2.816,2.857,3.039,3.217,3.414,3.565,3.623,3.615,3.623,3.635,3.599,3.499,3.354,3.199,3.033,2.856,2.678,2.496,2.307,2.11,1.93,1.777,1.643,1.509,1.379,1.25,1.12,0.991,0.868,0.753,0.646,0.546,0.455,0.368,0.288,0.226,0.178,0.141,0.106,0.086,0.07,0.052,0.03,0.02,0.015,0.011,0.005
MNE,1972,10.134,10.342,10.087,10.472,10.816,11.116,11.37,11.586,11.773,11.876,11.868,11.782,11.66,11.477,11.339,11.292,11.285,11.238,11.196,10.986,10.52,9.899,9.304,8.703,8.198,7.861,7.647,7.422,7.19,7.073,7.108,7.242,7.378,7.538,7.629,7.598,7.482,7.374,7.254,7.114,6.955,6.777,6.578,6.37,6.107,5.773,5.393,5.024,4.667,4.309,3.954,3.618,3.296,2.968,2.788,2.825,3.004,3.176,3.368,3.514,3.566,3.553,3.556,3.561,3.521,3.418,3.27,3.113,2.944,2.765,2.585,2.402,2.211,2.014,1.833,1.679,1.543,1.408,1.278,1.151,1.023,0.898,0.781,0.672,0.57,0.478,0.394,0.315,0.244,0.192,0.15,0.116,0.087,0.07,0.056,0.042,0.025,0.016,0.011,0.005
MNE,1973,10.614,10.542,10.534,10.206,10.509,10.801,11.077,11.327,11.561,11.788,11.918,11.91,11.807,11.677,11.494,11.354,11.304,11.295,11.246,11.201,10.988,10.52,9.897,9.301,8.698,8.191,7.854,7.641,7.415,7.184,7.067,7.103,7.236,7.372,7.532,7.624,7.592,7.476,7.367,7.247,7.105,6.946,6.767,6.567,6.357,6.095,5.759,5.379,5.008,4.651,4.293,3.937,3.601,3.278,2.95,2.769,2.802,2.977,3.144,3.331,3.473,3.52,3.501,3.498,3.499,3.453,3.346,3.195,3.035,2.864,2.682,2.5,2.314,2.122,1.924,1.741,1.585,1.447,1.311,1.18,1.053,0.928,0.808,0.695,0.592,0.496,0.411,0.336,0.262,0.201,0.158,0.122,0.091,0.066,0.054,0.043,0.032,0.018,0.012,0.005
MNE,1974,11.046,10.742,10.561,10.485,10.333,10.552,10.794,11.044,11.291,11.544,11.81,11.968,11.961,11.84,11.703,11.518,11.376,11.325,11.313,11.26,11.213,10.997,10.527,9.901,9.303,8.698,8.189,7.852,7.638,7.413,7.183,7.066,7.101,7.234,7.371,7.532,7.624,7.592,7.474,7.364,7.243,7.101,6.941,6.76,6.56,6.35,6.086,5.749,5.368,4.997,4.638,4.278,3.923,3.585,3.262,2.934,2.751,2.781,2.951,3.114,3.297,3.433,3.476,3.452,3.442,3.438,3.387,3.276,3.122,2.959,2.785,2.601,2.415,2.227,2.034,1.834,1.65,1.492,1.353,1.215,1.082,0.956,0.834,0.718,0.611,0.511,0.422,0.344,0.277,0.21,0.156,0.124,0.095,0.066,0.047,0.038,0.03,0.022,0.012,0.005
MNE,1975,11.245,10.828,10.558,10.418,10.387,10.449,10.583,10.773,10.999,11.243,11.514,11.82,12.005,11.997,11.859,11.717,11.53,11.385,11.332,11.318,11.262,11.213,10.994,10.522,9.894,9.295,8.688,8.179,7.842,7.628,7.403,7.173,7.056,7.092,7.225,7.362,7.523,7.615,7.582,7.464,7.354,7.232,7.089,6.928,6.747,6.545,6.335,6.07,5.733,5.351,4.979,4.619,4.259,3.903,3.567,3.244,2.914,2.729,2.757,2.922,3.081,3.259,3.391,3.427,3.397,3.384,3.373,3.318,3.203,3.045,2.88,2.702,2.516,2.327,2.138,1.943,1.742,1.556,1.397,1.255,1.116,0.983,0.858,0.738,0.627,0.525,0.43,0.346,0.277,0.217,0.157,0.112,0.091,0.067,0.041,0.026,0.022,0.017,0.012,0.006
MNE,1976,11.141,11.118,10.789,10.575,10.464,10.439,10.486,10.583,10.747,10.974,11.235,11.512,11.819,12.001,11.983,11.833,11.678,11.479,11.322,11.261,11.24,11.178,11.122,10.898,10.425,9.797,9.199,8.594,8.088,7.754,7.547,7.329,7.105,6.996,7.04,7.182,7.329,7.498,7.596,7.564,7.444,7.331,7.206,7.061,6.899,6.718,6.515,6.304,6.037,5.7,5.316,4.944,4.582,4.222,3.867,3.531,3.209,2.881,2.695,2.719,2.878,3.032,3.205,3.33,3.36,3.325,3.305,3.288,3.227,3.107,2.944,2.774,2.593,2.404,2.216,2.026,1.832,1.633,1.45,1.294,1.157,1.023,0.895,0.774,0.662,0.559,0.462,0.377,0.304,0.241,0.185,0.132,0.095,0.076,0.056,0.034,0.022,0.018,0.012,0.006
MNE,1977,10.813,10.585,10.987,10.747,10.589,10.505,10.489,10.52,10.58,10.716,10.945,11.223,11.506,11.814,11.992,11.967,11.802,11.635,11.424,11.256,11.186,11.158,11.089,11.027,10.799,10.324,9.697,9.099,8.496,7.993,7.666,7.464,7.251,7.035,6.933,6.986,7.137,7.292,7.471,7.574,7.544,7.42,7.306,7.178,7.029,6.867,6.686,6.483,6.27,6.002,5.664,5.28,4.906,4.545,4.183,3.829,3.494,3.173,2.846,2.659,2.679,2.833,2.982,3.148,3.269,3.293,3.251,3.224,3.202,3.135,3.009,2.843,2.668,2.483,2.292,2.102,1.914,1.721,1.524,1.344,1.192,1.058,0.928,0.806,0.692,0.586,0.491,0.399,0.322,0.261,0.204,0.153,0.107,0.078,0.062,0.046,0.028,0.018,0.013,0.007
MNE,1978,10.389,10.372,10.376,10.855,10.704,10.601,10.547,10.538,10.553,10.575,10.685,10.915,11.211,11.499,11.807,11.983,11.948,11.771,11.592,11.368,11.19,11.11,11.075,11,10.931,10.7,10.222,9.596,9,8.399,7.899,7.576,7.38,7.174,6.963,6.869,6.931,7.091,7.255,7.443,7.553,7.522,7.397,7.28,7.15,6.999,6.835,6.653,6.45,6.235,5.967,5.629,5.244,4.87,4.506,4.145,3.791,3.459,3.137,2.811,2.623,2.64,2.789,2.931,3.092,3.206,3.225,3.177,3.145,3.116,3.044,2.913,2.741,2.562,2.373,2.179,1.988,1.802,1.61,1.415,1.238,1.088,0.96,0.834,0.716,0.608,0.51,0.422,0.337,0.268,0.217,0.168,0.12,0.082,0.061,0.048,0.035,0.021,0.013,0.007
MNE,1979,10.059,10.216,10.341,10.439,10.727,10.664,10.618,10.592,10.59,10.59,10.574,10.657,10.888,11.202,11.496,11.805,11.977,11.933,11.743,11.552,11.316,11.126,11.038,10.996,10.914,10.839,10.603,10.124,9.497,8.902,8.303,7.807,7.489,7.299,7.099,6.894,6.807,6.878,7.047,7.22,7.417,7.533,7.504,7.376,7.256,7.123,6.97,6.805,6.623,6.418,6.202,5.933,5.594,5.209,4.834,4.469,4.108,3.754,3.423,3.103,2.777,2.589,2.601,2.745,2.881,3.037,3.145,3.157,3.104,3.066,3.032,2.953,2.817,2.64,2.457,2.263,2.067,1.876,1.689,1.499,1.306,1.132,0.985,0.86,0.741,0.627,0.525,0.434,0.354,0.275,0.214,0.174,0.132,0.088,0.058,0.044,0.035,0.025,0.015,0.008
MNE,1980,9.955,10.183,10.353,10.475,10.556,10.605,10.631,10.641,10.645,10.649,10.634,10.579,10.636,10.869,11.2,11.5,11.81,11.979,11.926,11.724,11.52,11.271,11.07,10.973,10.924,10.836,10.754,10.513,10.032,9.406,8.81,8.213,7.721,7.406,7.222,7.029,6.83,6.751,6.83,7.009,7.19,7.397,7.518,7.49,7.36,7.238,7.101,6.945,6.779,6.597,6.391,6.175,5.905,5.563,5.178,4.802,4.436,4.073,3.72,3.39,3.07,2.745,2.555,2.565,2.702,2.834,2.984,3.087,3.093,3.032,2.988,2.948,2.864,2.723,2.54,2.352,2.155,1.957,1.764,1.578,1.389,1.198,1.026,0.883,0.762,0.646,0.539,0.443,0.359,0.286,0.213,0.161,0.132,0.096,0.056,0.033,0.027,0.021,0.014,0.008
MNE,1981,10.132,10.03,10.206,10.344,10.45,10.529,10.59,10.64,10.668,10.67,10.664,10.644,10.589,10.645,10.875,11.205,11.503,11.811,11.978,11.924,11.72,11.515,11.264,11.062,10.965,10.917,10.829,10.747,10.507,10.026,9.398,8.804,8.206,7.713,7.399,7.214,7.02,6.822,6.742,6.82,6.998,7.179,7.384,7.504,7.474,7.343,7.219,7.081,6.923,6.754,6.569,6.36,6.14,5.868,5.525,5.139,4.76,4.393,4.03,3.678,3.349,3.031,2.707,2.516,2.521,2.653,2.778,2.923,3.018,3.015,2.947,2.892,2.843,2.753,2.605,2.42,2.228,2.029,1.83,1.642,1.461,1.279,1.095,0.931,0.796,0.682,0.572,0.474,0.39,0.313,0.244,0.18,0.137,0.112,0.081,0.047,0.03,0.023,0.015,0.008
MNE,1982,10.516,10.522,10.105,10.227,10.333,10.425,10.502,10.573,10.649,10.695,10.697,10.678,10.655,10.599,10.653,10.882,11.209,11.506,11.81,11.976,11.92,11.715,11.508,11.257,11.054,10.957,10.909,10.821,10.739,10.5,10.019,9.391,8.796,8.198,7.705,7.39,7.206,7.011,6.812,6.731,6.809,6.987,7.166,7.371,7.489,7.459,7.326,7.2,7.06,6.9,6.729,6.54,6.329,6.105,5.83,5.486,5.098,4.72,4.35,3.987,3.636,3.309,2.992,2.669,2.477,2.479,2.604,2.723,2.861,2.949,2.938,2.859,2.797,2.738,2.64,2.487,2.299,2.104,1.901,1.703,1.517,1.344,1.167,0.991,0.835,0.707,0.601,0.498,0.408,0.336,0.268,0.203,0.147,0.113,0.091,0.066,0.038,0.025,0.018,0.009
MNE,1983,10.975,10.778,10.622,10.172,10.241,10.314,10.39,10.465,10.549,10.649,10.712,10.714,10.685,10.657,10.6,10.653,10.879,11.204,11.498,11.801,11.964,11.906,11.7,11.493,11.239,11.036,10.939,10.891,10.804,10.723,10.484,10.003,9.377,8.782,8.183,7.69,7.375,7.191,6.997,6.798,6.716,6.793,6.97,7.148,7.351,7.469,7.437,7.301,7.174,7.034,6.872,6.698,6.506,6.292,6.065,5.789,5.442,5.054,4.675,4.304,3.94,3.59,3.265,2.95,2.628,2.436,2.433,2.552,2.665,2.797,2.877,2.857,2.77,2.698,2.631,2.525,2.367,2.174,1.977,1.773,1.574,1.393,1.225,1.055,0.886,0.737,0.618,0.52,0.423,0.343,0.282,0.222,0.161,0.115,0.089,0.072,0.052,0.029,0.019,0.01
MNE,1984,11.319,10.969,10.697,10.497,10.221,10.238,10.279,10.339,10.413,10.507,10.632,10.713,10.715,10.674,10.642,10.584,10.635,10.86,11.182,11.472,11.773,11.933,11.874,11.668,11.459,11.205,11.002,10.904,10.857,10.769,10.69,10.451,9.972,9.346,8.753,8.155,7.663,7.35,7.165,6.971,6.772,6.69,6.767,6.941,7.118,7.32,7.436,7.403,7.266,7.137,6.996,6.832,6.655,6.461,6.244,6.016,5.737,5.39,5.001,4.621,4.251,3.887,3.539,3.216,2.903,2.584,2.39,2.383,2.496,2.602,2.727,2.801,2.773,2.675,2.594,2.519,2.405,2.243,2.047,1.848,1.641,1.443,1.265,1.103,0.941,0.78,0.639,0.528,0.438,0.347,0.277,0.228,0.176,0.12,0.082,0.065,0.052,0.037,0.02,0.01
MNE,1985,11.413,11.019,10.714,10.491,10.338,10.248,10.212,10.221,10.265,10.335,10.441,10.591,10.689,10.69,10.639,10.603,10.544,10.593,10.815,11.133,11.421,11.717,11.876,11.815,11.607,11.398,11.145,10.942,10.845,10.798,10.711,10.632,10.395,9.918,9.295,8.704,8.109,7.62,7.307,7.123,6.929,6.731,6.649,6.724,6.897,7.072,7.272,7.386,7.351,7.213,7.084,6.942,6.777,6.598,6.401,6.182,5.952,5.672,5.325,4.937,4.558,4.187,3.825,3.48,3.159,2.849,2.532,2.34,2.328,2.434,2.534,2.652,2.717,2.681,2.574,2.485,2.402,2.281,2.114,1.915,1.714,1.505,1.309,1.135,0.98,0.824,0.672,0.54,0.436,0.355,0.271,0.21,0.173,0.129,0.078,0.048,0.041,0.032,0.022,0.011
MNE,1986,11.293,11.322,11.005,10.75,10.552,10.405,10.302,10.233,10.216,10.261,10.346,10.455,10.602,10.689,10.669,10.587,10.522,10.434,10.454,10.646,10.938,11.2,11.47,11.611,11.544,11.34,11.135,10.886,10.693,10.611,10.583,10.517,10.46,10.241,9.774,9.158,8.575,7.99,7.504,7.186,6.993,6.789,6.579,6.496,6.586,6.782,6.979,7.2,7.332,7.31,7.181,7.06,6.926,6.765,6.581,6.373,6.142,5.899,5.608,5.256,4.866,4.482,4.107,3.743,3.399,3.083,2.776,2.462,2.27,2.256,2.356,2.45,2.564,2.622,2.576,2.457,2.357,2.263,2.137,1.97,1.775,1.58,1.376,1.187,1.024,0.878,0.731,0.591,0.476,0.382,0.305,0.23,0.18,0.147,0.109,0.066,0.044,0.034,0.023,0.012
MNE,1987,10.934,10.827,11.211,10.972,10.767,10.595,10.455,10.338,10.234,10.195,10.239,10.338,10.449,10.595,10.671,10.629,10.518,10.423,10.306,10.297,10.46,10.723,10.959,11.203,11.326,11.253,11.052,10.85,10.607,10.424,10.36,10.352,10.305,10.269,10.068,9.615,9.006,8.432,7.856,7.375,7.052,6.849,6.638,6.417,6.332,6.435,6.656,6.873,7.115,7.266,7.257,7.135,7.024,6.899,6.74,6.551,6.331,6.09,5.834,5.534,5.177,4.784,4.399,4.02,3.654,3.313,3,2.697,2.387,2.196,2.179,2.272,2.361,2.47,2.521,2.465,2.336,2.225,2.121,1.988,1.821,1.633,1.442,1.246,1.063,0.909,0.775,0.637,0.509,0.411,0.327,0.253,0.188,0.148,0.121,0.089,0.053,0.036,0.025,0.012
MNE,1988,10.44,10.577,10.671,11.088,10.927,10.772,10.625,10.493,10.363,10.225,10.162,10.207,10.319,10.433,10.576,10.642,10.577,10.437,10.313,10.167,10.128,10.262,10.498,10.706,10.924,11.029,10.95,10.752,10.556,10.318,10.145,10.096,10.107,10.082,10.068,9.885,9.443,8.844,8.279,7.714,7.237,6.911,6.699,6.479,6.247,6.162,6.278,6.522,6.76,7.023,7.191,7.194,7.082,6.98,6.864,6.709,6.514,6.284,6.032,5.764,5.454,5.092,4.699,4.311,3.928,3.561,3.222,2.914,2.615,2.309,2.12,2.1,2.186,2.27,2.373,2.417,2.351,2.211,2.09,1.975,1.837,1.671,1.488,1.303,1.113,0.939,0.794,0.671,0.541,0.426,0.345,0.271,0.201,0.146,0.117,0.095,0.069,0.041,0.026,0.013
MNE,1989,9.963,10.309,10.559,10.726,10.964,10.881,10.775,10.655,10.529,10.387,10.215,10.128,10.173,10.298,10.415,10.555,10.611,10.524,10.354,10.201,10.026,9.958,10.064,10.27,10.452,10.643,10.73,10.646,10.451,10.258,10.026,9.865,9.831,9.862,9.857,9.865,9.701,9.273,8.68,8.125,7.571,7.099,6.769,6.547,6.319,6.077,5.99,6.12,6.386,6.647,6.93,7.116,7.132,7.028,6.934,6.828,6.677,6.477,6.236,5.973,5.693,5.373,5.007,4.612,4.222,3.836,3.469,3.132,2.828,2.532,2.232,2.044,2.02,2.1,2.178,2.276,2.314,2.238,2.087,1.956,1.831,1.687,1.522,1.344,1.164,0.981,0.815,0.68,0.568,0.445,0.344,0.28,0.216,0.15,0.105,0.085,0.068,0.049,0.028,0.014
MNE,1990,9.615,10.074,10.414,10.647,10.788,10.848,10.845,10.788,10.694,10.574,10.418,10.214,10.102,10.147,10.287,10.406,10.544,10.589,10.48,10.28,10.098,9.895,9.797,9.873,10.053,10.207,10.372,10.441,10.351,10.16,9.971,9.745,9.593,9.576,9.627,9.642,9.671,9.525,9.109,8.526,7.979,7.435,6.967,6.632,6.403,6.165,5.913,5.825,5.968,6.258,6.539,6.843,7.048,7.076,6.981,6.896,6.799,6.651,6.445,6.194,5.919,5.628,5.298,4.926,4.531,4.137,3.748,3.379,3.044,2.744,2.453,2.156,1.969,1.942,2.017,2.088,2.182,2.213,2.127,1.966,1.824,1.688,1.538,1.373,1.201,1.027,0.85,0.692,0.566,0.464,0.35,0.261,0.215,0.161,0.099,0.064,0.054,0.042,0.03,0.015
MNE,1991,9.415,9.574,9.965,10.261,10.473,10.608,10.682,10.706,10.671,10.577,10.447,10.289,10.086,9.974,10.02,10.159,10.276,10.414,10.457,10.344,10.138,9.951,9.741,9.642,9.723,9.912,10.075,10.25,10.33,10.249,10.068,9.889,9.673,9.533,9.527,9.589,9.615,9.654,9.515,9.101,8.516,7.967,7.421,6.949,6.609,6.371,6.125,5.863,5.769,5.911,6.203,6.485,6.79,6.995,7.018,6.916,6.825,6.723,6.57,6.36,6.106,5.828,5.533,5.203,4.832,4.438,4.046,3.658,3.291,2.959,2.663,2.374,2.08,1.892,1.857,1.917,1.977,2.058,2.078,1.987,1.824,1.68,1.543,1.395,1.238,1.077,0.909,0.746,0.608,0.494,0.397,0.296,0.223,0.183,0.136,0.083,0.056,0.044,0.031,0.015
MNE,1992,9.339,9.699,9.541,9.863,10.116,10.306,10.436,10.523,10.576,10.562,10.47,10.329,10.167,9.966,9.855,9.899,10.037,10.155,10.292,10.334,10.215,10.003,9.811,9.596,9.496,9.582,9.779,9.952,10.136,10.225,10.156,9.984,9.816,9.61,9.479,9.485,9.558,9.596,9.645,9.513,9.1,8.513,7.962,7.415,6.937,6.59,6.343,6.09,5.819,5.718,5.859,6.152,6.435,6.743,6.947,6.966,6.858,6.761,6.654,6.495,6.282,6.024,5.743,5.445,5.112,4.742,4.349,3.958,3.571,3.206,2.877,2.583,2.296,2.006,1.818,1.772,1.82,1.867,1.935,1.946,1.85,1.683,1.539,1.4,1.254,1.104,0.953,0.794,0.643,0.526,0.423,0.329,0.242,0.184,0.15,0.111,0.067,0.046,0.033,0.016
MNE,1993,9.335,9.545,9.725,9.512,9.766,9.976,10.144,10.27,10.367,10.45,10.458,10.367,10.215,10.05,9.85,9.741,9.785,9.921,10.038,10.175,10.215,10.092,9.873,9.675,9.456,9.354,9.444,9.651,9.832,10.027,10.126,10.066,9.905,9.747,9.55,9.431,9.448,9.533,9.58,9.64,9.515,9.103,8.515,7.962,7.41,6.928,6.574,6.32,6.058,5.777,5.669,5.81,6.105,6.39,6.7,6.902,6.918,6.803,6.701,6.587,6.423,6.206,5.944,5.66,5.358,5.024,4.654,4.262,3.873,3.486,3.123,2.796,2.505,2.22,1.934,1.744,1.69,1.724,1.758,1.815,1.815,1.713,1.545,1.398,1.256,1.113,0.97,0.83,0.678,0.541,0.443,0.352,0.262,0.189,0.145,0.118,0.087,0.051,0.034,0.017
MNE,1994,9.32,9.385,9.465,9.557,9.482,9.668,9.836,9.981,10.103,10.213,10.325,10.354,10.263,10.1,9.933,9.734,9.625,9.669,9.804,9.921,10.059,10.096,9.967,9.743,9.539,9.314,9.211,9.306,9.522,9.713,9.917,10.027,9.977,9.825,9.677,9.491,9.382,9.41,9.507,9.565,9.635,9.517,9.108,8.516,7.959,7.406,6.919,6.558,6.296,6.025,5.735,5.621,5.76,6.058,6.344,6.656,6.858,6.869,6.748,6.64,6.52,6.351,6.129,5.864,5.576,5.272,4.935,4.565,4.175,3.786,3.401,3.038,2.714,2.426,2.145,1.861,1.669,1.606,1.627,1.65,1.694,1.685,1.576,1.407,1.256,1.114,0.971,0.836,0.707,0.562,0.438,0.361,0.28,0.195,0.135,0.107,0.086,0.062,0.035,0.019
MNE,1995,9.233,9.202,9.215,9.265,9.346,9.447,9.565,9.689,9.814,9.93,10.054,10.194,10.244,10.155,9.98,9.811,9.613,9.505,9.548,9.683,9.798,9.935,9.971,9.839,9.607,9.398,9.168,9.063,9.164,9.389,9.588,9.802,9.922,9.882,9.74,9.602,9.426,9.327,9.368,9.476,9.544,9.625,9.513,9.105,8.512,7.954,7.398,6.907,6.539,6.269,5.99,5.689,5.57,5.708,6.007,6.295,6.608,6.81,6.817,6.689,6.575,6.45,6.276,6.05,5.782,5.491,5.182,4.844,4.474,4.086,3.699,3.314,2.954,2.632,2.346,2.068,1.787,1.594,1.522,1.53,1.54,1.572,1.553,1.44,1.266,1.115,0.97,0.83,0.702,0.584,0.447,0.335,0.278,0.209,0.128,0.081,0.068,0.054,0.037,0.02
MNE,1996,9.064,9.089,9.082,9.113,9.174,9.261,9.364,9.476,9.599,9.733,9.866,9.999,10.149,10.201,10.104,9.913,9.728,9.515,9.389,9.413,9.526,9.623,9.74,9.762,9.624,9.395,9.189,8.962,8.865,8.976,9.214,9.428,9.659,9.793,9.765,9.632,9.504,9.338,9.252,9.31,9.44,9.527,9.627,9.527,9.121,8.523,7.959,7.398,6.899,6.517,6.234,5.939,5.621,5.49,5.627,5.931,6.223,6.54,6.742,6.741,6.598,6.471,6.333,6.15,5.919,5.649,5.357,5.047,4.708,4.34,3.955,3.571,3.19,2.832,2.51,2.222,1.942,1.661,1.464,1.385,1.384,1.386,1.41,1.388,1.28,1.118,0.974,0.843,0.72,0.605,0.494,0.374,0.283,0.234,0.176,0.107,0.07,0.055,0.038,0.02
MNE,1997,8.835,8.778,8.941,8.959,9.007,9.08,9.172,9.276,9.381,9.505,9.648,9.795,9.941,10.1,10.155,10.049,9.842,9.641,9.413,9.269,9.273,9.366,9.443,9.54,9.548,9.405,9.178,8.975,8.753,8.662,8.784,9.035,9.263,9.51,9.659,9.642,9.52,9.403,9.246,9.172,9.249,9.399,9.506,9.624,9.536,9.133,8.53,7.962,7.395,6.887,6.494,6.196,5.886,5.552,5.409,5.544,5.853,6.148,6.47,6.672,6.661,6.504,6.364,6.215,6.021,5.786,5.515,5.221,4.909,4.57,4.204,3.823,3.442,3.066,2.71,2.387,2.096,1.815,1.533,1.333,1.247,1.236,1.23,1.247,1.222,1.12,0.968,0.834,0.715,0.611,0.507,0.404,0.302,0.23,0.19,0.141,0.085,0.056,0.039,0.02
MNE,1998,8.584,8.564,8.581,8.794,8.836,8.901,8.985,9.084,9.188,9.288,9.411,9.565,9.727,9.882,10.052,10.109,9.994,9.772,9.555,9.311,9.15,9.134,9.207,9.263,9.34,9.334,9.187,8.963,8.762,8.544,8.46,8.592,8.856,9.1,9.362,9.527,9.521,9.409,9.302,9.154,9.093,9.188,9.359,9.485,9.622,9.546,9.146,8.537,7.965,7.392,6.876,6.471,6.158,5.834,5.481,5.328,5.462,5.775,6.073,6.4,6.601,6.581,6.41,6.258,6.096,5.893,5.653,5.381,5.084,4.771,4.431,4.068,3.69,3.313,2.941,2.587,2.264,1.971,1.688,1.406,1.202,1.109,1.09,1.076,1.084,1.057,0.959,0.82,0.692,0.587,0.501,0.409,0.314,0.23,0.178,0.146,0.108,0.063,0.039,0.02
MNE,1999,8.366,8.383,8.423,8.483,8.651,8.718,8.801,8.895,9.001,9.107,9.201,9.323,9.486,9.664,9.83,10.01,10.07,9.945,9.706,9.474,9.215,9.036,9.001,9.053,9.089,9.146,9.126,8.975,8.752,8.555,8.34,8.264,8.407,8.684,8.942,9.22,9.4,9.406,9.303,9.207,9.066,9.019,9.132,9.325,9.47,9.626,9.562,9.163,8.549,7.972,7.393,6.868,6.451,6.124,5.784,5.415,5.249,5.382,5.7,6.002,6.334,6.535,6.505,6.321,6.156,5.981,5.768,5.523,5.25,4.951,4.636,4.297,3.935,3.56,3.187,2.818,2.467,2.143,1.848,1.562,1.279,1.073,0.973,0.944,0.922,0.922,0.893,0.8,0.671,0.552,0.46,0.391,0.313,0.224,0.158,0.125,0.102,0.073,0.042,0.02
MNE,2000,8.22,8.253,8.302,8.363,8.435,8.518,8.609,8.709,8.816,8.928,9.034,9.123,9.243,9.417,9.61,9.789,9.977,10.039,9.907,9.652,9.404,9.128,8.931,8.876,8.909,8.925,8.961,8.927,8.771,8.551,8.355,8.144,8.076,8.229,8.52,8.791,9.088,9.282,9.3,9.207,9.12,8.989,8.954,9.086,9.3,9.465,9.639,9.588,9.19,8.571,7.988,7.403,6.868,6.438,6.097,5.741,5.353,5.177,5.308,5.632,5.937,6.274,6.474,6.437,6.237,6.06,5.872,5.649,5.4,5.124,4.824,4.506,4.165,3.805,3.433,3.063,2.698,2.348,2.023,1.725,1.438,1.154,0.944,0.837,0.799,0.769,0.761,0.728,0.641,0.524,0.413,0.333,0.282,0.216,0.134,0.086,0.073,0.057,0.04,0.021
MNE,2001,8.121,8.169,8.205,8.257,8.322,8.398,8.485,8.583,8.686,8.792,8.902,9.005,9.091,9.213,9.394,9.598,9.785,9.984,10.051,9.919,9.66,9.407,9.126,8.92,8.852,8.868,8.867,8.886,8.836,8.672,8.445,8.243,8.027,7.953,8.101,8.388,8.658,8.953,9.147,9.166,9.075,8.991,8.862,8.834,8.982,9.215,9.399,9.593,9.553,9.154,8.526,7.935,7.341,6.797,6.357,6.006,5.64,5.24,5.055,5.186,5.512,5.82,6.16,6.359,6.311,6.096,5.906,5.706,5.472,5.216,4.937,4.634,4.313,3.973,3.615,3.248,2.883,2.522,2.181,1.869,1.585,1.312,1.044,0.845,0.741,0.701,0.675,0.663,0.629,0.55,0.443,0.346,0.28,0.236,0.18,0.112,0.072,0.058,0.04,0.021
MNE,2002,8.087,8.092,8.128,8.167,8.221,8.289,8.369,8.461,8.564,8.671,8.777,8.884,8.986,9.069,9.192,9.38,9.595,9.793,10.002,10.075,9.941,9.677,9.419,9.134,8.92,8.837,8.835,8.818,8.819,8.755,8.58,8.347,8.139,7.918,7.839,7.983,8.265,8.532,8.826,9.021,9.041,8.953,8.871,8.745,8.725,8.887,9.141,9.343,9.557,9.529,9.129,8.49,7.89,7.286,6.731,6.282,5.922,5.544,5.132,4.94,5.068,5.398,5.709,6.053,6.25,6.192,5.963,5.759,5.545,5.301,5.039,4.756,4.45,4.127,3.785,3.429,3.066,2.705,2.351,2.018,1.716,1.447,1.188,0.936,0.747,0.645,0.604,0.581,0.566,0.531,0.459,0.363,0.28,0.228,0.191,0.145,0.089,0.057,0.04,0.021
MNE,2003,8.099,8.074,8.069,8.093,8.134,8.192,8.263,8.347,8.444,8.553,8.663,8.769,8.874,8.974,9.054,9.178,9.374,9.602,9.809,10.027,10.106,9.972,9.702,9.439,9.149,8.925,8.829,8.811,8.776,8.76,8.681,8.496,8.257,8.042,7.815,7.731,7.871,8.149,8.415,8.707,8.903,8.924,8.837,8.76,8.635,8.621,8.8,9.073,9.295,9.529,9.512,9.11,8.461,7.851,7.238,6.672,6.213,5.843,5.454,5.029,4.827,4.956,5.289,5.603,5.95,6.146,6.079,5.834,5.616,5.389,5.134,4.865,4.579,4.269,3.942,3.601,3.246,2.887,2.531,2.18,1.855,1.565,1.309,1.064,0.827,0.65,0.551,0.508,0.488,0.47,0.433,0.368,0.283,0.214,0.175,0.147,0.11,0.066,0.04,0.021
MNE,2004,8.132,8.076,8.045,8.04,8.063,8.106,8.166,8.242,8.33,8.432,8.547,8.661,8.767,8.869,8.968,9.044,9.17,9.374,9.613,9.831,10.058,10.143,10.008,9.734,9.465,9.169,8.937,8.826,8.792,8.74,8.706,8.611,8.416,8.171,7.95,7.716,7.628,7.763,8.038,8.301,8.594,8.789,8.812,8.728,8.653,8.529,8.524,8.718,9.012,9.253,9.506,9.501,9.098,8.438,7.817,7.194,6.617,6.146,5.766,5.366,4.927,4.718,4.846,5.183,5.5,5.851,6.046,5.969,5.708,5.476,5.235,4.97,4.693,4.403,4.089,3.761,3.418,3.065,2.709,2.358,2.011,1.693,1.415,1.172,0.942,0.72,0.553,0.457,0.412,0.395,0.373,0.336,0.278,0.203,0.149,0.123,0.102,0.075,0.044,0.021
MNE,2005,8.165,8.083,8.032,8.009,8.012,8.037,8.082,8.146,8.224,8.317,8.424,8.545,8.662,8.768,8.869,8.965,9.039,9.165,9.377,9.628,9.857,10.094,10.183,10.049,9.768,9.495,9.193,8.951,8.827,8.775,8.707,8.655,8.546,8.34,8.088,7.861,7.621,7.527,7.658,7.93,8.191,8.483,8.679,8.703,8.621,8.549,8.428,8.43,8.639,8.954,9.214,9.487,9.494,9.088,8.417,7.787,7.152,6.564,6.082,5.692,5.28,4.829,4.61,4.738,5.078,5.398,5.754,5.948,5.861,5.585,5.339,5.085,4.807,4.524,4.229,3.912,3.58,3.235,2.884,2.532,2.185,1.843,1.531,1.265,1.036,0.819,0.613,0.456,0.363,0.315,0.303,0.277,0.238,0.187,0.124,0.082,0.07,0.056,0.039,0.021
MNE,2006,8.182,8.099,8.034,7.996,7.984,7.994,8.024,8.07,8.14,8.235,8.349,8.473,8.611,8.734,8.828,8.904,8.978,9.029,9.131,9.316,9.54,9.741,9.951,10.027,9.898,9.636,9.381,9.101,8.877,8.765,8.72,8.661,8.62,8.522,8.327,8.085,7.868,7.636,7.552,7.697,7.983,8.257,8.56,8.761,8.78,8.688,8.604,8.472,8.456,8.637,8.918,9.144,9.382,9.365,8.954,8.29,7.664,7.034,6.453,5.983,5.603,5.202,4.764,4.548,4.661,4.978,5.274,5.605,5.778,5.676,5.391,5.136,4.874,4.588,4.296,3.995,3.673,3.337,2.995,2.653,2.316,1.984,1.66,1.367,1.121,0.913,0.713,0.528,0.395,0.313,0.269,0.254,0.232,0.2,0.156,0.102,0.069,0.055,0.039,0.02
MNE,2007,8.203,8.089,8.036,7.988,7.963,7.961,7.979,8.016,8.063,8.138,8.25,8.384,8.526,8.682,8.81,8.892,8.944,8.994,9.024,9.1,9.259,9.457,9.632,9.814,9.875,9.751,9.509,9.272,9.012,8.807,8.706,8.668,8.619,8.589,8.502,8.318,8.086,7.878,7.654,7.58,7.739,8.04,8.326,8.641,8.847,8.863,8.758,8.663,8.521,8.486,8.638,8.885,9.078,9.281,9.239,8.823,8.166,7.544,6.919,6.345,5.885,5.516,5.126,4.702,4.489,4.588,4.879,5.152,5.458,5.611,5.495,5.201,4.936,4.665,4.371,4.071,3.763,3.435,3.095,2.756,2.423,2.101,1.785,1.477,1.203,0.977,0.79,0.607,0.444,0.335,0.264,0.221,0.207,0.187,0.161,0.125,0.081,0.053,0.038,0.02
MNE,2008,8.205,8.087,7.998,7.976,7.944,7.933,7.94,7.968,8.009,8.057,8.139,8.267,8.422,8.583,8.755,8.889,8.958,8.986,9.014,9.02,9.073,9.205,9.376,9.525,9.679,9.726,9.607,9.383,9.165,8.927,8.739,8.65,8.619,8.579,8.56,8.483,8.311,8.089,7.891,7.675,7.611,7.782,8.1,8.398,8.724,8.935,8.947,8.832,8.725,8.571,8.518,8.643,8.854,9.014,9.182,9.117,8.695,8.044,7.427,6.806,6.24,5.788,5.43,5.052,4.64,4.43,4.514,4.781,5.031,5.313,5.444,5.315,5.012,4.737,4.457,4.155,3.846,3.531,3.198,2.854,2.516,2.194,1.887,1.587,1.295,1.04,0.833,0.667,0.501,0.36,0.274,0.215,0.175,0.159,0.144,0.122,0.094,0.06,0.036,0.02
MNE,2009,8.159,8.057,7.978,7.919,7.917,7.9,7.902,7.921,7.956,8.002,8.051,8.14,8.285,8.462,8.638,8.828,8.968,9.025,9.029,9.034,9.018,9.045,9.151,9.296,9.419,9.544,9.577,9.464,9.259,9.059,8.842,8.672,8.594,8.57,8.54,8.532,8.466,8.304,8.093,7.904,7.696,7.641,7.827,8.159,8.471,8.809,9.024,9.031,8.905,8.787,8.622,8.551,8.646,8.824,8.95,9.084,8.995,8.567,7.922,7.31,6.694,6.134,5.692,5.344,4.977,4.579,4.37,4.441,4.683,4.91,5.169,5.278,5.135,4.823,4.538,4.248,3.938,3.621,3.3,2.961,2.613,2.278,1.964,1.673,1.388,1.112,0.875,0.689,0.544,0.395,0.276,0.214,0.166,0.127,0.112,0.099,0.083,0.063,0.039,0.019
MNE,2010,8.045,7.984,7.934,7.896,7.869,7.855,7.856,7.871,7.899,7.944,7.996,8.045,8.139,8.301,8.498,8.693,8.9,9.046,9.09,9.07,9.053,9.014,9.017,9.096,9.213,9.31,9.409,9.427,9.319,9.132,8.951,8.754,8.603,8.537,8.52,8.5,8.502,8.447,8.295,8.095,7.916,7.715,7.671,7.87,8.217,8.542,8.891,9.112,9.114,8.977,8.848,8.672,8.583,8.65,8.793,8.886,8.985,8.872,8.438,7.8,7.192,6.579,6.027,5.595,5.258,4.902,4.517,4.311,4.368,4.586,4.789,5.022,5.112,4.954,4.633,4.338,4.039,3.721,3.397,3.067,2.724,2.372,2.038,1.735,1.458,1.189,0.93,0.711,0.545,0.421,0.289,0.193,0.153,0.116,0.08,0.064,0.056,0.045,0.032,0.017
MNE,2011,7.846,8.009,7.968,7.931,7.9,7.875,7.857,7.846,7.857,7.896,7.958,8.023,8.086,8.183,8.331,8.505,8.678,8.864,8.99,9.02,8.989,8.962,8.911,8.912,9.004,9.145,9.264,9.388,9.423,9.321,9.133,8.952,8.754,8.603,8.535,8.517,8.495,8.494,8.437,8.283,8.082,7.902,7.7,7.655,7.85,8.193,8.512,8.857,9.073,9.072,8.931,8.798,8.619,8.524,8.584,8.719,8.803,8.893,8.774,8.339,7.701,7.093,6.48,5.927,5.496,5.16,4.804,4.42,4.209,4.249,4.443,4.624,4.836,4.906,4.735,4.403,4.099,3.791,3.469,3.147,2.823,2.489,2.148,1.828,1.543,1.289,1.038,0.803,0.615,0.469,0.354,0.241,0.161,0.128,0.097,0.066,0.051,0.04,0.029,0.016
MNE,2012,7.576,7.691,7.974,7.953,7.929,7.904,7.881,7.859,7.838,7.845,7.894,7.973,8.052,8.128,8.228,8.363,8.513,8.664,8.828,8.936,8.952,8.91,8.871,8.808,8.808,8.914,9.079,9.22,9.368,9.42,9.326,9.135,8.954,8.757,8.604,8.534,8.516,8.492,8.487,8.427,8.273,8.072,7.89,7.686,7.639,7.83,8.169,8.485,8.825,9.036,9.031,8.886,8.749,8.566,8.466,8.518,8.645,8.721,8.802,8.678,8.24,7.603,6.996,6.381,5.828,5.398,5.062,4.706,4.323,4.106,4.129,4.301,4.46,4.651,4.701,4.515,4.173,3.859,3.543,3.217,2.896,2.581,2.255,1.923,1.617,1.352,1.12,0.885,0.675,0.521,0.394,0.287,0.192,0.13,0.103,0.078,0.053,0.036,0.025,0.014
MNE,2013,7.292,7.508,7.672,7.938,7.938,7.927,7.908,7.886,7.861,7.828,7.831,7.89,7.987,8.079,8.168,8.273,8.393,8.52,8.65,8.793,8.881,8.882,8.831,8.78,8.705,8.704,8.823,9.011,9.175,9.347,9.418,9.329,9.136,8.955,8.757,8.603,8.533,8.515,8.487,8.48,8.417,8.261,8.06,7.877,7.672,7.622,7.81,8.145,8.456,8.791,8.998,8.989,8.84,8.699,8.512,8.407,8.452,8.57,8.638,8.712,8.581,8.141,7.506,6.897,6.282,5.729,5.298,4.964,4.609,4.227,4.003,4.011,4.158,4.296,4.465,4.496,4.296,3.943,3.619,3.295,2.965,2.646,2.338,2.02,1.698,1.407,1.16,0.952,0.733,0.548,0.425,0.318,0.221,0.143,0.099,0.078,0.058,0.038,0.022,0.013
MNE,2014,7.07,7.356,7.574,7.733,7.899,7.92,7.922,7.909,7.89,7.86,7.816,7.815,7.885,7.999,8.105,8.208,8.315,8.422,8.525,8.633,8.755,8.823,8.809,8.749,8.687,8.6,8.596,8.729,8.94,9.127,9.323,9.412,9.329,9.135,8.954,8.755,8.601,8.53,8.51,8.48,8.47,8.404,8.247,8.046,7.861,7.655,7.603,7.788,8.118,8.425,8.755,8.958,8.945,8.792,8.647,8.457,8.346,8.384,8.494,8.553,8.617,8.482,8.04,7.405,6.797,6.18,5.628,5.198,4.865,4.51,4.129,3.899,3.89,4.015,4.13,4.277,4.29,4.075,3.712,3.379,3.045,2.711,2.395,2.094,1.785,1.473,1.195,0.969,0.782,0.581,0.42,0.33,0.242,0.154,0.094,0.067,0.053,0.038,0.025,0.011
MNE,2015,6.966,7.262,7.492,7.663,7.783,7.859,7.9,7.914,7.908,7.891,7.858,7.802,7.797,7.876,8.008,8.127,8.244,8.353,8.447,8.527,8.613,8.713,8.762,8.735,8.663,8.591,8.492,8.486,8.633,8.867,9.076,9.298,9.404,9.326,9.131,8.949,8.751,8.595,8.523,8.502,8.471,8.457,8.39,8.231,8.028,7.843,7.637,7.582,7.764,8.09,8.392,8.717,8.915,8.898,8.741,8.592,8.398,8.283,8.313,8.414,8.466,8.521,8.379,7.936,7.302,6.694,6.078,5.525,5.096,4.763,4.41,4.029,3.794,3.769,3.87,3.964,4.089,4.082,3.853,3.48,3.137,2.795,2.457,2.143,1.85,1.549,1.247,0.984,0.777,0.612,0.428,0.293,0.234,0.166,0.087,0.045,0.036,0.027,0.019,0.01
MNE,2016,7.015,7.029,7.278,7.477,7.633,7.751,7.837,7.9,7.929,7.923,7.896,7.859,7.802,7.796,7.873,8.003,8.12,8.235,8.343,8.434,8.513,8.599,8.698,8.746,8.718,8.647,8.576,8.478,8.473,8.62,8.854,9.064,9.286,9.393,9.316,9.12,8.938,8.74,8.583,8.512,8.49,8.458,8.443,8.375,8.215,8.012,7.824,7.616,7.559,7.736,8.055,8.351,8.67,8.862,8.838,8.677,8.523,8.324,8.202,8.222,8.311,8.351,8.395,8.245,7.799,7.164,6.556,5.936,5.383,4.956,4.622,4.269,3.892,3.65,3.604,3.679,3.747,3.847,3.823,3.588,3.216,2.877,2.539,2.211,1.914,1.642,1.357,1.081,0.855,0.669,0.516,0.356,0.245,0.196,0.138,0.073,0.037,0.028,0.019,0.01
MNE,2017,7.181,7.301,7.087,7.287,7.456,7.598,7.713,7.808,7.894,7.939,7.932,7.895,7.853,7.796,7.789,7.864,7.991,8.107,8.218,8.324,8.415,8.493,8.577,8.675,8.723,8.696,8.625,8.554,8.456,8.453,8.6,8.835,9.046,9.268,9.376,9.299,9.103,8.921,8.722,8.565,8.494,8.472,8.439,8.423,8.353,8.193,7.988,7.8,7.59,7.529,7.702,8.015,8.305,8.616,8.801,8.773,8.607,8.447,8.244,8.115,8.125,8.201,8.23,8.262,8.103,7.654,7.02,6.412,5.792,5.237,4.81,4.478,4.125,3.751,3.502,3.437,3.484,3.526,3.601,3.559,3.318,2.951,2.615,2.281,1.963,1.683,1.433,1.164,0.914,0.724,0.562,0.42,0.284,0.198,0.158,0.11,0.058,0.03,0.021,0.011
MNE,2018,7.397,7.377,7.377,7.143,7.294,7.434,7.56,7.671,7.777,7.884,7.944,7.938,7.89,7.845,7.786,7.778,7.851,7.977,8.09,8.199,8.303,8.393,8.469,8.552,8.649,8.697,8.669,8.599,8.529,8.432,8.429,8.577,8.812,9.023,9.246,9.353,9.277,9.082,8.9,8.701,8.544,8.471,8.449,8.416,8.399,8.328,8.167,7.962,7.772,7.561,7.498,7.664,7.971,8.254,8.558,8.737,8.703,8.532,8.368,8.161,8.025,8.024,8.089,8.105,8.126,7.958,7.506,6.873,6.264,5.644,5.089,4.664,4.332,3.979,3.608,3.354,3.269,3.288,3.305,3.354,3.294,3.048,2.684,2.351,2.022,1.714,1.451,1.223,0.97,0.746,0.593,0.454,0.322,0.212,0.151,0.119,0.083,0.043,0.023,0.011
MNE,2019,7.572,7.437,7.353,7.313,7.199,7.301,7.41,7.523,7.632,7.747,7.876,7.951,7.944,7.887,7.837,7.778,7.768,7.84,7.964,8.074,8.181,8.284,8.371,8.446,8.528,8.624,8.67,8.644,8.574,8.505,8.408,8.405,8.554,8.79,9.002,9.225,9.333,9.257,9.062,8.88,8.68,8.524,8.451,8.428,8.395,8.377,8.305,8.143,7.936,7.745,7.532,7.466,7.628,7.929,8.205,8.502,8.674,8.635,8.459,8.29,8.078,7.935,7.924,7.977,7.982,7.991,7.814,7.36,6.728,6.118,5.496,4.941,4.516,4.186,3.835,3.466,3.206,3.101,3.091,3.084,3.108,3.03,2.778,2.418,2.088,1.763,1.465,1.22,1.014,0.777,0.579,0.463,0.346,0.225,0.14,0.104,0.081,0.056,0.027,0.011
MNE,2020,7.639,7.45,7.325,7.256,7.236,7.257,7.31,7.389,7.487,7.594,7.719,7.87,7.961,7.953,7.886,7.832,7.772,7.761,7.831,7.952,8.06,8.165,8.266,8.352,8.425,8.507,8.601,8.648,8.62,8.552,8.483,8.387,8.385,8.535,8.771,8.982,9.207,9.315,9.239,9.044,8.862,8.663,8.506,8.433,8.41,8.375,8.356,8.284,8.121,7.912,7.72,7.505,7.436,7.594,7.888,8.158,8.448,8.613,8.569,8.389,8.214,7.997,7.848,7.827,7.868,7.861,7.858,7.673,7.215,6.584,5.974,5.351,4.796,4.372,4.041,3.691,3.324,3.058,2.934,2.897,2.863,2.862,2.767,2.51,2.152,1.826,1.505,1.217,0.99,0.805,0.584,0.411,0.333,0.239,0.129,0.068,0.056,0.043,0.028,0.013
MNE,2021,7.567,7.573,7.428,7.33,7.275,7.258,7.271,7.307,7.373,7.47,7.583,7.71,7.859,7.95,7.94,7.87,7.814,7.753,7.74,7.807,7.928,8.035,8.14,8.239,8.325,8.4,8.481,8.576,8.623,8.597,8.529,8.46,8.366,8.364,8.513,8.749,8.961,9.184,9.292,9.216,9.02,8.838,8.639,8.482,8.406,8.382,8.345,8.325,8.249,8.084,7.873,7.678,7.459,7.386,7.537,7.824,8.086,8.368,8.525,8.473,8.286,8.105,7.882,7.723,7.69,7.716,7.696,7.678,7.484,7.023,6.395,5.785,5.163,4.61,4.186,3.855,3.505,3.141,2.872,2.734,2.677,2.627,2.608,2.506,2.258,1.921,1.606,1.309,1.06,0.854,0.679,0.487,0.346,0.279,0.199,0.107,0.061,0.046,0.031,0.014
MNE,2022,7.392,7.304,7.511,7.408,7.338,7.297,7.284,7.29,7.307,7.359,7.455,7.577,7.705,7.855,7.942,7.932,7.859,7.802,7.737,7.723,7.79,7.909,8.015,8.118,8.217,8.303,8.378,8.46,8.556,8.603,8.577,8.511,8.443,8.349,8.348,8.498,8.733,8.944,9.167,9.275,9.198,9.003,8.82,8.62,8.461,8.386,8.36,8.322,8.297,8.22,8.052,7.838,7.64,7.417,7.339,7.484,7.763,8.018,8.292,8.441,8.383,8.188,7.999,7.77,7.603,7.557,7.569,7.535,7.503,7.3,6.836,6.208,5.6,4.979,4.426,4.001,3.67,3.321,2.96,2.687,2.534,2.459,2.392,2.356,2.246,2.008,1.691,1.388,1.112,0.902,0.72,0.554,0.39,0.28,0.226,0.16,0.085,0.05,0.033,0.014
MNE,2023,7.158,7.182,7.209,7.452,7.392,7.349,7.322,7.312,7.31,7.31,7.349,7.444,7.573,7.703,7.852,7.938,7.925,7.851,7.791,7.725,7.708,7.774,7.891,7.996,8.099,8.197,8.283,8.359,8.441,8.538,8.586,8.562,8.494,8.428,8.335,8.334,8.484,8.719,8.93,9.153,9.26,9.184,8.988,8.805,8.603,8.444,8.367,8.339,8.299,8.273,8.193,8.022,7.805,7.604,7.378,7.294,7.434,7.705,7.953,8.219,8.36,8.294,8.093,7.897,7.661,7.485,7.426,7.424,7.377,7.33,7.117,6.65,6.024,5.416,4.796,4.243,3.819,3.486,3.138,2.78,2.503,2.336,2.242,2.156,2.104,1.987,1.758,1.462,1.169,0.917,0.745,0.585,0.429,0.293,0.215,0.171,0.121,0.063,0.036,0.016
MNE,2024,6.934,7.06,7.159,7.235,7.391,7.375,7.359,7.346,7.338,7.33,7.311,7.337,7.433,7.568,7.699,7.847,7.933,7.917,7.842,7.779,7.712,7.692,7.756,7.874,7.977,8.078,8.177,8.263,8.339,8.422,8.519,8.568,8.543,8.478,8.412,8.32,8.32,8.469,8.705,8.915,9.137,9.244,9.167,8.971,8.787,8.586,8.426,8.348,8.318,8.275,8.247,8.165,7.992,7.772,7.566,7.337,7.249,7.382,7.647,7.887,8.144,8.278,8.204,7.996,7.793,7.55,7.365,7.295,7.277,7.216,7.156,6.933,6.464,5.838,5.232,4.612,4.06,3.636,3.302,2.954,2.599,2.318,2.137,2.023,1.921,1.851,1.728,1.508,1.232,0.952,0.72,0.589,0.45,0.303,0.197,0.148,0.117,0.082,0.041,0.017
MNE,2025,6.769,6.956,7.1,7.206,7.28,7.329,7.355,7.366,7.368,7.364,7.347,7.31,7.323,7.418,7.56,7.694,7.841,7.924,7.908,7.83,7.765,7.696,7.675,7.737,7.853,7.956,8.057,8.154,8.24,8.316,8.4,8.498,8.548,8.524,8.459,8.393,8.302,8.302,8.452,8.687,8.897,9.119,9.226,9.148,8.953,8.769,8.566,8.405,8.326,8.295,8.25,8.219,8.134,7.958,7.735,7.526,7.294,7.201,7.328,7.586,7.817,8.067,8.193,8.113,7.897,7.687,7.438,7.244,7.161,7.129,7.054,6.98,6.747,6.275,5.651,5.045,4.427,3.875,3.451,3.117,2.769,2.417,2.132,1.938,1.805,1.686,1.598,1.468,1.257,1.002,0.733,0.524,0.432,0.316,0.178,0.1,0.083,0.064,0.043,0.02
MNE,2026,6.686,6.798,6.961,7.09,7.189,7.263,7.316,7.355,7.373,7.374,7.364,7.345,7.308,7.319,7.412,7.552,7.684,7.829,7.91,7.893,7.813,7.748,7.677,7.656,7.718,7.835,7.939,8.04,8.137,8.225,8.302,8.386,8.484,8.534,8.511,8.446,8.381,8.289,8.29,8.439,8.673,8.884,9.104,9.209,9.13,8.933,8.748,8.544,8.38,8.297,8.263,8.214,8.18,8.09,7.911,7.685,7.473,7.237,7.138,7.257,7.505,7.726,7.964,8.079,7.99,7.766,7.548,7.292,7.087,6.988,6.938,6.846,6.756,6.511,6.035,5.412,4.809,4.192,3.645,3.227,2.899,2.56,2.219,1.941,1.747,1.611,1.491,1.406,1.283,1.088,0.85,0.614,0.443,0.363,0.265,0.148,0.089,0.068,0.045,0.021
MNE,2027,6.659,6.825,6.824,6.963,7.079,7.171,7.243,7.302,7.351,7.377,7.377,7.363,7.341,7.302,7.313,7.404,7.542,7.672,7.813,7.894,7.875,7.795,7.729,7.657,7.635,7.697,7.815,7.919,8.02,8.119,8.207,8.284,8.369,8.468,8.519,8.496,8.431,8.366,8.275,8.275,8.424,8.657,8.865,9.085,9.189,9.11,8.911,8.724,8.519,8.352,8.267,8.228,8.176,8.137,8.042,7.86,7.633,7.417,7.178,7.075,7.184,7.421,7.633,7.859,7.963,7.864,7.634,7.406,7.143,6.928,6.813,6.745,6.637,6.529,6.273,5.792,5.171,4.57,3.956,3.413,3.001,2.68,2.35,2.019,1.75,1.557,1.417,1.296,1.214,1.098,0.919,0.698,0.493,0.36,0.294,0.213,0.118,0.073,0.049,0.022
MNE,2028,6.667,6.78,6.878,6.847,6.964,7.065,7.151,7.223,7.286,7.345,7.379,7.379,7.359,7.335,7.296,7.305,7.394,7.53,7.657,7.797,7.877,7.855,7.774,7.707,7.634,7.611,7.675,7.791,7.897,7.999,8.098,8.187,8.265,8.35,8.45,8.501,8.479,8.414,8.35,8.257,8.257,8.405,8.639,8.846,9.065,9.168,9.087,8.887,8.699,8.492,8.322,8.234,8.192,8.136,8.091,7.994,7.808,7.578,7.36,7.117,7.008,7.11,7.336,7.536,7.751,7.845,7.738,7.498,7.264,6.993,6.767,6.637,6.55,6.425,6.3,6.033,5.549,4.93,4.33,3.718,3.181,2.774,2.461,2.139,1.821,1.558,1.365,1.223,1.101,1.021,0.912,0.748,0.545,0.374,0.277,0.225,0.162,0.088,0.052,0.024
MNE,2029,6.677,6.736,6.798,6.861,6.872,6.965,7.051,7.131,7.202,7.269,7.34,7.382,7.38,7.355,7.329,7.289,7.296,7.383,7.518,7.643,7.781,7.857,7.835,7.753,7.685,7.611,7.589,7.651,7.769,7.874,7.977,8.077,8.166,8.245,8.331,8.431,8.484,8.462,8.396,8.332,8.24,8.239,8.387,8.619,8.827,9.044,9.146,9.064,8.863,8.672,8.464,8.293,8.201,8.156,8.095,8.046,7.944,7.756,7.523,7.302,7.056,6.942,7.035,7.251,7.44,7.643,7.726,7.61,7.363,7.12,6.842,6.606,6.46,6.355,6.213,6.071,5.792,5.305,4.688,4.09,3.481,2.948,2.547,2.242,1.928,1.621,1.366,1.174,1.029,0.905,0.829,0.727,0.579,0.393,0.254,0.196,0.156,0.11,0.058,0.025
MNE,2030,6.663,6.686,6.723,6.772,6.83,6.896,6.966,7.038,7.11,7.181,7.253,7.335,7.384,7.383,7.352,7.324,7.281,7.288,7.374,7.506,7.629,7.764,7.839,7.815,7.732,7.664,7.589,7.566,7.628,7.746,7.853,7.956,8.057,8.146,8.225,8.313,8.413,8.466,8.444,8.38,8.314,8.223,8.222,8.369,8.601,8.807,9.024,9.124,9.041,8.838,8.647,8.436,8.263,8.169,8.119,8.055,8.001,7.895,7.703,7.469,7.244,6.995,6.876,6.96,7.165,7.344,7.536,7.608,7.484,7.228,6.978,6.691,6.445,6.284,6.161,6.001,5.843,5.552,5.061,4.446,3.85,3.244,2.715,2.32,2.022,1.717,1.421,1.173,0.983,0.835,0.709,0.637,0.541,0.409,0.24,0.135,0.113,0.088,0.059,0.027
MNE,2031,6.621,6.649,6.679,6.721,6.773,6.832,6.896,6.964,7.035,7.106,7.177,7.25,7.33,7.378,7.375,7.342,7.311,7.267,7.272,7.357,7.487,7.61,7.743,7.819,7.795,7.712,7.644,7.57,7.548,7.61,7.73,7.836,7.941,8.041,8.132,8.211,8.298,8.399,8.451,8.429,8.364,8.299,8.206,8.205,8.351,8.581,8.785,8.998,9.096,9.01,8.804,8.61,8.396,8.219,8.12,8.067,7.998,7.94,7.829,7.634,7.395,7.166,6.912,6.786,6.859,7.052,7.216,7.394,7.453,7.317,7.051,6.789,6.496,6.235,6.054,5.906,5.726,5.546,5.244,4.757,4.156,3.575,2.984,2.472,2.096,1.814,1.523,1.249,1.03,0.856,0.714,0.6,0.537,0.454,0.342,0.199,0.119,0.093,0.063,0.03
MNE,2032,6.56,6.57,6.635,6.672,6.719,6.773,6.833,6.898,6.963,7.031,7.102,7.173,7.246,7.325,7.371,7.367,7.331,7.299,7.253,7.256,7.339,7.469,7.589,7.723,7.797,7.774,7.692,7.624,7.55,7.529,7.594,7.713,7.82,7.925,8.027,8.117,8.196,8.284,8.384,8.436,8.413,8.349,8.284,8.191,8.188,8.332,8.561,8.762,8.973,9.069,8.979,8.771,8.573,8.355,8.174,8.072,8.015,7.942,7.879,7.764,7.564,7.321,7.088,6.829,6.696,6.758,6.938,7.089,7.252,7.298,7.149,6.873,6.602,6.299,6.027,5.825,5.652,5.45,5.248,4.935,4.451,3.865,3.298,2.725,2.23,1.871,1.607,1.329,1.076,0.887,0.728,0.592,0.49,0.438,0.369,0.276,0.159,0.099,0.067,0.031
MNE,2033,6.487,6.508,6.541,6.621,6.665,6.717,6.773,6.835,6.898,6.961,7.028,7.098,7.169,7.241,7.32,7.365,7.359,7.321,7.287,7.239,7.24,7.322,7.45,7.57,7.702,7.776,7.752,7.671,7.605,7.532,7.511,7.575,7.696,7.804,7.909,8.012,8.102,8.182,8.268,8.368,8.421,8.399,8.334,8.268,8.175,8.171,8.314,8.54,8.739,8.949,9.041,8.949,8.737,8.535,8.313,8.129,8.023,7.963,7.885,7.817,7.698,7.495,7.248,7.01,6.747,6.606,6.658,6.823,6.961,7.11,7.141,6.982,6.696,6.414,6.103,5.817,5.595,5.399,5.173,4.951,4.626,4.146,3.574,3.022,2.464,1.987,1.646,1.399,1.134,0.903,0.744,0.601,0.47,0.38,0.337,0.282,0.209,0.118,0.071,0.034
MNE,2034,6.413,6.446,6.487,6.535,6.606,6.658,6.713,6.773,6.835,6.898,6.959,7.023,7.094,7.165,7.236,7.314,7.358,7.349,7.31,7.274,7.224,7.223,7.303,7.431,7.549,7.681,7.754,7.731,7.65,7.584,7.512,7.492,7.558,7.678,7.787,7.893,7.995,8.087,8.166,8.252,8.353,8.405,8.383,8.318,8.252,8.158,8.154,8.294,8.518,8.716,8.922,9.012,8.917,8.702,8.497,8.271,8.083,7.974,7.91,7.828,7.755,7.631,7.424,7.173,6.931,6.663,6.514,6.556,6.709,6.833,6.967,6.985,6.814,6.517,6.226,5.906,5.607,5.363,5.143,4.897,4.653,4.316,3.841,3.283,2.745,2.204,1.745,1.42,1.192,0.94,0.731,0.6,0.474,0.348,0.27,0.238,0.195,0.142,0.077,0.036
MNE,2035,6.348,6.388,6.433,6.481,6.535,6.59,6.649,6.709,6.771,6.835,6.897,6.955,7.017,7.088,7.16,7.23,7.307,7.35,7.34,7.298,7.259,7.207,7.205,7.283,7.409,7.528,7.658,7.731,7.708,7.627,7.563,7.491,7.472,7.537,7.659,7.768,7.875,7.979,8.07,8.149,8.235,8.335,8.387,8.365,8.3,8.234,8.14,8.134,8.274,8.495,8.691,8.894,8.982,8.883,8.666,8.457,8.228,8.036,7.923,7.855,7.77,7.691,7.563,7.352,7.097,6.851,6.578,6.422,6.453,6.592,6.702,6.822,6.827,6.645,6.337,6.036,5.708,5.396,5.132,4.888,4.619,4.354,4.005,3.534,2.991,2.469,1.943,1.502,1.195,0.983,0.745,0.558,0.457,0.346,0.226,0.16,0.137,0.11,0.076,0.037
MNE,2036,6.295,6.343,6.383,6.43,6.479,6.533,6.59,6.648,6.709,6.77,6.833,6.894,6.951,7.013,7.081,7.151,7.219,7.294,7.335,7.323,7.281,7.241,7.188,7.186,7.264,7.391,7.509,7.641,7.714,7.692,7.613,7.547,7.477,7.458,7.525,7.646,7.756,7.862,7.965,8.057,8.136,8.222,8.321,8.372,8.349,8.283,8.215,8.12,8.112,8.248,8.465,8.656,8.855,8.938,8.837,8.616,8.404,8.172,7.975,7.857,7.784,7.692,7.607,7.472,7.257,6.997,6.745,6.467,6.302,6.319,6.44,6.533,6.635,6.622,6.422,6.099,5.782,5.443,5.117,4.838,4.578,4.296,4.018,3.67,3.217,2.705,2.197,1.707,1.326,1.047,0.84,0.629,0.473,0.386,0.291,0.189,0.138,0.109,0.075,0.037
MNE,2037,6.25,6.289,6.336,6.379,6.426,6.477,6.531,6.588,6.646,6.706,6.768,6.829,6.89,6.946,7.007,7.073,7.141,7.207,7.28,7.319,7.306,7.263,7.222,7.168,7.165,7.244,7.372,7.49,7.623,7.696,7.675,7.596,7.532,7.462,7.444,7.511,7.632,7.742,7.849,7.952,8.043,8.122,8.207,8.306,8.356,8.332,8.265,8.196,8.099,8.089,8.222,8.435,8.62,8.815,8.894,8.789,8.565,8.35,8.113,7.913,7.79,7.712,7.614,7.522,7.381,7.16,6.896,6.639,6.355,6.181,6.182,6.286,6.361,6.446,6.415,6.2,5.86,5.528,5.176,4.837,4.541,4.266,3.972,3.681,3.334,2.899,2.419,1.927,1.471,1.149,0.899,0.697,0.512,0.389,0.316,0.237,0.15,0.107,0.074,0.037
MNE,2038,6.208,6.244,6.283,6.328,6.373,6.422,6.474,6.529,6.586,6.644,6.704,6.764,6.826,6.886,6.941,7,7.065,7.13,7.195,7.265,7.303,7.288,7.244,7.202,7.147,7.144,7.223,7.351,7.47,7.604,7.677,7.657,7.579,7.516,7.447,7.429,7.497,7.618,7.728,7.834,7.937,8.029,8.107,8.192,8.29,8.339,8.314,8.246,8.176,8.077,8.065,8.194,8.403,8.584,8.773,8.847,8.74,8.513,8.295,8.055,7.851,7.723,7.638,7.534,7.435,7.288,7.063,6.794,6.531,6.242,6.059,6.047,6.132,6.19,6.256,6.209,5.975,5.621,5.274,4.909,4.557,4.245,3.955,3.647,3.345,2.998,2.582,2.132,1.656,1.234,0.973,0.751,0.553,0.396,0.304,0.245,0.181,0.113,0.072,0.036
MNE,2039,6.169,6.2,6.235,6.274,6.321,6.367,6.417,6.47,6.526,6.582,6.64,6.7,6.761,6.822,6.88,6.935,6.992,7.055,7.118,7.181,7.249,7.285,7.269,7.224,7.181,7.126,7.122,7.2,7.33,7.45,7.583,7.658,7.638,7.561,7.498,7.43,7.414,7.481,7.603,7.712,7.819,7.922,8.013,8.091,8.176,8.273,8.32,8.295,8.226,8.154,8.054,8.041,8.166,8.37,8.548,8.732,8.801,8.689,8.46,8.239,7.995,7.788,7.654,7.564,7.454,7.348,7.194,6.964,6.692,6.423,6.129,5.937,5.909,5.978,6.018,6.067,6.001,5.751,5.38,5.018,4.641,4.276,3.949,3.642,3.322,3.008,2.661,2.264,1.844,1.384,0.997,0.797,0.603,0.409,0.279,0.219,0.175,0.126,0.075,0.036
MNE,2040,6.129,6.156,6.189,6.225,6.266,6.311,6.359,6.411,6.465,6.521,6.578,6.637,6.697,6.757,6.816,6.874,6.928,6.984,7.045,7.107,7.166,7.233,7.266,7.249,7.204,7.159,7.104,7.098,7.178,7.307,7.427,7.561,7.638,7.618,7.542,7.48,7.413,7.397,7.464,7.586,7.696,7.803,7.906,7.996,8.074,8.159,8.254,8.302,8.275,8.205,8.133,8.031,8.015,8.136,8.336,8.509,8.688,8.753,8.639,8.407,8.181,7.935,7.723,7.584,7.488,7.372,7.26,7.1,6.865,6.588,6.314,6.015,5.813,5.773,5.822,5.845,5.875,5.791,5.526,5.139,4.763,4.373,3.995,3.651,3.33,2.997,2.67,2.323,1.944,1.557,1.114,0.76,0.62,0.454,0.265,0.162,0.134,0.104,0.072,0.037
MNE,2041,6.093,6.122,6.151,6.185,6.223,6.265,6.31,6.358,6.409,6.463,6.518,6.575,6.632,6.691,6.749,6.806,6.862,6.914,6.968,7.028,7.088,7.147,7.213,7.246,7.229,7.184,7.141,7.085,7.081,7.161,7.291,7.413,7.547,7.624,7.605,7.529,7.467,7.4,7.384,7.452,7.574,7.683,7.789,7.891,7.98,8.057,8.14,8.234,8.279,8.251,8.177,8.102,7.998,7.978,8.095,8.29,8.458,8.631,8.692,8.572,8.335,8.106,7.854,7.636,7.491,7.389,7.265,7.143,6.976,6.734,6.45,6.169,5.864,5.651,5.588,5.612,5.609,5.615,5.511,5.231,4.835,4.451,4.057,3.677,3.334,3.017,2.683,2.371,2.058,1.704,1.331,0.938,0.648,0.526,0.384,0.222,0.141,0.108,0.074,0.039
MNE,2042,6.056,6.08,6.115,6.147,6.181,6.221,6.263,6.308,6.356,6.407,6.46,6.515,6.571,6.628,6.684,6.741,6.796,6.85,6.9,6.952,7.011,7.07,7.128,7.193,7.226,7.21,7.165,7.122,7.067,7.064,7.145,7.274,7.397,7.533,7.61,7.591,7.516,7.454,7.387,7.371,7.438,7.561,7.669,7.775,7.876,7.964,8.04,8.121,8.214,8.256,8.225,8.15,8.071,7.964,7.94,8.053,8.243,8.405,8.574,8.629,8.505,8.263,8.029,7.772,7.549,7.398,7.288,7.157,7.026,6.851,6.602,6.312,6.025,5.712,5.488,5.404,5.401,5.373,5.355,5.23,4.935,4.53,4.14,3.741,3.358,3.016,2.702,2.368,2.072,1.791,1.464,1.105,0.763,0.536,0.433,0.314,0.179,0.116,0.079,0.04
MNE,2043,6.021,6.043,6.07,6.107,6.141,6.177,6.217,6.26,6.306,6.354,6.404,6.456,6.511,6.566,6.622,6.677,6.733,6.786,6.838,6.885,6.936,6.993,7.051,7.109,7.173,7.205,7.189,7.144,7.102,7.049,7.046,7.126,7.257,7.381,7.517,7.595,7.576,7.501,7.44,7.373,7.357,7.425,7.547,7.655,7.76,7.861,7.948,8.023,8.102,8.193,8.234,8.2,8.121,8.04,7.929,7.902,8.011,8.196,8.353,8.516,8.566,8.437,8.192,7.952,7.69,7.462,7.305,7.187,7.048,6.909,6.725,6.47,6.174,5.879,5.561,5.325,5.219,5.19,5.137,5.093,4.949,4.64,4.227,3.828,3.424,3.039,2.698,2.389,2.054,1.773,1.524,1.223,0.879,0.588,0.423,0.339,0.244,0.136,0.085,0.042
MNE,2044,5.987,6.008,6.033,6.063,6.099,6.135,6.173,6.214,6.258,6.303,6.351,6.401,6.454,6.507,6.562,6.617,6.671,6.724,6.775,6.824,6.87,6.919,6.975,7.033,7.089,7.152,7.183,7.167,7.123,7.083,7.029,7.028,7.109,7.24,7.365,7.501,7.58,7.562,7.487,7.426,7.36,7.343,7.411,7.532,7.641,7.746,7.845,7.931,8.004,8.082,8.17,8.21,8.174,8.093,8.008,7.894,7.863,7.968,8.148,8.3,8.457,8.502,8.369,8.119,7.874,7.608,7.374,7.21,7.086,6.939,6.792,6.599,6.337,6.035,5.734,5.41,5.16,5.034,4.978,4.901,4.832,4.667,4.344,3.922,3.516,3.107,2.72,2.381,2.076,1.739,1.474,1.257,0.983,0.654,0.413,0.31,0.246,0.174,0.092,0.045
MNE,2045,5.953,5.974,5.998,6.026,6.056,6.091,6.128,6.168,6.21,6.255,6.3,6.349,6.398,6.449,6.503,6.557,6.61,6.664,6.715,6.764,6.811,6.854,6.903,6.957,7.013,7.069,7.13,7.162,7.146,7.103,7.062,7.01,7.008,7.091,7.223,7.347,7.485,7.564,7.547,7.472,7.412,7.345,7.329,7.396,7.518,7.626,7.73,7.829,7.914,7.985,8.061,8.149,8.186,8.147,8.064,7.976,7.859,7.824,7.925,8.1,8.246,8.399,8.438,8.3,8.046,7.797,7.526,7.285,7.115,6.984,6.83,6.674,6.473,6.204,5.895,5.588,5.258,4.996,4.849,4.766,4.663,4.571,4.385,4.048,3.617,3.204,2.79,2.401,2.062,1.762,1.424,1.174,0.99,0.742,0.428,0.238,0.198,0.152,0.103,0.049
MNE,2046,5.922,5.946,5.968,5.994,6.022,6.055,6.089,6.126,6.166,6.207,6.251,6.296,6.343,6.391,6.441,6.492,6.544,6.596,6.648,6.698,6.745,6.792,6.835,6.882,6.936,6.993,7.05,7.112,7.144,7.129,7.086,7.047,6.994,6.994,7.077,7.21,7.334,7.472,7.551,7.534,7.459,7.398,7.332,7.314,7.382,7.502,7.608,7.712,7.809,7.89,7.959,8.033,8.116,8.149,8.108,8.022,7.931,7.812,7.772,7.866,8.034,8.174,8.318,8.35,8.206,7.946,7.691,7.413,7.166,6.987,6.846,6.681,6.513,6.302,6.022,5.702,5.383,5.043,4.768,4.6,4.492,4.368,4.254,4.054,3.718,3.295,2.882,2.484,2.134,1.815,1.515,1.211,1.001,0.842,0.627,0.358,0.219,0.17,0.115,0.054
MNE,2047,5.893,5.911,5.939,5.963,5.99,6.02,6.052,6.086,6.123,6.163,6.204,6.247,6.292,6.337,6.385,6.433,6.482,6.532,6.582,6.632,6.68,6.727,6.773,6.814,6.861,6.915,6.973,7.029,7.094,7.126,7.111,7.07,7.031,6.979,6.98,7.063,7.196,7.321,7.458,7.538,7.521,7.446,7.385,7.318,7.301,7.367,7.486,7.591,7.693,7.788,7.868,7.934,8.003,8.083,8.113,8.069,7.98,7.887,7.763,7.72,7.808,7.969,8.101,8.237,8.262,8.112,7.847,7.586,7.301,7.047,6.859,6.707,6.532,6.354,6.131,5.84,5.508,5.178,4.829,4.539,4.35,4.218,4.071,3.936,3.725,3.387,2.973,2.559,2.178,1.868,1.567,1.268,0.998,0.828,0.692,0.512,0.288,0.189,0.128,0.06
MNE,2048,5.863,5.881,5.902,5.931,5.957,5.986,6.017,6.05,6.085,6.121,6.16,6.201,6.244,6.288,6.333,6.379,6.425,6.472,6.519,6.568,6.616,6.662,6.709,6.754,6.795,6.84,6.896,6.954,7.01,7.075,7.108,7.094,7.053,7.016,6.965,6.966,7.05,7.183,7.308,7.446,7.525,7.508,7.433,7.372,7.305,7.287,7.352,7.47,7.574,7.675,7.767,7.845,7.907,7.974,8.05,8.077,8.03,7.938,7.841,7.716,7.668,7.75,7.903,8.028,8.156,8.174,8.018,7.747,7.48,7.19,6.927,6.73,6.569,6.383,6.193,5.96,5.657,5.314,4.973,4.614,4.312,4.101,3.944,3.775,3.62,3.394,3.057,2.652,2.237,1.872,1.601,1.319,1.022,0.784,0.654,0.542,0.397,0.219,0.143,0.067
MNE,2049,5.832,5.85,5.871,5.896,5.924,5.953,5.982,6.013,6.047,6.082,6.119,6.158,6.199,6.241,6.284,6.328,6.372,6.417,6.462,6.507,6.553,6.599,6.645,6.691,6.735,6.775,6.82,6.875,6.934,6.992,7.056,7.091,7.078,7.037,7,6.95,6.952,7.037,7.17,7.294,7.433,7.511,7.495,7.421,7.36,7.292,7.273,7.338,7.455,7.557,7.656,7.748,7.822,7.882,7.945,8.017,8.04,7.99,7.896,7.797,7.668,7.616,7.691,7.838,7.955,8.075,8.086,7.924,7.648,7.375,7.078,6.809,6.603,6.431,6.234,6.033,5.788,5.475,5.121,4.767,4.4,4.083,3.851,3.67,3.479,3.303,3.065,2.726,2.329,1.915,1.566,1.334,1.072,0.776,0.571,0.48,0.393,0.282,0.149,0.073
MNE,2050,5.798,5.818,5.839,5.863,5.89,5.917,5.946,5.977,6.01,6.045,6.08,6.117,6.155,6.195,6.236,6.279,6.322,6.365,6.408,6.451,6.494,6.539,6.583,6.627,6.672,6.715,6.755,6.799,6.854,6.913,6.972,7.038,7.073,7.06,7.02,6.984,6.935,6.937,7.022,7.155,7.281,7.418,7.498,7.482,7.407,7.345,7.277,7.259,7.323,7.439,7.541,7.638,7.727,7.799,7.856,7.915,7.984,8.003,7.951,7.854,7.751,7.619,7.563,7.632,7.772,7.882,7.994,7.997,7.829,7.548,7.268,6.965,6.689,6.474,6.292,6.085,5.873,5.616,5.292,4.926,4.563,4.186,3.855,3.602,3.396,3.182,2.985,2.734,2.396,2.007,1.593,1.26,1.067,0.824,0.529,0.357,0.307,0.243,0.167,0.079
MNE,2051,5.76,5.79,5.812,5.835,5.861,5.887,5.915,5.944,5.975,6.007,6.041,6.076,6.112,6.149,6.187,6.226,6.267,6.308,6.349,6.392,6.433,6.475,6.518,6.562,6.607,6.653,6.696,6.736,6.782,6.838,6.898,6.956,7.023,7.059,7.046,7.008,6.971,6.922,6.925,7.01,7.143,7.268,7.406,7.485,7.468,7.392,7.33,7.261,7.241,7.303,7.416,7.515,7.609,7.695,7.764,7.817,7.874,7.938,7.953,7.896,7.796,7.689,7.553,7.49,7.552,7.681,7.781,7.884,7.876,7.7,7.41,7.123,6.812,6.524,6.295,6.096,5.873,5.645,5.373,5.038,4.666,4.295,3.915,3.578,3.315,3.099,2.874,2.679,2.44,2.114,1.734,1.358,1.079,0.911,0.699,0.444,0.321,0.255,0.177,0.084
MNE,2052,5.719,5.746,5.783,5.806,5.832,5.858,5.885,5.914,5.943,5.973,6.005,6.038,6.072,6.107,6.143,6.18,6.217,6.255,6.294,6.334,6.374,6.416,6.457,6.499,6.543,6.587,6.633,6.677,6.718,6.765,6.821,6.881,6.942,7.009,7.045,7.034,6.995,6.959,6.911,6.914,6.998,7.131,7.256,7.393,7.471,7.454,7.378,7.315,7.245,7.224,7.283,7.394,7.489,7.581,7.664,7.73,7.78,7.832,7.892,7.904,7.843,7.739,7.627,7.486,7.418,7.471,7.592,7.682,7.773,7.756,7.57,7.274,6.978,6.659,6.361,6.116,5.901,5.661,5.417,5.131,4.786,4.405,4.028,3.644,3.301,3.029,2.802,2.564,2.375,2.146,1.833,1.46,1.122,0.899,0.754,0.574,0.358,0.263,0.182,0.089
MNE,2053,5.677,5.707,5.737,5.775,5.801,5.828,5.855,5.883,5.912,5.941,5.97,6.003,6.035,6.068,6.102,6.137,6.172,6.207,6.243,6.281,6.319,6.358,6.398,6.438,6.479,6.523,6.568,6.614,6.659,6.7,6.747,6.805,6.866,6.927,6.994,7.032,7.021,6.982,6.947,6.899,6.902,6.987,7.12,7.244,7.38,7.459,7.441,7.364,7.3,7.229,7.206,7.263,7.371,7.465,7.553,7.632,7.696,7.742,7.791,7.847,7.854,7.79,7.681,7.566,7.42,7.345,7.391,7.502,7.582,7.662,7.635,7.442,7.137,6.833,6.505,6.196,5.938,5.705,5.449,5.188,4.889,4.534,4.144,3.761,3.373,3.024,2.743,2.504,2.256,2.069,1.851,1.553,1.186,0.886,0.717,0.597,0.448,0.273,0.187,0.093
MNE,2054,5.634,5.668,5.701,5.732,5.767,5.796,5.824,5.853,5.88,5.909,5.939,5.968,5.999,6.031,6.064,6.097,6.13,6.164,6.197,6.231,6.266,6.303,6.34,6.379,6.419,6.459,6.502,6.547,6.594,6.64,6.682,6.73,6.788,6.849,6.911,6.98,7.018,7.008,6.969,6.934,6.886,6.889,6.974,7.107,7.231,7.368,7.445,7.426,7.349,7.284,7.213,7.188,7.242,7.349,7.439,7.524,7.601,7.66,7.704,7.748,7.8,7.803,7.735,7.623,7.503,7.352,7.272,7.31,7.411,7.481,7.552,7.515,7.312,6.999,6.687,6.351,6.032,5.758,5.508,5.237,4.959,4.646,4.28,3.884,3.494,3.102,2.748,2.456,2.207,1.946,1.763,1.557,1.271,0.913,0.65,0.536,0.44,0.324,0.187,0.097
MNE,2055,5.593,5.628,5.662,5.695,5.728,5.759,5.789,5.819,5.848,5.878,5.907,5.936,5.965,5.996,6.027,6.059,6.091,6.123,6.155,6.186,6.218,6.25,6.286,6.321,6.36,6.399,6.439,6.481,6.526,6.574,6.62,6.662,6.712,6.77,6.833,6.895,6.965,7.003,6.993,6.956,6.921,6.873,6.876,6.961,7.094,7.218,7.353,7.431,7.411,7.334,7.268,7.194,7.168,7.222,7.325,7.412,7.494,7.567,7.624,7.665,7.705,7.753,7.752,7.681,7.564,7.44,7.285,7.198,7.228,7.32,7.38,7.439,7.392,7.182,6.861,6.541,6.197,5.866,5.579,5.312,5.024,4.731,4.403,4.026,3.623,3.227,2.83,2.471,2.17,1.91,1.637,1.457,1.262,0.99,0.639,0.415,0.356,0.283,0.198,0.101
MNE,2056,5.554,5.589,5.624,5.658,5.692,5.724,5.757,5.788,5.818,5.847,5.875,5.903,5.931,5.959,5.988,6.017,6.047,6.077,6.108,6.138,6.169,6.2,6.232,6.266,6.302,6.342,6.381,6.422,6.465,6.51,6.559,6.606,6.649,6.699,6.758,6.821,6.883,6.953,6.991,6.982,6.945,6.909,6.862,6.865,6.949,7.081,7.204,7.338,7.414,7.393,7.313,7.245,7.17,7.141,7.192,7.292,7.377,7.456,7.525,7.578,7.612,7.649,7.69,7.684,7.606,7.484,7.355,7.193,7.098,7.116,7.195,7.241,7.287,7.225,7,6.665,6.33,5.973,5.629,5.326,5.043,4.742,4.437,4.102,3.724,3.325,2.927,2.543,2.214,1.924,1.658,1.407,1.251,1.079,0.84,0.536,0.368,0.295,0.207,0.106
MNE,2057,5.516,5.552,5.583,5.62,5.654,5.689,5.722,5.754,5.786,5.816,5.845,5.872,5.899,5.926,5.953,5.98,6.008,6.035,6.064,6.092,6.121,6.151,6.182,6.213,6.246,6.283,6.323,6.363,6.404,6.448,6.495,6.544,6.591,6.636,6.686,6.745,6.808,6.872,6.942,6.98,6.971,6.933,6.899,6.851,6.853,6.936,7.068,7.19,7.323,7.397,7.375,7.294,7.223,7.145,7.114,7.162,7.26,7.341,7.417,7.483,7.531,7.561,7.592,7.627,7.615,7.532,7.405,7.269,7.102,6.999,7.006,7.07,7.103,7.134,7.057,6.817,6.467,6.12,5.749,5.391,5.073,4.776,4.46,4.142,3.8,3.423,3.028,2.627,2.256,1.958,1.679,1.407,1.176,1.044,0.895,0.692,0.433,0.308,0.218,0.112
MNE,2058,5.479,5.513,5.547,5.579,5.615,5.65,5.685,5.718,5.751,5.784,5.815,5.843,5.87,5.895,5.922,5.947,5.972,5.998,6.024,6.051,6.077,6.105,6.133,6.163,6.193,6.226,6.263,6.303,6.344,6.387,6.43,6.479,6.528,6.576,6.622,6.672,6.732,6.797,6.86,6.93,6.969,6.959,6.922,6.888,6.839,6.841,6.924,7.055,7.175,7.308,7.38,7.356,7.273,7.201,7.121,7.087,7.132,7.227,7.306,7.378,7.44,7.483,7.509,7.534,7.563,7.545,7.457,7.326,7.184,7.011,6.899,6.894,6.944,6.963,6.979,6.889,6.635,6.271,5.908,5.526,5.154,4.82,4.507,4.178,3.848,3.498,3.119,2.729,2.328,1.969,1.702,1.433,1.155,0.945,0.837,0.711,0.543,0.331,0.228,0.118
MNE,2059,5.439,5.472,5.506,5.54,5.574,5.61,5.645,5.68,5.714,5.747,5.781,5.812,5.84,5.866,5.891,5.916,5.941,5.965,5.988,6.012,6.036,6.061,6.087,6.115,6.143,6.173,6.206,6.243,6.284,6.326,6.368,6.414,6.462,6.512,6.561,6.607,6.659,6.719,6.784,6.847,6.917,6.956,6.948,6.91,6.875,6.827,6.829,6.911,7.041,7.161,7.291,7.362,7.336,7.252,7.178,7.095,7.058,7.101,7.194,7.269,7.338,7.396,7.434,7.455,7.475,7.499,7.475,7.383,7.246,7.098,6.919,6.798,6.782,6.819,6.824,6.826,6.721,6.452,6.073,5.696,5.3,4.915,4.566,4.238,3.895,3.552,3.196,2.817,2.432,2.027,1.681,1.445,1.187,0.904,0.715,0.629,0.527,0.393,0.229,0.123
MNE,2060,5.398,5.43,5.463,5.498,5.533,5.568,5.603,5.64,5.675,5.71,5.743,5.778,5.809,5.836,5.861,5.886,5.91,5.933,5.955,5.977,5.998,6.02,6.044,6.068,6.096,6.124,6.152,6.184,6.222,6.263,6.305,6.349,6.394,6.444,6.494,6.545,6.591,6.643,6.705,6.769,6.833,6.903,6.943,6.934,6.898,6.862,6.814,6.816,6.897,7.026,7.144,7.274,7.343,7.316,7.23,7.153,7.068,7.029,7.069,7.159,7.231,7.297,7.351,7.386,7.401,7.416,7.434,7.403,7.305,7.164,7.01,6.825,6.696,6.669,6.691,6.682,6.67,6.55,6.267,5.874,5.484,5.076,4.676,4.312,3.968,3.612,3.256,2.893,2.513,2.133,1.726,1.393,1.188,0.94,0.651,0.484,0.422,0.343,0.244,0.127
MNE,2061,5.357,5.392,5.426,5.46,5.496,5.531,5.567,5.603,5.638,5.673,5.708,5.741,5.774,5.804,5.83,5.853,5.875,5.897,5.918,5.939,5.96,5.98,6.002,6.025,6.051,6.077,6.106,6.136,6.169,6.207,6.249,6.292,6.336,6.383,6.433,6.484,6.534,6.582,6.634,6.695,6.76,6.824,6.894,6.933,6.923,6.887,6.851,6.802,6.802,6.882,7.008,7.125,7.251,7.318,7.289,7.2,7.123,7.035,6.993,7.03,7.114,7.183,7.243,7.292,7.321,7.33,7.338,7.347,7.309,7.203,7.054,6.892,6.698,6.557,6.51,6.51,6.478,6.444,6.305,6.005,5.599,5.196,4.778,4.371,4.001,3.654,3.289,2.943,2.603,2.238,1.857,1.484,1.202,1.021,0.803,0.549,0.427,0.346,0.247,0.129
MNE,2062,5.314,5.347,5.386,5.421,5.457,5.493,5.53,5.566,5.602,5.637,5.671,5.704,5.737,5.77,5.799,5.823,5.843,5.864,5.884,5.904,5.923,5.943,5.963,5.983,6.006,6.032,6.06,6.089,6.119,6.153,6.192,6.234,6.278,6.324,6.371,6.421,6.473,6.523,6.571,6.624,6.686,6.749,6.814,6.884,6.923,6.913,6.874,6.839,6.789,6.788,6.866,6.991,7.105,7.229,7.294,7.262,7.172,7.091,7.001,6.956,6.99,7.07,7.134,7.189,7.233,7.255,7.259,7.259,7.259,7.213,7.1,6.943,6.773,6.571,6.417,6.351,6.327,6.273,6.217,6.058,5.743,5.324,4.909,4.481,4.066,3.69,3.34,2.965,2.629,2.315,1.962,1.58,1.241,1.011,0.853,0.664,0.446,0.345,0.247,0.131
MNE,2063,5.269,5.303,5.339,5.38,5.417,5.454,5.49,5.527,5.564,5.6,5.635,5.669,5.702,5.733,5.765,5.793,5.815,5.834,5.852,5.87,5.888,5.906,5.925,5.944,5.965,5.986,6.012,6.04,6.07,6.101,6.136,6.176,6.22,6.264,6.309,6.358,6.409,6.461,6.512,6.56,6.613,6.675,6.739,6.803,6.872,6.911,6.901,6.863,6.826,6.776,6.773,6.849,6.971,7.083,7.205,7.267,7.235,7.142,7.059,6.967,6.919,6.949,7.026,7.084,7.134,7.173,7.19,7.187,7.179,7.171,7.118,6.997,6.831,6.653,6.443,6.276,6.191,6.144,6.068,5.99,5.81,5.479,5.047,4.621,4.183,3.761,3.379,3.025,2.642,2.314,2.026,1.686,1.304,0.997,0.819,0.685,0.526,0.343,0.245,0.132
MNE,2064,5.224,5.259,5.295,5.332,5.373,5.411,5.448,5.486,5.523,5.56,5.597,5.632,5.665,5.698,5.729,5.759,5.786,5.807,5.822,5.839,5.856,5.871,5.888,5.907,5.924,5.944,5.966,5.992,6.02,6.051,6.083,6.119,6.159,6.203,6.249,6.295,6.344,6.395,6.448,6.499,6.547,6.601,6.662,6.727,6.79,6.86,6.898,6.888,6.849,6.812,6.76,6.757,6.832,6.952,7.061,7.18,7.24,7.205,7.11,7.026,6.931,6.88,6.907,6.979,7.033,7.079,7.112,7.122,7.113,7.098,7.082,7.02,6.892,6.718,6.532,6.314,6.135,6.03,5.959,5.861,5.761,5.562,5.214,4.769,4.332,3.884,3.455,3.067,2.709,2.318,1.999,1.736,1.41,1.026,0.753,0.628,0.517,0.388,0.24,0.134
MNE,2065,5.179,5.214,5.25,5.288,5.326,5.365,5.404,5.443,5.481,5.519,5.556,5.593,5.628,5.661,5.693,5.723,5.752,5.777,5.796,5.811,5.826,5.839,5.854,5.869,5.887,5.904,5.923,5.944,5.97,6,6.03,6.063,6.1,6.14,6.185,6.231,6.279,6.329,6.38,6.433,6.485,6.533,6.587,6.649,6.714,6.777,6.846,6.885,6.873,6.834,6.796,6.745,6.74,6.813,6.93,7.038,7.154,7.212,7.174,7.078,6.992,6.894,6.841,6.863,6.931,6.98,7.021,7.048,7.054,7.037,7.016,6.992,6.921,6.785,6.605,6.409,6.184,5.992,5.868,5.775,5.654,5.531,5.313,4.949,4.491,4.042,3.585,3.148,2.753,2.393,1.993,1.683,1.446,1.134,0.749,0.51,0.436,0.349,0.249,0.137
MNE,2066,5.139,5.175,5.21,5.247,5.285,5.324,5.363,5.402,5.441,5.48,5.517,5.554,5.589,5.623,5.654,5.684,5.712,5.74,5.763,5.78,5.795,5.808,5.821,5.836,5.852,5.869,5.888,5.907,5.928,5.955,5.985,6.017,6.051,6.089,6.13,6.175,6.222,6.269,6.32,6.371,6.424,6.476,6.524,6.577,6.639,6.704,6.766,6.835,6.871,6.859,6.819,6.778,6.725,6.718,6.789,6.905,7.009,7.122,7.177,7.137,7.039,6.948,6.848,6.789,6.807,6.869,6.913,6.946,6.965,6.962,6.936,6.904,6.869,6.786,6.635,6.44,6.23,5.991,5.782,5.634,5.514,5.369,5.224,4.987,4.615,4.155,3.696,3.249,2.846,2.463,2.091,1.721,1.457,1.245,0.971,0.633,0.451,0.362,0.259,0.141
MNE,2067,5.101,5.133,5.169,5.206,5.244,5.283,5.322,5.361,5.401,5.441,5.478,5.515,5.55,5.585,5.617,5.647,5.674,5.701,5.726,5.748,5.764,5.777,5.79,5.803,5.817,5.832,5.851,5.87,5.889,5.913,5.94,5.971,6.003,6.039,6.076,6.118,6.164,6.211,6.259,6.309,6.361,6.415,6.467,6.514,6.567,6.628,6.692,6.755,6.822,6.858,6.844,6.802,6.761,6.706,6.697,6.766,6.878,6.98,7.09,7.142,7.099,6.998,6.904,6.8,6.738,6.751,6.807,6.844,6.871,6.882,6.869,6.834,6.792,6.744,6.649,6.485,6.275,6.051,5.797,5.57,5.399,5.252,5.083,4.914,4.66,4.28,3.819,3.35,2.912,2.544,2.171,1.789,1.448,1.229,1.045,0.807,0.516,0.379,0.27,0.147
MNE,2068,5.063,5.093,5.127,5.164,5.201,5.24,5.279,5.319,5.359,5.4,5.439,5.476,5.511,5.547,5.58,5.611,5.639,5.664,5.689,5.713,5.733,5.748,5.759,5.772,5.784,5.797,5.814,5.832,5.851,5.872,5.896,5.924,5.956,5.99,6.024,6.063,6.106,6.152,6.2,6.248,6.298,6.351,6.404,6.456,6.504,6.556,6.618,6.681,6.742,6.809,6.844,6.829,6.785,6.742,6.685,6.674,6.741,6.851,6.951,7.058,7.106,7.061,6.957,6.86,6.752,6.686,6.693,6.744,6.775,6.795,6.798,6.777,6.732,6.678,6.62,6.512,6.335,6.11,5.87,5.604,5.359,5.163,4.991,4.797,4.604,4.334,3.944,3.483,3.003,2.574,2.241,1.88,1.486,1.175,1.002,0.843,0.642,0.399,0.285,0.153
MNE,2069,5.026,5.054,5.086,5.12,5.157,5.195,5.235,5.275,5.315,5.356,5.396,5.436,5.472,5.508,5.541,5.574,5.605,5.631,5.654,5.676,5.699,5.716,5.73,5.741,5.752,5.764,5.777,5.793,5.812,5.833,5.854,5.879,5.908,5.94,5.974,6.011,6.05,6.093,6.14,6.187,6.236,6.287,6.34,6.393,6.445,6.492,6.545,6.606,6.668,6.729,6.795,6.828,6.812,6.768,6.723,6.664,6.651,6.715,6.823,6.92,7.024,7.07,7.022,6.915,6.815,6.703,6.633,6.635,6.681,6.705,6.717,6.713,6.683,6.628,6.564,6.495,6.373,6.183,5.943,5.689,5.409,5.147,4.928,4.727,4.509,4.294,4.006,3.609,3.147,2.655,2.237,1.938,1.588,1.182,0.903,0.774,0.642,0.478,0.283,0.16
MNE,2070,4.99,5.016,5.045,5.078,5.113,5.15,5.189,5.228,5.269,5.31,5.351,5.392,5.433,5.469,5.502,5.536,5.568,5.596,5.621,5.643,5.662,5.682,5.699,5.711,5.722,5.732,5.742,5.755,5.772,5.792,5.813,5.834,5.86,5.89,5.923,5.958,5.995,6.035,6.08,6.126,6.174,6.223,6.274,6.327,6.381,6.432,6.48,6.532,6.593,6.654,6.714,6.78,6.812,6.795,6.749,6.702,6.641,6.626,6.688,6.794,6.888,6.989,7.032,6.981,6.872,6.769,6.653,6.578,6.575,6.615,6.633,6.639,6.628,6.588,6.523,6.449,6.368,6.234,6.03,5.775,5.506,5.212,4.934,4.691,4.464,4.221,3.983,3.679,3.273,2.809,2.307,1.899,1.635,1.296,0.879,0.63,0.546,0.441,0.314,0.167
MNE,2071,4.958,4.985,5.012,5.043,5.076,5.111,5.149,5.187,5.228,5.268,5.308,5.349,5.389,5.427,5.462,5.494,5.525,5.555,5.582,5.606,5.625,5.646,5.664,5.68,5.693,5.704,5.715,5.726,5.74,5.757,5.778,5.799,5.822,5.848,5.879,5.913,5.948,5.986,6.026,6.07,6.117,6.165,6.215,6.265,6.318,6.371,6.422,6.47,6.521,6.58,6.64,6.698,6.761,6.792,6.773,6.725,6.676,6.614,6.597,6.656,6.758,6.848,6.945,6.984,6.929,6.815,6.708,6.586,6.506,6.495,6.526,6.535,6.531,6.508,6.452,6.37,6.278,6.178,6.026,5.805,5.532,5.248,4.942,4.646,4.385,4.138,3.873,3.634,3.337,2.936,2.463,1.996,1.65,1.414,1.113,0.744,0.567,0.458,0.326,0.174
MNE,2072,4.927,4.949,4.979,5.007,5.039,5.073,5.109,5.148,5.187,5.226,5.267,5.306,5.345,5.385,5.422,5.455,5.485,5.514,5.542,5.567,5.59,5.609,5.628,5.646,5.662,5.675,5.686,5.698,5.71,5.724,5.742,5.763,5.786,5.81,5.837,5.868,5.902,5.938,5.975,6.016,6.061,6.108,6.156,6.206,6.256,6.308,6.361,6.412,6.459,6.508,6.566,6.625,6.682,6.743,6.771,6.752,6.701,6.652,6.586,6.568,6.623,6.721,6.807,6.9,6.935,6.875,6.759,6.647,6.52,6.433,6.415,6.438,6.437,6.424,6.387,6.317,6.215,6.105,5.988,5.818,5.578,5.289,4.989,4.669,4.359,4.078,3.812,3.524,3.285,2.995,2.598,2.117,1.685,1.4,1.193,0.929,0.609,0.474,0.338,0.181
MNE,2073,4.898,4.917,4.94,4.972,5.002,5.035,5.07,5.107,5.146,5.185,5.224,5.263,5.303,5.342,5.38,5.416,5.447,5.475,5.502,5.528,5.553,5.573,5.591,5.61,5.627,5.642,5.655,5.667,5.68,5.692,5.708,5.726,5.749,5.771,5.796,5.824,5.856,5.891,5.927,5.965,6.006,6.051,6.098,6.146,6.195,6.246,6.298,6.35,6.4,6.447,6.496,6.552,6.609,6.664,6.723,6.75,6.728,6.677,6.625,6.558,6.537,6.589,6.684,6.766,6.855,6.884,6.823,6.701,6.585,6.453,6.359,6.334,6.347,6.338,6.314,6.265,6.18,6.061,5.933,5.797,5.609,5.352,5.046,4.73,4.396,4.071,3.771,3.485,3.175,2.935,2.654,2.26,1.77,1.373,1.151,0.97,0.745,0.474,0.35,0.187
MNE,2074,4.867,4.886,4.907,4.932,4.965,4.996,5.031,5.066,5.104,5.143,5.182,5.222,5.261,5.299,5.337,5.375,5.41,5.439,5.465,5.49,5.514,5.536,5.555,5.573,5.59,5.607,5.622,5.635,5.648,5.661,5.675,5.69,5.71,5.733,5.757,5.783,5.811,5.843,5.878,5.916,5.954,5.995,6.04,6.088,6.135,6.184,6.235,6.287,6.339,6.389,6.434,6.483,6.537,6.592,6.645,6.703,6.727,6.704,6.652,6.598,6.53,6.506,6.555,6.647,6.724,6.808,6.833,6.767,6.643,6.522,6.384,6.285,6.252,6.257,6.238,6.204,6.143,6.042,5.906,5.759,5.605,5.399,5.124,4.801,4.469,4.123,3.783,3.463,3.158,2.825,2.585,2.311,1.922,1.424,1.062,0.901,0.749,0.562,0.339,0.196
MNE,2075,4.836,4.853,4.874,4.897,4.926,4.957,4.99,5.025,5.062,5.099,5.138,5.179,5.218,5.256,5.294,5.332,5.369,5.401,5.43,5.453,5.477,5.498,5.518,5.537,5.554,5.57,5.586,5.6,5.614,5.627,5.641,5.655,5.672,5.692,5.716,5.74,5.767,5.797,5.829,5.864,5.902,5.941,5.982,6.028,6.075,6.124,6.173,6.223,6.274,6.326,6.375,6.42,6.467,6.52,6.574,6.625,6.68,6.703,6.678,6.625,6.57,6.499,6.472,6.519,6.607,6.681,6.76,6.782,6.712,6.583,6.457,6.315,6.208,6.168,6.165,6.136,6.092,6.019,5.903,5.748,5.585,5.413,5.188,4.895,4.556,4.209,3.849,3.494,3.155,2.83,2.475,2.235,1.97,1.583,1.076,0.75,0.651,0.527,0.379,0.204
MNE,2076,4.806,4.829,4.848,4.87,4.895,4.924,4.955,4.988,5.023,5.06,5.097,5.136,5.174,5.212,5.249,5.285,5.32,5.355,5.387,5.413,5.436,5.459,5.48,5.5,5.519,5.536,5.552,5.569,5.585,5.6,5.613,5.627,5.643,5.661,5.681,5.705,5.731,5.758,5.788,5.82,5.855,5.893,5.932,5.973,6.019,6.066,6.114,6.162,6.212,6.262,6.312,6.36,6.403,6.449,6.5,6.553,6.602,6.654,6.676,6.649,6.592,6.535,6.461,6.431,6.472,6.555,6.624,6.696,6.711,6.636,6.501,6.368,6.218,6.102,6.048,6.029,5.983,5.923,5.832,5.694,5.518,5.333,5.141,4.899,4.592,4.241,3.876,3.519,3.181,2.84,2.494,2.158,1.945,1.705,1.361,0.913,0.679,0.551,0.397,0.215
MNE,2077,4.777,4.793,4.822,4.843,4.867,4.893,4.923,4.955,4.987,5.021,5.058,5.095,5.132,5.17,5.207,5.242,5.276,5.309,5.342,5.371,5.397,5.42,5.441,5.461,5.481,5.499,5.518,5.536,5.553,5.569,5.584,5.598,5.614,5.63,5.648,5.67,5.695,5.721,5.748,5.778,5.811,5.847,5.884,5.923,5.965,6.009,6.057,6.104,6.152,6.201,6.25,6.299,6.345,6.386,6.43,6.48,6.531,6.578,6.629,6.648,6.618,6.56,6.499,6.423,6.389,6.427,6.504,6.567,6.633,6.642,6.56,6.419,6.279,6.122,5.995,5.928,5.891,5.83,5.754,5.645,5.486,5.287,5.081,4.87,4.611,4.288,3.926,3.544,3.188,2.868,2.525,2.158,1.839,1.656,1.442,1.14,0.749,0.58,0.418,0.227
MNE,2078,4.746,4.763,4.784,4.815,4.838,4.864,4.891,4.922,4.953,4.986,5.019,5.056,5.091,5.128,5.166,5.201,5.234,5.266,5.297,5.328,5.357,5.381,5.402,5.423,5.443,5.462,5.481,5.499,5.518,5.536,5.553,5.569,5.584,5.6,5.617,5.637,5.659,5.684,5.71,5.738,5.768,5.802,5.838,5.875,5.914,5.956,6,6.047,6.095,6.141,6.189,6.237,6.285,6.33,6.369,6.412,6.46,6.508,6.554,6.603,6.618,6.587,6.526,6.464,6.384,6.347,6.38,6.452,6.509,6.569,6.571,6.484,6.337,6.19,6.025,5.889,5.807,5.754,5.676,5.584,5.456,5.276,5.056,4.829,4.598,4.321,3.985,3.61,3.212,2.858,2.555,2.21,1.822,1.522,1.367,1.178,0.918,0.586,0.44,0.238
MNE,2079,4.716,4.734,4.755,4.778,4.807,4.832,4.86,4.889,4.92,4.951,4.983,5.017,5.052,5.088,5.124,5.16,5.195,5.226,5.256,5.285,5.315,5.34,5.363,5.384,5.404,5.423,5.442,5.461,5.481,5.499,5.518,5.537,5.553,5.569,5.585,5.603,5.623,5.647,5.672,5.699,5.726,5.758,5.791,5.828,5.866,5.904,5.946,5.99,6.037,6.083,6.13,6.177,6.224,6.27,6.313,6.351,6.392,6.438,6.486,6.529,6.575,6.59,6.556,6.492,6.427,6.344,6.304,6.332,6.4,6.451,6.503,6.5,6.406,6.254,6.1,5.928,5.781,5.685,5.616,5.521,5.413,5.267,5.067,4.824,4.577,4.326,4.031,3.68,3.295,2.879,2.527,2.242,1.894,1.485,1.204,1.077,0.914,0.695,0.422,0.248
MNE,2080,4.683,4.703,4.724,4.747,4.772,4.797,4.825,4.854,4.884,4.916,4.947,4.98,5.013,5.048,5.083,5.119,5.154,5.187,5.217,5.244,5.272,5.299,5.323,5.345,5.365,5.384,5.402,5.42,5.44,5.459,5.479,5.499,5.517,5.535,5.552,5.57,5.588,5.609,5.633,5.659,5.685,5.714,5.745,5.779,5.816,5.854,5.893,5.934,5.979,6.024,6.071,6.117,6.163,6.209,6.254,6.295,6.331,6.37,6.416,6.461,6.502,6.546,6.558,6.522,6.456,6.388,6.303,6.259,6.283,6.345,6.391,6.437,6.426,6.327,6.168,6.008,5.828,5.672,5.563,5.477,5.366,5.241,5.077,4.855,4.591,4.322,4.052,3.74,3.375,2.977,2.545,2.195,1.927,1.579,1.148,0.885,0.787,0.65,0.473,0.258
MNE,2081,4.656,4.679,4.699,4.721,4.745,4.77,4.797,4.824,4.853,4.883,4.914,4.945,4.976,5.008,5.041,5.074,5.108,5.141,5.172,5.201,5.229,5.255,5.281,5.306,5.327,5.348,5.367,5.386,5.405,5.426,5.446,5.467,5.488,5.507,5.525,5.542,5.56,5.58,5.601,5.624,5.65,5.678,5.707,5.738,5.772,5.808,5.846,5.884,5.925,5.968,6.013,6.058,6.103,6.147,6.191,6.235,6.275,6.31,6.346,6.388,6.432,6.47,6.511,6.519,6.479,6.411,6.339,6.249,6.199,6.217,6.271,6.308,6.344,6.324,6.213,6.042,5.869,5.676,5.504,5.376,5.268,5.137,4.994,4.81,4.569,4.285,3.994,3.721,3.418,3.049,2.632,2.222,1.92,1.677,1.363,0.976,0.799,0.661,0.483,0.266
MNE,2082,4.627,4.646,4.673,4.695,4.718,4.743,4.768,4.795,4.823,4.852,4.881,4.912,4.941,4.972,5.003,5.035,5.066,5.097,5.129,5.158,5.186,5.212,5.238,5.263,5.288,5.309,5.33,5.351,5.37,5.391,5.411,5.432,5.454,5.475,5.496,5.514,5.532,5.551,5.571,5.593,5.617,5.643,5.671,5.699,5.73,5.764,5.8,5.837,5.875,5.915,5.958,6.001,6.045,6.088,6.131,6.174,6.216,6.254,6.287,6.322,6.362,6.402,6.437,6.474,6.48,6.438,6.366,6.289,6.195,6.14,6.151,6.197,6.225,6.253,6.22,6.099,5.916,5.73,5.524,5.337,5.188,5.06,4.908,4.746,4.543,4.282,3.98,3.665,3.389,3.095,2.723,2.286,1.899,1.645,1.427,1.146,0.804,0.664,0.486,0.271
MNE,2083,4.597,4.617,4.64,4.667,4.69,4.714,4.739,4.766,4.794,4.822,4.85,4.879,4.908,4.938,4.968,4.998,5.027,5.057,5.086,5.115,5.143,5.17,5.195,5.22,5.245,5.268,5.291,5.312,5.333,5.354,5.375,5.396,5.418,5.44,5.463,5.484,5.503,5.521,5.541,5.561,5.583,5.608,5.634,5.662,5.69,5.722,5.755,5.791,5.828,5.865,5.905,5.946,5.989,6.03,6.072,6.114,6.155,6.196,6.232,6.263,6.296,6.334,6.372,6.404,6.437,6.44,6.394,6.319,6.238,6.141,6.08,6.083,6.122,6.142,6.158,6.116,5.983,5.788,5.589,5.371,5.168,5.001,4.849,4.677,4.497,4.275,3.994,3.672,3.336,3.057,2.77,2.395,1.939,1.576,1.369,1.175,0.929,0.632,0.487,0.276
MNE,2084,4.566,4.587,4.609,4.632,4.659,4.684,4.71,4.736,4.763,4.791,4.819,4.848,4.876,4.905,4.934,4.962,4.99,5.019,5.047,5.074,5.1,5.127,5.152,5.177,5.201,5.225,5.248,5.271,5.292,5.315,5.336,5.357,5.379,5.402,5.426,5.448,5.47,5.49,5.51,5.53,5.55,5.572,5.597,5.624,5.652,5.68,5.711,5.745,5.781,5.817,5.854,5.893,5.933,5.975,6.015,6.055,6.095,6.136,6.175,6.21,6.238,6.269,6.305,6.339,6.369,6.399,6.398,6.349,6.27,6.187,6.083,6.017,6.014,6.045,6.056,6.063,6.011,5.866,5.659,5.448,5.217,4.998,4.811,4.638,4.446,4.247,4.007,3.706,3.366,3.005,2.724,2.447,2.068,1.592,1.253,1.093,0.924,0.713,0.459,0.281
MNE,2085,4.533,4.554,4.577,4.6,4.625,4.651,4.676,4.703,4.731,4.758,4.787,4.815,4.843,4.871,4.899,4.928,4.955,4.982,5.008,5.034,5.059,5.084,5.109,5.133,5.156,5.18,5.203,5.226,5.249,5.272,5.293,5.316,5.338,5.361,5.385,5.409,5.433,5.456,5.476,5.496,5.516,5.537,5.559,5.585,5.612,5.64,5.669,5.699,5.733,5.768,5.805,5.841,5.879,5.918,5.958,5.998,6.037,6.075,6.113,6.151,6.184,6.212,6.24,6.274,6.306,6.332,6.359,6.354,6.302,6.22,6.133,6.026,5.954,5.944,5.967,5.969,5.967,5.904,5.748,5.529,5.304,5.061,4.826,4.621,4.427,4.214,3.997,3.737,3.416,3.057,2.674,2.391,2.122,1.74,1.245,0.928,0.817,0.672,0.496,0.286
MNE,2086,4.502,4.528,4.55,4.574,4.598,4.624,4.649,4.676,4.702,4.729,4.756,4.783,4.811,4.838,4.865,4.891,4.916,4.943,4.968,4.994,5.018,5.043,5.067,5.091,5.115,5.14,5.164,5.187,5.212,5.235,5.258,5.281,5.304,5.328,5.351,5.375,5.399,5.425,5.447,5.469,5.489,5.509,5.53,5.552,5.578,5.604,5.632,5.661,5.691,5.723,5.758,5.793,5.828,5.865,5.903,5.942,5.979,6.017,6.053,6.09,6.125,6.156,6.18,6.206,6.236,6.264,6.286,6.307,6.298,6.24,6.154,6.059,5.945,5.865,5.843,5.85,5.837,5.818,5.739,5.567,5.331,5.091,4.834,4.584,4.358,4.142,3.907,3.685,3.426,3.096,2.714,2.346,2.097,1.851,1.505,1.062,0.833,0.686,0.507,0.294
MNE,2087,4.471,4.494,4.522,4.546,4.571,4.596,4.622,4.648,4.674,4.701,4.728,4.754,4.781,4.808,4.833,4.858,4.882,4.906,4.93,4.953,4.978,5.002,5.025,5.049,5.072,5.097,5.122,5.146,5.171,5.196,5.22,5.245,5.268,5.292,5.317,5.341,5.366,5.39,5.415,5.439,5.46,5.48,5.5,5.522,5.545,5.57,5.596,5.624,5.652,5.681,5.714,5.747,5.781,5.814,5.85,5.887,5.925,5.961,5.996,6.031,6.066,6.099,6.127,6.148,6.171,6.197,6.222,6.24,6.256,6.24,6.179,6.086,5.986,5.866,5.776,5.741,5.733,5.703,5.67,5.574,5.386,5.135,4.878,4.607,4.34,4.095,3.858,3.598,3.373,3.115,2.775,2.37,2.017,1.803,1.58,1.271,0.879,0.704,0.521,0.301
MNE,2088,4.44,4.463,4.487,4.517,4.541,4.567,4.593,4.62,4.646,4.673,4.7,4.726,4.752,4.777,4.803,4.827,4.85,4.873,4.895,4.916,4.939,4.961,4.984,5.007,5.03,5.054,5.079,5.104,5.13,5.155,5.18,5.206,5.23,5.255,5.28,5.304,5.329,5.355,5.38,5.406,5.43,5.451,5.472,5.493,5.513,5.536,5.561,5.588,5.615,5.642,5.672,5.703,5.735,5.768,5.8,5.834,5.87,5.906,5.942,5.975,6.008,6.041,6.071,6.098,6.116,6.136,6.158,6.179,6.192,6.203,6.182,6.116,6.018,5.912,5.786,5.686,5.638,5.615,5.57,5.52,5.408,5.204,4.936,4.665,4.379,4.096,3.831,3.573,3.289,3.061,2.802,2.454,2.025,1.688,1.508,1.308,1.036,0.694,0.537,0.309
MNE,2089,4.406,4.43,4.455,4.48,4.509,4.536,4.562,4.589,4.616,4.643,4.67,4.697,4.723,4.748,4.773,4.798,4.821,4.842,4.862,4.883,4.902,4.922,4.944,4.966,4.988,5.011,5.034,5.059,5.085,5.11,5.137,5.163,5.19,5.215,5.241,5.266,5.292,5.318,5.343,5.369,5.395,5.419,5.441,5.461,5.483,5.504,5.527,5.552,5.579,5.605,5.632,5.661,5.691,5.722,5.754,5.785,5.818,5.853,5.887,5.921,5.953,5.984,6.015,6.043,6.066,6.082,6.099,6.118,6.135,6.143,6.149,6.124,6.051,5.949,5.837,5.703,5.595,5.535,5.496,5.436,5.37,5.241,5.021,4.737,4.45,4.151,3.852,3.566,3.286,2.98,2.748,2.49,2.132,1.681,1.359,1.213,1.035,0.801,0.51,0.318
MNE,2090,4.371,4.396,4.421,4.447,4.474,4.501,4.528,4.556,4.584,4.611,4.639,4.666,4.693,4.718,4.743,4.766,4.791,4.812,4.833,4.85,4.868,4.886,4.905,4.926,4.947,4.968,4.989,5.012,5.037,5.064,5.09,5.117,5.145,5.172,5.198,5.224,5.251,5.277,5.304,5.33,5.355,5.382,5.407,5.429,5.45,5.472,5.493,5.515,5.541,5.567,5.593,5.62,5.648,5.677,5.707,5.738,5.768,5.799,5.832,5.866,5.899,5.929,5.958,5.987,6.013,6.033,6.046,6.059,6.075,6.088,6.092,6.094,6.062,5.985,5.878,5.759,5.619,5.502,5.429,5.375,5.299,5.218,5.073,4.836,4.537,4.234,3.921,3.606,3.3,2.999,2.67,2.434,2.176,1.81,1.336,1.029,0.918,0.764,0.566,0.326
MNE,2091,4.342,4.367,4.392,4.419,4.445,4.472,4.5,4.528,4.555,4.583,4.61,4.637,4.662,4.689,4.712,4.735,4.756,4.779,4.799,4.817,4.835,4.852,4.869,4.887,4.908,4.929,4.952,4.973,4.998,5.023,5.051,5.078,5.106,5.134,5.161,5.188,5.216,5.242,5.269,5.296,5.322,5.349,5.376,5.4,5.423,5.443,5.464,5.485,5.508,5.532,5.558,5.582,5.608,5.635,5.663,5.692,5.722,5.75,5.78,5.812,5.843,5.873,5.901,5.928,5.953,5.976,5.993,6.002,6.01,6.02,6.027,6.024,6.017,5.977,5.891,5.771,5.642,5.491,5.359,5.267,5.191,5.095,4.993,4.83,4.575,4.26,3.938,3.622,3.317,3.001,2.672,2.353,2.142,1.904,1.571,1.141,0.933,0.778,0.578,0.334
MNE,2092,4.311,4.336,4.363,4.389,4.416,4.443,4.471,4.499,4.527,4.555,4.582,4.608,4.634,4.66,4.683,4.706,4.726,4.746,4.766,4.785,4.802,4.819,4.835,4.851,4.869,4.89,4.913,4.936,4.959,4.983,5.01,5.037,5.066,5.095,5.124,5.151,5.179,5.207,5.234,5.262,5.288,5.315,5.341,5.369,5.393,5.416,5.436,5.458,5.478,5.499,5.523,5.547,5.572,5.596,5.622,5.65,5.677,5.706,5.733,5.76,5.79,5.821,5.848,5.873,5.896,5.919,5.939,5.952,5.956,5.959,5.964,5.965,5.955,5.941,5.892,5.795,5.664,5.524,5.36,5.213,5.103,5.007,4.89,4.769,4.586,4.315,3.984,3.642,3.323,3.028,2.702,2.345,2.036,1.849,1.632,1.331,0.946,0.789,0.587,0.341
MNE,2093,4.281,4.304,4.329,4.357,4.384,4.412,4.44,4.468,4.497,4.526,4.553,4.58,4.605,4.63,4.655,4.678,4.698,4.716,4.735,4.752,4.769,4.786,4.801,4.817,4.833,4.851,4.872,4.895,4.918,4.942,4.967,4.994,5.024,5.053,5.083,5.112,5.14,5.168,5.197,5.225,5.252,5.28,5.307,5.334,5.36,5.386,5.407,5.428,5.449,5.469,5.491,5.514,5.537,5.561,5.584,5.608,5.634,5.661,5.687,5.713,5.74,5.768,5.796,5.822,5.844,5.865,5.885,5.902,5.91,5.91,5.908,5.908,5.902,5.885,5.863,5.805,5.698,5.557,5.404,5.23,5.069,4.939,4.821,4.684,4.544,4.343,4.053,3.707,3.344,3.023,2.737,2.402,2.016,1.718,1.557,1.359,1.091,0.751,0.594,0.347
MNE,2094,4.25,4.272,4.296,4.322,4.351,4.378,4.407,4.436,4.464,4.493,4.522,4.55,4.576,4.601,4.626,4.649,4.671,4.689,4.706,4.722,4.738,4.754,4.769,4.783,4.798,4.813,4.831,4.852,4.875,4.899,4.924,4.95,4.978,5.008,5.038,5.069,5.099,5.128,5.156,5.185,5.214,5.242,5.27,5.297,5.324,5.351,5.375,5.398,5.419,5.439,5.459,5.48,5.502,5.525,5.547,5.569,5.592,5.617,5.644,5.668,5.692,5.718,5.744,5.77,5.794,5.813,5.831,5.847,5.861,5.867,5.862,5.855,5.849,5.837,5.814,5.783,5.717,5.6,5.448,5.284,5.098,4.922,4.773,4.634,4.477,4.317,4.097,3.79,3.429,3.045,2.722,2.446,2.101,1.687,1.401,1.263,1.085,0.85,0.556,0.354
MNE,2095,4.216,4.238,4.261,4.288,4.314,4.342,4.37,4.4,4.43,4.459,4.489,4.518,4.545,4.572,4.595,4.619,4.642,4.662,4.679,4.693,4.708,4.721,4.736,4.749,4.763,4.777,4.792,4.809,4.83,4.854,4.878,4.904,4.931,4.96,4.99,5.021,5.053,5.084,5.113,5.143,5.172,5.201,5.229,5.257,5.285,5.313,5.339,5.364,5.387,5.407,5.427,5.447,5.468,5.489,5.51,5.532,5.553,5.574,5.599,5.623,5.647,5.67,5.693,5.718,5.742,5.763,5.78,5.795,5.809,5.819,5.821,5.812,5.8,5.789,5.771,5.74,5.701,5.627,5.5,5.337,5.161,4.963,4.773,4.605,4.446,4.268,4.088,3.85,3.526,3.149,2.745,2.42,2.154,1.801,1.358,1.082,0.97,0.813,0.61,0.36
MNE,2096,4.187,4.211,4.234,4.259,4.286,4.313,4.341,4.37,4.4,4.429,4.458,4.487,4.514,4.541,4.566,4.587,4.609,4.63,4.649,4.664,4.678,4.692,4.705,4.718,4.732,4.746,4.761,4.776,4.795,4.816,4.841,4.867,4.893,4.921,4.951,4.981,5.013,5.045,5.076,5.107,5.137,5.165,5.195,5.223,5.252,5.279,5.306,5.333,5.358,5.378,5.398,5.418,5.437,5.456,5.476,5.497,5.517,5.537,5.557,5.579,5.603,5.625,5.646,5.666,5.688,5.709,5.727,5.74,5.751,5.76,5.765,5.761,5.745,5.725,5.702,5.671,5.628,5.576,5.487,5.345,5.166,4.975,4.763,4.556,4.367,4.182,3.979,3.794,3.552,3.216,2.813,2.423,2.138,1.893,1.567,1.163,0.981,0.822,0.617,0.367
MNE,2097,4.158,4.179,4.207,4.23,4.257,4.284,4.312,4.341,4.37,4.399,4.428,4.456,4.484,4.512,4.537,4.56,4.579,4.599,4.618,4.635,4.65,4.662,4.674,4.687,4.7,4.715,4.73,4.745,4.761,4.78,4.803,4.828,4.855,4.882,4.91,4.941,4.973,5.005,5.037,5.069,5.1,5.13,5.159,5.188,5.217,5.245,5.272,5.299,5.326,5.349,5.371,5.389,5.408,5.425,5.444,5.463,5.483,5.502,5.52,5.54,5.561,5.583,5.602,5.62,5.639,5.658,5.677,5.691,5.7,5.706,5.71,5.709,5.699,5.676,5.648,5.615,5.573,5.516,5.451,5.346,5.19,4.994,4.788,4.562,4.339,4.127,3.919,3.69,3.5,3.254,2.906,2.477,2.101,1.857,1.631,1.334,0.968,0.831,0.626,0.373
MNE,2098,4.129,4.148,4.171,4.201,4.226,4.253,4.281,4.31,4.339,4.368,4.398,4.426,4.454,4.481,4.508,4.531,4.552,4.57,4.587,4.604,4.62,4.634,4.645,4.657,4.669,4.682,4.696,4.712,4.728,4.745,4.764,4.788,4.814,4.842,4.869,4.899,4.93,4.962,4.995,5.028,5.06,5.091,5.121,5.151,5.18,5.209,5.237,5.265,5.291,5.318,5.341,5.362,5.38,5.397,5.414,5.431,5.45,5.468,5.486,5.503,5.521,5.54,5.56,5.578,5.594,5.611,5.627,5.643,5.653,5.657,5.66,5.659,5.653,5.636,5.607,5.571,5.527,5.472,5.404,5.324,5.206,5.033,4.822,4.6,4.361,4.12,3.887,3.655,3.4,3.204,2.955,2.596,2.14,1.778,1.573,1.368,1.101,0.774,0.632,0.378
MNE,2099,4.098,4.117,4.14,4.164,4.193,4.22,4.248,4.277,4.306,4.336,4.366,4.395,4.423,4.449,4.476,4.502,4.524,4.543,4.56,4.575,4.59,4.604,4.616,4.627,4.638,4.649,4.662,4.676,4.692,4.709,4.727,4.748,4.771,4.799,4.826,4.856,4.887,4.918,4.95,4.984,5.017,5.05,5.081,5.111,5.141,5.171,5.2,5.228,5.255,5.282,5.308,5.331,5.35,5.367,5.384,5.4,5.416,5.434,5.452,5.469,5.484,5.501,5.518,5.537,5.553,5.566,5.58,5.594,5.607,5.614,5.614,5.612,5.606,5.596,5.572,5.537,5.492,5.438,5.37,5.288,5.196,5.062,4.875,4.648,4.411,4.158,3.9,3.646,3.39,3.109,2.908,2.654,2.284,1.803,1.454,1.29,1.104,0.868,0.579,0.382
MNE,2100,4.066,4.086,4.107,4.132,4.157,4.184,4.212,4.241,4.271,4.301,4.331,4.36,4.389,4.418,4.443,4.469,4.494,4.516,4.533,4.547,4.56,4.573,4.585,4.596,4.606,4.617,4.628,4.639,4.654,4.671,4.689,4.707,4.728,4.753,4.781,4.81,4.84,4.871,4.903,4.936,4.97,5.004,5.038,5.069,5.1,5.13,5.16,5.188,5.217,5.244,5.27,5.296,5.318,5.337,5.354,5.369,5.384,5.399,5.416,5.432,5.448,5.463,5.478,5.494,5.511,5.525,5.536,5.546,5.558,5.568,5.572,5.568,5.561,5.552,5.535,5.506,5.464,5.41,5.346,5.266,5.171,5.064,4.917,4.714,4.472,4.22,3.954,3.679,3.402,3.123,2.816,2.611,2.354,1.972,1.465,1.13,1.006,0.841,0.634,0.383
