SUR,1950,8.899,8.024,7.28,6.656,6.141,5.723,5.392,5.136,4.944,4.805,4.715,4.672,4.624,4.544,4.445,4.369,4.313,4.233,4.113,3.97,3.828,3.68,3.56,3.488,3.443,3.395,3.362,3.274,3.098,2.872,2.66,2.436,2.292,2.276,2.34,2.39,2.452,2.468,2.404,2.288,2.188,2.096,2,1.904,1.812,1.716,1.61,1.546,1.546,1.584,1.618,1.661,1.661,1.589,1.472,1.364,1.254,1.166,1.118,1.096,1.069,1.045,1.013,0.965,0.909,0.857,0.804,0.772,0.772,0.792,0.807,0.822,0.822,0.796,0.753,0.711,0.671,0.617,0.543,0.457,0.373,0.284,0.216,0.178,0.162,0.144,0.129,0.114,0.095,0.074,0.056,0.044,0.036,0.028,0.018,0.012,0.01,0.008,0.005,0.003
SUR,1951,8.893,8.726,7.933,7.247,6.663,6.17,5.761,5.424,5.159,4.961,4.818,4.716,4.657,4.597,4.514,4.418,4.342,4.287,4.209,4.097,3.964,3.833,3.695,3.582,3.512,3.464,3.414,3.376,3.286,3.111,2.888,2.677,2.456,2.309,2.283,2.333,2.372,2.419,2.428,2.371,2.268,2.181,2.102,2.015,1.922,1.827,1.731,1.625,1.558,1.549,1.575,1.595,1.623,1.616,1.552,1.451,1.358,1.264,1.183,1.129,1.092,1.051,1.013,0.971,0.921,0.868,0.819,0.767,0.736,0.737,0.758,0.774,0.792,0.791,0.758,0.703,0.651,0.601,0.543,0.475,0.401,0.328,0.253,0.194,0.159,0.143,0.125,0.111,0.098,0.081,0.063,0.048,0.038,0.031,0.024,0.015,0.009,0.007,0.005,0.003
SUR,1952,9.036,8.487,8.534,7.823,7.2,6.656,6.188,5.787,5.445,5.171,4.968,4.82,4.709,4.634,4.562,4.475,4.381,4.307,4.251,4.177,4.073,3.949,3.829,3.703,3.598,3.529,3.478,3.425,3.385,3.293,3.119,2.898,2.689,2.47,2.322,2.287,2.323,2.348,2.381,2.384,2.333,2.245,2.171,2.103,2.025,1.936,1.84,1.742,1.639,1.568,1.548,1.561,1.569,1.581,1.568,1.512,1.428,1.35,1.272,1.199,1.138,1.085,1.03,0.979,0.928,0.876,0.826,0.778,0.728,0.698,0.7,0.721,0.738,0.759,0.757,0.717,0.652,0.591,0.53,0.468,0.406,0.345,0.283,0.219,0.169,0.139,0.123,0.106,0.094,0.082,0.067,0.051,0.038,0.03,0.025,0.019,0.012,0.007,0.005,0.003
SUR,1953,9.312,8.839,8.377,8.315,7.69,7.128,6.629,6.187,5.796,5.449,5.167,4.96,4.809,4.687,4.595,4.512,4.423,4.331,4.259,4.203,4.132,4.036,3.923,3.814,3.7,3.602,3.534,3.481,3.426,3.382,3.289,3.117,2.899,2.693,2.478,2.328,2.283,2.305,2.317,2.335,2.332,2.287,2.214,2.152,2.098,2.031,1.943,1.846,1.75,1.647,1.573,1.544,1.543,1.538,1.535,1.515,1.467,1.4,1.337,1.276,1.21,1.143,1.074,1.007,0.94,0.879,0.826,0.78,0.735,0.686,0.658,0.662,0.682,0.701,0.724,0.721,0.674,0.599,0.529,0.458,0.392,0.335,0.288,0.238,0.187,0.145,0.118,0.102,0.087,0.076,0.066,0.053,0.04,0.029,0.023,0.019,0.015,0.009,0.005,0.003
SUR,1954,9.706,9.254,8.799,8.346,8.074,7.537,7.04,6.584,6.168,5.789,5.438,5.151,4.939,4.785,4.653,4.545,4.451,4.359,4.27,4.2,4.144,4.077,3.989,3.887,3.788,3.686,3.597,3.531,3.476,3.418,3.371,3.277,3.106,2.893,2.69,2.479,2.328,2.274,2.282,2.281,2.283,2.274,2.235,2.177,2.129,2.088,2.03,1.947,1.848,1.752,1.65,1.574,1.535,1.522,1.503,1.484,1.459,1.418,1.368,1.32,1.276,1.219,1.146,1.061,0.981,0.9,0.83,0.775,0.733,0.689,0.643,0.617,0.621,0.642,0.663,0.688,0.684,0.629,0.544,0.465,0.385,0.315,0.265,0.23,0.191,0.152,0.121,0.098,0.081,0.067,0.057,0.049,0.039,0.027,0.019,0.015,0.013,0.009,0.006,0.003
SUR,1955,10.199,9.719,9.237,8.759,8.287,7.824,7.375,6.942,6.53,6.142,5.775,5.422,5.127,4.912,4.756,4.613,4.49,4.384,4.29,4.205,4.136,4.08,4.016,3.936,3.846,3.758,3.668,3.587,3.523,3.466,3.406,3.356,3.26,3.092,2.883,2.683,2.477,2.325,2.261,2.255,2.24,2.229,2.213,2.181,2.138,2.102,2.075,2.027,1.947,1.848,1.752,1.653,1.573,1.525,1.498,1.466,1.432,1.4,1.368,1.334,1.301,1.274,1.226,1.146,1.047,0.953,0.859,0.779,0.723,0.685,0.644,0.599,0.575,0.581,0.602,0.623,0.652,0.646,0.585,0.491,0.402,0.311,0.237,0.194,0.17,0.145,0.118,0.096,0.077,0.061,0.047,0.039,0.032,0.025,0.015,0.01,0.009,0.007,0.005,0.003
SUR,1956,10.82,10.12,9.634,9.154,8.682,8.219,7.772,7.345,6.923,6.503,6.095,5.711,5.342,5.04,4.829,4.685,4.555,4.442,4.348,4.265,4.19,4.131,4.086,4.028,3.944,3.841,3.743,3.641,3.549,3.475,3.406,3.336,3.275,3.175,3.011,2.812,2.623,2.427,2.286,2.235,2.241,2.24,2.246,2.232,2.183,2.11,2.047,1.986,1.924,1.858,1.791,1.724,1.654,1.591,1.54,1.497,1.452,1.406,1.361,1.316,1.27,1.226,1.182,1.131,1.067,0.996,0.927,0.86,0.796,0.737,0.682,0.628,0.569,0.533,0.529,0.544,0.557,0.578,0.569,0.515,0.431,0.354,0.276,0.212,0.173,0.151,0.126,0.102,0.083,0.066,0.051,0.04,0.033,0.027,0.021,0.013,0.008,0.007,0.005,0.003
SUR,1957,11.461,10.834,10.03,9.539,9.06,8.596,8.144,7.713,7.308,6.897,6.469,6.042,5.643,5.257,4.947,4.741,4.612,4.492,4.391,4.308,4.236,4.172,4.122,4.089,4.036,3.946,3.833,3.724,3.612,3.509,3.422,3.343,3.264,3.191,3.085,2.927,2.74,2.56,2.373,2.243,2.206,2.225,2.237,2.26,2.249,2.182,2.079,1.988,1.896,1.819,1.768,1.733,1.693,1.654,1.609,1.554,1.494,1.436,1.379,1.32,1.263,1.205,1.147,1.088,1.034,0.986,0.942,0.899,0.861,0.813,0.75,0.679,0.611,0.538,0.49,0.477,0.486,0.491,0.503,0.492,0.443,0.371,0.306,0.24,0.186,0.151,0.131,0.107,0.085,0.069,0.054,0.042,0.032,0.027,0.021,0.017,0.01,0.006,0.004,0.002
SUR,1958,12.076,11.37,10.711,9.938,9.441,8.964,8.507,8.067,7.651,7.268,6.87,6.434,5.988,5.573,5.17,4.853,4.653,4.536,4.429,4.337,4.267,4.205,4.151,4.113,4.091,4.042,3.947,3.822,3.703,3.582,3.467,3.37,3.28,3.189,3.106,2.996,2.842,2.666,2.497,2.32,2.202,2.176,2.208,2.234,2.272,2.267,2.182,2.049,1.929,1.806,1.714,1.678,1.674,1.662,1.652,1.625,1.568,1.491,1.419,1.35,1.279,1.21,1.139,1.07,0.994,0.937,0.905,0.889,0.872,0.861,0.83,0.763,0.676,0.594,0.508,0.446,0.424,0.428,0.426,0.428,0.415,0.372,0.312,0.258,0.205,0.16,0.13,0.11,0.088,0.069,0.056,0.044,0.032,0.025,0.021,0.017,0.012,0.008,0.004,0.002
SUR,1959,12.612,11.853,11.155,10.512,9.848,9.345,8.871,8.42,7.991,7.591,7.23,6.843,6.4,5.935,5.503,5.086,4.759,4.564,4.462,4.366,4.287,4.227,4.177,4.133,4.105,4.094,4.05,3.95,3.814,3.685,3.552,3.426,3.317,3.217,3.116,3.022,2.907,2.758,2.593,2.435,2.267,2.16,2.147,2.192,2.231,2.286,2.283,2.181,2.018,1.87,1.716,1.61,1.588,1.616,1.633,1.653,1.643,1.582,1.488,1.403,1.323,1.239,1.156,1.075,0.991,0.902,0.84,0.825,0.836,0.845,0.862,0.846,0.775,0.672,0.576,0.477,0.404,0.373,0.369,0.361,0.354,0.338,0.301,0.253,0.21,0.17,0.134,0.108,0.09,0.069,0.051,0.041,0.033,0.023,0.017,0.014,0.011,0.008,0.005,0.002
SUR,1960,13.02,12.256,11.553,10.906,10.311,9.762,9.254,8.78,8.337,7.918,7.534,7.196,6.819,6.368,5.884,5.437,5.003,4.668,4.479,4.389,4.305,4.236,4.187,4.149,4.116,4.098,4.098,4.058,3.954,3.807,3.667,3.523,3.387,3.267,3.157,3.044,2.938,2.819,2.675,2.522,2.372,2.215,2.119,2.119,2.176,2.229,2.3,2.3,2.18,1.989,1.812,1.626,1.506,1.498,1.558,1.603,1.653,1.661,1.597,1.486,1.388,1.295,1.199,1.103,1.01,0.914,0.808,0.744,0.744,0.784,0.818,0.863,0.863,0.789,0.669,0.56,0.447,0.361,0.321,0.311,0.295,0.28,0.261,0.23,0.193,0.162,0.133,0.108,0.087,0.07,0.05,0.035,0.028,0.021,0.013,0.009,0.008,0.006,0.004,0.002
SUR,1961,13.23,12.699,12.001,11.346,10.732,10.157,9.615,9.104,8.626,8.182,7.763,7.375,7.028,6.652,6.221,5.769,5.351,4.947,4.635,4.46,4.378,4.303,4.244,4.197,4.149,4.101,4.069,4.051,4.001,3.898,3.76,3.626,3.49,3.359,3.243,3.136,3.028,2.925,2.807,2.659,2.499,2.344,2.18,2.078,2.07,2.12,2.164,2.226,2.223,2.115,1.942,1.785,1.619,1.509,1.492,1.533,1.56,1.59,1.588,1.528,1.431,1.344,1.261,1.174,1.084,0.995,0.904,0.805,0.74,0.728,0.748,0.765,0.79,0.781,0.711,0.605,0.508,0.409,0.332,0.295,0.282,0.264,0.248,0.229,0.201,0.169,0.14,0.115,0.093,0.074,0.058,0.042,0.03,0.024,0.017,0.011,0.008,0.006,0.004,0.002
SUR,1962,13.297,12.691,12.397,11.764,11.156,10.574,10.016,9.482,8.967,8.485,8.037,7.62,7.227,6.869,6.495,6.085,5.663,5.274,4.897,4.609,4.448,4.374,4.306,4.257,4.212,4.156,4.093,4.045,4.011,3.95,3.848,3.718,3.591,3.46,3.335,3.224,3.119,3.015,2.918,2.799,2.648,2.48,2.319,2.149,2.04,2.024,2.065,2.101,2.152,2.149,2.052,1.899,1.76,1.615,1.514,1.489,1.51,1.519,1.531,1.517,1.461,1.378,1.301,1.229,1.151,1.067,0.982,0.895,0.802,0.737,0.712,0.714,0.713,0.719,0.698,0.634,0.542,0.458,0.372,0.305,0.269,0.253,0.234,0.218,0.199,0.173,0.143,0.118,0.096,0.078,0.062,0.047,0.034,0.024,0.019,0.015,0.009,0.006,0.004,0.002
SUR,1963,13.263,12.797,12.321,12.113,11.545,10.984,10.432,9.892,9.363,8.844,8.356,7.907,7.488,7.089,6.72,6.348,5.956,5.566,5.203,4.855,4.589,4.442,4.376,4.318,4.276,4.234,4.169,4.091,4.028,3.976,3.906,3.804,3.682,3.561,3.436,3.316,3.209,3.108,3.007,2.913,2.796,2.64,2.465,2.297,2.121,2.005,1.981,2.014,2.043,2.084,2.079,1.993,1.859,1.738,1.613,1.521,1.487,1.488,1.48,1.473,1.45,1.398,1.328,1.262,1.199,1.13,1.051,0.97,0.888,0.801,0.734,0.698,0.681,0.663,0.649,0.619,0.558,0.48,0.408,0.336,0.278,0.244,0.225,0.204,0.187,0.168,0.145,0.119,0.096,0.078,0.063,0.05,0.037,0.026,0.019,0.015,0.011,0.007,0.004,0.002
SUR,1964,13.183,12.866,12.506,12.109,11.847,11.342,10.826,10.305,9.781,9.258,8.734,8.239,7.786,7.367,6.963,6.583,6.21,5.837,5.476,5.141,4.82,4.576,4.443,4.385,4.334,4.303,4.261,4.189,4.094,4.016,3.947,3.866,3.765,3.651,3.537,3.417,3.303,3.2,3.101,3.003,2.913,2.796,2.636,2.454,2.279,2.097,1.973,1.941,1.966,1.986,2.018,2.012,1.937,1.822,1.717,1.613,1.531,1.487,1.469,1.444,1.417,1.384,1.336,1.278,1.223,1.17,1.11,1.038,0.959,0.881,0.8,0.733,0.684,0.649,0.612,0.58,0.539,0.482,0.419,0.359,0.3,0.251,0.219,0.197,0.176,0.156,0.138,0.117,0.095,0.075,0.06,0.048,0.037,0.026,0.017,0.013,0.011,0.007,0.004,0.002
SUR,1965,13.097,12.916,12.667,12.358,11.998,11.592,11.15,10.679,10.187,9.68,9.163,8.633,8.131,7.674,7.253,6.842,6.45,6.078,5.723,5.392,5.084,4.789,4.568,4.448,4.398,4.355,4.333,4.293,4.211,4.102,4.009,3.923,3.83,3.73,3.624,3.515,3.402,3.293,3.193,3.097,3.003,2.916,2.799,2.635,2.445,2.263,2.074,1.942,1.903,1.92,1.932,1.954,1.946,1.882,1.785,1.7,1.615,1.542,1.49,1.451,1.408,1.363,1.319,1.275,1.23,1.186,1.143,1.091,1.025,0.949,0.876,0.801,0.731,0.671,0.617,0.563,0.511,0.459,0.408,0.358,0.31,0.264,0.225,0.194,0.169,0.146,0.126,0.107,0.088,0.07,0.053,0.04,0.034,0.025,0.015,0.009,0.007,0.006,0.004,0.002
SUR,1966,13.006,13.063,12.89,12.65,12.349,11.994,11.593,11.154,10.683,10.184,9.669,9.14,8.601,8.086,7.61,7.168,6.737,6.324,5.937,5.581,5.255,4.954,4.665,4.453,4.342,4.3,4.268,4.258,4.228,4.153,4.049,3.96,3.878,3.79,3.693,3.588,3.481,3.37,3.262,3.164,3.07,2.976,2.89,2.775,2.612,2.424,2.243,2.056,1.926,1.885,1.9,1.909,1.928,1.918,1.854,1.758,1.673,1.589,1.516,1.463,1.421,1.376,1.328,1.282,1.238,1.191,1.146,1.103,1.05,0.983,0.908,0.834,0.76,0.69,0.629,0.574,0.519,0.464,0.414,0.365,0.32,0.277,0.236,0.202,0.172,0.149,0.127,0.109,0.093,0.076,0.06,0.045,0.034,0.029,0.021,0.012,0.007,0.006,0.004,0.002
SUR,1967,12.914,12.951,13.047,12.884,12.652,12.358,12.007,11.61,11.174,10.7,10.195,9.669,9.131,8.582,8.052,7.557,7.093,6.64,6.206,5.805,5.445,5.127,4.83,4.548,4.343,4.241,4.209,4.188,4.188,4.169,4.1,4.001,3.917,3.84,3.755,3.661,3.559,3.453,3.343,3.236,3.14,3.047,2.954,2.869,2.754,2.593,2.407,2.228,2.043,1.912,1.87,1.882,1.888,1.904,1.892,1.829,1.733,1.648,1.564,1.491,1.436,1.393,1.344,1.296,1.247,1.201,1.154,1.108,1.064,1.01,0.943,0.867,0.793,0.719,0.65,0.587,0.53,0.474,0.419,0.368,0.323,0.282,0.244,0.209,0.178,0.152,0.13,0.109,0.092,0.078,0.063,0.049,0.037,0.028,0.023,0.017,0.01,0.007,0.005,0.002
SUR,1968,12.767,12.897,12.934,13.012,12.859,12.636,12.348,12.004,11.61,11.177,10.703,10.192,9.657,9.108,8.55,8.006,7.493,7.007,6.534,6.078,5.663,5.302,4.988,4.698,4.423,4.226,4.133,4.11,4.1,4.112,4.102,4.041,3.946,3.867,3.795,3.715,3.623,3.523,3.419,3.31,3.205,3.11,3.018,2.927,2.843,2.73,2.57,2.386,2.209,2.026,1.896,1.851,1.861,1.865,1.877,1.863,1.8,1.705,1.621,1.538,1.464,1.407,1.361,1.311,1.259,1.21,1.162,1.114,1.068,1.023,0.968,0.901,0.825,0.751,0.678,0.608,0.544,0.485,0.428,0.372,0.322,0.28,0.244,0.21,0.18,0.153,0.13,0.109,0.09,0.075,0.064,0.051,0.037,0.027,0.022,0.018,0.013,0.007,0.005,0.002
SUR,1969,12.502,12.727,12.855,12.891,12.916,12.773,12.56,12.281,11.943,11.555,11.127,10.655,10.141,9.599,9.043,8.478,7.923,7.393,6.888,6.396,5.92,5.495,5.132,4.826,4.543,4.276,4.088,4.005,3.992,3.992,4.016,4.017,3.962,3.873,3.799,3.732,3.656,3.568,3.471,3.369,3.262,3.159,3.066,2.976,2.887,2.803,2.691,2.535,2.353,2.179,1.999,1.87,1.824,1.832,1.832,1.842,1.827,1.763,1.669,1.586,1.504,1.431,1.373,1.324,1.272,1.218,1.167,1.118,1.07,1.022,0.976,0.922,0.855,0.778,0.705,0.633,0.563,0.498,0.439,0.38,0.323,0.274,0.235,0.204,0.176,0.151,0.128,0.107,0.088,0.071,0.057,0.048,0.038,0.026,0.019,0.016,0.012,0.009,0.005,0.002
SUR,1970,12.087,12.412,12.632,12.756,12.789,12.735,12.605,12.402,12.133,11.805,11.426,11.005,10.538,10.024,9.478,8.919,8.35,7.789,7.246,6.725,6.217,5.726,5.291,4.931,4.634,4.36,4.102,3.925,3.852,3.849,3.86,3.895,3.905,3.859,3.774,3.707,3.646,3.575,3.49,3.397,3.298,3.193,3.093,3.002,2.915,2.827,2.746,2.636,2.483,2.306,2.135,1.958,1.832,1.786,1.79,1.788,1.795,1.777,1.714,1.622,1.54,1.46,1.387,1.328,1.278,1.224,1.17,1.116,1.067,1.019,0.971,0.925,0.87,0.803,0.728,0.655,0.584,0.515,0.451,0.39,0.33,0.273,0.224,0.189,0.164,0.141,0.121,0.103,0.084,0.067,0.052,0.04,0.033,0.025,0.015,0.01,0.009,0.007,0.005,0.002
SUR,1971,11.791,12.195,12.474,12.646,12.721,12.706,12.606,12.428,12.18,11.87,11.505,11.092,10.645,10.147,9.598,9.018,8.43,7.834,7.271,6.768,6.313,5.87,5.447,5.073,4.76,4.501,4.264,4.047,3.898,3.834,3.828,3.835,3.864,3.864,3.807,3.712,3.631,3.553,3.47,3.386,3.297,3.202,3.104,3.005,2.905,2.805,2.706,2.612,2.499,2.357,2.199,2.047,1.889,1.776,1.734,1.737,1.735,1.741,1.722,1.659,1.566,1.483,1.402,1.328,1.273,1.228,1.18,1.13,1.08,1.031,0.981,0.931,0.885,0.826,0.75,0.665,0.581,0.499,0.425,0.37,0.326,0.283,0.243,0.207,0.176,0.15,0.126,0.106,0.089,0.073,0.057,0.044,0.034,0.028,0.021,0.013,0.009,0.007,0.005,0.002
SUR,1972,11.374,11.922,12.227,12.456,12.58,12.607,12.542,12.394,12.171,11.88,11.531,11.13,10.686,10.213,9.689,9.109,8.497,7.884,7.264,6.704,6.244,5.858,5.483,5.13,4.821,4.558,4.337,4.142,3.966,3.845,3.791,3.783,3.785,3.808,3.799,3.731,3.625,3.53,3.437,3.344,3.259,3.175,3.087,2.995,2.897,2.79,2.676,2.566,2.46,2.345,2.214,2.077,1.944,1.807,1.71,1.672,1.672,1.67,1.675,1.656,1.592,1.501,1.417,1.333,1.261,1.21,1.171,1.129,1.083,1.038,0.988,0.936,0.886,0.838,0.777,0.693,0.596,0.503,0.409,0.333,0.287,0.261,0.234,0.212,0.189,0.162,0.134,0.109,0.088,0.075,0.061,0.046,0.035,0.028,0.023,0.017,0.01,0.007,0.005,0.002
SUR,1973,10.882,11.527,12.03,12.21,12.39,12.465,12.443,12.33,12.136,11.867,11.534,11.147,10.712,10.238,9.743,9.194,8.585,7.946,7.31,6.668,6.113,5.698,5.382,5.076,4.795,4.551,4.338,4.158,4.003,3.87,3.777,3.734,3.723,3.721,3.737,3.719,3.641,3.525,3.417,3.307,3.205,3.119,3.042,2.959,2.874,2.778,2.664,2.538,2.417,2.3,2.182,2.062,1.947,1.834,1.718,1.635,1.603,1.601,1.598,1.603,1.583,1.519,1.428,1.345,1.259,1.188,1.141,1.109,1.072,1.033,0.99,0.942,0.888,0.836,0.789,0.724,0.632,0.526,0.423,0.317,0.239,0.203,0.195,0.184,0.18,0.17,0.147,0.118,0.092,0.072,0.061,0.049,0.035,0.027,0.021,0.017,0.013,0.008,0.005,0.002
SUR,1974,10.381,11.093,11.656,12.077,12.194,12.325,12.351,12.28,12.12,11.881,11.566,11.191,10.767,10.298,9.795,9.277,8.705,8.067,7.398,6.739,6.076,5.527,5.155,4.909,4.672,4.462,4.283,4.122,3.979,3.866,3.774,3.71,3.677,3.664,3.659,3.667,3.64,3.552,3.425,3.305,3.18,3.066,2.981,2.91,2.832,2.754,2.66,2.539,2.401,2.269,2.14,2.02,1.914,1.819,1.725,1.631,1.563,1.535,1.531,1.527,1.531,1.511,1.448,1.357,1.273,1.186,1.116,1.073,1.048,1.016,0.982,0.944,0.895,0.84,0.787,0.741,0.673,0.573,0.455,0.343,0.227,0.146,0.119,0.128,0.135,0.148,0.15,0.132,0.102,0.075,0.055,0.046,0.036,0.026,0.019,0.015,0.012,0.009,0.005,0.002
SUR,1975,9.926,10.666,11.257,11.708,12.027,12.223,12.305,12.282,12.163,11.955,11.668,11.308,10.89,10.427,9.922,9.389,8.846,8.247,7.578,6.879,6.196,5.507,4.962,4.633,4.456,4.286,4.147,4.032,3.92,3.815,3.744,3.693,3.657,3.634,3.618,3.609,3.611,3.575,3.475,3.338,3.205,3.063,2.941,2.854,2.789,2.716,2.646,2.553,2.423,2.273,2.13,1.989,1.866,1.771,1.698,1.624,1.549,1.496,1.472,1.465,1.461,1.466,1.445,1.381,1.291,1.207,1.119,1.049,1.01,0.991,0.965,0.936,0.901,0.853,0.795,0.741,0.695,0.623,0.516,0.388,0.266,0.139,0.053,0.036,0.063,0.087,0.117,0.132,0.119,0.086,0.059,0.039,0.032,0.024,0.015,0.01,0.009,0.007,0.005,0.002
SUR,1976,9.412,9.793,10.409,10.901,11.276,11.542,11.704,11.766,11.745,11.654,11.492,11.258,10.966,10.593,10.133,9.608,9.061,8.502,7.909,7.28,6.642,6.015,5.384,4.879,4.564,4.382,4.212,4.07,3.953,3.843,3.746,3.677,3.629,3.593,3.566,3.545,3.53,3.524,3.488,3.401,3.283,3.167,3.045,2.934,2.846,2.771,2.689,2.607,2.511,2.388,2.252,2.121,1.992,1.874,1.773,1.686,1.599,1.511,1.446,1.416,1.404,1.395,1.393,1.37,1.31,1.227,1.151,1.071,1.007,0.967,0.942,0.912,0.88,0.844,0.8,0.751,0.705,0.666,0.601,0.497,0.371,0.25,0.126,0.043,0.029,0.05,0.077,0.101,0.113,0.1,0.072,0.048,0.033,0.027,0.02,0.012,0.008,0.007,0.005,0.002
SUR,1977,8.937,9.621,9.694,10.187,10.583,10.885,11.101,11.228,11.269,11.251,11.188,11.07,10.889,10.662,10.333,9.875,9.328,8.766,8.19,7.599,7.008,6.429,5.856,5.28,4.814,4.511,4.325,4.151,4.006,3.887,3.779,3.689,3.623,3.577,3.542,3.511,3.484,3.463,3.449,3.413,3.339,3.238,3.14,3.038,2.939,2.848,2.762,2.671,2.579,2.477,2.362,2.238,2.119,2.002,1.889,1.78,1.678,1.578,1.477,1.402,1.363,1.348,1.333,1.326,1.301,1.244,1.168,1.098,1.028,0.969,0.928,0.898,0.864,0.826,0.789,0.752,0.71,0.672,0.639,0.581,0.48,0.355,0.237,0.114,0.033,0.022,0.038,0.069,0.087,0.095,0.082,0.059,0.039,0.026,0.022,0.016,0.01,0.007,0.005,0.003
SUR,1978,8.578,9.175,9.67,9.624,9.996,10.296,10.527,10.691,10.786,10.807,10.791,10.754,10.682,10.553,10.392,10.104,9.647,9.076,8.497,7.901,7.313,6.758,6.236,5.714,5.19,4.762,4.471,4.281,4.104,3.954,3.832,3.728,3.642,3.58,3.536,3.502,3.467,3.434,3.407,3.386,3.349,3.286,3.204,3.124,3.041,2.952,2.859,2.761,2.661,2.558,2.452,2.343,2.233,2.124,2.019,1.909,1.794,1.677,1.563,1.449,1.362,1.316,1.297,1.276,1.263,1.235,1.182,1.113,1.05,0.988,0.934,0.891,0.856,0.818,0.776,0.738,0.704,0.672,0.64,0.616,0.562,0.464,0.34,0.223,0.102,0.022,0.015,0.026,0.06,0.072,0.076,0.066,0.045,0.03,0.02,0.017,0.013,0.008,0.005,0.003
SUR,1979,8.428,8.877,9.258,9.576,9.567,9.818,10.023,10.182,10.296,10.356,10.358,10.344,10.335,10.307,10.23,10.134,9.888,9.431,8.835,8.239,7.623,7.035,6.516,6.05,5.579,5.108,4.718,4.439,4.242,4.062,3.907,3.783,3.682,3.601,3.542,3.501,3.466,3.427,3.387,3.355,3.326,3.289,3.238,3.174,3.111,3.046,2.969,2.873,2.766,2.655,2.54,2.429,2.327,2.23,2.131,2.037,1.932,1.809,1.677,1.55,1.422,1.324,1.27,1.246,1.22,1.201,1.171,1.122,1.059,1.003,0.949,0.9,0.855,0.815,0.773,0.727,0.687,0.658,0.633,0.609,0.591,0.545,0.449,0.327,0.211,0.091,0.012,0.007,0.012,0.052,0.058,0.058,0.049,0.033,0.021,0.016,0.013,0.009,0.006,0.003
SUR,1980,8.545,8.777,8.99,9.183,9.357,9.51,9.641,9.749,9.836,9.899,9.926,9.906,9.895,9.914,9.93,9.906,9.876,9.672,9.216,8.595,7.98,7.343,6.756,6.273,5.864,5.445,5.026,4.673,4.405,4.203,4.02,3.861,3.733,3.635,3.56,3.504,3.466,3.43,3.387,3.341,3.303,3.266,3.23,3.189,3.144,3.099,3.053,2.986,2.888,2.769,2.649,2.523,2.407,2.311,2.226,2.139,2.057,1.956,1.825,1.678,1.537,1.395,1.286,1.225,1.195,1.164,1.139,1.107,1.061,1.005,0.956,0.911,0.865,0.82,0.774,0.727,0.677,0.636,0.611,0.595,0.578,0.568,0.527,0.434,0.313,0.198,0.079,0.002,0,0,0.043,0.044,0.04,0.031,0.02,0.011,0.01,0.007,0.006,0.003
SUR,1981,8.948,8.43,8.588,8.754,8.923,9.091,9.257,9.423,9.549,9.614,9.635,9.631,9.585,9.557,9.578,9.606,9.594,9.577,9.389,8.952,8.353,7.761,7.15,6.587,6.129,5.744,5.349,4.955,4.62,4.365,4.171,3.995,3.843,3.719,3.622,3.546,3.488,3.448,3.41,3.367,3.321,3.282,3.245,3.207,3.166,3.121,3.073,3.027,2.959,2.859,2.741,2.62,2.493,2.376,2.279,2.194,2.104,2.021,1.919,1.788,1.642,1.503,1.362,1.251,1.188,1.158,1.125,1.097,1.065,1.016,0.96,0.909,0.862,0.817,0.77,0.724,0.678,0.628,0.588,0.562,0.543,0.524,0.512,0.472,0.388,0.278,0.169,0.066,0.003,0.002,0.002,0.036,0.037,0.033,0.027,0.017,0.01,0.008,0.006,0.003
SUR,1982,9.599,9.158,8.298,8.38,8.5,8.646,8.807,8.987,9.187,9.329,9.374,9.351,9.318,9.245,9.203,9.223,9.262,9.262,9.259,9.088,8.671,8.094,7.528,6.941,6.405,5.972,5.613,5.242,4.872,4.558,4.316,4.13,3.962,3.816,3.697,3.601,3.525,3.467,3.423,3.383,3.34,3.294,3.255,3.217,3.178,3.137,3.09,3.042,2.995,2.926,2.826,2.706,2.585,2.458,2.341,2.242,2.156,2.066,1.98,1.878,1.747,1.603,1.464,1.325,1.214,1.151,1.119,1.084,1.055,1.02,0.971,0.913,0.861,0.813,0.766,0.719,0.674,0.629,0.58,0.54,0.511,0.491,0.469,0.454,0.416,0.34,0.244,0.14,0.052,0.005,0.003,0.003,0.031,0.03,0.027,0.022,0.013,0.009,0.007,0.003
SUR,1983,10.358,9.556,8.956,8.172,8.179,8.253,8.375,8.531,8.723,8.958,9.116,9.14,9.076,9.011,8.913,8.855,8.876,8.926,8.938,8.948,8.795,8.398,7.843,7.3,6.739,6.228,5.821,5.486,5.14,4.793,4.499,4.271,4.092,3.932,3.792,3.676,3.582,3.506,3.446,3.401,3.359,3.314,3.269,3.23,3.192,3.152,3.109,3.062,3.012,2.964,2.895,2.795,2.674,2.553,2.425,2.306,2.208,2.12,2.028,1.942,1.838,1.708,1.565,1.427,1.289,1.179,1.114,1.08,1.043,1.013,0.976,0.926,0.866,0.814,0.764,0.716,0.669,0.624,0.579,0.532,0.492,0.462,0.439,0.415,0.397,0.361,0.294,0.21,0.112,0.039,0.006,0.005,0.005,0.024,0.024,0.022,0.017,0.01,0.007,0.004
SUR,1984,11.038,9.978,9.167,8.58,8.078,8.011,8.038,8.137,8.288,8.494,8.764,8.939,8.943,8.835,8.741,8.616,8.542,8.563,8.626,8.65,8.673,8.535,8.157,7.622,7.101,6.563,6.075,5.691,5.38,5.056,4.734,4.458,4.241,4.07,3.917,3.783,3.67,3.578,3.502,3.44,3.391,3.347,3.303,3.258,3.217,3.178,3.138,3.094,3.046,2.995,2.945,2.875,2.774,2.652,2.53,2.401,2.282,2.182,2.092,2,1.91,1.806,1.676,1.533,1.396,1.257,1.147,1.082,1.045,1.007,0.975,0.937,0.885,0.824,0.769,0.718,0.669,0.623,0.577,0.532,0.486,0.446,0.415,0.388,0.362,0.342,0.307,0.248,0.177,0.083,0.027,0.008,0.007,0.005,0.018,0.017,0.015,0.012,0.007,0.004
SUR,1985,11.506,10.352,9.453,8.785,8.318,8.026,7.885,7.866,7.942,8.087,8.31,8.616,8.809,8.791,8.641,8.514,8.364,8.273,8.295,8.371,8.406,8.442,8.32,7.958,7.441,6.939,6.421,5.954,5.592,5.303,5.001,4.699,4.44,4.235,4.07,3.923,3.794,3.685,3.593,3.515,3.452,3.401,3.354,3.308,3.264,3.221,3.182,3.14,3.095,3.045,2.994,2.943,2.871,2.768,2.644,2.521,2.391,2.27,2.167,2.076,1.981,1.889,1.783,1.652,1.509,1.371,1.233,1.123,1.055,1.016,0.977,0.942,0.902,0.847,0.785,0.729,0.677,0.626,0.578,0.532,0.488,0.443,0.402,0.369,0.34,0.312,0.288,0.255,0.204,0.145,0.055,0.013,0.01,0.007,0.007,0.012,0.011,0.009,0.007,0.004
SUR,1986,11.467,11.153,10.172,9.385,8.775,8.326,8.012,7.806,7.739,7.815,7.989,8.219,8.523,8.712,8.692,8.539,8.409,8.254,8.161,8.182,8.256,8.292,8.328,8.208,7.851,7.341,6.846,6.335,5.876,5.52,5.237,4.939,4.644,4.389,4.186,4.024,3.878,3.751,3.643,3.551,3.473,3.41,3.357,3.31,3.264,3.219,3.176,3.135,3.093,3.047,2.995,2.943,2.89,2.817,2.713,2.59,2.466,2.335,2.214,2.111,2.018,1.923,1.832,1.725,1.596,1.455,1.319,1.183,1.074,1.006,0.964,0.923,0.888,0.847,0.792,0.732,0.676,0.625,0.576,0.529,0.485,0.442,0.398,0.36,0.327,0.299,0.273,0.253,0.222,0.176,0.121,0.045,0.012,0.009,0.007,0.006,0.009,0.008,0.006,0.003
SUR,1987,11.226,10.495,10.882,10.065,9.382,8.828,8.393,8.053,7.782,7.668,7.746,7.949,8.188,8.49,8.678,8.654,8.497,8.363,8.205,8.108,8.127,8.201,8.237,8.273,8.155,7.8,7.293,6.802,6.294,5.839,5.487,5.207,4.913,4.62,4.369,4.168,4.006,3.862,3.735,3.627,3.535,3.457,3.393,3.339,3.291,3.243,3.197,3.154,3.112,3.067,3.02,2.968,2.913,2.859,2.784,2.679,2.554,2.429,2.296,2.174,2.07,1.976,1.88,1.787,1.68,1.552,1.411,1.276,1.142,1.033,0.963,0.921,0.878,0.839,0.797,0.744,0.684,0.63,0.579,0.531,0.484,0.441,0.399,0.356,0.319,0.289,0.262,0.236,0.218,0.192,0.151,0.098,0.036,0.01,0.007,0.005,0.005,0.006,0.005,0.003
SUR,1988,10.866,10.516,10.17,10.652,9.997,9.417,8.914,8.493,8.126,7.788,7.626,7.705,7.938,8.188,8.491,8.676,8.65,8.488,8.35,8.185,8.086,8.103,8.178,8.213,8.25,8.131,7.779,7.274,6.784,6.278,5.825,5.475,5.197,4.906,4.616,4.365,4.165,4.005,3.86,3.733,3.624,3.532,3.453,3.388,3.333,3.284,3.235,3.187,3.143,3.1,3.054,3.005,2.95,2.894,2.838,2.761,2.654,2.527,2.4,2.267,2.142,2.037,1.941,1.843,1.749,1.642,1.513,1.373,1.239,1.105,0.995,0.925,0.879,0.835,0.795,0.751,0.698,0.638,0.584,0.535,0.487,0.441,0.399,0.357,0.316,0.28,0.251,0.225,0.201,0.185,0.162,0.125,0.077,0.026,0.008,0.007,0.005,0.005,0.003,0.003
SUR,1989,10.527,10.531,10.439,10.266,10.419,9.928,9.451,9.001,8.593,8.199,7.793,7.583,7.664,7.927,8.187,8.49,8.676,8.645,8.478,8.334,8.166,8.062,8.079,8.154,8.189,8.226,8.109,7.756,7.253,6.766,6.262,5.81,5.463,5.187,4.898,4.611,4.362,4.163,4.003,3.858,3.73,3.622,3.529,3.45,3.382,3.327,3.276,3.227,3.178,3.132,3.087,3.041,2.99,2.934,2.876,2.818,2.739,2.629,2.502,2.372,2.237,2.11,2.003,1.906,1.807,1.711,1.602,1.474,1.335,1.201,1.067,0.959,0.886,0.839,0.792,0.75,0.705,0.651,0.592,0.539,0.49,0.443,0.398,0.356,0.315,0.276,0.241,0.213,0.188,0.164,0.152,0.132,0.098,0.055,0.018,0.007,0.005,0.004,0.003,0.002
SUR,1990,10.324,10.566,10.648,10.594,10.425,10.167,9.839,9.467,9.072,8.677,8.256,7.782,7.526,7.607,7.901,8.17,8.474,8.656,8.623,8.451,8.304,8.131,8.024,8.039,8.114,8.149,8.186,8.069,7.719,7.218,6.734,6.233,5.784,5.439,5.167,4.881,4.596,4.35,4.152,3.992,3.848,3.721,3.612,3.519,3.439,3.371,3.314,3.262,3.211,3.162,3.116,3.07,3.022,2.969,2.911,2.85,2.791,2.71,2.6,2.47,2.339,2.202,2.075,1.966,1.868,1.767,1.669,1.561,1.432,1.293,1.16,1.028,0.919,0.845,0.796,0.747,0.703,0.657,0.603,0.544,0.492,0.444,0.399,0.355,0.313,0.273,0.235,0.202,0.174,0.151,0.128,0.119,0.101,0.072,0.032,0.008,0.006,0.004,0.003,0.003
SUR,1991,10.334,10.421,10.587,10.62,10.54,10.365,10.117,9.817,9.466,9.073,8.668,8.246,7.775,7.52,7.601,7.893,8.162,8.464,8.644,8.606,8.429,8.277,8.099,7.988,8.003,8.079,8.115,8.153,8.038,7.689,7.19,6.708,6.209,5.763,5.421,5.151,4.867,4.584,4.34,4.143,3.983,3.839,3.712,3.603,3.508,3.427,3.358,3.299,3.246,3.193,3.142,3.094,3.047,2.996,2.941,2.88,2.817,2.754,2.672,2.559,2.427,2.295,2.157,2.028,1.918,1.818,1.716,1.617,1.507,1.379,1.242,1.11,0.979,0.872,0.799,0.748,0.7,0.657,0.612,0.558,0.501,0.45,0.404,0.36,0.317,0.279,0.241,0.207,0.177,0.152,0.13,0.11,0.102,0.086,0.062,0.027,0.009,0.007,0.005,0.003
SUR,1992,10.474,10.774,10.497,10.588,10.573,10.467,10.285,10.047,9.777,9.448,9.057,8.643,8.219,7.753,7.501,7.581,7.871,8.137,8.437,8.615,8.573,8.391,8.235,8.052,7.938,7.951,8.027,8.064,8.103,7.989,7.644,7.148,6.669,6.174,5.731,5.393,5.126,4.844,4.564,4.321,4.125,3.967,3.822,3.695,3.586,3.491,3.409,3.339,3.279,3.223,3.17,3.117,3.066,3.017,2.965,2.907,2.843,2.778,2.713,2.627,2.513,2.38,2.247,2.108,1.978,1.866,1.765,1.662,1.562,1.452,1.324,1.188,1.058,0.929,0.822,0.75,0.7,0.652,0.609,0.564,0.512,0.456,0.407,0.362,0.319,0.281,0.244,0.21,0.178,0.152,0.13,0.109,0.091,0.084,0.072,0.051,0.022,0.012,0.008,0.004
SUR,1993,10.685,10.876,10.957,10.558,10.572,10.509,10.378,10.187,9.962,9.722,9.415,9.027,8.603,8.179,7.718,7.469,7.549,7.836,8.1,8.398,8.573,8.526,8.341,8.179,7.991,7.874,7.886,7.964,8.001,8.041,7.929,7.587,7.094,6.62,6.129,5.692,5.356,5.091,4.814,4.537,4.297,4.102,3.943,3.8,3.673,3.564,3.469,3.385,3.313,3.253,3.196,3.141,3.086,3.034,2.983,2.929,2.869,2.803,2.735,2.666,2.579,2.463,2.33,2.195,2.056,1.925,1.812,1.71,1.605,1.504,1.394,1.267,1.133,1.004,0.877,0.771,0.699,0.65,0.602,0.56,0.516,0.465,0.411,0.362,0.319,0.279,0.243,0.21,0.177,0.149,0.127,0.107,0.088,0.072,0.067,0.056,0.04,0.018,0.011,0.005
SUR,1994,10.883,10.951,10.959,10.912,10.613,10.55,10.439,10.282,10.086,9.872,9.661,9.376,8.991,8.56,8.136,7.679,7.433,7.513,7.796,8.058,8.354,8.526,8.476,8.285,8.119,7.927,7.806,7.817,7.895,7.933,7.974,7.865,7.525,7.037,6.567,6.081,5.647,5.316,5.055,4.781,4.507,4.269,4.077,3.919,3.776,3.649,3.539,3.444,3.36,3.288,3.224,3.167,3.11,3.054,3,2.948,2.891,2.829,2.761,2.689,2.619,2.529,2.413,2.278,2.143,2.002,1.871,1.757,1.653,1.547,1.446,1.335,1.209,1.077,0.95,0.824,0.72,0.649,0.6,0.553,0.511,0.468,0.418,0.365,0.318,0.277,0.239,0.204,0.174,0.145,0.12,0.103,0.085,0.066,0.053,0.049,0.041,0.029,0.013,0.006
SUR,1995,11.002,10.984,10.941,10.873,10.782,10.666,10.528,10.368,10.186,9.983,9.78,9.599,9.337,8.955,8.515,8.092,7.641,7.397,7.475,7.758,8.016,8.309,8.479,8.423,8.229,8.058,7.861,7.738,7.748,7.827,7.865,7.907,7.799,7.463,6.98,6.514,6.033,5.604,5.276,5.018,4.747,4.477,4.242,4.05,3.894,3.751,3.625,3.516,3.419,3.335,3.261,3.196,3.137,3.079,3.021,2.967,2.912,2.854,2.79,2.717,2.645,2.571,2.48,2.362,2.227,2.09,1.949,1.817,1.701,1.597,1.49,1.387,1.277,1.152,1.02,0.896,0.772,0.67,0.599,0.55,0.503,0.462,0.42,0.371,0.319,0.275,0.235,0.198,0.166,0.14,0.113,0.093,0.078,0.062,0.045,0.035,0.031,0.025,0.018,0.007
SUR,1996,11.049,10.916,10.885,10.832,10.757,10.659,10.542,10.405,10.248,10.068,9.869,9.673,9.496,9.247,8.889,8.478,8.082,7.659,7.434,7.519,7.796,8.052,8.342,8.501,8.428,8.209,8.015,7.792,7.654,7.672,7.769,7.826,7.889,7.79,7.445,6.941,6.458,5.959,5.52,5.197,4.952,4.692,4.431,4.206,4.025,3.878,3.745,3.63,3.523,3.416,3.314,3.223,3.14,3.068,3.01,2.961,2.911,2.865,2.809,2.736,2.652,2.567,2.482,2.384,2.269,2.144,2.018,1.887,1.76,1.643,1.531,1.419,1.31,1.197,1.076,0.953,0.835,0.719,0.623,0.554,0.505,0.459,0.418,0.377,0.332,0.284,0.242,0.206,0.175,0.145,0.12,0.097,0.079,0.067,0.053,0.037,0.032,0.027,0.018,0.008
SUR,1997,11.022,10.955,10.823,10.779,10.715,10.632,10.531,10.412,10.276,10.12,9.944,9.75,9.558,9.386,9.151,8.815,8.434,8.068,7.674,7.468,7.558,7.83,8.081,8.368,8.518,8.427,8.185,7.968,7.717,7.566,7.589,7.708,7.781,7.864,7.776,7.421,6.898,6.398,5.882,5.434,5.115,4.882,4.633,4.383,4.168,3.998,3.859,3.736,3.632,3.528,3.412,3.291,3.183,3.08,2.997,2.939,2.898,2.856,2.815,2.761,2.682,2.584,2.488,2.391,2.286,2.177,2.061,1.943,1.823,1.703,1.583,1.464,1.347,1.232,1.118,1.001,0.885,0.775,0.666,0.576,0.509,0.46,0.415,0.374,0.335,0.292,0.249,0.21,0.178,0.15,0.124,0.1,0.08,0.065,0.056,0.044,0.03,0.026,0.018,0.008
SUR,1998,10.951,10.894,10.833,10.729,10.67,10.597,10.507,10.401,10.28,10.145,9.992,9.819,9.629,9.443,9.276,9.052,8.742,8.389,8.051,7.686,7.501,7.596,7.862,8.109,8.394,8.532,8.423,8.16,7.919,7.642,7.476,7.507,7.644,7.736,7.839,7.761,7.397,6.854,6.337,5.804,5.347,5.031,4.812,4.573,4.333,4.13,3.968,3.84,3.726,3.634,3.533,3.407,3.268,3.143,3.021,2.925,2.867,2.834,2.798,2.766,2.714,2.626,2.516,2.408,2.298,2.189,2.083,1.977,1.869,1.759,1.644,1.523,1.398,1.275,1.154,1.038,0.925,0.818,0.714,0.613,0.529,0.464,0.415,0.37,0.331,0.293,0.253,0.213,0.178,0.149,0.125,0.103,0.081,0.063,0.053,0.044,0.034,0.024,0.018,0.009
SUR,1999,10.875,10.832,10.781,10.72,10.635,10.563,10.479,10.383,10.272,10.149,10.015,9.865,9.694,9.508,9.328,9.166,8.956,8.668,8.346,8.037,7.699,7.534,7.634,7.896,8.139,8.42,8.548,8.421,8.135,7.87,7.567,7.387,7.424,7.581,7.691,7.815,7.746,7.374,6.811,6.276,5.726,5.26,4.949,4.743,4.514,4.284,4.091,3.94,3.821,3.717,3.636,3.538,3.401,3.246,3.103,2.961,2.853,2.796,2.771,2.741,2.716,2.666,2.571,2.447,2.329,2.208,2.092,1.99,1.894,1.795,1.695,1.586,1.463,1.33,1.202,1.077,0.957,0.849,0.75,0.654,0.561,0.481,0.419,0.37,0.326,0.286,0.251,0.213,0.178,0.145,0.12,0.102,0.082,0.061,0.047,0.039,0.032,0.024,0.017,0.009
SUR,2000,10.823,10.786,10.739,10.684,10.618,10.544,10.46,10.366,10.26,10.145,10.021,9.888,9.74,9.573,9.391,9.216,9.06,8.861,8.596,8.305,8.023,7.715,7.568,7.674,7.931,8.171,8.447,8.567,8.421,8.112,7.824,7.493,7.3,7.345,7.52,7.648,7.792,7.733,7.351,6.769,6.218,5.65,5.174,4.867,4.674,4.457,4.236,4.053,3.913,3.803,3.709,3.639,3.543,3.397,3.223,3.063,2.904,2.783,2.726,2.708,2.684,2.668,2.619,2.516,2.38,2.25,2.116,1.995,1.896,1.811,1.72,1.631,1.528,1.403,1.264,1.13,0.999,0.877,0.773,0.683,0.593,0.508,0.434,0.374,0.325,0.281,0.243,0.207,0.174,0.142,0.113,0.091,0.077,0.06,0.041,0.03,0.025,0.021,0.015,0.009
SUR,2001,10.794,10.764,10.728,10.684,10.632,10.569,10.5,10.422,10.328,10.213,10.082,9.944,9.796,9.641,9.479,9.312,9.149,9.006,8.817,8.555,8.262,7.979,7.67,7.523,7.626,7.881,8.118,8.392,8.508,8.36,8.048,7.757,7.424,7.228,7.271,7.448,7.575,7.72,7.662,7.285,6.705,6.159,5.596,5.124,4.821,4.63,4.415,4.198,4.017,3.877,3.766,3.671,3.6,3.503,3.355,3.181,3.019,2.857,2.735,2.675,2.653,2.626,2.605,2.554,2.45,2.311,2.179,2.045,1.922,1.82,1.733,1.64,1.549,1.445,1.321,1.186,1.057,0.928,0.812,0.712,0.625,0.54,0.46,0.39,0.334,0.289,0.248,0.214,0.182,0.152,0.122,0.096,0.079,0.066,0.051,0.034,0.025,0.02,0.015,0.009
SUR,2002,10.786,10.736,10.706,10.672,10.631,10.582,10.523,10.457,10.385,10.292,10.168,10.022,9.869,9.707,9.544,9.388,9.234,9.084,8.954,8.774,8.516,8.221,7.938,7.628,7.48,7.581,7.834,8.067,8.338,8.451,8.299,7.985,7.692,7.354,7.158,7.199,7.376,7.505,7.649,7.593,7.218,6.644,6.101,5.542,5.075,4.775,4.587,4.376,4.16,3.981,3.841,3.729,3.634,3.562,3.463,3.314,3.138,2.975,2.813,2.687,2.625,2.599,2.568,2.544,2.489,2.382,2.243,2.11,1.974,1.849,1.746,1.654,1.559,1.466,1.362,1.24,1.108,0.982,0.859,0.747,0.651,0.568,0.488,0.412,0.347,0.295,0.253,0.215,0.183,0.156,0.129,0.102,0.079,0.065,0.054,0.042,0.028,0.019,0.015,0.009
SUR,2003,10.786,10.728,10.676,10.652,10.618,10.58,10.534,10.478,10.418,10.353,10.258,10.125,9.964,9.797,9.619,9.449,9.299,9.16,9.022,8.905,8.735,8.478,8.182,7.898,7.588,7.438,7.537,7.787,8.019,8.286,8.396,8.242,7.924,7.627,7.288,7.088,7.13,7.307,7.435,7.58,7.525,7.154,6.583,6.045,5.49,5.027,4.73,4.545,4.337,4.124,3.946,3.807,3.694,3.598,3.524,3.423,3.273,3.096,2.933,2.768,2.641,2.575,2.546,2.511,2.483,2.425,2.316,2.175,2.04,1.903,1.777,1.67,1.576,1.479,1.383,1.278,1.159,1.031,0.908,0.79,0.682,0.589,0.511,0.435,0.365,0.303,0.254,0.216,0.181,0.154,0.131,0.106,0.082,0.063,0.051,0.043,0.033,0.022,0.015,0.009
SUR,2004,10.778,10.717,10.665,10.621,10.599,10.568,10.532,10.489,10.437,10.379,10.321,10.227,10.084,9.908,9.727,9.534,9.357,9.213,9.087,8.962,8.858,8.696,8.443,8.145,7.859,7.549,7.398,7.495,7.743,7.971,8.236,8.343,8.185,7.864,7.565,7.223,7.021,7.062,7.238,7.367,7.512,7.46,7.091,6.524,5.991,5.44,4.981,4.687,4.505,4.299,4.088,3.913,3.773,3.66,3.562,3.487,3.386,3.234,3.056,2.89,2.723,2.595,2.525,2.492,2.454,2.423,2.361,2.251,2.107,1.971,1.834,1.705,1.596,1.499,1.399,1.3,1.194,1.077,0.953,0.835,0.72,0.616,0.529,0.455,0.383,0.316,0.26,0.215,0.18,0.149,0.125,0.105,0.084,0.061,0.046,0.039,0.032,0.024,0.015,0.009
SUR,2005,10.748,10.694,10.648,10.611,10.58,10.55,10.52,10.487,10.447,10.397,10.345,10.293,10.2,10.047,9.855,9.66,9.451,9.267,9.128,9.016,8.903,8.812,8.661,8.41,8.109,7.824,7.512,7.359,7.455,7.701,7.927,8.189,8.293,8.131,7.807,7.505,7.16,6.956,6.996,7.173,7.302,7.447,7.395,7.03,6.467,5.938,5.391,4.935,4.645,4.465,4.261,4.054,3.88,3.741,3.626,3.527,3.45,3.348,3.195,3.016,2.849,2.68,2.55,2.476,2.44,2.399,2.362,2.299,2.185,2.04,1.903,1.764,1.634,1.522,1.422,1.319,1.218,1.112,0.996,0.876,0.762,0.651,0.551,0.468,0.398,0.33,0.268,0.216,0.176,0.144,0.115,0.095,0.08,0.062,0.041,0.03,0.025,0.021,0.015,0.009
SUR,2006,10.677,10.689,10.642,10.6,10.563,10.531,10.497,10.46,10.423,10.384,10.339,10.29,10.241,10.149,9.996,9.802,9.605,9.395,9.209,9.071,8.961,8.849,8.761,8.61,8.362,8.063,7.78,7.471,7.319,7.416,7.661,7.886,8.147,8.251,8.09,7.767,7.465,7.121,6.917,6.957,7.132,7.259,7.404,7.352,6.987,6.426,5.897,5.352,4.897,4.606,4.426,4.222,4.014,3.839,3.698,3.58,3.479,3.399,3.294,3.14,2.96,2.792,2.623,2.49,2.414,2.374,2.327,2.288,2.22,2.104,1.958,1.819,1.679,1.549,1.438,1.337,1.235,1.135,1.031,0.919,0.804,0.696,0.591,0.497,0.42,0.354,0.292,0.236,0.19,0.153,0.124,0.098,0.081,0.068,0.053,0.035,0.025,0.021,0.015,0.009
SUR,2007,10.588,10.577,10.636,10.594,10.557,10.521,10.486,10.448,10.405,10.363,10.326,10.287,10.24,10.194,10.104,9.95,9.753,9.554,9.342,9.155,9.018,8.91,8.8,8.713,8.564,8.317,8.022,7.739,7.433,7.283,7.379,7.624,7.849,8.11,8.213,8.053,7.73,7.43,7.086,6.883,6.921,7.094,7.221,7.364,7.311,6.947,6.387,5.86,5.316,4.861,4.571,4.39,4.185,3.976,3.8,3.655,3.536,3.432,3.349,3.241,3.087,2.905,2.736,2.567,2.432,2.354,2.308,2.258,2.215,2.143,2.025,1.878,1.738,1.596,1.466,1.353,1.253,1.151,1.052,0.95,0.843,0.733,0.629,0.531,0.443,0.371,0.311,0.254,0.204,0.165,0.132,0.104,0.082,0.068,0.056,0.043,0.029,0.021,0.015,0.009
SUR,2008,10.502,10.516,10.526,10.584,10.551,10.517,10.482,10.446,10.404,10.353,10.307,10.271,10.236,10.193,10.151,10.062,9.906,9.708,9.507,9.293,9.105,8.968,8.862,8.754,8.667,8.521,8.276,7.982,7.702,7.397,7.249,7.345,7.59,7.815,8.075,8.178,8.018,7.696,7.396,7.053,6.849,6.888,7.059,7.185,7.326,7.273,6.909,6.351,5.825,5.282,4.828,4.537,4.355,4.15,3.94,3.761,3.615,3.493,3.386,3.299,3.189,3.034,2.852,2.682,2.512,2.375,2.293,2.243,2.189,2.142,2.067,1.946,1.798,1.655,1.514,1.382,1.269,1.169,1.068,0.97,0.87,0.766,0.663,0.564,0.471,0.389,0.322,0.269,0.215,0.172,0.139,0.111,0.085,0.065,0.054,0.045,0.034,0.022,0.015,0.009
SUR,2009,10.441,10.475,10.497,10.507,10.534,10.509,10.479,10.445,10.406,10.36,10.302,10.252,10.218,10.187,10.147,10.108,10.021,9.865,9.663,9.46,9.244,9.055,8.919,8.814,8.708,8.623,8.478,8.235,7.943,7.666,7.362,7.215,7.313,7.557,7.782,8.041,8.144,7.984,7.663,7.363,7.021,6.818,6.854,7.026,7.149,7.289,7.235,6.872,6.315,5.789,5.247,4.794,4.503,4.321,4.114,3.903,3.723,3.575,3.45,3.341,3.251,3.138,2.981,2.798,2.628,2.457,2.319,2.233,2.178,2.12,2.069,1.991,1.868,1.718,1.574,1.432,1.299,1.186,1.086,0.985,0.888,0.789,0.69,0.591,0.499,0.411,0.335,0.274,0.226,0.177,0.139,0.114,0.09,0.064,0.048,0.041,0.034,0.025,0.016,0.009
SUR,2010,10.427,10.461,10.483,10.494,10.493,10.483,10.465,10.439,10.405,10.365,10.316,10.251,10.196,10.164,10.137,10.101,10.064,9.98,9.822,9.617,9.413,9.194,9.004,8.87,8.766,8.661,8.578,8.435,8.194,7.903,7.628,7.327,7.182,7.28,7.523,7.747,8.007,8.108,7.95,7.629,7.33,6.988,6.785,6.821,6.991,7.113,7.252,7.197,6.834,6.279,5.754,5.214,4.76,4.469,4.285,4.078,3.867,3.686,3.535,3.408,3.294,3.202,3.086,2.927,2.745,2.574,2.402,2.262,2.172,2.113,2.051,1.996,1.914,1.789,1.637,1.492,1.349,1.216,1.102,1.003,0.901,0.805,0.709,0.614,0.52,0.434,0.351,0.28,0.226,0.183,0.139,0.107,0.088,0.067,0.045,0.031,0.027,0.021,0.016,0.01
SUR,2011,10.47,10.428,10.448,10.461,10.466,10.463,10.452,10.436,10.41,10.375,10.33,10.277,10.21,10.154,10.119,10.092,10.054,10.017,9.931,9.775,9.572,9.369,9.151,8.963,8.83,8.728,8.625,8.543,8.402,8.162,7.872,7.598,7.298,7.153,7.251,7.494,7.717,7.974,8.076,7.917,7.597,7.298,6.956,6.753,6.787,6.955,7.075,7.211,7.154,6.792,6.235,5.711,5.17,4.716,4.424,4.238,4.03,3.816,3.633,3.48,3.35,3.233,3.136,3.018,2.858,2.675,2.502,2.329,2.188,2.095,2.032,1.965,1.906,1.822,1.696,1.546,1.403,1.262,1.131,1.021,0.923,0.826,0.733,0.642,0.552,0.466,0.384,0.309,0.248,0.198,0.157,0.119,0.092,0.076,0.057,0.038,0.028,0.022,0.017,0.01
SUR,2012,10.556,10.533,10.425,10.433,10.437,10.436,10.429,10.418,10.404,10.379,10.34,10.291,10.236,10.167,10.109,10.073,10.044,10.005,9.967,9.881,9.725,9.524,9.321,9.106,8.92,8.789,8.688,8.587,8.507,8.367,8.128,7.84,7.566,7.268,7.123,7.22,7.462,7.684,7.94,8.042,7.882,7.563,7.264,6.923,6.719,6.751,6.918,7.035,7.169,7.11,6.747,6.191,5.666,5.124,4.67,4.377,4.19,3.98,3.766,3.58,3.425,3.29,3.171,3.071,2.95,2.788,2.604,2.43,2.257,2.114,2.017,1.95,1.879,1.816,1.729,1.604,1.454,1.313,1.173,1.046,0.938,0.843,0.75,0.66,0.574,0.491,0.411,0.335,0.267,0.215,0.171,0.132,0.099,0.077,0.063,0.047,0.032,0.022,0.016,0.01
SUR,2013,10.656,10.59,10.536,10.42,10.416,10.411,10.404,10.393,10.382,10.37,10.346,10.305,10.252,10.193,10.122,10.062,10.024,9.994,9.954,9.914,9.828,9.673,9.473,9.273,9.059,8.875,8.746,8.647,8.547,8.469,8.33,8.093,7.806,7.533,7.236,7.091,7.188,7.429,7.65,7.905,8.005,7.846,7.527,7.229,6.888,6.684,6.715,6.878,6.994,7.126,7.065,6.701,6.145,5.62,5.078,4.623,4.329,4.141,3.929,3.713,3.526,3.368,3.231,3.108,3.004,2.881,2.718,2.532,2.358,2.184,2.039,1.939,1.866,1.792,1.724,1.635,1.51,1.362,1.223,1.086,0.96,0.855,0.764,0.674,0.588,0.507,0.43,0.356,0.286,0.226,0.183,0.143,0.107,0.078,0.062,0.05,0.038,0.025,0.016,0.011
SUR,2014,10.731,10.636,10.558,10.496,10.416,10.399,10.383,10.371,10.358,10.346,10.335,10.312,10.268,10.211,10.149,10.076,10.014,9.975,9.943,9.902,9.862,9.776,9.622,9.423,9.224,9.013,8.83,8.701,8.605,8.506,8.43,8.293,8.058,7.771,7.5,7.204,7.06,7.156,7.395,7.616,7.869,7.969,7.81,7.492,7.193,6.853,6.649,6.678,6.839,6.952,7.081,7.019,6.655,6.099,5.573,5.032,4.577,4.281,4.092,3.878,3.662,3.473,3.311,3.171,3.045,2.938,2.812,2.647,2.461,2.285,2.111,1.965,1.861,1.784,1.705,1.634,1.543,1.416,1.27,1.133,0.998,0.875,0.772,0.683,0.598,0.515,0.439,0.367,0.301,0.237,0.183,0.15,0.116,0.082,0.058,0.047,0.037,0.029,0.018,0.011
SUR,2015,10.752,10.651,10.569,10.503,10.451,10.412,10.382,10.357,10.338,10.323,10.31,10.301,10.278,10.232,10.17,10.106,10.031,9.967,9.926,9.893,9.851,9.809,9.723,9.569,9.372,9.176,8.965,8.785,8.658,8.564,8.466,8.391,8.256,8.022,7.737,7.467,7.172,7.028,7.123,7.363,7.581,7.834,7.932,7.773,7.456,7.158,6.819,6.614,6.641,6.799,6.911,7.038,6.974,6.608,6.053,5.528,4.985,4.53,4.233,4.042,3.828,3.61,3.419,3.255,3.111,2.982,2.872,2.743,2.576,2.388,2.213,2.038,1.89,1.782,1.701,1.619,1.543,1.45,1.323,1.178,1.042,0.909,0.789,0.689,0.604,0.521,0.444,0.371,0.306,0.247,0.187,0.142,0.116,0.088,0.057,0.037,0.032,0.026,0.019,0.011
SUR,2016,10.707,10.714,10.633,10.563,10.505,10.455,10.413,10.375,10.346,10.325,10.307,10.292,10.279,10.252,10.201,10.134,10.065,9.985,9.918,9.875,9.841,9.798,9.757,9.671,9.518,9.322,9.126,8.917,8.738,8.612,8.518,8.422,8.348,8.214,7.981,7.697,7.428,7.133,6.991,7.086,7.324,7.541,7.791,7.889,7.73,7.412,7.114,6.775,6.569,6.593,6.746,6.853,6.974,6.907,6.54,5.985,5.46,4.917,4.462,4.164,3.972,3.755,3.537,3.344,3.178,3.03,2.898,2.784,2.652,2.485,2.298,2.123,1.948,1.8,1.691,1.607,1.522,1.444,1.351,1.227,1.088,0.956,0.829,0.715,0.62,0.541,0.462,0.392,0.329,0.269,0.213,0.16,0.122,0.1,0.076,0.048,0.033,0.026,0.019,0.011
SUR,2017,10.61,10.582,10.677,10.616,10.559,10.507,10.461,10.416,10.372,10.336,10.312,10.294,10.276,10.259,10.227,10.172,10.1,10.025,9.941,9.87,9.825,9.791,9.749,9.706,9.621,9.468,9.273,9.077,8.87,8.692,8.567,8.474,8.379,8.306,8.173,7.94,7.658,7.39,7.097,6.954,7.049,7.286,7.503,7.751,7.848,7.687,7.37,7.072,6.732,6.525,6.545,6.693,6.795,6.912,6.841,6.474,5.919,5.393,4.851,4.394,4.095,3.902,3.684,3.464,3.27,3.1,2.949,2.814,2.697,2.563,2.394,2.207,2.032,1.859,1.711,1.599,1.512,1.425,1.346,1.253,1.132,0.997,0.871,0.749,0.641,0.552,0.478,0.405,0.34,0.285,0.231,0.179,0.133,0.102,0.084,0.063,0.039,0.028,0.021,0.012
SUR,2018,10.484,10.514,10.533,10.642,10.599,10.555,10.511,10.465,10.419,10.368,10.326,10.3,10.282,10.26,10.239,10.203,10.143,10.066,9.987,9.898,9.823,9.775,9.742,9.698,9.656,9.571,9.418,9.223,9.029,8.824,8.647,8.523,8.43,8.336,8.264,8.131,7.901,7.619,7.353,7.06,6.918,7.012,7.248,7.463,7.711,7.806,7.646,7.328,7.03,6.69,6.481,6.497,6.642,6.738,6.85,6.775,6.406,5.851,5.326,4.783,4.327,4.027,3.832,3.613,3.391,3.194,3.022,2.869,2.73,2.609,2.473,2.303,2.117,1.942,1.77,1.621,1.508,1.418,1.329,1.248,1.154,1.037,0.907,0.786,0.67,0.567,0.483,0.415,0.347,0.29,0.243,0.194,0.145,0.105,0.082,0.067,0.05,0.03,0.021,0.012
SUR,2019,10.364,10.444,10.501,10.538,10.604,10.581,10.549,10.512,10.469,10.42,10.363,10.315,10.286,10.267,10.243,10.217,10.177,10.112,10.031,9.946,9.851,9.774,9.725,9.69,9.646,9.603,9.519,9.366,9.173,8.98,8.775,8.599,8.477,8.385,8.292,8.221,8.089,7.859,7.58,7.314,7.023,6.881,6.975,7.21,7.423,7.669,7.763,7.603,7.285,6.987,6.647,6.435,6.449,6.588,6.68,6.786,6.708,6.338,5.783,5.259,4.716,4.259,3.958,3.76,3.541,3.317,3.12,2.945,2.787,2.645,2.521,2.383,2.212,2.026,1.852,1.68,1.531,1.415,1.323,1.232,1.149,1.055,0.941,0.816,0.701,0.59,0.493,0.415,0.352,0.289,0.238,0.199,0.157,0.11,0.078,0.063,0.051,0.037,0.023,0.012
SUR,2020,10.274,10.382,10.462,10.518,10.55,10.563,10.56,10.541,10.511,10.47,10.419,10.355,10.301,10.27,10.249,10.223,10.193,10.149,10.079,9.993,9.903,9.804,9.722,9.671,9.636,9.591,9.549,9.463,9.313,9.12,8.928,8.724,8.55,8.429,8.338,8.245,8.175,8.044,7.816,7.537,7.273,6.984,6.842,6.935,7.169,7.381,7.625,7.718,7.557,7.24,6.941,6.601,6.39,6.399,6.532,6.62,6.722,6.64,6.268,5.715,5.189,4.647,4.189,3.887,3.689,3.468,3.244,3.044,2.866,2.705,2.561,2.434,2.292,2.121,1.935,1.76,1.589,1.441,1.324,1.228,1.135,1.05,0.956,0.845,0.725,0.615,0.51,0.418,0.346,0.289,0.231,0.187,0.156,0.12,0.077,0.051,0.043,0.034,0.024,0.014
SUR,2021,10.236,10.286,10.38,10.452,10.504,10.537,10.553,10.557,10.543,10.509,10.462,10.406,10.338,10.28,10.244,10.219,10.187,10.153,10.104,10.033,9.946,9.856,9.757,9.675,9.625,9.59,9.546,9.505,9.421,9.271,9.079,8.888,8.685,8.512,8.391,8.3,8.209,8.138,8.008,7.781,7.503,7.239,6.95,6.808,6.9,7.131,7.341,7.582,7.672,7.51,7.191,6.89,6.548,6.333,6.337,6.462,6.542,6.637,6.549,6.177,5.623,5.099,4.557,4.1,3.797,3.597,3.375,3.15,2.949,2.769,2.606,2.458,2.329,2.187,2.016,1.832,1.66,1.492,1.345,1.23,1.136,1.044,0.96,0.87,0.765,0.653,0.548,0.451,0.37,0.305,0.25,0.198,0.161,0.134,0.102,0.065,0.046,0.036,0.026,0.015
SUR,2022,10.227,10.311,10.294,10.374,10.438,10.487,10.519,10.541,10.552,10.541,10.506,10.452,10.391,10.318,10.256,10.214,10.185,10.148,10.109,10.057,9.983,9.896,9.806,9.707,9.625,9.576,9.541,9.498,9.458,9.374,9.225,9.034,8.845,8.643,8.471,8.351,8.26,8.169,8.1,7.97,7.743,7.467,7.203,6.914,6.773,6.862,7.092,7.298,7.537,7.623,7.458,7.138,6.837,6.494,6.275,6.272,6.39,6.463,6.549,6.457,6.083,5.53,5.005,4.465,4.008,3.704,3.503,3.28,3.055,2.852,2.671,2.505,2.355,2.223,2.079,1.911,1.729,1.559,1.394,1.251,1.136,1.043,0.953,0.871,0.783,0.685,0.58,0.481,0.392,0.323,0.263,0.211,0.165,0.135,0.112,0.085,0.053,0.039,0.028,0.015
SUR,2023,10.235,10.283,10.328,10.299,10.365,10.422,10.467,10.5,10.524,10.544,10.537,10.499,10.438,10.371,10.295,10.228,10.182,10.149,10.106,10.063,10.007,9.932,9.844,9.754,9.654,9.573,9.523,9.49,9.448,9.409,9.327,9.178,8.988,8.799,8.599,8.428,8.308,8.219,8.129,8.059,7.93,7.704,7.428,7.165,6.877,6.735,6.823,7.049,7.254,7.489,7.573,7.406,7.085,6.781,6.436,6.215,6.206,6.317,6.382,6.46,6.363,5.987,5.436,4.912,4.372,3.916,3.612,3.409,3.184,2.96,2.756,2.572,2.403,2.251,2.117,1.972,1.804,1.625,1.457,1.296,1.155,1.042,0.949,0.861,0.78,0.696,0.604,0.507,0.414,0.334,0.275,0.222,0.172,0.133,0.109,0.09,0.068,0.042,0.03,0.017
SUR,2024,10.238,10.252,10.274,10.302,10.303,10.356,10.404,10.447,10.479,10.508,10.534,10.533,10.491,10.424,10.353,10.272,10.201,10.15,10.111,10.064,10.016,9.956,9.879,9.791,9.7,9.601,9.52,9.471,9.438,9.396,9.359,9.277,9.13,8.941,8.753,8.554,8.383,8.264,8.177,8.086,8.017,7.888,7.664,7.389,7.127,6.839,6.697,6.784,7.007,7.209,7.44,7.522,7.354,7.031,6.725,6.379,6.154,6.14,6.243,6.3,6.372,6.268,5.891,5.341,4.818,4.279,3.823,3.519,3.314,3.089,2.864,2.659,2.473,2.302,2.147,2.01,1.865,1.698,1.521,1.356,1.198,1.06,0.948,0.856,0.769,0.69,0.609,0.523,0.434,0.346,0.274,0.228,0.18,0.132,0.099,0.084,0.068,0.05,0.031,0.018
SUR,2025,10.219,10.213,10.221,10.241,10.271,10.307,10.346,10.387,10.425,10.459,10.491,10.525,10.527,10.483,10.409,10.333,10.249,10.172,10.118,10.074,10.022,9.969,9.905,9.826,9.738,9.647,9.547,9.466,9.418,9.385,9.345,9.308,9.228,9.082,8.893,8.707,8.509,8.339,8.221,8.133,8.044,7.975,7.847,7.623,7.349,7.088,6.801,6.659,6.744,6.965,7.163,7.391,7.471,7.3,6.976,6.669,6.322,6.094,6.073,6.168,6.219,6.282,6.174,5.795,5.246,4.724,4.186,3.731,3.424,3.22,2.994,2.767,2.562,2.373,2.2,2.042,1.904,1.757,1.592,1.417,1.255,1.1,0.964,0.854,0.763,0.677,0.6,0.523,0.442,0.361,0.28,0.215,0.181,0.139,0.093,0.067,0.057,0.046,0.033,0.019
SUR,2026,10.182,10.198,10.201,10.215,10.239,10.27,10.306,10.343,10.381,10.417,10.447,10.476,10.505,10.503,10.455,10.376,10.295,10.205,10.126,10.069,10.025,9.973,9.919,9.856,9.778,9.691,9.601,9.502,9.423,9.374,9.342,9.303,9.266,9.187,9.042,8.854,8.668,8.471,8.301,8.184,8.096,8.006,7.937,7.809,7.585,7.311,7.049,6.762,6.619,6.7,6.916,7.109,7.333,7.406,7.232,6.905,6.595,6.246,6.012,5.983,6.068,6.11,6.163,6.048,5.668,5.121,4.602,4.066,3.613,3.308,3.102,2.877,2.652,2.447,2.259,2.084,1.927,1.789,1.643,1.481,1.313,1.157,1.009,0.878,0.773,0.686,0.605,0.533,0.464,0.389,0.313,0.239,0.186,0.155,0.119,0.08,0.06,0.047,0.035,0.019
SUR,2027,10.127,10.12,10.175,10.188,10.21,10.238,10.27,10.305,10.34,10.374,10.406,10.435,10.46,10.485,10.479,10.426,10.342,10.256,10.162,10.079,10.02,9.975,9.924,9.87,9.807,9.729,9.642,9.554,9.456,9.378,9.33,9.299,9.261,9.224,9.146,9.002,8.814,8.629,8.432,8.263,8.146,8.059,7.969,7.899,7.771,7.546,7.273,7.011,6.724,6.578,6.656,6.866,7.056,7.273,7.341,7.165,6.834,6.522,6.169,5.932,5.894,5.969,6.001,6.044,5.923,5.542,4.997,4.479,3.948,3.496,3.191,2.985,2.76,2.536,2.332,2.143,1.969,1.811,1.673,1.529,1.372,1.209,1.058,0.917,0.792,0.692,0.61,0.532,0.468,0.405,0.336,0.264,0.2,0.157,0.129,0.1,0.065,0.05,0.036,0.02
SUR,2028,10.059,10.065,10.084,10.152,10.175,10.203,10.235,10.269,10.303,10.334,10.366,10.397,10.422,10.444,10.465,10.454,10.396,10.307,10.217,10.118,10.032,9.971,9.926,9.873,9.82,9.757,9.68,9.594,9.506,9.41,9.332,9.285,9.256,9.217,9.182,9.105,8.96,8.774,8.589,8.393,8.225,8.107,8.02,7.931,7.861,7.731,7.508,7.234,6.972,6.684,6.537,6.611,6.818,7.001,7.213,7.277,7.097,6.763,6.447,6.093,5.85,5.804,5.869,5.891,5.924,5.797,5.414,4.872,4.358,3.828,3.378,3.074,2.868,2.642,2.42,2.217,2.027,1.852,1.696,1.557,1.415,1.262,1.105,0.961,0.825,0.707,0.611,0.534,0.459,0.401,0.346,0.284,0.215,0.16,0.127,0.105,0.08,0.051,0.037,0.022
SUR,2029,9.989,10.009,10.036,10.069,10.129,10.161,10.195,10.23,10.266,10.299,10.329,10.357,10.385,10.408,10.426,10.443,10.428,10.365,10.272,10.177,10.072,9.982,9.92,9.875,9.822,9.768,9.706,9.629,9.544,9.457,9.362,9.286,9.24,9.21,9.173,9.138,9.062,8.918,8.733,8.548,8.352,8.184,8.068,7.981,7.891,7.821,7.692,7.468,7.194,6.932,6.643,6.494,6.565,6.766,6.945,7.151,7.21,7.026,6.69,6.371,6.014,5.767,5.714,5.768,5.78,5.804,5.669,5.287,4.747,4.234,3.707,3.26,2.957,2.75,2.525,2.304,2.101,1.912,1.737,1.58,1.441,1.301,1.151,1.001,0.862,0.733,0.62,0.531,0.457,0.387,0.334,0.287,0.231,0.167,0.121,0.098,0.079,0.059,0.037,0.023
SUR,2030,9.922,9.951,9.985,10.022,10.062,10.103,10.144,10.184,10.224,10.262,10.294,10.321,10.346,10.371,10.392,10.406,10.419,10.399,10.332,10.234,10.134,10.025,9.931,9.868,9.822,9.769,9.716,9.653,9.577,9.492,9.406,9.312,9.237,9.192,9.163,9.126,9.092,9.017,8.874,8.689,8.506,8.311,8.143,8.027,7.94,7.851,7.78,7.65,7.427,7.153,6.891,6.602,6.452,6.518,6.715,6.889,7.089,7.143,6.956,6.617,6.295,5.936,5.684,5.621,5.666,5.668,5.682,5.542,5.157,4.621,4.111,3.586,3.142,2.839,2.632,2.408,2.187,1.985,1.796,1.62,1.463,1.324,1.186,1.041,0.895,0.764,0.64,0.534,0.449,0.381,0.315,0.269,0.228,0.177,0.118,0.08,0.068,0.055,0.04,0.023
SUR,2031,9.869,9.91,9.943,9.979,10.018,10.058,10.1,10.141,10.181,10.218,10.251,10.28,10.303,10.324,10.344,10.36,10.369,10.378,10.355,10.285,10.187,10.087,9.978,9.885,9.821,9.776,9.724,9.671,9.611,9.536,9.451,9.366,9.274,9.199,9.155,9.126,9.089,9.056,8.98,8.838,8.653,8.469,8.274,8.106,7.99,7.901,7.811,7.739,7.607,7.382,7.107,6.843,6.553,6.399,6.46,6.649,6.815,7.007,7.054,6.862,6.52,6.194,5.832,5.574,5.502,5.533,5.524,5.526,5.38,4.995,4.465,3.959,3.44,3.001,2.701,2.496,2.275,2.059,1.861,1.675,1.503,1.349,1.215,1.082,0.945,0.808,0.683,0.569,0.476,0.397,0.331,0.271,0.231,0.197,0.153,0.1,0.071,0.057,0.042,0.024
SUR,2032,9.819,9.852,9.897,9.933,9.972,10.013,10.054,10.097,10.138,10.177,10.211,10.24,10.266,10.283,10.3,10.316,10.327,10.331,10.335,10.308,10.237,10.138,10.038,9.93,9.837,9.774,9.729,9.678,9.627,9.567,9.492,9.409,9.325,9.232,9.159,9.115,9.086,9.051,9.017,8.942,8.799,8.616,8.432,8.236,8.068,7.951,7.862,7.77,7.695,7.563,7.336,7.061,6.795,6.503,6.346,6.401,6.582,6.74,6.924,6.964,6.767,6.421,6.092,5.727,5.463,5.381,5.4,5.379,5.37,5.216,4.833,4.307,3.806,3.294,2.86,2.564,2.36,2.142,1.93,1.735,1.554,1.386,1.237,1.105,0.978,0.848,0.721,0.602,0.497,0.415,0.345,0.281,0.228,0.195,0.164,0.127,0.082,0.061,0.044,0.025
SUR,2033,9.77,9.801,9.836,9.882,9.921,9.964,10.006,10.048,10.091,10.133,10.17,10.202,10.228,10.248,10.263,10.274,10.286,10.291,10.292,10.29,10.259,10.188,10.088,9.988,9.879,9.787,9.725,9.681,9.631,9.581,9.522,9.448,9.366,9.282,9.191,9.118,9.075,9.047,9.011,8.978,8.902,8.761,8.577,8.394,8.197,8.029,7.911,7.822,7.728,7.653,7.519,7.29,7.013,6.746,6.451,6.291,6.341,6.515,6.665,6.84,6.872,6.672,6.322,5.989,5.621,5.352,5.259,5.265,5.234,5.213,5.052,4.669,4.149,3.654,3.147,2.719,2.425,2.224,2.01,1.801,1.61,1.432,1.267,1.123,0.995,0.874,0.752,0.633,0.52,0.426,0.356,0.292,0.231,0.185,0.158,0.132,0.101,0.065,0.046,0.028
SUR,2034,9.718,9.748,9.781,9.819,9.866,9.909,9.953,9.998,10.042,10.084,10.126,10.162,10.191,10.214,10.23,10.24,10.248,10.254,10.255,10.25,10.244,10.21,10.137,10.037,9.936,9.828,9.737,9.675,9.632,9.582,9.534,9.476,9.403,9.321,9.238,9.148,9.075,9.033,9.005,8.97,8.937,8.861,8.72,8.537,8.353,8.157,7.989,7.871,7.78,7.685,7.607,7.471,7.243,6.964,6.695,6.399,6.236,6.279,6.445,6.588,6.755,6.78,6.575,6.222,5.885,5.515,5.24,5.137,5.131,5.088,5.055,4.888,4.505,3.99,3.5,3.001,2.577,2.287,2.087,1.876,1.671,1.484,1.31,1.149,1.008,0.885,0.769,0.655,0.545,0.439,0.354,0.297,0.239,0.181,0.141,0.121,0.1,0.076,0.047,0.029
SUR,2035,9.661,9.689,9.724,9.762,9.804,9.849,9.895,9.941,9.988,10.034,10.077,10.118,10.154,10.18,10.198,10.211,10.216,10.219,10.221,10.217,10.208,10.197,10.159,10.084,9.985,9.883,9.775,9.685,9.623,9.581,9.532,9.484,9.428,9.356,9.275,9.193,9.104,9.032,8.99,8.963,8.928,8.895,8.819,8.678,8.495,8.313,8.116,7.948,7.829,7.736,7.641,7.561,7.425,7.195,6.915,6.644,6.347,6.179,6.217,6.376,6.511,6.669,6.688,6.476,6.121,5.781,5.407,5.127,5.014,4.996,4.94,4.896,4.722,4.34,3.831,3.346,2.853,2.435,2.148,1.95,1.742,1.541,1.358,1.188,1.032,0.894,0.776,0.665,0.558,0.457,0.358,0.283,0.237,0.187,0.13,0.098,0.084,0.068,0.05,0.03
SUR,2036,9.605,9.648,9.681,9.719,9.759,9.802,9.847,9.892,9.938,9.982,10.023,10.063,10.1,10.131,10.153,10.167,10.175,10.175,10.175,10.175,10.171,10.161,10.15,10.113,10.039,9.94,9.84,9.733,9.642,9.583,9.541,9.493,9.446,9.39,9.319,9.239,9.157,9.068,8.996,8.955,8.927,8.891,8.858,8.782,8.641,8.456,8.272,8.075,7.905,7.783,7.689,7.59,7.507,7.367,7.134,6.851,6.579,6.278,6.105,6.135,6.283,6.409,6.556,6.566,6.349,5.988,5.645,5.269,4.983,4.859,4.827,4.76,4.704,4.523,4.145,3.646,3.171,2.69,2.282,2.002,1.811,1.61,1.417,1.242,1.08,0.932,0.801,0.692,0.592,0.493,0.397,0.309,0.245,0.205,0.161,0.111,0.086,0.07,0.052,0.031
SUR,2037,9.544,9.578,9.634,9.672,9.712,9.755,9.799,9.844,9.889,9.933,9.974,10.013,10.048,10.082,10.108,10.124,10.133,10.137,10.133,10.129,10.127,10.123,10.114,10.102,10.065,9.991,9.893,9.795,9.69,9.6,9.541,9.5,9.453,9.406,9.352,9.281,9.201,9.12,9.031,8.96,8.918,8.89,8.855,8.82,8.744,8.601,8.417,8.232,8.034,7.862,7.738,7.641,7.538,7.452,7.309,7.073,6.788,6.511,6.209,6.031,6.053,6.191,6.305,6.442,6.443,6.22,5.856,5.508,5.13,4.838,4.703,4.657,4.579,4.51,4.324,3.95,3.46,2.996,2.525,2.128,1.856,1.671,1.477,1.292,1.126,0.971,0.831,0.707,0.607,0.518,0.428,0.337,0.259,0.207,0.172,0.134,0.092,0.071,0.052,0.031
SUR,2038,9.481,9.518,9.558,9.619,9.661,9.704,9.749,9.795,9.84,9.885,9.928,9.965,10,10.032,10.06,10.083,10.095,10.099,10.099,10.09,10.081,10.078,10.074,10.064,10.053,10.017,9.944,9.846,9.748,9.644,9.556,9.498,9.458,9.412,9.366,9.312,9.242,9.163,9.082,8.993,8.922,8.88,8.852,8.816,8.782,8.704,8.562,8.376,8.19,7.99,7.817,7.691,7.591,7.486,7.395,7.249,7.011,6.723,6.445,6.139,5.956,5.969,6.097,6.201,6.327,6.319,6.09,5.722,5.371,4.99,4.693,4.547,4.487,4.397,4.316,4.124,3.753,3.274,2.82,2.36,1.973,1.709,1.53,1.344,1.167,1.009,0.863,0.731,0.614,0.523,0.445,0.363,0.277,0.208,0.169,0.14,0.107,0.072,0.053,0.032
SUR,2039,9.417,9.457,9.499,9.544,9.602,9.648,9.695,9.742,9.789,9.834,9.88,9.92,9.956,9.987,10.015,10.039,10.057,10.064,10.063,10.057,10.044,10.033,10.028,10.023,10.013,10.002,9.966,9.894,9.797,9.701,9.598,9.511,9.453,9.414,9.369,9.324,9.271,9.201,9.122,9.042,8.953,8.883,8.84,8.812,8.776,8.742,8.664,8.52,8.334,8.147,7.947,7.771,7.643,7.54,7.432,7.338,7.188,6.947,6.658,6.376,6.068,5.88,5.885,6.002,6.096,6.212,6.194,5.96,5.588,5.233,4.849,4.547,4.39,4.317,4.214,4.121,3.923,3.557,3.088,2.644,2.196,1.819,1.563,1.39,1.211,1.042,0.892,0.755,0.631,0.519,0.439,0.371,0.297,0.216,0.159,0.131,0.108,0.081,0.053,0.033
SUR,2040,9.354,9.395,9.438,9.486,9.533,9.583,9.633,9.684,9.734,9.781,9.828,9.872,9.911,9.944,9.971,9.995,10.015,10.028,10.031,10.025,10.015,9.997,9.982,9.976,9.971,9.961,9.95,9.914,9.842,9.747,9.651,9.55,9.465,9.408,9.368,9.325,9.281,9.227,9.159,9.081,9.001,8.913,8.842,8.8,8.772,8.735,8.7,8.622,8.478,8.291,8.102,7.901,7.724,7.593,7.488,7.377,7.279,7.126,6.883,6.591,6.307,5.996,5.803,5.8,5.907,5.991,6.094,6.068,5.828,5.453,5.094,4.708,4.4,4.232,4.145,4.031,3.926,3.722,3.36,2.901,2.467,2.031,1.664,1.416,1.249,1.078,0.918,0.776,0.646,0.53,0.425,0.354,0.298,0.232,0.156,0.109,0.093,0.074,0.055,0.034
SUR,2041,9.301,9.344,9.387,9.433,9.481,9.531,9.581,9.632,9.681,9.728,9.772,9.814,9.854,9.889,9.917,9.94,9.959,9.974,9.984,9.985,9.98,9.97,9.952,9.937,9.931,9.928,9.918,9.909,9.873,9.802,9.708,9.614,9.513,9.428,9.372,9.333,9.289,9.246,9.193,9.124,9.046,8.966,8.878,8.806,8.763,8.734,8.696,8.659,8.579,8.432,8.242,8.052,7.847,7.667,7.532,7.423,7.306,7.203,7.045,6.799,6.503,6.215,5.901,5.703,5.688,5.782,5.853,5.944,5.907,5.661,5.282,4.921,4.534,4.222,4.045,3.946,3.82,3.706,3.499,3.146,2.705,2.288,1.87,1.52,1.284,1.128,0.966,0.819,0.691,0.572,0.462,0.367,0.306,0.258,0.2,0.132,0.096,0.077,0.057,0.035
SUR,2042,9.247,9.285,9.332,9.378,9.426,9.476,9.527,9.577,9.629,9.677,9.721,9.762,9.8,9.835,9.865,9.889,9.906,9.921,9.933,9.938,9.938,9.933,9.922,9.905,9.89,9.885,9.882,9.874,9.865,9.832,9.761,9.668,9.574,9.475,9.391,9.335,9.297,9.254,9.21,9.157,9.088,9.01,8.93,8.842,8.77,8.726,8.695,8.655,8.616,8.535,8.386,8.193,8,7.793,7.609,7.47,7.356,7.235,7.126,6.963,6.712,6.415,6.123,5.806,5.601,5.576,5.657,5.715,5.792,5.745,5.493,5.111,4.748,4.359,4.044,3.857,3.746,3.61,3.485,3.277,2.933,2.509,2.109,1.708,1.375,1.153,1.006,0.853,0.72,0.607,0.497,0.394,0.309,0.259,0.216,0.166,0.11,0.081,0.059,0.036
SUR,2043,9.195,9.229,9.269,9.32,9.368,9.418,9.469,9.521,9.572,9.624,9.672,9.713,9.75,9.783,9.814,9.841,9.86,9.872,9.882,9.889,9.891,9.89,9.884,9.873,9.856,9.843,9.837,9.835,9.828,9.821,9.788,9.719,9.627,9.534,9.435,9.352,9.297,9.259,9.216,9.172,9.121,9.052,8.974,8.894,8.804,8.732,8.687,8.654,8.614,8.573,8.488,8.338,8.144,7.947,7.737,7.55,7.407,7.288,7.163,7.048,6.88,6.626,6.325,6.03,5.709,5.499,5.463,5.531,5.576,5.64,5.582,5.324,4.94,4.572,4.184,3.864,3.667,3.544,3.399,3.264,3.053,2.719,2.313,1.93,1.548,1.23,1.02,0.885,0.741,0.621,0.523,0.423,0.324,0.251,0.211,0.176,0.133,0.087,0.063,0.038
SUR,2044,9.139,9.172,9.21,9.254,9.306,9.356,9.409,9.462,9.514,9.567,9.618,9.666,9.704,9.736,9.766,9.793,9.815,9.828,9.837,9.842,9.845,9.843,9.84,9.834,9.823,9.806,9.793,9.789,9.788,9.781,9.775,9.744,9.676,9.584,9.493,9.395,9.312,9.258,9.221,9.178,9.135,9.082,9.014,8.936,8.856,8.766,8.693,8.647,8.614,8.571,8.528,8.442,8.288,8.091,7.893,7.68,7.49,7.342,7.22,7.088,6.97,6.797,6.538,6.234,5.936,5.612,5.395,5.349,5.403,5.436,5.487,5.417,5.154,4.768,4.398,4.008,3.683,3.478,3.343,3.187,3.043,2.829,2.505,2.116,1.749,1.386,1.086,0.889,0.763,0.629,0.522,0.438,0.349,0.256,0.192,0.163,0.134,0.101,0.064,0.039
SUR,2045,9.081,9.112,9.15,9.193,9.24,9.291,9.344,9.398,9.453,9.507,9.56,9.612,9.657,9.694,9.721,9.747,9.77,9.787,9.797,9.801,9.801,9.799,9.794,9.789,9.783,9.772,9.755,9.742,9.739,9.738,9.733,9.728,9.698,9.632,9.54,9.449,9.353,9.271,9.217,9.181,9.137,9.095,9.042,8.975,8.897,8.816,8.727,8.652,8.606,8.571,8.527,8.482,8.394,8.239,8.039,7.838,7.622,7.428,7.278,7.15,7.015,6.889,6.712,6.451,6.143,5.841,5.515,5.292,5.235,5.275,5.295,5.332,5.253,4.983,4.594,4.222,3.831,3.504,3.288,3.142,2.976,2.821,2.606,2.29,1.918,1.57,1.224,0.941,0.756,0.641,0.515,0.423,0.353,0.275,0.188,0.134,0.115,0.093,0.068,0.04
SUR,2046,9.024,9.068,9.104,9.145,9.19,9.238,9.289,9.342,9.395,9.446,9.496,9.546,9.594,9.635,9.666,9.69,9.71,9.73,9.743,9.751,9.755,9.756,9.752,9.749,9.745,9.74,9.73,9.713,9.702,9.7,9.7,9.696,9.691,9.662,9.596,9.505,9.416,9.319,9.237,9.183,9.147,9.104,9.061,9.008,8.938,8.86,8.777,8.687,8.61,8.561,8.523,8.475,8.428,8.336,8.176,7.972,7.767,7.546,7.348,7.191,7.057,6.916,6.784,6.6,6.335,6.022,5.716,5.387,5.157,5.089,5.114,5.119,5.141,5.05,4.776,4.387,4.016,3.627,3.299,3.081,2.928,2.759,2.6,2.389,2.091,1.742,1.408,1.087,0.841,0.674,0.558,0.446,0.367,0.306,0.236,0.159,0.12,0.096,0.071,0.042
SUR,2047,8.963,8.996,9.054,9.094,9.139,9.186,9.235,9.287,9.339,9.39,9.439,9.486,9.531,9.575,9.611,9.638,9.656,9.673,9.687,9.698,9.704,9.707,9.708,9.707,9.703,9.699,9.695,9.687,9.672,9.662,9.66,9.661,9.658,9.654,9.626,9.56,9.47,9.38,9.284,9.202,9.149,9.113,9.069,9.025,8.972,8.902,8.822,8.739,8.646,8.568,8.516,8.475,8.423,8.372,8.276,8.113,7.906,7.695,7.47,7.266,7.105,6.965,6.816,6.678,6.488,6.217,5.902,5.592,5.259,5.022,4.94,4.95,4.941,4.949,4.848,4.57,4.179,3.808,3.423,3.096,2.873,2.715,2.541,2.379,2.173,1.891,1.566,1.247,0.949,0.742,0.59,0.475,0.376,0.31,0.257,0.198,0.132,0.1,0.073,0.044
SUR,2048,8.9,8.937,8.977,9.04,9.084,9.132,9.181,9.232,9.283,9.335,9.384,9.431,9.474,9.515,9.555,9.587,9.608,9.623,9.635,9.645,9.651,9.657,9.66,9.661,9.659,9.656,9.653,9.65,9.642,9.628,9.62,9.619,9.621,9.618,9.615,9.588,9.522,9.433,9.345,9.248,9.167,9.114,9.077,9.034,8.99,8.934,8.864,8.783,8.698,8.605,8.525,8.47,8.425,8.371,8.316,8.216,8.048,7.838,7.623,7.394,7.184,7.017,6.871,6.716,6.571,6.375,6.099,5.78,5.466,5.129,4.887,4.793,4.788,4.763,4.755,4.644,4.362,3.972,3.602,3.219,2.892,2.665,2.501,2.325,2.158,1.957,1.69,1.389,1.085,0.813,0.643,0.507,0.393,0.306,0.253,0.209,0.159,0.105,0.076,0.045
SUR,2049,8.838,8.876,8.919,8.965,9.024,9.073,9.124,9.176,9.227,9.279,9.331,9.378,9.421,9.461,9.498,9.534,9.561,9.579,9.589,9.596,9.601,9.603,9.607,9.611,9.612,9.61,9.608,9.606,9.603,9.596,9.585,9.577,9.577,9.58,9.578,9.576,9.55,9.485,9.396,9.307,9.211,9.131,9.077,9.041,8.997,8.952,8.897,8.826,8.743,8.658,8.562,8.48,8.422,8.376,8.317,8.258,8.155,7.984,7.768,7.549,7.315,7.101,6.929,6.777,6.616,6.463,6.262,5.981,5.658,5.34,5.001,4.75,4.645,4.624,4.585,4.562,4.44,4.153,3.763,3.394,3.013,2.687,2.456,2.287,2.106,1.937,1.74,1.489,1.212,0.923,0.675,0.543,0.423,0.309,0.235,0.197,0.161,0.121,0.076,0.046
SUR,2050,8.776,8.816,8.859,8.905,8.955,9.007,9.06,9.114,9.168,9.221,9.273,9.324,9.37,9.411,9.447,9.48,9.511,9.535,9.547,9.552,9.555,9.555,9.555,9.558,9.562,9.561,9.561,9.559,9.557,9.556,9.55,9.539,9.533,9.534,9.537,9.536,9.535,9.509,9.446,9.357,9.269,9.173,9.094,9.04,9.003,8.959,8.914,8.858,8.786,8.702,8.616,8.518,8.435,8.374,8.324,8.262,8.199,8.092,7.918,7.697,7.474,7.237,7.018,6.839,6.681,6.515,6.354,6.147,5.862,5.536,5.213,4.87,4.613,4.496,4.459,4.406,4.369,4.235,3.944,3.555,3.185,2.808,2.482,2.247,2.072,1.889,1.716,1.523,1.289,1.035,0.761,0.538,0.443,0.339,0.226,0.165,0.14,0.112,0.082,0.049
SUR,2051,8.722,8.766,8.807,8.853,8.902,8.952,9.004,9.058,9.111,9.163,9.212,9.259,9.305,9.348,9.385,9.415,9.444,9.471,9.491,9.502,9.507,9.51,9.511,9.51,9.514,9.518,9.52,9.52,9.52,9.52,9.519,9.514,9.504,9.498,9.501,9.504,9.503,9.502,9.476,9.413,9.324,9.236,9.141,9.06,9.005,8.968,8.922,8.875,8.818,8.743,8.657,8.567,8.467,8.379,8.313,8.258,8.192,8.123,8.01,7.83,7.605,7.376,7.131,6.907,6.721,6.555,6.38,6.212,5.997,5.708,5.378,5.051,4.706,4.444,4.313,4.261,4.194,4.142,4,3.71,3.328,2.966,2.597,2.279,2.05,1.88,1.7,1.541,1.363,1.143,0.899,0.654,0.468,0.384,0.293,0.193,0.146,0.117,0.085,0.05
SUR,2052,8.67,8.707,8.754,8.799,8.847,8.897,8.949,9.002,9.055,9.107,9.155,9.201,9.244,9.287,9.324,9.357,9.382,9.406,9.429,9.445,9.455,9.46,9.464,9.464,9.465,9.469,9.475,9.478,9.48,9.48,9.481,9.481,9.477,9.468,9.463,9.466,9.47,9.469,9.469,9.443,9.379,9.291,9.203,9.107,9.025,8.971,8.931,8.884,8.836,8.777,8.699,8.61,8.517,8.414,8.322,8.252,8.192,8.119,8.046,7.927,7.741,7.511,7.276,7.027,6.796,6.602,6.429,6.246,6.069,5.847,5.553,5.219,4.89,4.542,4.272,4.13,4.062,3.981,3.915,3.765,3.475,3.1,2.745,2.386,2.077,1.853,1.687,1.511,1.365,1.202,0.997,0.763,0.547,0.398,0.326,0.246,0.161,0.123,0.089,0.053
SUR,2053,8.617,8.652,8.691,8.742,8.79,8.84,8.892,8.944,8.998,9.051,9.102,9.148,9.189,9.229,9.267,9.3,9.327,9.349,9.368,9.386,9.4,9.408,9.413,9.417,9.418,9.42,9.424,9.43,9.435,9.438,9.44,9.442,9.442,9.44,9.432,9.427,9.429,9.435,9.435,9.434,9.409,9.345,9.257,9.168,9.072,8.99,8.934,8.894,8.846,8.796,8.734,8.655,8.563,8.466,8.36,8.265,8.191,8.125,8.048,7.968,7.844,7.653,7.416,7.176,6.921,6.683,6.482,6.302,6.111,5.926,5.697,5.398,5.059,4.727,4.377,4.102,3.946,3.863,3.767,3.687,3.529,3.24,2.872,2.525,2.174,1.873,1.656,1.495,1.323,1.189,1.042,0.851,0.627,0.438,0.327,0.267,0.2,0.128,0.093,0.056
SUR,2054,8.561,8.594,8.632,8.675,8.728,8.779,8.832,8.885,8.939,8.993,9.047,9.097,9.14,9.177,9.213,9.246,9.275,9.298,9.315,9.33,9.343,9.353,9.36,9.366,9.369,9.37,9.372,9.378,9.385,9.39,9.395,9.398,9.401,9.402,9.401,9.393,9.39,9.394,9.398,9.398,9.398,9.373,9.31,9.222,9.134,9.037,8.954,8.897,8.856,8.806,8.754,8.691,8.61,8.515,8.415,8.305,8.206,8.127,8.056,7.974,7.889,7.76,7.563,7.321,7.075,6.814,6.57,6.362,6.173,5.975,5.782,5.545,5.242,4.901,4.563,4.211,3.93,3.762,3.663,3.553,3.459,3.292,3.005,2.644,2.303,1.963,1.67,1.458,1.302,1.133,1.013,0.88,0.706,0.491,0.331,0.257,0.208,0.153,0.096,0.058
SUR,2055,8.5,8.533,8.572,8.615,8.663,8.714,8.768,8.822,8.878,8.933,8.987,9.041,9.09,9.131,9.164,9.195,9.225,9.249,9.267,9.28,9.291,9.299,9.305,9.312,9.316,9.32,9.321,9.325,9.331,9.34,9.346,9.352,9.356,9.36,9.362,9.361,9.354,9.352,9.356,9.361,9.362,9.362,9.337,9.274,9.186,9.098,9.001,8.917,8.859,8.817,8.767,8.713,8.647,8.563,8.466,8.364,8.25,8.147,8.064,7.989,7.9,7.81,7.674,7.472,7.225,6.974,6.706,6.456,6.241,6.045,5.839,5.637,5.394,5.085,4.74,4.4,4.046,3.758,3.578,3.464,3.339,3.231,3.056,2.769,2.415,2.083,1.751,1.467,1.261,1.109,0.944,0.837,0.72,0.559,0.355,0.223,0.188,0.149,0.107,0.062
SUR,2056,8.434,8.485,8.523,8.565,8.612,8.661,8.712,8.765,8.818,8.87,8.922,8.973,9.023,9.067,9.103,9.131,9.158,9.183,9.204,9.221,9.233,9.245,9.254,9.262,9.268,9.274,9.279,9.282,9.287,9.294,9.303,9.31,9.317,9.322,9.327,9.329,9.329,9.323,9.32,9.324,9.329,9.33,9.33,9.304,9.24,9.151,9.062,8.963,8.878,8.818,8.773,8.719,8.662,8.592,8.504,8.402,8.296,8.176,8.068,7.979,7.896,7.801,7.703,7.56,7.35,7.096,6.838,6.563,6.306,6.083,5.877,5.663,5.452,5.202,4.89,4.542,4.2,3.846,3.556,3.368,3.243,3.109,2.993,2.817,2.539,2.201,1.88,1.567,1.315,1.122,0.969,0.82,0.726,0.622,0.481,0.303,0.206,0.165,0.119,0.067
SUR,2057,8.363,8.404,8.471,8.514,8.56,8.609,8.658,8.71,8.762,8.813,8.864,8.912,8.958,9.004,9.044,9.075,9.099,9.121,9.142,9.159,9.175,9.188,9.2,9.209,9.217,9.224,9.231,9.238,9.242,9.248,9.256,9.266,9.275,9.283,9.288,9.294,9.297,9.297,9.291,9.288,9.292,9.297,9.298,9.297,9.27,9.206,9.116,9.025,8.925,8.838,8.776,8.728,8.671,8.61,8.537,8.445,8.339,8.227,8.103,7.988,7.893,7.803,7.701,7.596,7.445,7.228,6.966,6.701,6.421,6.156,5.924,5.709,5.486,5.267,5.01,4.693,4.343,4.001,3.647,3.353,3.157,3.021,2.879,2.754,2.576,2.308,1.987,1.677,1.382,1.162,0.983,0.829,0.696,0.616,0.525,0.404,0.251,0.184,0.132,0.075
SUR,2058,8.292,8.337,8.386,8.457,8.505,8.554,8.604,8.655,8.708,8.76,8.809,8.856,8.9,8.943,8.984,9.02,9.046,9.065,9.084,9.1,9.115,9.129,9.141,9.153,9.163,9.172,9.181,9.189,9.196,9.202,9.21,9.219,9.23,9.239,9.247,9.255,9.26,9.264,9.264,9.259,9.256,9.26,9.265,9.265,9.263,9.237,9.172,9.081,8.989,8.888,8.798,8.734,8.683,8.623,8.558,8.481,8.385,8.275,8.158,8.029,7.909,7.807,7.711,7.601,7.489,7.331,7.106,6.838,6.565,6.277,6.005,5.765,5.542,5.309,5.081,4.817,4.497,4.146,3.801,3.447,3.151,2.947,2.8,2.649,2.515,2.335,2.077,1.774,1.472,1.198,1.01,0.844,0.689,0.57,0.505,0.428,0.325,0.198,0.148,0.081
SUR,2059,8.221,8.271,8.323,8.377,8.442,8.495,8.547,8.6,8.653,8.705,8.756,8.804,8.848,8.888,8.927,8.964,8.995,9.017,9.032,9.046,9.057,9.069,9.081,9.094,9.107,9.117,9.127,9.136,9.145,9.153,9.161,9.17,9.18,9.192,9.203,9.212,9.22,9.226,9.23,9.231,9.225,9.223,9.227,9.233,9.232,9.23,9.202,9.136,9.044,8.952,8.849,8.758,8.691,8.637,8.574,8.506,8.426,8.325,8.211,8.089,7.955,7.829,7.721,7.617,7.5,7.38,7.214,6.983,6.708,6.429,6.134,5.853,5.604,5.372,5.132,4.895,4.624,4.3,3.947,3.601,3.248,2.949,2.736,2.579,2.419,2.276,2.095,1.846,1.56,1.269,1.014,0.858,0.704,0.548,0.446,0.395,0.331,0.248,0.147,0.089
SUR,2060,8.155,8.206,8.259,8.314,8.37,8.427,8.483,8.539,8.594,8.649,8.7,8.75,8.797,8.839,8.875,8.91,8.943,8.97,8.987,8.998,9.007,9.014,9.022,9.033,9.047,9.059,9.07,9.08,9.09,9.1,9.11,9.119,9.129,9.141,9.154,9.165,9.175,9.183,9.191,9.195,9.197,9.192,9.19,9.194,9.198,9.197,9.195,9.167,9.1,9.008,8.913,8.809,8.717,8.647,8.591,8.524,8.453,8.368,8.263,8.144,8.018,7.88,7.748,7.633,7.523,7.398,7.271,7.099,6.86,6.577,6.291,5.989,5.701,5.444,5.204,4.954,4.708,4.431,4.103,3.747,3.399,3.047,2.745,2.524,2.357,2.188,2.036,1.854,1.615,1.346,1.065,0.829,0.705,0.565,0.408,0.321,0.284,0.233,0.17,0.095
SUR,2061,8.099,8.147,8.199,8.254,8.31,8.367,8.424,8.481,8.537,8.589,8.639,8.687,8.733,8.775,8.812,8.845,8.874,8.903,8.926,8.942,8.953,8.963,8.97,8.979,8.992,9.006,9.019,9.032,9.043,9.055,9.066,9.077,9.087,9.098,9.11,9.124,9.135,9.145,9.154,9.162,9.167,9.167,9.162,9.16,9.163,9.166,9.164,9.16,9.129,9.061,8.966,8.869,8.762,8.666,8.592,8.53,8.46,8.383,8.293,8.182,8.057,7.924,7.779,7.64,7.516,7.396,7.263,7.126,6.943,6.696,6.406,6.111,5.803,5.507,5.242,4.993,4.735,4.482,4.201,3.873,3.521,3.177,2.831,2.535,2.316,2.147,1.978,1.837,1.665,1.438,1.176,0.921,0.723,0.612,0.487,0.349,0.291,0.239,0.175,0.099
SUR,2062,8.048,8.093,8.138,8.192,8.247,8.304,8.362,8.421,8.479,8.534,8.583,8.628,8.673,8.714,8.753,8.784,8.813,8.838,8.863,8.883,8.898,8.908,8.918,8.926,8.936,8.949,8.965,8.979,8.993,9.006,9.02,9.031,9.044,9.054,9.066,9.079,9.094,9.105,9.116,9.125,9.133,9.138,9.138,9.132,9.128,9.131,9.133,9.13,9.124,9.091,9.02,8.924,8.824,8.714,8.614,8.536,8.471,8.395,8.313,8.217,8.101,7.969,7.829,7.677,7.531,7.399,7.269,7.127,6.98,6.788,6.532,6.234,5.932,5.616,5.314,5.039,4.781,4.517,4.257,3.97,3.642,3.295,2.955,2.616,2.323,2.106,1.938,1.77,1.636,1.474,1.259,1.006,0.778,0.616,0.519,0.41,0.29,0.24,0.176,0.103
SUR,2063,8,8.038,8.081,8.128,8.184,8.241,8.299,8.358,8.417,8.475,8.53,8.577,8.618,8.657,8.695,8.729,8.756,8.78,8.802,8.821,8.838,8.851,8.863,8.873,8.882,8.892,8.907,8.923,8.938,8.954,8.969,8.983,8.996,9.009,9.02,9.033,9.048,9.061,9.075,9.085,9.095,9.102,9.107,9.107,9.101,9.097,9.099,9.1,9.094,9.087,9.053,8.98,8.881,8.778,8.665,8.561,8.479,8.41,8.328,8.241,8.14,8.018,7.88,7.734,7.575,7.421,7.281,7.141,6.989,6.833,6.632,6.368,6.061,5.751,5.429,5.119,4.836,4.57,4.297,4.03,3.74,3.413,3.068,2.733,2.398,2.112,1.896,1.729,1.559,1.436,1.284,1.081,0.837,0.634,0.51,0.427,0.334,0.23,0.175,0.105
SUR,2064,7.948,7.98,8.02,8.065,8.118,8.174,8.233,8.292,8.352,8.411,8.471,8.525,8.569,8.606,8.642,8.675,8.704,8.727,8.746,8.763,8.778,8.792,8.804,8.816,8.826,8.835,8.847,8.862,8.88,8.897,8.914,8.93,8.945,8.959,8.973,8.986,8.999,9.015,9.03,9.042,9.053,9.063,9.07,9.075,9.075,9.069,9.064,9.065,9.065,9.058,9.049,9.013,8.938,8.836,8.73,8.614,8.507,8.422,8.347,8.261,8.17,8.063,7.935,7.79,7.638,7.472,7.311,7.162,7.013,6.852,6.686,6.475,6.202,5.888,5.57,5.24,4.923,4.631,4.357,4.078,3.802,3.508,3.182,2.84,2.51,2.182,1.9,1.686,1.519,1.35,1.235,1.094,0.902,0.667,0.49,0.403,0.334,0.257,0.171,0.108
SUR,2065,7.89,7.919,7.957,8.001,8.051,8.106,8.164,8.223,8.284,8.345,8.405,8.466,8.519,8.56,8.593,8.625,8.654,8.678,8.697,8.712,8.724,8.735,8.745,8.756,8.768,8.778,8.788,8.8,8.817,8.836,8.854,8.872,8.891,8.906,8.921,8.937,8.951,8.965,8.981,8.996,9.009,9.021,9.031,9.038,9.043,9.043,9.036,9.031,9.031,9.03,9.022,9.011,8.972,8.895,8.791,8.683,8.563,8.453,8.363,8.285,8.193,8.097,7.984,7.849,7.699,7.541,7.368,7.199,7.041,6.884,6.713,6.537,6.318,6.037,5.714,5.388,5.052,4.726,4.427,4.145,3.856,3.575,3.276,2.95,2.612,2.287,1.966,1.688,1.475,1.31,1.14,1.034,0.904,0.724,0.497,0.346,0.297,0.241,0.18,0.112
SUR,2066,7.827,7.876,7.911,7.953,8,8.051,8.105,8.162,8.22,8.278,8.334,8.391,8.448,8.497,8.534,8.562,8.589,8.613,8.635,8.652,8.667,8.681,8.691,8.703,8.715,8.728,8.74,8.751,8.765,8.783,8.803,8.822,8.842,8.861,8.877,8.893,8.908,8.923,8.938,8.953,8.968,8.981,8.993,9.002,9.009,9.012,9.011,9.003,8.996,8.993,8.989,8.979,8.964,8.923,8.841,8.734,8.621,8.497,8.381,8.286,8.2,8.103,7.999,7.878,7.737,7.578,7.41,7.229,7.05,6.881,6.711,6.529,6.343,6.114,5.824,5.494,5.161,4.819,4.489,4.186,3.898,3.609,3.326,3.031,2.714,2.389,2.072,1.769,1.518,1.317,1.15,0.995,0.901,0.784,0.626,0.424,0.307,0.251,0.187,0.116
SUR,2067,7.759,7.794,7.861,7.902,7.947,7.997,8.05,8.104,8.16,8.216,8.271,8.324,8.377,8.43,8.473,8.506,8.53,8.552,8.573,8.591,8.608,8.622,8.636,8.648,8.661,8.674,8.688,8.701,8.714,8.729,8.748,8.769,8.789,8.81,8.829,8.847,8.864,8.879,8.894,8.91,8.925,8.941,8.954,8.965,8.974,8.979,8.982,8.979,8.97,8.961,8.956,8.95,8.935,8.919,8.873,8.788,8.676,8.558,8.43,8.309,8.208,8.116,8.012,7.9,7.773,7.623,7.455,7.279,7.089,6.901,6.721,6.54,6.346,6.149,5.91,5.611,5.272,4.933,4.586,4.251,3.943,3.653,3.362,3.077,2.785,2.477,2.167,1.859,1.572,1.349,1.159,0.989,0.848,0.767,0.664,0.526,0.353,0.266,0.198,0.121
SUR,2068,7.687,7.729,7.774,7.847,7.893,7.942,7.994,8.048,8.102,8.157,8.212,8.263,8.314,8.363,8.41,8.45,8.478,8.497,8.516,8.531,8.547,8.562,8.578,8.591,8.604,8.617,8.631,8.647,8.661,8.676,8.693,8.713,8.735,8.756,8.779,8.799,8.817,8.835,8.85,8.866,8.881,8.898,8.912,8.925,8.937,8.944,8.95,8.951,8.948,8.936,8.925,8.918,8.91,8.892,8.871,8.823,8.734,8.617,8.496,8.362,8.236,8.129,8.032,7.92,7.802,7.667,7.508,7.332,7.148,6.949,6.751,6.559,6.367,6.163,5.954,5.705,5.398,5.052,4.706,4.353,4.013,3.7,3.407,3.113,2.828,2.539,2.241,1.943,1.644,1.375,1.179,1,0.829,0.703,0.633,0.544,0.427,0.281,0.21,0.128
SUR,2069,7.618,7.663,7.713,7.764,7.831,7.883,7.936,7.991,8.046,8.1,8.154,8.206,8.255,8.302,8.346,8.391,8.426,8.45,8.464,8.478,8.49,8.502,8.516,8.532,8.546,8.559,8.573,8.588,8.605,8.621,8.637,8.656,8.677,8.7,8.723,8.746,8.767,8.787,8.804,8.821,8.836,8.852,8.868,8.884,8.896,8.907,8.914,8.919,8.919,8.914,8.902,8.889,8.879,8.868,8.848,8.824,8.771,8.679,8.559,8.432,8.294,8.163,8.05,7.946,7.828,7.703,7.56,7.394,7.208,7.015,6.808,6.601,6.399,6.194,5.979,5.759,5.499,5.183,4.83,4.477,4.119,3.774,3.458,3.161,2.865,2.578,2.293,2.004,1.72,1.43,1.177,1.008,0.84,0.67,0.558,0.499,0.424,0.328,0.209,0.133
SUR,2070,7.551,7.599,7.65,7.703,7.758,7.815,7.872,7.929,7.986,8.042,8.097,8.149,8.2,8.246,8.289,8.33,8.37,8.4,8.419,8.43,8.44,8.447,8.455,8.469,8.485,8.499,8.513,8.528,8.544,8.562,8.58,8.597,8.617,8.64,8.664,8.687,8.711,8.734,8.754,8.773,8.79,8.806,8.821,8.838,8.853,8.866,8.876,8.882,8.886,8.886,8.88,8.865,8.851,8.839,8.825,8.802,8.775,8.719,8.623,8.498,8.367,8.225,8.088,7.97,7.859,7.735,7.602,7.451,7.277,7.084,6.882,6.666,6.449,6.236,6.02,5.793,5.563,5.294,4.969,4.608,4.248,3.885,3.535,3.214,2.914,2.617,2.328,2.047,1.767,1.497,1.216,0.979,0.838,0.682,0.51,0.411,0.366,0.304,0.228,0.137
SUR,2071,7.496,7.543,7.593,7.645,7.7,7.756,7.813,7.871,7.926,7.981,8.033,8.083,8.133,8.178,8.22,8.259,8.295,8.33,8.358,8.376,8.387,8.397,8.405,8.415,8.43,8.447,8.462,8.478,8.495,8.512,8.531,8.55,8.569,8.589,8.613,8.638,8.662,8.686,8.709,8.73,8.748,8.766,8.781,8.797,8.812,8.827,8.838,8.847,8.852,8.853,8.851,8.841,8.824,8.806,8.791,8.772,8.745,8.712,8.651,8.549,8.419,8.283,8.133,7.989,7.862,7.743,7.609,7.467,7.306,7.122,6.919,6.705,6.479,6.252,6.026,5.798,5.559,5.318,5.041,4.711,4.347,3.986,3.623,3.277,2.961,2.67,2.377,2.104,1.845,1.58,1.314,1.057,0.857,0.731,0.591,0.437,0.368,0.306,0.23,0.14
SUR,2072,7.445,7.488,7.534,7.586,7.64,7.696,7.753,7.81,7.869,7.924,7.976,8.023,8.07,8.114,8.156,8.194,8.228,8.26,8.29,8.315,8.332,8.343,8.354,8.363,8.373,8.389,8.407,8.425,8.442,8.46,8.479,8.499,8.519,8.539,8.561,8.585,8.61,8.636,8.66,8.683,8.703,8.722,8.74,8.755,8.77,8.785,8.799,8.809,8.816,8.82,8.819,8.814,8.803,8.782,8.761,8.741,8.719,8.686,8.648,8.581,8.475,8.339,8.196,8.04,7.889,7.755,7.625,7.483,7.332,7.162,6.966,6.752,6.528,6.293,6.054,5.816,5.575,5.325,5.073,4.786,4.451,4.086,3.725,3.361,3.018,2.708,2.425,2.136,1.88,1.644,1.394,1.132,0.898,0.733,0.622,0.499,0.364,0.302,0.228,0.141
SUR,2073,7.396,7.433,7.476,7.524,7.578,7.633,7.691,7.748,7.807,7.866,7.921,7.969,8.013,8.055,8.096,8.133,8.166,8.196,8.223,8.25,8.272,8.288,8.299,8.309,8.319,8.331,8.348,8.367,8.386,8.405,8.424,8.445,8.466,8.487,8.508,8.531,8.556,8.582,8.608,8.633,8.656,8.678,8.696,8.713,8.728,8.742,8.757,8.771,8.779,8.785,8.787,8.784,8.777,8.762,8.739,8.714,8.691,8.664,8.626,8.584,8.512,8.4,8.258,8.109,7.946,7.788,7.646,7.508,7.356,7.195,7.015,6.809,6.584,6.35,6.105,5.855,5.605,5.351,5.089,4.826,4.532,4.191,3.824,3.462,3.098,2.758,2.455,2.179,1.896,1.655,1.442,1.206,0.949,0.74,0.61,0.514,0.408,0.292,0.225,0.142
SUR,2074,7.343,7.376,7.415,7.46,7.513,7.568,7.626,7.684,7.743,7.802,7.862,7.916,7.961,8.001,8.039,8.075,8.108,8.136,8.162,8.186,8.208,8.226,8.241,8.253,8.264,8.274,8.287,8.305,8.325,8.346,8.367,8.388,8.41,8.432,8.454,8.476,8.5,8.526,8.553,8.579,8.604,8.628,8.65,8.668,8.685,8.701,8.714,8.728,8.74,8.748,8.753,8.753,8.748,8.738,8.721,8.694,8.667,8.639,8.608,8.566,8.518,8.441,8.323,8.175,8.021,7.852,7.687,7.536,7.388,7.228,7.058,6.868,6.652,6.416,6.171,5.916,5.656,5.394,5.127,4.853,4.579,4.276,3.931,3.561,3.198,2.836,2.499,2.201,1.934,1.655,1.429,1.241,1.02,0.765,0.581,0.487,0.406,0.316,0.219,0.144
SUR,2075,7.287,7.316,7.355,7.398,7.448,7.502,7.558,7.617,7.676,7.737,7.796,7.857,7.91,7.953,7.988,8.021,8.054,8.082,8.106,8.127,8.147,8.165,8.18,8.194,8.206,8.217,8.228,8.242,8.261,8.283,8.305,8.327,8.35,8.373,8.396,8.42,8.444,8.468,8.495,8.522,8.549,8.575,8.599,8.621,8.64,8.656,8.671,8.685,8.697,8.709,8.716,8.718,8.717,8.71,8.698,8.678,8.648,8.617,8.586,8.55,8.503,8.451,8.368,8.245,8.092,7.931,7.756,7.583,7.425,7.269,7.098,6.918,6.719,6.493,6.247,5.992,5.727,5.455,5.181,4.901,4.616,4.331,4.02,3.67,3.298,2.934,2.573,2.238,1.947,1.688,1.414,1.204,1.04,0.832,0.583,0.422,0.363,0.297,0.225,0.146
SUR,2076,7.225,7.273,7.309,7.35,7.397,7.448,7.501,7.557,7.614,7.671,7.727,7.782,7.839,7.888,7.926,7.957,7.987,8.015,8.04,8.063,8.084,8.105,8.123,8.14,8.154,8.168,8.181,8.193,8.209,8.229,8.252,8.275,8.299,8.323,8.347,8.371,8.395,8.42,8.444,8.471,8.499,8.526,8.552,8.575,8.596,8.614,8.63,8.643,8.655,8.667,8.675,8.681,8.68,8.676,8.666,8.649,8.625,8.591,8.554,8.518,8.475,8.422,8.363,8.272,8.141,7.981,7.811,7.627,7.444,7.275,7.107,6.926,6.735,6.524,6.285,6.027,5.761,5.485,5.204,4.921,4.632,4.339,4.048,3.736,3.391,3.03,2.671,2.327,2.023,1.745,1.485,1.234,1.054,0.906,0.721,0.5,0.374,0.307,0.231,0.15
SUR,2077,7.161,7.196,7.26,7.3,7.346,7.394,7.446,7.5,7.555,7.61,7.665,7.717,7.769,7.821,7.865,7.9,7.926,7.951,7.975,7.997,8.019,8.042,8.062,8.081,8.099,8.114,8.129,8.144,8.158,8.175,8.197,8.221,8.246,8.27,8.296,8.321,8.345,8.37,8.394,8.42,8.447,8.475,8.502,8.527,8.551,8.571,8.589,8.604,8.615,8.626,8.635,8.643,8.644,8.642,8.633,8.62,8.599,8.572,8.533,8.49,8.448,8.4,8.34,8.274,8.176,8.037,7.868,7.69,7.497,7.305,7.125,6.945,6.753,6.55,6.328,6.077,5.806,5.53,5.244,4.953,4.659,4.362,4.063,3.765,3.452,3.113,2.762,2.408,2.082,1.807,1.542,1.283,1.054,0.903,0.773,0.611,0.418,0.321,0.242,0.155
SUR,2078,7.093,7.133,7.178,7.246,7.292,7.34,7.392,7.445,7.498,7.553,7.606,7.657,7.707,7.755,7.802,7.842,7.872,7.894,7.916,7.934,7.954,7.975,7.998,8.018,8.038,8.057,8.074,8.09,8.106,8.122,8.142,8.164,8.189,8.215,8.241,8.267,8.293,8.319,8.345,8.369,8.396,8.423,8.45,8.478,8.503,8.526,8.546,8.562,8.577,8.587,8.596,8.604,8.608,8.608,8.602,8.591,8.574,8.55,8.517,8.473,8.426,8.378,8.324,8.257,8.183,8.079,7.932,7.755,7.569,7.366,7.166,6.974,6.783,6.579,6.366,6.131,5.868,5.586,5.297,5.002,4.702,4.398,4.092,3.785,3.482,3.167,2.834,2.494,2.145,1.835,1.591,1.34,1.079,0.874,0.751,0.639,0.5,0.336,0.254,0.16
SUR,2079,7.027,7.07,7.117,7.168,7.231,7.282,7.334,7.388,7.441,7.496,7.549,7.602,7.65,7.695,7.739,7.783,7.819,7.844,7.862,7.879,7.893,7.909,7.93,7.952,7.974,7.995,8.015,8.032,8.05,8.068,8.086,8.106,8.13,8.158,8.184,8.211,8.238,8.265,8.291,8.318,8.343,8.369,8.398,8.426,8.452,8.477,8.5,8.519,8.534,8.548,8.557,8.565,8.57,8.573,8.57,8.562,8.547,8.527,8.499,8.462,8.414,8.361,8.308,8.247,8.174,8.093,7.981,7.827,7.641,7.446,7.236,7.025,6.823,6.621,6.406,6.18,5.934,5.66,5.365,5.065,4.759,4.45,4.137,3.821,3.507,3.198,2.883,2.554,2.225,1.882,1.589,1.375,1.138,0.877,0.694,0.601,0.505,0.389,0.254,0.166
SUR,2080,6.964,7.009,7.057,7.108,7.161,7.216,7.271,7.326,7.383,7.438,7.492,7.545,7.595,7.641,7.683,7.723,7.762,7.793,7.814,7.827,7.84,7.85,7.864,7.883,7.907,7.928,7.95,7.971,7.99,8.009,8.028,8.047,8.07,8.096,8.123,8.151,8.18,8.208,8.236,8.262,8.29,8.315,8.342,8.371,8.399,8.425,8.45,8.473,8.491,8.506,8.518,8.526,8.532,8.536,8.536,8.531,8.52,8.502,8.478,8.447,8.406,8.353,8.295,8.236,8.169,8.089,8.001,7.882,7.72,7.526,7.322,7.103,6.883,6.67,6.457,6.229,5.993,5.736,5.449,5.142,4.832,4.516,4.196,3.874,3.55,3.229,2.914,2.597,2.274,1.956,1.618,1.343,1.158,0.935,0.674,0.514,0.45,0.371,0.278,0.171
SUR,2081,6.911,6.956,7.003,7.052,7.105,7.158,7.213,7.27,7.325,7.378,7.429,7.479,7.528,7.573,7.615,7.652,7.688,7.723,7.752,7.771,7.785,7.798,7.81,7.825,7.845,7.869,7.892,7.916,7.939,7.96,7.98,8,8.021,8.044,8.071,8.1,8.128,8.158,8.186,8.214,8.241,8.268,8.294,8.32,8.348,8.376,8.402,8.425,8.447,8.463,8.477,8.486,8.492,8.495,8.495,8.492,8.483,8.467,8.446,8.416,8.379,8.331,8.271,8.208,8.139,8.063,7.974,7.876,7.747,7.574,7.37,7.156,6.926,6.694,6.468,6.241,6.001,5.753,5.484,5.187,4.871,4.554,4.232,3.909,3.587,3.268,2.947,2.646,2.352,2.043,1.724,1.414,1.177,1.012,0.812,0.579,0.465,0.384,0.288,0.177
SUR,2082,6.861,6.901,6.947,6.996,7.047,7.1,7.155,7.211,7.268,7.323,7.373,7.419,7.466,7.51,7.551,7.588,7.621,7.653,7.683,7.709,7.728,7.742,7.757,7.768,7.784,7.806,7.832,7.856,7.882,7.906,7.929,7.95,7.972,7.994,8.018,8.045,8.076,8.105,8.135,8.163,8.191,8.219,8.246,8.272,8.298,8.326,8.352,8.378,8.4,8.42,8.435,8.446,8.454,8.457,8.457,8.454,8.448,8.435,8.415,8.388,8.353,8.31,8.256,8.19,8.119,8.043,7.958,7.859,7.752,7.611,7.429,7.214,6.988,6.748,6.504,6.265,6.025,5.771,5.512,5.232,4.925,4.599,4.275,3.948,3.621,3.301,2.986,2.665,2.378,2.107,1.81,1.492,1.209,1.012,0.866,0.689,0.485,0.393,0.295,0.182
SUR,2083,6.814,6.849,6.889,6.937,6.988,7.041,7.096,7.151,7.208,7.265,7.319,7.366,7.409,7.451,7.492,7.528,7.561,7.59,7.617,7.643,7.666,7.684,7.699,7.713,7.727,7.743,7.766,7.793,7.82,7.847,7.873,7.896,7.919,7.942,7.965,7.991,8.019,8.05,8.08,8.11,8.14,8.168,8.196,8.223,8.249,8.275,8.302,8.328,8.352,8.374,8.392,8.406,8.415,8.421,8.421,8.418,8.412,8.403,8.385,8.361,8.329,8.288,8.24,8.181,8.109,8.029,7.945,7.851,7.743,7.625,7.475,7.282,7.056,6.82,6.569,6.314,6.062,5.807,5.542,5.269,4.978,4.661,4.327,3.994,3.662,3.334,3.014,2.703,2.382,2.109,1.862,1.578,1.261,1.004,0.847,0.719,0.566,0.39,0.302,0.188
SUR,2084,6.764,6.795,6.832,6.875,6.927,6.979,7.033,7.09,7.147,7.204,7.262,7.315,7.36,7.398,7.436,7.472,7.505,7.533,7.557,7.581,7.602,7.622,7.639,7.655,7.669,7.683,7.701,7.725,7.754,7.781,7.811,7.839,7.864,7.887,7.912,7.936,7.963,7.993,8.024,8.054,8.086,8.116,8.144,8.173,8.2,8.225,8.251,8.277,8.303,8.326,8.347,8.364,8.375,8.382,8.385,8.384,8.379,8.369,8.355,8.334,8.306,8.269,8.224,8.169,8.104,8.025,7.939,7.846,7.743,7.625,7.498,7.338,7.134,6.898,6.65,6.389,6.122,5.857,5.59,5.311,5.026,4.724,4.397,4.055,3.715,3.377,3.045,2.726,2.42,2.099,1.841,1.616,1.345,1.028,0.798,0.682,0.573,0.444,0.296,0.194
SUR,2085,6.71,6.739,6.774,6.816,6.863,6.914,6.969,7.026,7.083,7.142,7.199,7.258,7.31,7.351,7.386,7.419,7.451,7.479,7.503,7.523,7.542,7.56,7.576,7.593,7.608,7.624,7.639,7.657,7.683,7.713,7.743,7.774,7.803,7.829,7.854,7.88,7.906,7.934,7.964,7.997,8.027,8.059,8.09,8.119,8.147,8.174,8.2,8.225,8.251,8.276,8.299,8.318,8.333,8.344,8.349,8.349,8.345,8.337,8.324,8.307,8.282,8.25,8.208,8.157,8.098,8.026,7.941,7.846,7.746,7.634,7.508,7.37,7.199,6.985,6.738,6.48,6.209,5.931,5.652,5.37,5.08,4.784,4.47,4.132,3.782,3.434,3.09,2.756,2.439,2.137,1.816,1.571,1.371,1.113,0.795,0.593,0.516,0.426,0.321,0.201
SUR,2086,6.654,6.698,6.732,6.771,6.814,6.863,6.914,6.968,7.023,7.078,7.132,7.185,7.24,7.288,7.325,7.355,7.385,7.412,7.437,7.46,7.481,7.5,7.519,7.537,7.555,7.572,7.588,7.605,7.626,7.653,7.685,7.715,7.747,7.778,7.805,7.831,7.858,7.885,7.913,7.944,7.976,8.008,8.039,8.069,8.098,8.126,8.152,8.177,8.202,8.225,8.249,8.27,8.286,8.298,8.307,8.309,8.306,8.298,8.284,8.268,8.245,8.214,8.176,8.127,8.07,8.001,7.92,7.825,7.721,7.609,7.484,7.345,7.196,7.013,6.785,6.526,6.255,5.971,5.682,5.392,5.098,4.797,4.492,4.174,3.836,3.489,3.142,2.812,2.502,2.195,1.888,1.593,1.381,1.199,0.967,0.685,0.535,0.441,0.332,0.209
SUR,2087,6.594,6.627,6.685,6.723,6.766,6.813,6.862,6.913,6.966,7.019,7.072,7.122,7.173,7.223,7.266,7.298,7.324,7.35,7.373,7.395,7.417,7.438,7.458,7.478,7.497,7.516,7.535,7.553,7.571,7.594,7.622,7.655,7.688,7.721,7.753,7.781,7.808,7.835,7.863,7.892,7.923,7.955,7.987,8.018,8.048,8.077,8.104,8.13,8.154,8.177,8.2,8.222,8.24,8.254,8.264,8.269,8.268,8.262,8.25,8.232,8.211,8.183,8.147,8.101,8.046,7.981,7.903,7.813,7.71,7.595,7.472,7.336,7.184,7.022,6.826,6.586,6.312,6.03,5.734,5.433,5.13,4.826,4.514,4.201,3.878,3.541,3.198,2.851,2.533,2.247,1.95,1.641,1.369,1.189,1.028,0.823,0.574,0.459,0.347,0.217
SUR,2088,6.533,6.568,6.609,6.672,6.715,6.76,6.809,6.86,6.912,6.964,7.016,7.066,7.112,7.158,7.204,7.243,7.271,7.293,7.314,7.333,7.352,7.373,7.395,7.416,7.437,7.457,7.477,7.496,7.517,7.538,7.562,7.592,7.626,7.659,7.694,7.727,7.757,7.784,7.813,7.84,7.87,7.902,7.934,7.966,7.997,8.027,8.056,8.082,8.107,8.13,8.152,8.173,8.193,8.209,8.222,8.229,8.231,8.227,8.218,8.2,8.179,8.153,8.12,8.078,8.026,7.964,7.891,7.805,7.707,7.593,7.469,7.334,7.186,7.022,6.847,6.639,6.385,6.099,5.804,5.496,5.183,4.869,4.553,4.232,3.91,3.582,3.245,2.906,2.558,2.254,1.992,1.706,1.393,1.145,0.999,0.857,0.678,0.464,0.362,0.226
SUR,2089,6.471,6.51,6.552,6.599,6.658,6.705,6.755,6.806,6.858,6.909,6.962,7.011,7.058,7.101,7.143,7.185,7.219,7.244,7.261,7.278,7.293,7.309,7.329,7.351,7.372,7.394,7.415,7.436,7.458,7.48,7.503,7.529,7.56,7.596,7.631,7.666,7.7,7.731,7.76,7.788,7.817,7.847,7.879,7.912,7.944,7.975,8.005,8.033,8.06,8.084,8.105,8.126,8.146,8.164,8.178,8.188,8.193,8.192,8.184,8.172,8.151,8.125,8.094,8.056,8.009,7.951,7.881,7.801,7.707,7.599,7.477,7.342,7.195,7.035,6.859,6.672,6.45,6.184,5.884,5.576,5.257,4.932,4.607,4.279,3.948,3.618,3.285,2.949,2.614,2.266,1.975,1.737,1.461,1.145,0.922,0.807,0.685,0.534,0.354,0.235
SUR,2090,6.412,6.452,6.496,6.543,6.592,6.643,6.695,6.749,6.802,6.854,6.906,6.958,7.006,7.049,7.088,7.126,7.164,7.194,7.214,7.228,7.24,7.251,7.264,7.283,7.306,7.329,7.351,7.373,7.395,7.419,7.442,7.466,7.494,7.527,7.563,7.6,7.637,7.672,7.704,7.734,7.763,7.792,7.823,7.855,7.889,7.921,7.952,7.981,8.009,8.034,8.058,8.079,8.098,8.116,8.134,8.145,8.153,8.155,8.152,8.141,8.124,8.1,8.07,8.034,7.991,7.937,7.873,7.797,7.709,7.606,7.49,7.358,7.213,7.055,6.882,6.694,6.496,6.261,5.981,5.668,5.348,5.018,4.681,4.343,4.005,3.664,3.326,2.988,2.652,2.321,1.973,1.696,1.482,1.216,0.896,0.697,0.616,0.513,0.389,0.242
SUR,2091,6.359,6.404,6.446,6.491,6.54,6.589,6.641,6.694,6.746,6.797,6.845,6.893,6.94,6.984,7.023,7.058,7.092,7.126,7.153,7.172,7.186,7.199,7.21,7.225,7.246,7.27,7.293,7.318,7.343,7.366,7.391,7.416,7.441,7.47,7.505,7.542,7.579,7.617,7.653,7.685,7.715,7.745,7.774,7.804,7.836,7.87,7.901,7.932,7.96,7.986,8.01,8.032,8.05,8.068,8.084,8.097,8.107,8.111,8.109,8.101,8.085,8.063,8.034,7.996,7.954,7.903,7.841,7.768,7.682,7.582,7.468,7.34,7.196,7.038,6.866,6.676,6.473,6.26,6.011,5.719,5.395,5.064,4.725,4.383,4.043,3.705,3.362,3.035,2.719,2.392,2.057,1.734,1.493,1.3,1.061,0.773,0.632,0.527,0.399,0.251
SUR,2092,6.309,6.347,6.394,6.439,6.486,6.536,6.587,6.639,6.693,6.744,6.791,6.836,6.88,6.923,6.962,6.997,7.028,7.058,7.087,7.111,7.13,7.144,7.157,7.17,7.186,7.207,7.234,7.259,7.285,7.312,7.337,7.363,7.39,7.416,7.447,7.482,7.52,7.558,7.597,7.633,7.666,7.696,7.726,7.755,7.785,7.817,7.85,7.881,7.91,7.938,7.963,7.986,8.006,8.022,8.037,8.05,8.062,8.067,8.067,8.061,8.049,8.029,8.002,7.966,7.923,7.873,7.814,7.744,7.662,7.567,7.456,7.329,7.189,7.034,6.863,6.675,6.47,6.252,6.024,5.762,5.457,5.12,4.78,4.433,4.084,3.742,3.406,3.059,2.744,2.45,2.132,1.794,1.494,1.291,1.118,0.905,0.65,0.538,0.409,0.258
SUR,2093,6.26,6.295,6.335,6.384,6.431,6.48,6.531,6.584,6.637,6.69,6.741,6.785,6.826,6.866,6.905,6.939,6.969,6.997,7.023,7.048,7.069,7.087,7.101,7.115,7.129,7.146,7.17,7.197,7.224,7.252,7.281,7.307,7.334,7.362,7.391,7.422,7.459,7.497,7.536,7.576,7.612,7.646,7.676,7.706,7.736,7.766,7.797,7.83,7.86,7.889,7.915,7.939,7.96,7.978,7.992,8.006,8.016,8.024,8.026,8.024,8.013,7.996,7.972,7.94,7.899,7.849,7.792,7.724,7.645,7.555,7.449,7.328,7.19,7.039,6.871,6.687,6.484,6.263,6.03,5.787,5.511,5.193,4.845,4.494,4.138,3.785,3.441,3.106,2.756,2.452,2.18,1.871,1.529,1.255,1.089,0.935,0.749,0.527,0.418,0.266
SUR,2094,6.211,6.243,6.28,6.323,6.373,6.423,6.474,6.527,6.58,6.633,6.687,6.736,6.779,6.815,6.851,6.885,6.916,6.942,6.965,6.987,7.007,7.025,7.042,7.057,7.072,7.086,7.106,7.13,7.158,7.188,7.217,7.248,7.276,7.304,7.334,7.363,7.396,7.433,7.473,7.513,7.553,7.591,7.624,7.655,7.686,7.715,7.745,7.777,7.808,7.837,7.865,7.891,7.913,7.933,7.949,7.962,7.972,7.98,7.986,7.985,7.978,7.965,7.944,7.915,7.876,7.83,7.774,7.709,7.634,7.547,7.446,7.331,7.199,7.05,6.886,6.706,6.509,6.292,6.056,5.807,5.55,5.26,4.929,4.569,4.209,3.844,3.484,3.138,2.805,2.452,2.161,1.91,1.611,1.264,1.015,0.886,0.752,0.592,0.404,0.273
SUR,2095,6.16,6.189,6.226,6.267,6.312,6.361,6.412,6.466,6.52,6.575,6.628,6.683,6.731,6.771,6.803,6.834,6.864,6.891,6.913,6.931,6.949,6.965,6.981,6.996,7.012,7.028,7.043,7.063,7.089,7.119,7.15,7.181,7.213,7.244,7.273,7.304,7.335,7.369,7.407,7.448,7.489,7.529,7.568,7.602,7.633,7.664,7.692,7.722,7.754,7.785,7.814,7.841,7.866,7.887,7.905,7.919,7.93,7.937,7.944,7.945,7.942,7.931,7.913,7.888,7.855,7.811,7.759,7.697,7.624,7.542,7.446,7.337,7.212,7.069,6.908,6.733,6.541,6.331,6.099,5.846,5.582,5.311,5.008,4.663,4.293,3.922,3.549,3.185,2.836,2.503,2.149,1.869,1.64,1.35,0.999,0.775,0.683,0.57,0.435,0.28
SUR,2096,6.11,6.149,6.182,6.221,6.264,6.311,6.36,6.411,6.464,6.515,6.565,6.616,6.666,6.709,6.745,6.773,6.8,6.826,6.85,6.871,6.89,6.908,6.926,6.942,6.959,6.977,6.995,7.011,7.033,7.06,7.092,7.125,7.158,7.19,7.222,7.252,7.285,7.316,7.35,7.389,7.431,7.471,7.513,7.55,7.585,7.615,7.645,7.673,7.703,7.733,7.763,7.791,7.816,7.838,7.857,7.873,7.884,7.891,7.896,7.898,7.895,7.887,7.871,7.847,7.815,7.774,7.724,7.662,7.591,7.508,7.415,7.307,7.186,7.048,6.89,6.714,6.523,6.318,6.092,5.843,5.576,5.298,5.014,4.701,4.354,3.983,3.609,3.247,2.905,2.566,2.225,1.893,1.65,1.442,1.179,0.864,0.698,0.582,0.446,0.288
SUR,2097,6.06,6.088,6.138,6.175,6.217,6.262,6.309,6.359,6.411,6.462,6.509,6.556,6.602,6.648,6.688,6.719,6.743,6.766,6.787,6.809,6.829,6.848,6.867,6.886,6.903,6.922,6.941,6.96,6.979,7.003,7.032,7.065,7.098,7.133,7.168,7.2,7.231,7.264,7.296,7.331,7.371,7.413,7.454,7.495,7.534,7.567,7.598,7.627,7.654,7.683,7.712,7.741,7.766,7.79,7.81,7.827,7.841,7.85,7.853,7.854,7.851,7.845,7.831,7.811,7.781,7.742,7.694,7.636,7.565,7.484,7.392,7.287,7.167,7.035,6.884,6.711,6.519,6.313,6.093,5.852,5.589,5.305,5.012,4.714,4.394,4.042,3.673,3.294,2.944,2.627,2.294,1.946,1.638,1.43,1.243,1.009,0.728,0.597,0.457,0.297
SUR,2098,6.007,6.036,6.071,6.126,6.167,6.211,6.258,6.307,6.358,6.409,6.458,6.504,6.547,6.589,6.63,6.665,6.692,6.712,6.73,6.748,6.766,6.786,6.805,6.825,6.844,6.864,6.883,6.905,6.925,6.946,6.972,7.003,7.037,7.072,7.109,7.144,7.177,7.21,7.243,7.277,7.312,7.352,7.394,7.436,7.477,7.515,7.549,7.578,7.608,7.635,7.662,7.69,7.717,7.742,7.764,7.781,7.797,7.806,7.813,7.813,7.811,7.805,7.795,7.776,7.749,7.714,7.669,7.613,7.546,7.468,7.377,7.274,7.158,7.027,6.883,6.718,6.531,6.323,6.102,5.867,5.612,5.332,5.033,4.726,4.416,4.086,3.731,3.362,2.98,2.64,2.348,2.023,1.666,1.383,1.21,1.044,0.838,0.593,0.47,0.305
SUR,2099,5.956,5.985,6.021,6.061,6.113,6.158,6.205,6.254,6.305,6.355,6.405,6.454,6.496,6.536,6.574,6.611,6.642,6.664,6.68,6.694,6.708,6.723,6.741,6.762,6.783,6.803,6.823,6.845,6.867,6.89,6.913,6.94,6.972,7.008,7.045,7.082,7.119,7.154,7.187,7.221,7.255,7.291,7.332,7.375,7.417,7.458,7.496,7.529,7.559,7.587,7.614,7.641,7.667,7.694,7.716,7.736,7.752,7.764,7.772,7.775,7.773,7.766,7.757,7.742,7.719,7.687,7.646,7.594,7.531,7.456,7.368,7.269,7.156,7.028,6.886,6.729,6.553,6.35,6.127,5.891,5.642,5.371,5.075,4.76,4.439,4.116,3.778,3.419,3.051,2.664,2.337,2.068,1.751,1.387,1.127,0.99,0.845,0.667,0.457,0.313
SUR,2100,5.906,5.935,5.97,6.009,6.053,6.099,6.148,6.198,6.249,6.3,6.351,6.402,6.448,6.489,6.523,6.557,6.59,6.617,6.634,6.646,6.657,6.666,6.679,6.696,6.718,6.738,6.76,6.782,6.804,6.827,6.852,6.878,6.906,6.94,6.978,7.016,7.054,7.092,7.129,7.162,7.198,7.233,7.269,7.311,7.353,7.395,7.436,7.475,7.508,7.538,7.566,7.591,7.617,7.643,7.667,7.689,7.706,7.72,7.731,7.736,7.736,7.731,7.721,7.707,7.688,7.659,7.622,7.575,7.517,7.446,7.364,7.268,7.159,7.035,6.896,6.743,6.575,6.385,6.168,5.929,5.677,5.414,5.129,4.817,4.486,4.152,3.816,3.468,3.106,2.74,2.349,2.033,1.787,1.479,1.107,0.871,0.771,0.646,0.495,0.321
