FJI,1950,12.058,11.496,10.968,10.472,10.006,9.57,9.16,8.776,8.416,8.078,7.761,7.464,7.184,6.92,6.671,6.435,6.215,5.999,5.783,5.57,5.37,5.183,4.999,4.815,4.635,4.463,4.288,4.152,4.072,4.026,3.976,3.934,3.854,3.71,3.524,3.347,3.17,2.994,2.826,2.664,2.502,2.344,2.192,2.048,1.913,1.784,1.654,1.558,1.51,1.493,1.479,1.478,1.446,1.358,1.238,1.128,1.011,0.939,0.939,0.982,1.018,1.063,1.063,0.988,0.868,0.758,0.644,0.559,0.522,0.516,0.504,0.494,0.475,0.437,0.388,0.345,0.302,0.268,0.248,0.236,0.224,0.214,0.198,0.17,0.135,0.104,0.073,0.049,0.035,0.028,0.021,0.014,0.012,0.008,0.005,0.002,0.002,0.001,0.001,0.001
FJI,1951,12.212,11.856,11.316,10.81,10.336,9.892,9.476,9.088,8.719,8.366,8.03,7.714,7.416,7.135,6.872,6.624,6.389,6.169,5.952,5.733,5.516,5.312,5.121,4.934,4.752,4.577,4.407,4.237,4.101,4.018,3.965,3.909,3.862,3.778,3.632,3.448,3.273,3.096,2.922,2.759,2.603,2.447,2.294,2.146,2.005,1.871,1.742,1.614,1.516,1.464,1.439,1.419,1.411,1.374,1.287,1.171,1.063,0.951,0.88,0.878,0.915,0.947,0.986,0.986,0.918,0.809,0.71,0.608,0.53,0.497,0.491,0.479,0.47,0.45,0.414,0.367,0.324,0.282,0.247,0.225,0.211,0.195,0.182,0.165,0.141,0.112,0.086,0.06,0.04,0.029,0.023,0.016,0.012,0.01,0.006,0.004,0.001,0.001,0.001,0
FJI,1952,12.556,11.961,11.707,11.186,10.7,10.246,9.821,9.424,9.055,8.7,8.353,8.016,7.699,7.399,7.117,6.854,6.607,6.372,6.15,5.93,5.708,5.488,5.279,5.082,4.893,4.711,4.539,4.372,4.205,4.07,3.983,3.922,3.86,3.806,3.718,3.571,3.388,3.212,3.036,2.864,2.705,2.554,2.403,2.255,2.112,1.971,1.837,1.709,1.579,1.481,1.423,1.392,1.364,1.35,1.309,1.222,1.108,1.003,0.895,0.826,0.82,0.853,0.879,0.915,0.914,0.853,0.755,0.666,0.574,0.505,0.474,0.469,0.458,0.448,0.43,0.394,0.347,0.305,0.264,0.229,0.205,0.186,0.168,0.152,0.134,0.112,0.089,0.068,0.047,0.033,0.023,0.018,0.012,0.01,0.007,0.005,0.002,0.001,0.001,0
FJI,1953,13.046,12.436,11.875,11.573,11.071,10.604,10.169,9.763,9.384,9.034,8.693,8.35,8.013,7.696,7.393,7.109,6.845,6.598,6.363,6.14,5.917,5.691,5.466,5.253,5.05,4.857,4.677,4.507,4.343,4.179,4.044,3.952,3.885,3.816,3.757,3.664,3.516,3.333,3.157,2.98,2.81,2.655,2.508,2.362,2.22,2.079,1.94,1.806,1.676,1.548,1.447,1.384,1.347,1.313,1.292,1.246,1.158,1.048,0.946,0.84,0.772,0.764,0.792,0.815,0.845,0.844,0.79,0.702,0.624,0.542,0.481,0.453,0.447,0.437,0.428,0.41,0.375,0.329,0.287,0.247,0.212,0.185,0.163,0.142,0.121,0.103,0.085,0.066,0.051,0.035,0.025,0.017,0.012,0.009,0.006,0.005,0.004,0.002,0.001,0
FJI,1954,13.642,12.995,12.398,11.848,11.436,10.952,10.504,10.089,9.7,9.34,9.009,8.681,8.343,8.005,7.687,7.382,7.096,6.833,6.586,6.35,6.125,5.902,5.671,5.442,5.224,5.016,4.822,4.641,4.474,4.312,4.151,4.017,3.92,3.846,3.772,3.705,3.607,3.458,3.276,3.1,2.924,2.756,2.603,2.462,2.32,2.183,2.046,1.908,1.774,1.644,1.515,1.412,1.345,1.301,1.261,1.233,1.183,1.096,0.988,0.888,0.786,0.72,0.708,0.73,0.749,0.775,0.774,0.726,0.65,0.58,0.51,0.456,0.432,0.426,0.416,0.408,0.39,0.355,0.31,0.27,0.23,0.194,0.164,0.14,0.115,0.092,0.072,0.057,0.044,0.033,0.022,0.016,0.011,0.008,0.005,0.004,0.003,0.002,0.001,0
FJI,1955,14.314,13.599,12.944,12.344,11.794,11.288,10.824,10.396,9.999,9.63,9.289,8.976,8.661,8.329,7.992,7.673,7.366,7.078,6.815,6.57,6.333,6.108,5.882,5.649,5.414,5.192,4.98,4.782,4.602,4.437,4.278,4.12,3.986,3.885,3.803,3.723,3.651,3.549,3.398,3.216,3.041,2.865,2.699,2.55,2.414,2.277,2.144,2.011,1.875,1.739,1.61,1.481,1.376,1.304,1.255,1.209,1.174,1.12,1.033,0.927,0.83,0.731,0.665,0.651,0.668,0.683,0.704,0.703,0.662,0.596,0.537,0.478,0.432,0.41,0.405,0.395,0.386,0.369,0.335,0.292,0.252,0.213,0.176,0.145,0.117,0.089,0.061,0.041,0.03,0.022,0.016,0.01,0.008,0.005,0.003,0.001,0.001,0.001,0,0
FJI,1956,15,14.094,13.413,12.79,12.22,11.696,11.216,10.777,10.363,9.962,9.577,9.22,8.889,8.561,8.228,7.894,7.578,7.273,6.987,6.724,6.478,6.241,6.016,5.793,5.564,5.336,5.119,4.913,4.72,4.544,4.384,4.227,4.072,3.942,3.845,3.769,3.693,3.625,3.526,3.378,3.196,3.021,2.846,2.678,2.525,2.383,2.24,2.1,1.964,1.83,1.702,1.578,1.455,1.355,1.288,1.243,1.2,1.17,1.118,1.027,0.916,0.813,0.71,0.64,0.624,0.642,0.658,0.679,0.678,0.636,0.571,0.512,0.452,0.405,0.383,0.374,0.363,0.351,0.332,0.299,0.258,0.22,0.183,0.149,0.121,0.097,0.073,0.051,0.034,0.024,0.018,0.013,0.008,0.007,0.004,0.003,0.001,0.001,0,0
FJI,1957,15.672,14.775,13.869,13.221,12.63,12.089,11.592,11.138,10.726,10.326,9.921,9.52,9.147,8.797,8.457,8.121,7.792,7.478,7.177,6.892,6.63,6.383,6.147,5.923,5.701,5.477,5.255,5.044,4.844,4.656,4.484,4.327,4.175,4.022,3.896,3.804,3.733,3.661,3.597,3.501,3.355,3.174,3,2.826,2.656,2.499,2.35,2.201,2.056,1.917,1.786,1.663,1.546,1.429,1.334,1.272,1.23,1.191,1.165,1.115,1.022,0.905,0.797,0.687,0.614,0.596,0.617,0.632,0.653,0.653,0.611,0.545,0.486,0.426,0.38,0.355,0.344,0.33,0.316,0.297,0.264,0.224,0.187,0.152,0.121,0.097,0.077,0.058,0.04,0.027,0.019,0.014,0.01,0.007,0.005,0.004,0.001,0.001,0,0
FJI,1958,16.289,15.317,14.45,13.655,13.039,12.479,11.967,11.497,11.07,10.683,10.297,9.887,9.47,9.081,8.713,8.36,8.022,7.698,7.386,7.086,6.804,6.54,6.293,6.057,5.834,5.614,5.394,5.177,4.973,4.777,4.596,4.428,4.274,4.125,3.976,3.853,3.766,3.699,3.633,3.572,3.48,3.334,3.154,2.98,2.808,2.637,2.475,2.321,2.165,2.013,1.871,1.742,1.626,1.514,1.403,1.314,1.257,1.218,1.183,1.162,1.112,1.017,0.894,0.782,0.666,0.587,0.57,0.59,0.606,0.628,0.628,0.586,0.519,0.461,0.402,0.354,0.327,0.313,0.297,0.282,0.26,0.229,0.19,0.156,0.122,0.093,0.073,0.058,0.043,0.03,0.02,0.014,0.01,0.007,0.004,0.004,0.003,0.001,0,0
FJI,1959,16.813,15.812,14.921,14.129,13.467,12.883,12.352,11.869,11.425,11.022,10.661,10.286,9.872,9.439,9.034,8.646,8.279,7.937,7.617,7.308,7.01,6.728,6.464,6.216,5.98,5.757,5.538,5.322,5.11,4.91,4.722,4.545,4.381,4.23,4.084,3.938,3.818,3.735,3.673,3.611,3.554,3.464,3.321,3.14,2.968,2.795,2.623,2.455,2.294,2.133,1.974,1.828,1.702,1.593,1.487,1.381,1.297,1.244,1.208,1.178,1.16,1.112,1.014,0.886,0.768,0.646,0.564,0.545,0.566,0.582,0.604,0.603,0.562,0.495,0.436,0.377,0.33,0.3,0.284,0.265,0.247,0.224,0.194,0.158,0.124,0.092,0.067,0.05,0.039,0.028,0.019,0.013,0.01,0.006,0.004,0.003,0.003,0.001,0,0
FJI,1960,17.202,16.245,15.386,14.617,13.927,13.31,12.754,12.254,11.798,11.379,11,10.663,10.301,9.881,9.429,9.006,8.599,8.216,7.872,7.555,7.246,6.949,6.668,6.403,6.153,5.915,5.692,5.475,5.261,5.054,4.859,4.676,4.504,4.343,4.195,4.051,3.908,3.791,3.713,3.656,3.596,3.544,3.457,3.314,3.134,2.961,2.789,2.614,2.442,2.273,2.105,1.938,1.789,1.666,1.562,1.461,1.361,1.282,1.233,1.201,1.175,1.161,1.114,1.012,0.879,0.755,0.627,0.54,0.52,0.542,0.559,0.581,0.581,0.539,0.472,0.412,0.353,0.305,0.274,0.254,0.233,0.214,0.19,0.158,0.124,0.093,0.063,0.04,0.026,0.02,0.012,0.008,0.007,0.005,0.002,0.001,0.001,0,0,0
FJI,1961,17.283,16.846,16.004,15.232,14.523,13.874,13.275,12.721,12.217,11.761,11.344,10.955,10.602,10.229,9.811,9.371,8.954,8.553,8.176,7.83,7.512,7.202,6.903,6.622,6.359,6.113,5.88,5.66,5.447,5.235,5.029,4.835,4.652,4.481,4.319,4.17,4.025,3.881,3.762,3.682,3.624,3.564,3.51,3.423,3.279,3.099,2.926,2.755,2.583,2.414,2.251,2.089,1.928,1.782,1.657,1.55,1.446,1.343,1.262,1.208,1.172,1.14,1.121,1.073,0.975,0.849,0.733,0.614,0.53,0.507,0.521,0.53,0.544,0.539,0.496,0.432,0.375,0.319,0.272,0.242,0.223,0.202,0.183,0.162,0.134,0.104,0.078,0.052,0.032,0.022,0.016,0.01,0.007,0.006,0.004,0.001,0.001,0,0,0
FJI,1962,17.236,16.622,16.549,15.821,15.131,14.481,13.868,13.287,12.733,12.224,11.766,11.347,10.949,10.578,10.194,9.777,9.344,8.934,8.539,8.164,7.818,7.495,7.183,6.881,6.6,6.339,6.096,5.866,5.649,5.437,5.228,5.021,4.827,4.645,4.473,4.311,4.159,4.013,3.867,3.747,3.665,3.605,3.543,3.488,3.399,3.255,3.076,2.903,2.731,2.56,2.396,2.237,2.08,1.923,1.78,1.654,1.544,1.436,1.33,1.245,1.186,1.146,1.11,1.085,1.035,0.942,0.824,0.715,0.603,0.524,0.496,0.501,0.502,0.51,0.498,0.456,0.394,0.339,0.285,0.24,0.21,0.192,0.171,0.153,0.133,0.109,0.085,0.062,0.041,0.026,0.017,0.013,0.007,0.006,0.005,0.002,0.001,0,0,0
FJI,1963,17.08,16.704,16.296,16.277,15.658,15.052,14.459,13.882,13.318,12.763,12.249,11.789,11.368,10.959,10.57,10.174,9.757,9.333,8.927,8.536,8.165,7.817,7.49,7.175,6.87,6.586,6.327,6.087,5.86,5.646,5.437,5.227,5.021,4.827,4.645,4.471,4.308,4.155,4.006,3.859,3.737,3.653,3.59,3.527,3.47,3.38,3.236,3.056,2.884,2.711,2.54,2.379,2.227,2.073,1.921,1.781,1.654,1.539,1.428,1.319,1.229,1.167,1.122,1.08,1.051,0.999,0.909,0.799,0.697,0.592,0.516,0.485,0.482,0.476,0.475,0.46,0.416,0.356,0.303,0.251,0.208,0.179,0.161,0.141,0.123,0.105,0.086,0.065,0.046,0.03,0.02,0.013,0.009,0.006,0.004,0.004,0.002,0.001,0,0
FJI,1964,16.863,16.698,16.46,16.156,15.993,15.486,14.962,14.428,13.887,13.34,12.785,12.264,11.804,11.382,10.962,10.554,10.146,9.73,9.313,8.914,8.528,8.159,7.81,7.48,7.162,6.853,6.569,6.311,6.076,5.85,5.639,5.432,5.223,5.017,4.823,4.641,4.467,4.303,4.148,3.997,3.847,3.724,3.638,3.574,3.509,3.451,3.359,3.215,3.035,2.862,2.688,2.52,2.362,2.214,2.066,1.919,1.78,1.652,1.533,1.419,1.306,1.213,1.147,1.097,1.051,1.015,0.961,0.876,0.773,0.677,0.582,0.509,0.473,0.462,0.449,0.44,0.42,0.376,0.318,0.267,0.217,0.176,0.148,0.129,0.11,0.093,0.077,0.062,0.046,0.031,0.02,0.013,0.009,0.006,0.003,0.002,0.001,0.001,0,0
FJI,1965,16.634,16.612,16.495,16.295,16.022,15.683,15.288,14.849,14.373,13.871,13.342,12.786,12.262,11.799,11.377,10.948,10.522,10.103,9.688,9.281,8.887,8.507,8.141,7.791,7.458,7.137,6.826,6.541,6.285,6.053,5.831,5.623,5.419,5.211,5.005,4.812,4.63,4.456,4.291,4.134,3.982,3.831,3.706,3.618,3.552,3.485,3.426,3.334,3.188,3.008,2.836,2.662,2.494,2.342,2.198,2.054,1.912,1.777,1.647,1.525,1.408,1.293,1.195,1.124,1.071,1.02,0.978,0.922,0.842,0.747,0.658,0.57,0.501,0.461,0.442,0.421,0.404,0.379,0.335,0.279,0.23,0.183,0.144,0.116,0.097,0.08,0.064,0.049,0.037,0.026,0.015,0.009,0.007,0.004,0.002,0.001,0.001,0,0,0
FJI,1966,16.455,16.395,16.366,16.264,16.093,15.858,15.571,15.243,14.846,14.374,13.851,13.306,12.735,12.2,11.737,11.32,10.894,10.47,10.052,9.639,9.232,8.841,8.462,8.099,7.751,7.42,7.1,6.792,6.508,6.254,6.021,5.8,5.593,5.388,5.181,4.974,4.782,4.6,4.426,4.261,4.104,3.954,3.802,3.677,3.588,3.521,3.453,3.392,3.299,3.152,2.972,2.799,2.625,2.457,2.304,2.161,2.017,1.875,1.739,1.611,1.488,1.372,1.257,1.161,1.089,1.034,0.981,0.938,0.882,0.802,0.71,0.624,0.539,0.471,0.432,0.409,0.386,0.369,0.342,0.3,0.248,0.203,0.159,0.122,0.098,0.082,0.066,0.053,0.042,0.03,0.021,0.013,0.007,0.006,0.004,0.002,0.001,0,0,0
FJI,1967,16.28,16.306,16.137,16.102,16.014,15.872,15.677,15.442,15.179,14.827,14.359,13.814,13.255,12.669,12.125,11.661,11.251,10.828,10.405,9.989,9.577,9.173,8.784,8.408,8.046,7.702,7.372,7.055,6.749,6.467,6.214,5.982,5.762,5.555,5.351,5.145,4.939,4.747,4.565,4.391,4.226,4.07,3.92,3.768,3.643,3.554,3.485,3.416,3.354,3.26,3.113,2.933,2.76,2.586,2.418,2.265,2.121,1.978,1.835,1.701,1.571,1.45,1.334,1.22,1.124,1.051,0.995,0.942,0.897,0.84,0.763,0.672,0.589,0.507,0.441,0.4,0.376,0.352,0.331,0.305,0.265,0.217,0.174,0.134,0.101,0.079,0.066,0.054,0.043,0.033,0.024,0.017,0.009,0.006,0.004,0.003,0.002,0,0,0
FJI,1968,16.151,16.108,16.044,15.871,15.831,15.757,15.644,15.489,15.306,15.109,14.8,14.337,13.771,13.198,12.598,12.044,11.58,11.176,10.756,10.336,9.923,9.513,9.11,8.723,8.35,7.991,7.648,7.321,7.007,6.705,6.424,6.172,5.941,5.722,5.515,5.312,5.106,4.902,4.709,4.527,4.354,4.189,4.035,3.884,3.733,3.608,3.518,3.448,3.378,3.314,3.22,3.073,2.892,2.719,2.545,2.377,2.224,2.081,1.937,1.796,1.661,1.532,1.412,1.297,1.183,1.087,1.014,0.956,0.902,0.856,0.799,0.723,0.635,0.554,0.475,0.41,0.369,0.343,0.317,0.295,0.269,0.23,0.185,0.146,0.109,0.079,0.06,0.049,0.04,0.032,0.025,0.018,0.013,0.007,0.004,0.003,0.002,0.001,0,0
FJI,1969,16.111,15.959,15.834,15.727,15.613,15.566,15.506,15.423,15.307,15.175,15.045,14.781,14.32,13.734,13.146,12.532,11.967,11.504,11.106,10.69,10.271,9.859,9.452,9.052,8.666,8.295,7.938,7.598,7.274,6.962,6.662,6.384,6.133,5.903,5.684,5.477,5.275,5.069,4.865,4.674,4.492,4.319,4.156,4,3.85,3.7,3.575,3.483,3.413,3.341,3.277,3.18,3.033,2.854,2.68,2.506,2.339,2.184,2.042,1.897,1.756,1.621,1.493,1.374,1.259,1.147,1.05,0.977,0.917,0.862,0.815,0.758,0.682,0.598,0.519,0.442,0.38,0.338,0.309,0.282,0.258,0.231,0.196,0.154,0.118,0.084,0.057,0.042,0.034,0.026,0.022,0.017,0.013,0.007,0.004,0.002,0.002,0.002,0,0
FJI,1970,16.185,15.901,15.691,15.541,15.436,15.366,15.313,15.266,15.211,15.135,15.056,14.991,14.77,14.314,13.706,13.104,12.474,11.899,11.435,11.044,10.629,10.212,9.803,9.397,8.999,8.615,8.246,7.891,7.553,7.231,6.921,6.623,6.347,6.097,5.868,5.649,5.444,5.241,5.036,4.832,4.641,4.46,4.287,4.124,3.969,3.819,3.669,3.543,3.451,3.379,3.307,3.241,3.144,2.996,2.816,2.642,2.468,2.3,2.147,2.003,1.859,1.718,1.582,1.455,1.337,1.222,1.111,1.015,0.94,0.88,0.823,0.774,0.717,0.643,0.56,0.485,0.411,0.349,0.307,0.276,0.247,0.222,0.195,0.16,0.123,0.09,0.059,0.037,0.023,0.018,0.014,0.011,0.009,0.006,0.003,0.001,0.001,0,0,0
FJI,1971,16.357,15.89,15.641,15.475,15.372,15.319,15.301,15.309,15.3,15.25,15.156,15.06,14.977,14.738,14.27,13.651,13.035,12.39,11.803,11.328,10.928,10.505,10.08,9.667,9.264,8.871,8.496,8.134,7.789,7.46,7.147,6.847,6.558,6.291,6.048,5.825,5.611,5.411,5.211,5.007,4.801,4.608,4.424,4.249,4.085,3.928,3.777,3.626,3.498,3.404,3.332,3.257,3.19,3.091,2.943,2.762,2.589,2.415,2.246,2.09,1.945,1.798,1.655,1.519,1.393,1.279,1.167,1.06,0.967,0.894,0.834,0.779,0.73,0.675,0.603,0.523,0.45,0.379,0.319,0.277,0.247,0.217,0.193,0.166,0.136,0.104,0.076,0.05,0.03,0.02,0.015,0.011,0.009,0.007,0.005,0.002,0.001,0,0,0
FJI,1972,16.644,16.042,15.6,15.387,15.264,15.209,15.206,15.243,15.31,15.34,15.294,15.182,15.071,14.968,14.711,14.229,13.6,12.971,12.312,11.71,11.224,10.814,10.384,9.951,9.535,9.133,8.748,8.378,8.026,7.689,7.369,7.065,6.775,6.496,6.237,6.002,5.783,5.575,5.381,5.184,4.979,4.773,4.577,4.39,4.214,4.047,3.89,3.736,3.583,3.454,3.359,3.284,3.209,3.14,3.04,2.891,2.71,2.536,2.363,2.194,2.037,1.887,1.739,1.592,1.455,1.333,1.221,1.114,1.01,0.921,0.849,0.79,0.734,0.687,0.632,0.563,0.486,0.415,0.346,0.288,0.247,0.217,0.188,0.164,0.139,0.112,0.085,0.06,0.04,0.025,0.016,0.012,0.009,0.007,0.006,0.004,0.002,0,0,0
FJI,1973,17.032,16.251,15.667,15.316,15.137,15.057,15.051,15.097,15.188,15.315,15.383,15.343,15.213,15.085,14.965,14.689,14.194,13.554,12.911,12.236,11.621,11.123,10.705,10.266,9.825,9.404,9.006,8.627,8.264,7.918,7.591,7.28,6.985,6.705,6.436,6.186,5.957,5.744,5.541,5.352,5.158,4.953,4.745,4.547,4.358,4.179,4.01,3.852,3.697,3.542,3.411,3.315,3.238,3.161,3.091,2.99,2.84,2.659,2.485,2.311,2.141,1.982,1.83,1.679,1.53,1.392,1.271,1.163,1.059,0.961,0.874,0.803,0.745,0.691,0.644,0.591,0.522,0.448,0.38,0.314,0.259,0.218,0.188,0.159,0.135,0.111,0.088,0.066,0.046,0.029,0.02,0.013,0.008,0.007,0.005,0.004,0.003,0.002,0,0
FJI,1974,17.494,16.541,15.818,15.296,15.033,14.889,14.852,14.894,14.991,15.136,15.322,15.429,15.393,15.245,15.101,14.961,14.667,14.158,13.508,12.852,12.162,11.532,11.023,10.596,10.148,9.7,9.276,8.879,8.506,8.15,7.813,7.494,7.192,6.906,6.635,6.376,6.135,5.913,5.706,5.508,5.322,5.132,4.928,4.717,4.518,4.326,4.143,3.973,3.815,3.658,3.501,3.369,3.27,3.193,3.114,3.041,2.94,2.789,2.608,2.433,2.26,2.09,1.928,1.774,1.62,1.468,1.33,1.211,1.106,1.006,0.91,0.827,0.758,0.699,0.646,0.6,0.548,0.483,0.411,0.345,0.282,0.228,0.188,0.159,0.131,0.105,0.084,0.064,0.047,0.031,0.02,0.013,0.009,0.006,0.004,0.003,0.002,0.002,0,0
FJI,1975,18.004,16.896,16.044,15.422,14.998,14.747,14.638,14.643,14.734,14.882,15.08,15.326,15.472,15.44,15.274,15.114,14.956,14.644,14.122,13.461,12.791,12.085,11.442,10.922,10.485,10.029,9.572,9.145,8.75,8.383,8.035,7.706,7.396,7.103,6.826,6.564,6.315,6.083,5.868,5.666,5.474,5.292,5.105,4.901,4.689,4.488,4.293,4.109,3.937,3.777,3.619,3.46,3.326,3.225,3.146,3.066,2.992,2.889,2.738,2.556,2.381,2.208,2.038,1.874,1.716,1.561,1.406,1.267,1.15,1.049,0.952,0.86,0.78,0.712,0.655,0.602,0.557,0.506,0.443,0.373,0.309,0.249,0.198,0.159,0.129,0.101,0.076,0.055,0.04,0.027,0.017,0.01,0.008,0.005,0.003,0.002,0.002,0.001,0,0
FJI,1976,18.534,17.611,16.658,15.937,15.42,15.079,14.891,14.829,14.848,14.913,15.006,15.144,15.319,15.396,15.307,15.093,14.88,14.668,14.32,13.791,13.144,12.488,11.799,11.178,10.683,10.273,9.847,9.422,9.02,8.64,8.281,7.941,7.619,7.314,7.023,6.747,6.485,6.235,6.001,5.786,5.586,5.395,5.215,5.028,4.828,4.62,4.423,4.233,4.051,3.88,3.72,3.561,3.402,3.264,3.158,3.071,2.982,2.901,2.79,2.632,2.445,2.265,2.086,1.915,1.756,1.61,1.464,1.321,1.191,1.081,0.986,0.895,0.809,0.732,0.665,0.606,0.552,0.504,0.454,0.394,0.33,0.272,0.217,0.17,0.135,0.109,0.085,0.063,0.046,0.033,0.022,0.013,0.008,0.007,0.005,0.002,0.002,0.001,0,0
FJI,1977,19.098,17.734,17.22,16.422,15.831,15.42,15.161,15.034,15.019,15.053,15.092,15.131,15.208,15.313,15.322,15.176,14.913,14.648,14.381,13.998,13.462,12.827,12.185,11.514,10.915,10.445,10.062,9.664,9.271,8.894,8.53,8.178,7.847,7.533,7.233,6.945,6.669,6.407,6.154,5.919,5.705,5.507,5.317,5.136,4.953,4.755,4.553,4.359,4.172,3.992,3.823,3.663,3.504,3.343,3.204,3.09,2.994,2.898,2.809,2.691,2.527,2.334,2.148,1.964,1.792,1.64,1.503,1.368,1.236,1.116,1.013,0.923,0.837,0.758,0.686,0.619,0.557,0.501,0.452,0.402,0.345,0.287,0.234,0.185,0.143,0.112,0.089,0.068,0.052,0.038,0.027,0.019,0.01,0.007,0.005,0.003,0.002,0.001,0,0
FJI,1978,19.677,18.236,17.098,16.843,16.199,15.737,15.432,15.255,15.19,15.221,15.269,15.282,15.269,15.284,15.319,15.26,15.056,14.745,14.429,14.105,13.687,13.144,12.523,11.894,11.24,10.662,10.215,9.858,9.489,9.128,8.778,8.428,8.083,7.759,7.453,7.158,6.872,6.597,6.333,6.078,5.842,5.629,5.433,5.243,5.064,4.881,4.687,4.488,4.299,4.115,3.938,3.77,3.608,3.449,3.288,3.145,3.026,2.922,2.817,2.72,2.595,2.424,2.225,2.034,1.845,1.671,1.524,1.399,1.274,1.152,1.042,0.945,0.86,0.78,0.707,0.638,0.572,0.509,0.452,0.4,0.35,0.297,0.244,0.196,0.151,0.114,0.088,0.069,0.053,0.039,0.029,0.021,0.014,0.008,0.005,0.003,0.003,0.002,0,0
FJI,1979,20.242,18.786,17.625,16.727,16.494,16.003,15.671,15.469,15.373,15.371,15.45,15.511,15.499,15.431,15.386,15.351,15.224,14.963,14.602,14.232,13.855,13.399,12.848,12.238,11.622,10.983,10.426,10.002,9.671,9.331,9.001,8.675,8.339,8.001,7.684,7.385,7.094,6.81,6.535,6.27,6.013,5.775,5.562,5.367,5.178,4.999,4.817,4.626,4.432,4.245,4.065,3.891,3.723,3.56,3.401,3.239,3.093,2.967,2.854,2.741,2.635,2.503,2.324,2.12,1.923,1.727,1.552,1.412,1.297,1.181,1.07,0.97,0.879,0.799,0.725,0.658,0.593,0.527,0.462,0.404,0.349,0.298,0.249,0.202,0.159,0.119,0.087,0.064,0.05,0.036,0.027,0.021,0.014,0.009,0.005,0.003,0.002,0.002,0,0
FJI,1980,20.76,19.369,18.241,17.349,16.668,16.171,15.834,15.629,15.533,15.517,15.577,15.703,15.779,15.742,15.621,15.514,15.408,15.213,14.894,14.483,14.06,13.625,13.133,12.572,11.973,11.369,10.745,10.206,9.806,9.5,9.187,8.888,8.586,8.264,7.932,7.623,7.329,7.043,6.76,6.484,6.217,5.957,5.717,5.504,5.31,5.121,4.941,4.761,4.573,4.382,4.2,4.022,3.85,3.682,3.519,3.357,3.195,3.044,2.912,2.79,2.668,2.555,2.414,2.229,2.017,1.815,1.613,1.436,1.302,1.196,1.09,0.99,0.898,0.815,0.739,0.67,0.609,0.548,0.483,0.416,0.355,0.298,0.247,0.2,0.16,0.122,0.087,0.06,0.041,0.03,0.021,0.015,0.012,0.008,0.004,0.002,0.002,0.001,0,0
FJI,1981,21.146,20.563,19.344,18.33,17.504,16.845,16.335,15.952,15.691,15.538,15.47,15.461,15.505,15.535,15.509,15.438,15.376,15.315,15.16,14.871,14.48,14.081,13.676,13.193,12.617,11.986,11.35,10.693,10.127,9.712,9.4,9.078,8.771,8.465,8.144,7.819,7.517,7.233,6.954,6.678,6.406,6.144,5.889,5.654,5.442,5.248,5.059,4.877,4.693,4.501,4.305,4.116,3.933,3.755,3.579,3.408,3.239,3.068,2.913,2.781,2.661,2.543,2.433,2.298,2.12,1.918,1.725,1.534,1.366,1.239,1.139,1.04,0.945,0.857,0.772,0.691,0.618,0.551,0.487,0.425,0.365,0.31,0.26,0.214,0.173,0.137,0.103,0.073,0.051,0.035,0.025,0.017,0.012,0.01,0.007,0.003,0.002,0.001,0,0
FJI,1982,21.509,20.508,20.425,19.376,18.473,17.709,17.071,16.545,16.115,15.798,15.589,15.466,15.39,15.351,15.333,15.32,15.301,15.282,15.265,15.152,14.891,14.52,14.145,13.765,13.292,12.699,12.034,11.366,10.673,10.078,9.648,9.327,8.997,8.678,8.367,8.048,7.729,7.434,7.157,6.885,6.614,6.347,6.09,5.84,5.607,5.396,5.2,5.009,4.827,4.639,4.442,4.24,4.044,3.856,3.67,3.486,3.306,3.129,2.95,2.791,2.657,2.54,2.424,2.317,2.187,2.016,1.824,1.64,1.459,1.3,1.179,1.085,0.992,0.903,0.818,0.73,0.644,0.566,0.494,0.427,0.368,0.315,0.266,0.222,0.183,0.146,0.114,0.084,0.06,0.041,0.028,0.02,0.013,0.01,0.007,0.005,0.002,0.001,0,0
FJI,1983,21.756,21.031,20.354,20.278,19.398,18.609,17.908,17.291,16.75,16.275,15.898,15.633,15.456,15.311,15.188,15.125,15.124,15.155,15.181,15.21,15.136,14.904,14.554,14.202,13.85,13.386,12.776,12.077,11.375,10.648,10.024,9.577,9.25,8.91,8.582,8.266,7.948,7.635,7.346,7.078,6.814,6.548,6.285,6.032,5.787,5.557,5.347,5.151,4.959,4.773,4.583,4.381,4.173,3.972,3.776,3.583,3.391,3.202,3.017,2.83,2.666,2.532,2.417,2.303,2.2,2.075,1.912,1.729,1.555,1.382,1.233,1.119,1.03,0.943,0.861,0.778,0.689,0.597,0.514,0.435,0.367,0.311,0.264,0.222,0.184,0.15,0.119,0.09,0.065,0.045,0.032,0.022,0.014,0.009,0.007,0.005,0.003,0.002,0,0
FJI,1984,21.782,21.335,20.857,20.356,20.056,19.351,18.677,18.042,17.449,16.894,16.373,15.94,15.62,15.388,15.175,14.97,14.86,14.872,14.954,15.023,15.097,15.065,14.863,14.535,14.208,13.883,13.431,12.806,12.076,11.344,10.582,9.932,9.472,9.139,8.79,8.454,8.133,7.818,7.513,7.232,6.972,6.717,6.457,6.199,5.952,5.712,5.487,5.278,5.082,4.889,4.703,4.51,4.304,4.09,3.883,3.683,3.483,3.283,3.087,2.893,2.7,2.531,2.396,2.284,2.174,2.074,1.954,1.8,1.627,1.463,1.301,1.161,1.054,0.972,0.89,0.815,0.736,0.644,0.547,0.46,0.376,0.306,0.253,0.213,0.177,0.145,0.117,0.091,0.067,0.046,0.031,0.022,0.015,0.009,0.005,0.005,0.003,0.002,0.001,0
FJI,1985,21.552,21.343,21.043,20.668,20.227,19.736,19.206,18.652,18.084,17.518,16.954,16.391,15.903,15.529,15.245,14.966,14.679,14.523,14.548,14.68,14.793,14.911,14.92,14.749,14.444,14.143,13.848,13.409,12.773,12.015,11.256,10.466,9.793,9.32,8.983,8.628,8.284,7.962,7.652,7.354,7.082,6.833,6.587,6.335,6.082,5.843,5.61,5.39,5.184,4.988,4.795,4.609,4.415,4.206,3.987,3.777,3.571,3.366,3.16,2.956,2.757,2.557,2.385,2.25,2.142,2.035,1.938,1.825,1.68,1.518,1.365,1.213,1.083,0.985,0.909,0.834,0.766,0.69,0.597,0.496,0.404,0.315,0.243,0.194,0.161,0.131,0.105,0.084,0.063,0.044,0.026,0.016,0.013,0.009,0.005,0.002,0.002,0.001,0.001,0
FJI,1986,21.33,21.261,21.041,20.734,20.356,19.917,19.429,18.907,18.361,17.804,17.248,16.695,16.146,15.668,15.298,15.013,14.734,14.446,14.288,14.308,14.435,14.543,14.656,14.658,14.478,14.164,13.855,13.552,13.111,12.481,11.736,10.992,10.216,9.559,9.105,8.787,8.452,8.128,7.821,7.523,7.233,6.969,6.726,6.484,6.232,5.979,5.736,5.5,5.275,5.065,4.866,4.669,4.478,4.28,4.07,3.851,3.64,3.435,3.23,3.027,2.826,2.63,2.435,2.266,2.135,2.029,1.926,1.833,1.723,1.584,1.429,1.282,1.138,1.012,0.918,0.843,0.77,0.704,0.629,0.541,0.446,0.359,0.276,0.208,0.164,0.136,0.11,0.089,0.071,0.052,0.036,0.022,0.014,0.011,0.007,0.003,0.002,0.001,0.001,0
FJI,1987,20.86,21.006,20.883,20.65,20.338,19.958,19.521,19.04,18.527,17.991,17.448,16.906,16.368,15.833,15.367,15.003,14.719,14.44,14.153,13.993,14.009,14.129,14.231,14.339,14.334,14.147,13.823,13.508,13.198,12.757,12.138,11.409,10.682,9.923,9.285,8.851,8.553,8.24,7.936,7.649,7.362,7.082,6.825,6.59,6.353,6.103,5.849,5.605,5.366,5.139,4.925,4.723,4.523,4.328,4.127,3.916,3.698,3.487,3.283,3.081,2.88,2.685,2.493,2.303,2.139,2.011,1.908,1.809,1.719,1.614,1.482,1.333,1.194,1.057,0.938,0.846,0.773,0.701,0.637,0.567,0.483,0.394,0.313,0.235,0.173,0.133,0.11,0.089,0.072,0.058,0.042,0.028,0.017,0.011,0.009,0.005,0.003,0.001,0.001,0
FJI,1988,20.315,20.562,20.646,20.469,20.225,19.908,19.527,19.095,18.62,18.116,17.593,17.063,16.536,16.013,15.495,15.041,14.681,14.399,14.122,13.836,13.673,13.686,13.8,13.896,13.998,13.987,13.792,13.462,13.14,12.824,12.383,11.775,11.064,10.353,9.614,8.996,8.582,8.306,8.013,7.732,7.463,7.19,6.918,6.671,6.445,6.212,5.965,5.71,5.464,5.224,4.993,4.778,4.572,4.369,4.171,3.968,3.756,3.539,3.33,3.127,2.927,2.731,2.538,2.352,2.167,2.008,1.884,1.785,1.689,1.603,1.502,1.376,1.235,1.103,0.975,0.862,0.773,0.703,0.633,0.57,0.504,0.425,0.342,0.266,0.194,0.137,0.103,0.084,0.067,0.055,0.043,0.032,0.021,0.012,0.007,0.006,0.004,0.002,0.001,0
FJI,1989,19.915,20.183,20.304,20.292,20.085,19.831,19.508,19.126,18.697,18.229,17.733,17.222,16.704,16.19,15.682,15.179,14.737,14.383,14.101,13.825,13.54,13.376,13.384,13.492,13.582,13.678,13.661,13.458,13.12,12.79,12.468,12.028,11.428,10.735,10.042,9.319,8.721,8.327,8.072,7.8,7.54,7.289,7.028,6.765,6.527,6.308,6.081,5.835,5.579,5.332,5.089,4.856,4.637,4.428,4.222,4.02,3.815,3.603,3.387,3.178,2.976,2.778,2.584,2.397,2.215,2.035,1.881,1.761,1.664,1.572,1.489,1.394,1.274,1.14,1.015,0.895,0.787,0.702,0.633,0.566,0.505,0.441,0.366,0.29,0.22,0.154,0.103,0.073,0.058,0.047,0.038,0.03,0.022,0.013,0.007,0.005,0.003,0.002,0.001,0
FJI,1990,19.806,20.004,20.091,20.074,19.964,19.771,19.505,19.175,18.791,18.363,17.899,17.412,16.909,16.403,15.902,15.405,14.917,14.484,14.134,13.852,13.576,13.29,13.124,13.128,13.231,13.314,13.406,13.382,13.171,12.823,12.486,12.156,11.713,11.123,10.444,9.765,9.058,8.476,8.101,7.865,7.614,7.373,7.14,6.891,6.637,6.406,6.193,5.97,5.725,5.468,5.219,4.972,4.736,4.513,4.301,4.09,3.883,3.675,3.461,3.245,3.037,2.835,2.639,2.447,2.263,2.085,1.91,1.76,1.643,1.55,1.46,1.38,1.29,1.175,1.048,0.931,0.817,0.715,0.634,0.566,0.5,0.441,0.379,0.31,0.239,0.174,0.114,0.067,0.042,0.032,0.026,0.022,0.016,0.012,0.005,0.002,0.002,0.001,0.001,0
FJI,1991,19.867,19.501,19.633,19.691,19.676,19.593,19.45,19.256,18.983,18.62,18.189,17.735,17.261,16.765,16.253,15.738,15.228,14.72,14.278,13.932,13.662,13.395,13.12,12.954,12.943,13.019,13.08,13.149,13.111,12.902,12.569,12.244,11.927,11.501,10.934,10.283,9.63,8.951,8.391,8.025,7.789,7.538,7.299,7.062,6.811,6.552,6.315,6.096,5.866,5.614,5.35,5.094,4.84,4.598,4.374,4.16,3.949,3.743,3.536,3.323,3.109,2.903,2.705,2.512,2.324,2.144,1.969,1.798,1.651,1.541,1.453,1.37,1.298,1.211,1.096,0.967,0.848,0.731,0.63,0.552,0.491,0.432,0.379,0.324,0.264,0.201,0.145,0.094,0.056,0.035,0.026,0.021,0.018,0.014,0.009,0.005,0.002,0.001,0.001,0
FJI,1992,20.208,19.939,19.246,19.313,19.341,19.329,19.27,19.177,19.056,18.839,18.496,18.062,17.616,17.154,16.663,16.143,15.615,15.088,14.562,14.109,13.765,13.506,13.246,12.983,12.818,12.789,12.839,12.879,12.924,12.875,12.668,12.346,12.033,11.727,11.319,10.773,10.146,9.519,8.867,8.325,7.968,7.732,7.483,7.242,7.003,6.748,6.484,6.24,6.015,5.777,5.517,5.246,4.982,4.721,4.474,4.246,4.031,3.819,3.613,3.406,3.194,2.982,2.778,2.583,2.392,2.208,2.031,1.859,1.69,1.548,1.443,1.362,1.285,1.218,1.136,1.022,0.89,0.767,0.648,0.548,0.474,0.418,0.366,0.317,0.27,0.218,0.165,0.116,0.074,0.045,0.029,0.021,0.016,0.014,0.011,0.007,0.003,0.001,0.001,0
FJI,1993,20.684,20.109,19.651,19.028,19.03,19.031,19.02,18.988,18.942,18.893,18.732,18.408,17.971,17.53,17.082,16.595,16.067,15.522,14.979,14.433,13.967,13.625,13.376,13.125,12.871,12.707,12.662,12.687,12.702,12.726,12.663,12.458,12.149,11.847,11.552,11.159,10.635,10.031,9.428,8.801,8.277,7.927,7.691,7.441,7.2,6.958,6.698,6.429,6.179,5.945,5.699,5.432,5.153,4.881,4.612,4.358,4.126,3.91,3.697,3.489,3.283,3.072,2.86,2.659,2.466,2.278,2.096,1.921,1.752,1.587,1.448,1.348,1.272,1.201,1.142,1.063,0.948,0.813,0.688,0.567,0.466,0.396,0.347,0.3,0.257,0.217,0.172,0.128,0.087,0.055,0.033,0.022,0.015,0.011,0.009,0.007,0.005,0.002,0.001,0
FJI,1994,21.079,20.283,19.664,19.199,18.831,18.766,18.738,18.729,18.722,18.726,18.749,18.644,18.338,17.897,17.463,17.027,16.542,16.006,15.446,14.885,14.318,13.839,13.498,13.259,13.017,12.773,12.608,12.547,12.546,12.54,12.54,12.463,12.26,11.963,11.672,11.387,11.009,10.506,9.925,9.346,8.743,8.237,7.894,7.658,7.407,7.164,6.919,6.655,6.38,6.123,5.881,5.627,5.351,5.064,4.784,4.506,4.246,4.01,3.793,3.578,3.369,3.163,2.952,2.741,2.541,2.351,2.166,1.986,1.813,1.647,1.483,1.349,1.254,1.185,1.119,1.067,0.991,0.875,0.737,0.61,0.486,0.385,0.317,0.275,0.234,0.197,0.163,0.127,0.092,0.058,0.035,0.022,0.015,0.01,0.007,0.005,0.005,0.003,0.002,0
FJI,1995,21.228,20.368,19.702,19.205,18.855,18.627,18.497,18.441,18.433,18.453,18.505,18.601,18.551,18.265,17.818,17.391,16.967,16.486,15.941,15.365,14.787,14.199,13.708,13.369,13.139,12.905,12.671,12.507,12.429,12.402,12.373,12.351,12.261,12.059,11.774,11.494,11.22,10.858,10.374,9.817,9.262,8.683,8.196,7.859,7.623,7.372,7.128,6.879,6.61,6.329,6.065,5.816,5.554,5.269,4.974,4.686,4.4,4.133,3.893,3.674,3.458,3.249,3.041,2.831,2.622,2.423,2.235,2.052,1.875,1.704,1.541,1.38,1.249,1.16,1.096,1.037,0.99,0.918,0.803,0.66,0.531,0.404,0.303,0.239,0.203,0.167,0.137,0.109,0.081,0.055,0.029,0.015,0.012,0.008,0.004,0.002,0.002,0.001,0.001,0
FJI,1996,21.06,20.943,20.216,19.635,19.181,18.84,18.586,18.396,18.298,18.294,18.342,18.406,18.504,18.45,18.153,17.689,17.244,16.802,16.301,15.733,15.133,14.532,13.92,13.411,13.063,12.83,12.593,12.356,12.194,12.127,12.115,12.101,12.096,12.023,11.836,11.565,11.298,11.04,10.69,10.215,9.665,9.116,8.544,8.062,7.73,7.497,7.248,7.006,6.76,6.493,6.215,5.952,5.704,5.443,5.161,4.866,4.578,4.294,4.027,3.789,3.569,3.353,3.144,2.937,2.727,2.519,2.321,2.134,1.952,1.777,1.611,1.451,1.294,1.166,1.076,1.012,0.953,0.905,0.836,0.725,0.593,0.471,0.352,0.259,0.202,0.171,0.14,0.115,0.091,0.068,0.046,0.024,0.012,0.01,0.006,0.003,0.002,0.001,0,0
FJI,1997,20.673,20.24,20.673,20.082,19.583,19.171,18.839,18.56,18.309,18.169,18.169,18.246,18.321,18.422,18.365,18.056,17.572,17.11,16.649,16.127,15.537,14.912,14.288,13.653,13.126,12.767,12.53,12.288,12.051,11.892,11.834,11.836,11.839,11.851,11.795,11.623,11.364,11.112,10.867,10.529,10.064,9.521,8.979,8.412,7.935,7.607,7.376,7.131,6.89,6.646,6.382,6.105,5.844,5.598,5.337,5.055,4.761,4.475,4.191,3.925,3.686,3.467,3.251,3.042,2.835,2.626,2.417,2.22,2.034,1.854,1.681,1.518,1.362,1.209,1.083,0.994,0.929,0.869,0.821,0.754,0.649,0.525,0.411,0.302,0.215,0.164,0.138,0.114,0.093,0.074,0.054,0.036,0.019,0.01,0.008,0.005,0.002,0.001,0,0
FJI,1998,20.146,20.077,19.986,20.393,19.936,19.522,19.153,18.829,18.525,18.214,18.033,18.034,18.141,18.228,18.331,18.271,17.949,17.447,16.967,16.489,15.947,15.334,14.684,14.036,13.378,12.833,12.464,12.222,11.978,11.738,11.583,11.535,11.552,11.57,11.6,11.561,11.403,11.158,10.92,10.689,10.364,9.908,9.372,8.835,8.275,7.803,7.479,7.252,7.009,6.771,6.529,6.267,5.992,5.733,5.487,5.229,4.948,4.655,4.37,4.086,3.821,3.582,3.363,3.147,2.938,2.731,2.522,2.316,2.119,1.933,1.754,1.585,1.425,1.272,1.123,1,0.911,0.845,0.786,0.737,0.671,0.573,0.457,0.352,0.25,0.17,0.127,0.105,0.086,0.071,0.057,0.041,0.026,0.013,0.007,0.006,0.004,0.002,0,0
FJI,1999,19.613,19.842,19.966,19.997,20.081,19.759,19.431,19.105,18.79,18.46,18.09,17.866,17.872,18.008,18.106,18.211,18.148,17.814,17.295,16.798,16.303,15.741,15.105,14.433,13.763,13.083,12.52,12.142,11.896,11.649,11.407,11.255,11.218,11.25,11.283,11.33,11.307,11.165,10.934,10.711,10.494,10.182,9.736,9.208,8.679,8.126,7.659,7.34,7.117,6.877,6.64,6.401,6.141,5.87,5.613,5.369,5.112,4.832,4.542,4.257,3.975,3.711,3.473,3.253,3.037,2.829,2.623,2.416,2.21,2.014,1.829,1.652,1.485,1.329,1.179,1.035,0.915,0.827,0.761,0.7,0.651,0.588,0.496,0.388,0.291,0.197,0.126,0.088,0.072,0.059,0.049,0.039,0.028,0.016,0.008,0.004,0.004,0.002,0.001,0
FJI,2000,19.191,19.557,19.777,19.87,19.851,19.74,19.554,19.31,19.028,18.723,18.369,17.939,17.674,17.682,17.848,17.957,18.064,17.997,17.653,17.117,16.603,16.092,15.511,14.855,14.16,13.47,12.768,12.19,11.801,11.553,11.303,11.06,10.913,10.885,10.93,10.98,11.044,11.037,10.911,10.694,10.485,10.284,9.985,9.55,9.03,8.51,7.964,7.504,7.19,6.971,6.734,6.501,6.263,6.007,5.738,5.484,5.242,4.987,4.71,4.421,4.139,3.858,3.595,3.358,3.14,2.924,2.716,2.511,2.305,2.1,1.907,1.723,1.548,1.384,1.231,1.086,0.946,0.829,0.741,0.675,0.613,0.564,0.504,0.418,0.319,0.23,0.146,0.082,0.05,0.04,0.033,0.027,0.022,0.014,0.006,0.002,0.002,0.002,0,0
FJI,2001,18.976,18.668,18.919,19.066,19.12,19.093,19.001,18.861,18.663,18.41,18.128,17.809,17.423,17.193,17.219,17.391,17.51,17.628,17.571,17.239,16.716,16.215,15.718,15.156,14.522,13.855,13.192,12.518,11.974,11.629,11.429,11.227,11.029,10.924,10.934,11.013,11.092,11.184,11.195,11.07,10.843,10.623,10.408,10.09,9.631,9.086,8.538,7.963,7.479,7.152,6.927,6.683,6.443,6.2,5.939,5.665,5.408,5.164,4.905,4.624,4.33,4.044,3.761,3.494,3.251,3.026,2.807,2.594,2.386,2.182,1.982,1.795,1.616,1.447,1.287,1.137,0.997,0.862,0.749,0.665,0.6,0.541,0.494,0.438,0.361,0.274,0.195,0.122,0.07,0.043,0.033,0.027,0.022,0.018,0.012,0.006,0.002,0.002,0,0
FJI,2002,18.86,18.954,18.111,18.248,18.32,18.337,18.302,18.231,18.136,17.983,17.76,17.5,17.217,16.875,16.681,16.725,16.904,17.031,17.16,17.114,16.793,16.285,15.799,15.317,14.772,14.164,13.525,12.89,12.246,11.737,11.437,11.285,11.13,10.978,10.916,10.963,11.074,11.183,11.304,11.331,11.207,10.971,10.74,10.511,10.175,9.694,9.124,8.55,7.946,7.44,7.101,6.87,6.619,6.374,6.126,5.859,5.581,5.321,5.074,4.815,4.53,4.231,3.942,3.656,3.385,3.138,2.909,2.684,2.466,2.257,2.055,1.862,1.678,1.507,1.343,1.188,1.043,0.907,0.778,0.669,0.587,0.524,0.469,0.423,0.372,0.304,0.229,0.158,0.098,0.057,0.035,0.027,0.021,0.018,0.014,0.01,0.004,0.002,0.001,0
FJI,2003,18.842,18.634,18.426,17.561,17.583,17.582,17.561,17.518,17.466,17.417,17.309,17.117,16.879,16.631,16.334,16.174,16.236,16.421,16.559,16.698,16.663,16.355,15.861,15.388,14.92,14.394,13.809,13.198,12.593,11.978,11.504,11.247,11.144,11.035,10.929,10.909,10.994,11.137,11.276,11.424,11.469,11.346,11.102,10.858,10.617,10.262,9.76,9.164,8.564,7.931,7.403,7.05,6.814,6.558,6.306,6.053,5.782,5.5,5.236,4.987,4.725,4.437,4.135,3.841,3.553,3.279,3.027,2.792,2.562,2.34,2.129,1.93,1.742,1.564,1.397,1.241,1.089,0.948,0.817,0.693,0.588,0.51,0.45,0.396,0.353,0.306,0.248,0.184,0.123,0.073,0.044,0.027,0.02,0.015,0.012,0.01,0.006,0.002,0.002,0
FJI,2004,18.901,18.406,17.983,17.626,17.058,16.965,16.892,16.833,16.782,16.75,16.745,16.682,16.521,16.304,16.09,15.837,15.712,15.79,15.983,16.13,16.28,16.256,15.959,15.477,15.018,14.563,14.055,13.492,12.907,12.329,11.742,11.301,11.087,11.031,10.97,10.91,10.933,11.054,11.23,11.399,11.576,11.637,11.516,11.26,11.005,10.75,10.376,9.85,9.228,8.6,7.938,7.385,7.019,6.777,6.513,6.255,5.996,5.72,5.433,5.165,4.913,4.647,4.355,4.048,3.751,3.459,3.181,2.924,2.683,2.448,2.22,2.006,1.809,1.626,1.453,1.293,1.14,0.995,0.856,0.729,0.61,0.51,0.434,0.376,0.325,0.283,0.242,0.192,0.14,0.088,0.049,0.032,0.021,0.014,0.01,0.008,0.006,0.004,0.002,0
FJI,2005,19.01,18.31,17.733,17.267,16.898,16.615,16.407,16.261,16.164,16.104,16.091,16.132,16.113,15.982,15.786,15.605,15.396,15.304,15.401,15.602,15.759,15.92,15.906,15.62,15.15,14.701,14.259,13.765,13.223,12.663,12.11,11.548,11.139,10.967,10.96,10.945,10.93,10.996,11.155,11.363,11.564,11.77,11.848,11.729,11.462,11.195,10.923,10.529,9.977,9.327,8.668,7.973,7.394,7.014,6.764,6.493,6.226,5.961,5.679,5.386,5.112,4.858,4.587,4.29,3.976,3.674,3.378,3.094,2.831,2.583,2.341,2.108,1.891,1.695,1.516,1.348,1.193,1.045,0.903,0.767,0.644,0.529,0.433,0.359,0.304,0.255,0.215,0.177,0.136,0.096,0.052,0.025,0.019,0.013,0.006,0.004,0.003,0.002,0.002,0
FJI,2006,18.955,18.498,17.883,17.374,16.963,16.638,16.388,16.198,16.077,16.025,16.02,16.052,16.135,16.14,16.004,15.785,15.581,15.345,15.231,15.314,15.507,15.655,15.805,15.783,15.49,15.016,14.565,14.119,13.628,13.097,12.555,12.018,11.47,11.071,10.896,10.877,10.852,10.826,10.875,11.011,11.191,11.363,11.542,11.597,11.462,11.187,10.911,10.631,10.24,9.706,9.083,8.45,7.786,7.229,6.859,6.61,6.342,6.079,5.815,5.531,5.236,4.961,4.702,4.429,4.127,3.813,3.507,3.208,2.926,2.67,2.433,2.203,1.981,1.773,1.581,1.404,1.238,1.085,0.941,0.807,0.682,0.569,0.465,0.378,0.311,0.26,0.215,0.182,0.15,0.114,0.079,0.042,0.021,0.016,0.011,0.006,0.003,0.002,0.002,0
FJI,2007,18.955,18.134,18.053,17.519,17.077,16.72,16.438,16.218,16.045,15.95,15.944,15.993,16.07,16.196,16.224,16.082,15.839,15.612,15.349,15.21,15.281,15.468,15.605,15.745,15.714,15.415,14.936,14.48,14.029,13.539,13.018,12.492,11.967,11.435,11.042,10.863,10.834,10.796,10.76,10.794,10.906,11.058,11.203,11.355,11.388,11.237,10.953,10.667,10.377,9.987,9.468,8.871,8.263,7.625,7.09,6.727,6.479,6.213,5.953,5.689,5.404,5.105,4.826,4.564,4.286,3.981,3.662,3.354,3.05,2.769,2.518,2.292,2.071,1.861,1.663,1.474,1.297,1.132,0.98,0.841,0.714,0.6,0.497,0.403,0.323,0.264,0.218,0.178,0.149,0.123,0.093,0.063,0.034,0.017,0.013,0.008,0.004,0.002,0.002,0
FJI,2008,18.972,18.199,17.551,17.638,17.184,16.808,16.503,16.265,16.077,15.92,15.852,15.89,15.993,16.116,16.284,16.335,16.188,15.922,15.669,15.379,15.218,15.275,15.454,15.582,15.713,15.673,15.366,14.881,14.421,13.963,13.473,12.961,12.449,11.938,11.418,11.031,10.849,10.808,10.76,10.714,10.731,10.82,10.944,11.062,11.187,11.197,11.031,10.736,10.441,10.142,9.751,9.247,8.673,8.09,7.477,6.961,6.607,6.36,6.096,5.837,5.573,5.285,4.983,4.7,4.432,4.149,3.841,3.518,3.206,2.898,2.616,2.371,2.154,1.944,1.744,1.554,1.369,1.192,1.028,0.877,0.741,0.622,0.519,0.425,0.341,0.27,0.217,0.176,0.141,0.117,0.096,0.072,0.046,0.024,0.012,0.01,0.006,0.003,0.002,0
FJI,2009,18.956,18.287,17.71,17.218,17.206,16.834,16.525,16.273,16.079,15.921,15.781,15.738,15.821,15.979,16.148,16.359,16.433,16.281,15.99,15.714,15.395,15.211,15.255,15.428,15.547,15.666,15.617,15.304,14.814,14.348,13.884,13.396,12.893,12.395,11.898,11.391,11.012,10.825,10.773,10.714,10.657,10.658,10.723,10.82,10.911,11.009,10.997,10.814,10.51,10.205,9.896,9.506,9.017,8.468,7.91,7.324,6.827,6.482,6.235,5.972,5.716,5.452,5.162,4.857,4.569,4.297,4.009,3.696,3.37,3.054,2.742,2.46,2.222,2.015,1.814,1.626,1.444,1.262,1.085,0.923,0.774,0.641,0.529,0.436,0.352,0.277,0.216,0.169,0.133,0.104,0.085,0.069,0.051,0.03,0.015,0.008,0.006,0.004,0.002,0
FJI,2010,18.875,18.35,17.873,17.444,17.062,16.727,16.438,16.196,16,15.848,15.722,15.6,15.582,15.71,15.923,16.136,16.39,16.487,16.331,16.016,15.716,15.371,15.164,15.195,15.36,15.469,15.578,15.52,15.201,14.707,14.237,13.77,13.283,12.791,12.31,11.826,11.334,10.963,10.774,10.709,10.641,10.573,10.557,10.599,10.667,10.73,10.802,10.767,10.569,10.255,9.941,9.623,9.235,8.763,8.24,7.708,7.15,6.674,6.339,6.092,5.833,5.579,5.316,5.025,4.717,4.426,4.151,3.859,3.543,3.213,2.894,2.58,2.297,2.066,1.869,1.679,1.503,1.33,1.152,0.976,0.816,0.667,0.539,0.436,0.353,0.279,0.215,0.162,0.122,0.091,0.065,0.052,0.042,0.029,0.013,0.005,0.004,0.003,0.002,0
FJI,2011,18.838,18.875,18.379,17.904,17.456,17.039,16.652,16.293,16.001,15.794,15.655,15.533,15.412,15.396,15.522,15.732,15.946,16.205,16.296,16.116,15.769,15.44,15.063,14.842,14.888,15.086,15.226,15.365,15.335,15.032,14.549,14.093,13.642,13.158,12.654,12.148,11.642,11.124,10.741,10.566,10.532,10.488,10.445,10.449,10.499,10.568,10.634,10.708,10.668,10.452,10.111,9.771,9.424,9.013,8.527,7.997,7.457,6.891,6.411,6.072,5.827,5.569,5.318,5.057,4.768,4.461,4.174,3.902,3.615,3.301,2.974,2.66,2.349,2.076,1.858,1.68,1.508,1.351,1.194,1.032,0.87,0.723,0.588,0.473,0.38,0.306,0.239,0.182,0.138,0.102,0.075,0.054,0.043,0.035,0.024,0.011,0.004,0.004,0.002,0
FJI,2012,18.741,18.641,18.838,18.371,17.899,17.432,16.981,16.543,16.116,15.774,15.555,15.43,15.311,15.191,15.176,15.303,15.509,15.724,15.987,16.072,15.869,15.49,15.132,14.724,14.49,14.551,14.782,14.951,15.121,15.117,14.833,14.362,13.92,13.485,13.008,12.491,11.962,11.435,10.891,10.498,10.337,10.331,10.314,10.296,10.318,10.378,10.449,10.517,10.594,10.548,10.313,9.946,9.581,9.207,8.773,8.275,7.738,7.191,6.617,6.133,5.794,5.549,5.293,5.046,4.788,4.501,4.197,3.912,3.645,3.363,3.053,2.73,2.42,2.113,1.848,1.645,1.487,1.333,1.195,1.057,0.909,0.761,0.629,0.509,0.405,0.323,0.258,0.198,0.148,0.113,0.083,0.06,0.042,0.034,0.027,0.019,0.009,0.004,0.002,0.001
FJI,2013,18.601,18.742,18.74,18.772,18.336,17.867,17.383,16.898,16.409,15.913,15.523,15.294,15.181,15.068,14.949,14.935,15.06,15.264,15.477,15.744,15.823,15.598,15.188,14.801,14.363,14.116,14.192,14.455,14.654,14.855,14.877,14.612,14.153,13.726,13.31,12.838,12.309,11.758,11.21,10.641,10.239,10.092,10.116,10.124,10.131,10.173,10.241,10.314,10.384,10.464,10.412,10.159,9.768,9.376,8.976,8.52,8.01,7.468,6.913,6.335,5.847,5.506,5.263,5.009,4.766,4.512,4.228,3.926,3.645,3.384,3.106,2.799,2.48,2.176,1.874,1.619,1.431,1.29,1.156,1.037,0.917,0.786,0.652,0.534,0.428,0.337,0.266,0.21,0.156,0.115,0.088,0.065,0.045,0.031,0.025,0.02,0.013,0.006,0.002,0.001
FJI,2014,18.458,18.793,18.933,18.904,18.705,18.299,17.834,17.332,16.814,16.276,15.711,15.272,15.032,14.933,14.824,14.706,14.693,14.817,15.019,15.231,15.502,15.575,15.327,14.886,14.47,14.002,13.743,13.832,14.128,14.357,14.588,14.637,14.391,13.944,13.531,13.134,12.668,12.127,11.555,10.985,10.392,9.98,9.847,9.901,9.934,9.966,10.028,10.105,10.178,10.25,10.333,10.275,10.005,9.588,9.172,8.744,8.267,7.745,7.197,6.637,6.052,5.561,5.219,4.977,4.726,4.487,4.237,3.956,3.656,3.379,3.122,2.849,2.547,2.232,1.932,1.636,1.39,1.217,1.095,0.98,0.88,0.778,0.663,0.543,0.439,0.347,0.269,0.208,0.162,0.115,0.082,0.062,0.045,0.03,0.019,0.015,0.013,0.008,0.004,0.002
FJI,2015,18.35,18.796,19.024,19.061,18.933,18.668,18.291,17.829,17.309,16.756,16.167,15.534,15.045,14.794,14.709,14.604,14.487,14.475,14.598,14.796,15.009,15.285,15.351,15.081,14.606,14.163,13.664,13.391,13.496,13.825,14.083,14.344,14.42,14.191,13.757,13.359,12.978,12.518,11.965,11.369,10.777,10.16,9.737,9.618,9.701,9.76,9.818,9.899,9.985,10.059,10.133,10.219,10.155,9.867,9.424,8.982,8.526,8.028,7.493,6.938,6.372,5.78,5.284,4.941,4.699,4.451,4.214,3.968,3.69,3.391,3.118,2.866,2.598,2.299,1.988,1.692,1.4,1.163,1.005,0.902,0.806,0.724,0.64,0.54,0.434,0.346,0.267,0.201,0.151,0.114,0.075,0.048,0.037,0.027,0.014,0.008,0.006,0.006,0.004,0.002
FJI,2016,18.205,18.192,18.53,18.688,18.689,18.553,18.305,17.967,17.55,17.07,16.558,16.015,15.436,14.987,14.751,14.663,14.558,14.444,14.417,14.501,14.645,14.806,15.021,15.06,14.813,14.395,14.001,13.555,13.317,13.423,13.732,13.977,14.229,14.288,14.03,13.564,13.132,12.712,12.242,11.727,11.196,10.663,10.108,9.725,9.607,9.665,9.703,9.74,9.795,9.849,9.888,9.927,9.975,9.885,9.589,9.15,8.712,8.26,7.771,7.251,6.715,6.168,5.598,5.116,4.776,4.529,4.277,4.039,3.789,3.504,3.198,2.918,2.657,2.391,2.112,1.832,1.565,1.306,1.09,0.937,0.827,0.726,0.639,0.555,0.463,0.372,0.293,0.226,0.172,0.128,0.094,0.062,0.04,0.031,0.022,0.012,0.007,0.006,0.004,0.002
FJI,2017,18.09,18.468,18.058,18.288,18.378,18.342,18.198,17.966,17.667,17.295,16.857,16.381,15.885,15.359,14.949,14.727,14.636,14.53,14.419,14.378,14.422,14.514,14.622,14.777,14.788,14.565,14.203,13.859,13.464,13.26,13.368,13.657,13.889,14.132,14.172,13.888,13.388,12.923,12.463,11.983,11.503,11.038,10.564,10.069,9.724,9.607,9.64,9.657,9.675,9.703,9.726,9.732,9.734,9.745,9.628,9.324,8.888,8.454,8.006,7.525,7.019,6.502,5.972,5.423,4.956,4.618,4.366,4.11,3.87,3.615,3.323,3.011,2.722,2.451,2.187,1.928,1.679,1.441,1.213,1.019,0.87,0.754,0.647,0.555,0.471,0.387,0.308,0.241,0.186,0.141,0.105,0.075,0.048,0.032,0.025,0.018,0.01,0.005,0.004,0.002
FJI,2018,18.004,18.254,18.386,17.951,18.073,18.093,18.022,17.869,17.654,17.394,17.065,16.666,16.227,15.777,15.304,14.932,14.724,14.63,14.524,14.416,14.359,14.364,14.404,14.459,14.555,14.539,14.339,14.031,13.736,13.394,13.222,13.333,13.603,13.821,14.056,14.079,13.765,13.232,12.733,12.232,11.742,11.298,10.894,10.479,10.046,9.739,9.622,9.631,9.626,9.624,9.627,9.617,9.589,9.556,9.528,9.386,9.072,8.64,8.208,7.764,7.291,6.799,6.298,5.786,5.257,4.803,4.467,4.209,3.949,3.707,3.447,3.147,2.827,2.53,2.25,1.987,1.748,1.528,1.32,1.124,0.95,0.804,0.681,0.57,0.472,0.387,0.311,0.246,0.188,0.146,0.111,0.082,0.056,0.035,0.024,0.018,0.012,0.006,0.004,0.002
FJI,2019,17.929,18.054,18.114,18.112,17.865,17.879,17.83,17.722,17.562,17.363,17.14,16.855,16.495,16.093,15.688,15.267,14.933,14.739,14.641,14.534,14.429,14.358,14.324,14.31,14.313,14.35,14.306,14.129,13.877,13.629,13.338,13.201,13.313,13.563,13.77,13.996,14.002,13.659,13.09,12.558,12.015,11.513,11.104,10.764,10.407,10.033,9.765,9.648,9.631,9.606,9.584,9.56,9.521,9.457,9.389,9.323,9.154,8.831,8.402,7.972,7.529,7.065,6.586,6.101,5.606,5.097,4.655,4.321,4.057,3.793,3.547,3.282,2.975,2.647,2.342,2.05,1.789,1.568,1.379,1.2,1.035,0.882,0.74,0.609,0.493,0.389,0.303,0.236,0.184,0.137,0.105,0.082,0.059,0.038,0.022,0.015,0.012,0.008,0.004,0.002
FJI,2020,17.846,17.89,17.906,17.894,17.854,17.788,17.694,17.575,17.431,17.262,17.08,16.895,16.653,16.333,15.966,15.607,15.238,14.942,14.761,14.66,14.553,14.45,14.365,14.291,14.224,14.175,14.152,14.08,13.927,13.728,13.53,13.29,13.185,13.3,13.532,13.726,13.943,13.932,13.559,12.957,12.388,11.805,11.291,10.917,10.641,10.34,10.027,9.796,9.68,9.638,9.593,9.55,9.5,9.428,9.33,9.226,9.123,8.926,8.594,8.167,7.739,7.299,6.841,6.375,5.906,5.43,4.938,4.509,4.176,3.906,3.638,3.389,3.119,2.804,2.467,2.154,1.852,1.591,1.389,1.23,1.079,0.946,0.814,0.675,0.537,0.416,0.306,0.219,0.16,0.121,0.085,0.065,0.052,0.036,0.019,0.009,0.007,0.005,0.003,0.002
FJI,2021,17.699,17.798,17.843,17.861,17.853,17.817,17.755,17.666,17.547,17.393,17.207,17.01,16.81,16.553,16.216,15.834,15.459,15.074,14.766,14.583,14.485,14.379,14.28,14.199,14.13,14.07,14.027,14.011,13.946,13.797,13.604,13.41,13.175,13.076,13.192,13.425,13.62,13.837,13.826,13.456,12.855,12.289,11.708,11.195,10.82,10.543,10.242,9.928,9.695,9.574,9.528,9.478,9.43,9.374,9.294,9.186,9.074,8.963,8.758,8.417,7.985,7.55,7.105,6.642,6.174,5.706,5.229,4.741,4.313,3.977,3.705,3.436,3.186,2.919,2.612,2.285,1.983,1.693,1.443,1.251,1.1,0.959,0.834,0.712,0.588,0.464,0.355,0.259,0.186,0.136,0.101,0.07,0.054,0.042,0.03,0.015,0.007,0.005,0.003,0.002
FJI,2022,17.544,17.576,17.755,17.803,17.825,17.819,17.787,17.729,17.646,17.525,17.361,17.16,16.947,16.732,16.459,16.106,15.709,15.317,14.917,14.599,14.412,14.315,14.212,14.116,14.039,13.976,13.921,13.884,13.876,13.816,13.674,13.485,13.297,13.067,12.971,13.09,13.323,13.519,13.737,13.727,13.359,12.761,12.196,11.614,11.102,10.728,10.451,10.148,9.832,9.596,9.473,9.422,9.367,9.314,9.252,9.164,9.048,8.927,8.806,8.592,8.245,7.806,7.364,6.913,6.446,5.976,5.508,5.031,4.545,4.117,3.781,3.506,3.235,2.985,2.72,2.42,2.105,1.813,1.535,1.298,1.115,0.972,0.84,0.723,0.612,0.499,0.391,0.294,0.212,0.153,0.111,0.081,0.056,0.042,0.034,0.023,0.012,0.005,0.004,0.002
FJI,2023,17.394,17.465,17.531,17.719,17.768,17.793,17.792,17.763,17.709,17.63,17.509,17.334,17.118,16.89,16.659,16.37,16,15.587,15.18,14.763,14.434,14.245,14.149,14.05,13.957,13.884,13.826,13.776,13.745,13.745,13.692,13.555,13.371,13.188,12.963,12.87,12.991,13.227,13.424,13.642,13.633,13.265,12.669,12.106,11.525,11.014,10.639,10.361,10.056,9.739,9.501,9.374,9.319,9.259,9.201,9.133,9.037,8.912,8.782,8.651,8.429,8.075,7.629,7.181,6.723,6.252,5.78,5.311,4.835,4.35,3.923,3.585,3.308,3.036,2.785,2.523,2.23,1.925,1.645,1.378,1.151,0.978,0.844,0.72,0.612,0.512,0.412,0.318,0.233,0.164,0.121,0.087,0.061,0.041,0.031,0.025,0.017,0.009,0.004,0.002
FJI,2024,17.265,17.371,17.468,17.554,17.685,17.737,17.764,17.766,17.741,17.691,17.619,17.496,17.311,17.078,16.835,16.589,16.285,15.898,15.468,15.046,14.613,14.273,14.079,13.987,13.888,13.799,13.731,13.678,13.633,13.61,13.615,13.57,13.439,13.259,13.081,12.861,12.772,12.895,13.132,13.329,13.548,13.541,13.175,12.58,12.018,11.438,10.927,10.552,10.273,9.968,9.649,9.408,9.277,9.217,9.153,9.091,9.016,8.912,8.777,8.638,8.499,8.268,7.906,7.454,7,6.534,6.059,5.585,5.116,4.64,4.157,3.73,3.39,3.11,2.837,2.585,2.325,2.04,1.745,1.477,1.222,1.005,0.841,0.716,0.6,0.501,0.412,0.325,0.246,0.172,0.117,0.088,0.063,0.04,0.026,0.02,0.015,0.011,0.005,0.002
FJI,2025,17.169,17.286,17.396,17.497,17.585,17.656,17.709,17.74,17.747,17.724,17.678,17.611,17.487,17.293,17.043,16.784,16.524,16.202,15.8,15.354,14.915,14.466,14.115,13.918,13.827,13.732,13.646,13.582,13.533,13.495,13.477,13.49,13.451,13.325,13.151,12.976,12.762,12.677,12.802,13.04,13.238,13.458,13.451,13.086,12.494,11.932,11.353,10.842,10.467,10.187,9.881,9.559,9.317,9.182,9.118,9.049,8.981,8.9,8.787,8.644,8.496,8.348,8.109,7.739,7.28,6.819,6.348,5.867,5.39,4.921,4.446,3.964,3.537,3.196,2.913,2.639,2.385,2.127,1.85,1.566,1.307,1.065,0.86,0.704,0.587,0.481,0.391,0.311,0.238,0.172,0.11,0.071,0.055,0.038,0.02,0.011,0.009,0.007,0.005,0.002
FJI,2026,17.097,17.152,17.263,17.371,17.471,17.56,17.635,17.694,17.727,17.727,17.696,17.641,17.565,17.433,17.229,16.971,16.702,16.432,16.105,15.7,15.256,14.818,14.371,14.023,13.828,13.74,13.647,13.565,13.505,13.458,13.421,13.405,13.418,13.381,13.256,13.082,12.908,12.694,12.608,12.731,12.966,13.161,13.376,13.365,13,12.406,11.842,11.262,10.749,10.371,10.089,9.78,9.455,9.206,9.065,8.992,8.914,8.838,8.747,8.622,8.463,8.301,8.14,7.889,7.511,7.045,6.579,6.104,5.622,5.146,4.681,4.212,3.737,3.317,2.98,2.702,2.433,2.186,1.937,1.674,1.408,1.167,0.942,0.754,0.612,0.507,0.411,0.333,0.265,0.201,0.144,0.09,0.058,0.045,0.032,0.017,0.009,0.007,0.005,0.002
FJI,2027,17.055,17.121,17.136,17.242,17.346,17.447,17.537,17.616,17.68,17.715,17.711,17.67,17.606,17.522,17.382,17.168,16.901,16.622,16.343,16.009,15.604,15.16,14.724,14.279,13.933,13.74,13.655,13.565,13.487,13.429,13.384,13.349,13.334,13.349,13.313,13.189,13.016,12.843,12.628,12.542,12.662,12.894,13.085,13.297,13.283,12.915,12.32,11.754,11.172,10.656,10.277,9.991,9.679,9.351,9.098,8.949,8.868,8.782,8.697,8.595,8.456,8.284,8.107,7.932,7.67,7.283,6.812,6.34,5.86,5.376,4.903,4.442,3.979,3.51,3.097,2.765,2.492,2.228,1.986,1.747,1.498,1.25,1.027,0.82,0.648,0.52,0.426,0.341,0.274,0.218,0.165,0.115,0.071,0.047,0.036,0.025,0.013,0.007,0.005,0.002
FJI,2028,17.04,17.058,17.102,17.121,17.221,17.324,17.423,17.516,17.598,17.668,17.705,17.696,17.645,17.573,17.481,17.331,17.109,16.831,16.544,16.256,15.915,15.507,15.065,14.631,14.187,13.843,13.654,13.571,13.484,13.409,13.354,13.312,13.277,13.265,13.282,13.245,13.123,12.951,12.778,12.563,12.476,12.594,12.822,13.01,13.218,13.201,12.831,12.234,11.668,11.083,10.565,10.183,9.895,9.58,9.248,8.99,8.834,8.744,8.65,8.556,8.443,8.292,8.104,7.915,7.725,7.451,7.056,6.579,6.102,5.617,5.132,4.66,4.204,3.745,3.285,2.878,2.551,2.281,2.023,1.787,1.556,1.322,1.092,0.886,0.697,0.542,0.428,0.345,0.271,0.216,0.172,0.129,0.086,0.052,0.034,0.027,0.018,0.01,0.005,0.002
FJI,2029,17.042,17.013,17.021,17.058,17.108,17.2,17.3,17.4,17.494,17.581,17.657,17.696,17.681,17.619,17.539,17.44,17.281,17.05,16.762,16.466,16.168,15.821,15.411,14.971,14.537,14.095,13.754,13.567,13.486,13.402,13.331,13.28,13.239,13.207,13.195,13.213,13.179,13.056,12.885,12.712,12.498,12.409,12.525,12.751,12.935,13.14,13.119,12.747,12.149,11.581,10.993,10.473,10.089,9.798,9.479,9.144,8.882,8.718,8.621,8.516,8.415,8.292,8.127,7.926,7.721,7.518,7.233,6.828,6.346,5.864,5.374,4.886,4.417,3.965,3.511,3.058,2.658,2.336,2.071,1.818,1.587,1.367,1.147,0.934,0.746,0.576,0.436,0.335,0.265,0.201,0.159,0.126,0.092,0.057,0.032,0.022,0.018,0.012,0.006,0.002
FJI,2030,17.055,16.985,16.962,16.976,17.021,17.091,17.179,17.275,17.375,17.471,17.561,17.644,17.683,17.664,17.593,17.504,17.396,17.229,16.988,16.692,16.386,16.078,15.725,15.313,14.874,14.442,14.003,13.662,13.479,13.4,13.32,13.252,13.203,13.165,13.134,13.124,13.143,13.11,12.988,12.817,12.645,12.431,12.343,12.456,12.678,12.859,13.059,13.035,12.661,12.063,11.492,10.904,10.381,9.994,9.701,9.378,9.04,8.772,8.603,8.496,8.384,8.273,8.139,7.962,7.746,7.527,7.31,7.013,6.601,6.112,5.625,5.13,4.64,4.173,3.725,3.278,2.832,2.438,2.121,1.86,1.613,1.388,1.177,0.971,0.776,0.605,0.453,0.33,0.244,0.184,0.13,0.1,0.079,0.056,0.029,0.013,0.011,0.008,0.005,0.002
FJI,2031,17.084,17.015,16.963,16.951,16.972,17.021,17.09,17.172,17.264,17.359,17.45,17.533,17.607,17.638,17.609,17.529,17.43,17.313,17.14,16.896,16.601,16.297,15.99,15.639,15.23,14.794,14.365,13.929,13.594,13.411,13.336,13.257,13.19,13.142,13.106,13.075,13.064,13.083,13.049,12.926,12.754,12.581,12.366,12.273,12.382,12.598,12.772,12.966,12.936,12.559,11.959,11.386,10.793,10.267,9.876,9.577,9.249,8.905,8.629,8.448,8.328,8.203,8.079,7.931,7.738,7.506,7.273,7.041,6.734,6.316,5.826,5.338,4.845,4.36,3.902,3.467,3.033,2.603,2.224,1.921,1.674,1.44,1.23,1.036,0.848,0.673,0.519,0.385,0.282,0.207,0.154,0.108,0.084,0.066,0.047,0.024,0.011,0.008,0.006,0.003
FJI,2032,17.122,16.997,16.973,16.937,16.938,16.966,17.017,17.086,17.164,17.25,17.34,17.425,17.501,17.567,17.59,17.551,17.462,17.355,17.228,17.048,16.802,16.508,16.204,15.899,15.55,15.144,14.71,14.286,13.854,13.522,13.343,13.268,13.191,13.126,13.079,13.043,13.013,13.002,13.02,12.985,12.862,12.689,12.514,12.297,12.202,12.305,12.516,12.684,12.871,12.836,12.456,11.853,11.277,10.682,10.152,9.756,9.452,9.119,8.768,8.484,8.292,8.159,8.02,7.884,7.722,7.514,7.265,7.016,6.771,6.453,6.03,5.538,5.051,4.559,4.08,3.63,3.207,2.787,2.372,2.01,1.721,1.487,1.269,1.073,0.894,0.725,0.57,0.432,0.317,0.233,0.171,0.124,0.086,0.066,0.052,0.036,0.018,0.009,0.006,0.003
FJI,2033,17.158,17.017,16.926,16.928,16.91,16.921,16.957,17.012,17.08,17.154,17.235,17.319,17.399,17.467,17.525,17.539,17.492,17.392,17.275,17.139,16.953,16.705,16.412,16.11,15.807,15.459,15.056,14.626,14.204,13.777,13.448,13.271,13.198,13.123,13.059,13.015,12.98,12.948,12.938,12.955,12.92,12.796,12.622,12.445,12.226,12.128,12.228,12.431,12.594,12.773,12.733,12.35,11.745,11.167,10.568,10.034,9.635,9.326,8.987,8.631,8.338,8.135,7.988,7.836,7.687,7.512,7.288,7.023,6.76,6.5,6.17,5.742,5.251,4.763,4.272,3.798,3.358,2.947,2.542,2.142,1.795,1.52,1.301,1.096,0.915,0.753,0.602,0.467,0.344,0.248,0.185,0.134,0.093,0.063,0.049,0.039,0.027,0.014,0.006,0.003
FJI,2034,17.179,17.034,16.933,16.873,16.882,16.88,16.903,16.947,17.004,17.071,17.141,17.216,17.296,17.369,17.431,17.482,17.487,17.43,17.321,17.195,17.05,16.857,16.607,16.315,16.013,15.711,15.367,14.966,14.54,14.122,13.699,13.373,13.198,13.128,13.055,12.993,12.949,12.913,12.883,12.873,12.89,12.853,12.728,12.553,12.375,12.155,12.054,12.149,12.346,12.502,12.675,12.629,12.242,11.636,11.056,10.454,9.916,9.512,9.198,8.854,8.492,8.192,7.977,7.817,7.652,7.49,7.301,7.06,6.781,6.502,6.228,5.889,5.455,4.962,4.474,3.985,3.515,3.084,2.687,2.295,1.912,1.58,1.32,1.114,0.924,0.758,0.611,0.479,0.364,0.257,0.18,0.136,0.098,0.063,0.041,0.032,0.025,0.017,0.008,0.003
FJI,2035,17.177,17.039,16.939,16.874,16.841,16.834,16.85,16.885,16.934,16.995,17.061,17.127,17.197,17.271,17.34,17.394,17.436,17.433,17.367,17.249,17.114,16.958,16.759,16.508,16.216,15.915,15.615,15.274,14.875,14.452,14.038,13.619,13.297,13.125,13.056,12.984,12.924,12.881,12.848,12.817,12.807,12.822,12.786,12.66,12.484,12.305,12.083,11.979,12.069,12.26,12.409,12.575,12.525,12.134,11.526,10.943,10.339,9.797,9.389,9.07,8.721,8.353,8.044,7.819,7.646,7.467,7.293,7.089,6.834,6.537,6.244,5.956,5.606,5.166,4.673,4.186,3.698,3.233,2.812,2.427,2.049,1.681,1.365,1.12,0.926,0.752,0.6,0.47,0.357,0.261,0.17,0.112,0.088,0.061,0.033,0.018,0.014,0.012,0.008,0.003
FJI,2036,17.155,17.126,17.012,16.929,16.873,16.844,16.834,16.842,16.869,16.915,16.971,17.031,17.088,17.15,17.215,17.274,17.32,17.353,17.343,17.274,17.157,17.022,16.869,16.67,16.422,16.133,15.835,15.539,15.2,14.805,14.385,13.973,13.556,13.235,13.064,12.996,12.925,12.865,12.822,12.786,12.755,12.742,12.755,12.715,12.586,12.407,12.224,11.999,11.89,11.972,12.154,12.296,12.453,12.394,11.998,11.386,10.798,10.187,9.64,9.224,8.896,8.538,8.161,7.843,7.604,7.414,7.222,7.034,6.817,6.547,6.237,5.932,5.633,5.277,4.842,4.357,3.879,3.403,2.954,2.553,2.191,1.838,1.494,1.202,0.978,0.803,0.645,0.513,0.402,0.304,0.218,0.14,0.093,0.073,0.051,0.027,0.016,0.012,0.008,0.004
FJI,2037,17.109,17.024,17.074,16.985,16.919,16.873,16.847,16.835,16.835,16.854,16.894,16.948,17.001,17.05,17.103,17.159,17.209,17.246,17.27,17.253,17.181,17.064,16.931,16.779,16.583,16.337,16.05,15.756,15.464,15.128,14.736,14.317,13.908,13.493,13.174,13.005,12.937,12.866,12.805,12.762,12.726,12.692,12.677,12.688,12.645,12.513,12.331,12.144,11.915,11.802,11.876,12.05,12.182,12.329,12.262,11.861,11.245,10.651,10.036,9.483,9.059,8.722,8.356,7.97,7.641,7.388,7.184,6.977,6.776,6.544,6.26,5.936,5.62,5.31,4.95,4.517,4.041,3.574,3.109,2.675,2.293,1.956,1.626,1.308,1.04,0.836,0.68,0.539,0.425,0.334,0.25,0.174,0.111,0.075,0.058,0.04,0.022,0.012,0.008,0.004
FJI,2038,17.045,16.998,16.959,17.022,16.958,16.909,16.872,16.848,16.835,16.828,16.839,16.874,16.923,16.97,17.012,17.056,17.102,17.143,17.17,17.185,17.162,17.088,16.972,16.839,16.688,16.494,16.25,15.966,15.676,15.387,15.055,14.666,14.249,13.843,13.43,13.113,12.945,12.877,12.806,12.746,12.701,12.664,12.629,12.611,12.62,12.574,12.44,12.254,12.064,11.831,11.712,11.779,11.944,12.069,12.207,12.131,11.725,11.103,10.506,9.885,9.325,8.893,8.549,8.173,7.78,7.439,7.172,6.952,6.73,6.516,6.271,5.973,5.636,5.307,4.987,4.621,4.192,3.724,3.268,2.813,2.395,2.034,1.719,1.413,1.121,0.877,0.694,0.556,0.432,0.338,0.266,0.196,0.132,0.081,0.055,0.043,0.03,0.015,0.008,0.004
FJI,2039,16.972,16.962,16.95,16.936,16.968,16.929,16.895,16.868,16.848,16.833,16.817,16.822,16.851,16.896,16.937,16.971,17.007,17.044,17.075,17.092,17.098,17.069,16.993,16.877,16.745,16.594,16.404,16.161,15.881,15.593,15.309,14.98,14.593,14.179,13.776,13.365,13.05,12.883,12.816,12.745,12.684,12.639,12.6,12.564,12.545,12.55,12.501,12.364,12.175,11.982,11.745,11.622,11.682,11.838,11.953,12.081,11.998,11.585,10.96,10.357,9.731,9.166,8.727,8.374,7.989,7.587,7.236,6.956,6.72,6.485,6.255,5.997,5.685,5.335,4.994,4.664,4.293,3.866,3.407,2.961,2.519,2.115,1.775,1.482,1.201,0.935,0.714,0.551,0.433,0.325,0.25,0.197,0.144,0.089,0.051,0.036,0.029,0.02,0.01,0.004
FJI,2040,16.9,16.919,16.928,16.929,16.923,16.912,16.898,16.88,16.863,16.846,16.828,16.805,16.801,16.826,16.867,16.901,16.927,16.954,16.982,17.004,17.013,17.009,16.973,16.894,16.78,16.648,16.5,16.31,16.07,15.793,15.51,15.228,14.903,14.52,14.108,13.706,13.298,12.985,12.819,12.752,12.681,12.62,12.576,12.535,12.497,12.476,12.478,12.427,12.287,12.095,11.898,11.659,11.529,11.582,11.73,11.836,11.955,11.863,11.445,10.816,10.208,9.576,9.005,8.56,8.197,7.804,7.393,7.031,6.738,6.488,6.237,5.995,5.722,5.396,5.032,4.68,4.339,3.964,3.539,3.09,2.653,2.223,1.836,1.515,1.247,0.989,0.747,0.551,0.409,0.31,0.218,0.162,0.129,0.09,0.046,0.022,0.018,0.013,0.009,0.004
FJI,2041,16.836,16.881,16.902,16.913,16.916,16.912,16.903,16.891,16.873,16.85,16.826,16.8,16.769,16.757,16.772,16.805,16.83,16.847,16.868,16.893,16.916,16.925,16.922,16.888,16.812,16.7,16.571,16.426,16.239,16.003,15.726,15.445,15.165,14.842,14.46,14.049,13.648,13.24,12.928,12.761,12.693,12.621,12.558,12.51,12.467,12.425,12.399,12.396,12.339,12.195,11.998,11.796,11.552,11.415,11.456,11.59,11.683,11.788,11.684,11.257,10.621,10.005,9.365,8.785,8.331,7.96,7.558,7.139,6.769,6.463,6.199,5.935,5.682,5.402,5.068,4.7,4.345,4.003,3.633,3.225,2.799,2.387,1.981,1.62,1.327,1.085,0.851,0.638,0.472,0.349,0.26,0.181,0.136,0.107,0.075,0.038,0.019,0.014,0.01,0.004
FJI,2042,16.771,16.823,16.862,16.883,16.896,16.902,16.899,16.893,16.882,16.865,16.837,16.804,16.77,16.732,16.711,16.718,16.741,16.757,16.765,16.779,16.802,16.826,16.836,16.834,16.802,16.728,16.617,16.492,16.351,16.167,15.932,15.659,15.379,15.101,14.78,14.399,13.989,13.589,13.183,12.87,12.702,12.633,12.559,12.495,12.444,12.397,12.352,12.321,12.313,12.252,12.102,11.901,11.694,11.443,11.299,11.329,11.45,11.53,11.62,11.504,11.068,10.424,9.8,9.153,8.565,8.101,7.721,7.311,6.885,6.505,6.187,5.909,5.633,5.369,5.079,4.74,4.367,4.01,3.665,3.302,2.91,2.508,2.119,1.738,1.404,1.137,0.924,0.713,0.528,0.393,0.289,0.21,0.143,0.108,0.085,0.059,0.03,0.016,0.01,0.004
FJI,2043,16.705,16.762,16.806,16.84,16.864,16.878,16.884,16.885,16.88,16.873,16.854,16.821,16.781,16.739,16.693,16.664,16.662,16.676,16.683,16.682,16.689,16.711,16.735,16.745,16.744,16.713,16.642,16.534,16.411,16.274,16.093,15.861,15.589,15.311,15.035,14.716,14.337,13.928,13.53,13.123,12.81,12.642,12.572,12.497,12.43,12.376,12.326,12.277,12.242,12.229,12.162,12.008,11.803,11.59,11.334,11.183,11.201,11.308,11.375,11.451,11.323,10.878,10.226,9.595,8.939,8.343,7.871,7.482,7.063,6.631,6.241,5.91,5.618,5.331,5.056,4.757,4.41,4.033,3.674,3.328,2.971,2.595,2.215,1.85,1.495,1.188,0.948,0.762,0.574,0.419,0.315,0.23,0.16,0.106,0.081,0.063,0.044,0.022,0.012,0.005
FJI,2044,16.642,16.698,16.746,16.786,16.818,16.841,16.858,16.867,16.869,16.866,16.862,16.843,16.804,16.756,16.706,16.653,16.615,16.604,16.609,16.608,16.597,16.599,16.618,16.641,16.653,16.653,16.624,16.555,16.449,16.329,16.195,16.018,15.789,15.518,15.243,14.969,14.65,14.273,13.866,13.469,13.062,12.749,12.581,12.509,12.433,12.364,12.308,12.255,12.201,12.162,12.143,12.071,11.913,11.703,11.485,11.225,11.065,11.073,11.167,11.218,11.281,11.141,10.686,10.027,9.388,8.725,8.12,7.64,7.242,6.816,6.375,5.976,5.633,5.327,5.027,4.743,4.435,4.08,3.7,3.337,2.991,2.639,2.28,1.923,1.582,1.252,0.971,0.76,0.6,0.435,0.309,0.236,0.171,0.109,0.07,0.054,0.042,0.029,0.014,0.006
FJI,2045,16.578,16.632,16.682,16.726,16.763,16.794,16.819,16.837,16.847,16.851,16.85,16.849,16.83,16.787,16.729,16.673,16.611,16.565,16.544,16.54,16.53,16.511,16.506,16.523,16.546,16.559,16.56,16.533,16.465,16.363,16.246,16.115,15.941,15.714,15.446,15.172,14.901,14.584,14.208,13.803,13.406,13,12.687,12.518,12.446,12.367,12.296,12.238,12.182,12.124,12.08,12.056,11.98,11.817,11.602,11.379,11.114,10.947,10.943,11.023,11.062,11.11,10.958,10.494,9.828,9.181,8.51,7.898,7.408,7.002,6.567,6.12,5.712,5.355,5.035,4.723,4.428,4.111,3.751,3.366,3.001,2.653,2.307,1.965,1.632,1.314,1.01,0.755,0.57,0.439,0.297,0.199,0.157,0.111,0.06,0.032,0.026,0.02,0.013,0.006
FJI,2046,16.522,16.562,16.617,16.667,16.712,16.751,16.785,16.812,16.83,16.836,16.831,16.823,16.813,16.785,16.733,16.668,16.602,16.532,16.479,16.457,16.454,16.444,16.426,16.423,16.441,16.468,16.482,16.487,16.463,16.398,16.297,16.182,16.052,15.88,15.653,15.387,15.114,14.841,14.525,14.149,13.743,13.345,12.938,12.623,12.452,12.376,12.294,12.218,12.155,12.094,12.031,11.981,11.95,11.865,11.694,11.472,11.241,10.968,10.789,10.768,10.827,10.846,10.875,10.704,10.23,9.558,8.904,8.227,7.609,7.114,6.702,6.262,5.811,5.399,5.038,4.711,4.394,4.096,3.78,3.427,3.055,2.703,2.369,2.043,1.728,1.426,1.135,0.864,0.648,0.487,0.368,0.246,0.166,0.131,0.092,0.049,0.028,0.021,0.014,0.006
FJI,2047,16.468,16.511,16.544,16.598,16.649,16.696,16.738,16.774,16.804,16.822,16.823,16.809,16.794,16.776,16.74,16.679,16.605,16.53,16.451,16.392,16.368,16.365,16.356,16.34,16.338,16.358,16.387,16.405,16.413,16.392,16.328,16.229,16.116,15.988,15.817,15.591,15.325,15.052,14.78,14.464,14.088,13.681,13.283,12.875,12.559,12.384,12.305,12.22,12.14,12.072,12.005,11.936,11.88,11.842,11.749,11.572,11.341,11.102,10.821,10.63,10.592,10.63,10.629,10.636,10.45,9.965,9.286,8.626,7.943,7.32,6.818,6.4,5.955,5.502,5.086,4.719,4.386,4.064,3.764,3.449,3.104,2.743,2.406,2.085,1.779,1.49,1.221,0.955,0.718,0.542,0.405,0.297,0.195,0.134,0.105,0.073,0.039,0.022,0.015,0.007
FJI,2048,16.413,16.447,16.486,16.525,16.579,16.632,16.68,16.723,16.761,16.795,16.812,16.808,16.786,16.763,16.737,16.693,16.624,16.54,16.457,16.369,16.304,16.277,16.276,16.267,16.252,16.252,16.275,16.306,16.326,16.337,16.319,16.258,16.161,16.049,15.922,15.752,15.528,15.262,14.99,14.718,14.401,14.026,13.619,13.22,12.811,12.493,12.315,12.233,12.144,12.061,11.988,11.916,11.841,11.778,11.732,11.632,11.447,11.21,10.962,10.673,10.47,10.415,10.433,10.411,10.398,10.195,9.7,9.014,8.347,7.658,7.03,6.522,6.097,5.648,5.193,4.773,4.399,4.06,3.734,3.43,3.118,2.779,2.432,2.107,1.801,1.515,1.253,1.016,0.776,0.571,0.436,0.322,0.225,0.144,0.101,0.079,0.055,0.028,0.015,0.007
FJI,2049,16.351,16.379,16.414,16.457,16.505,16.559,16.612,16.662,16.707,16.747,16.784,16.802,16.793,16.763,16.73,16.698,16.645,16.567,16.475,16.383,16.286,16.216,16.186,16.185,16.178,16.163,16.165,16.19,16.223,16.247,16.261,16.245,16.187,16.091,15.981,15.856,15.688,15.465,15.199,14.927,14.656,14.338,13.963,13.556,13.156,12.747,12.427,12.247,12.162,12.068,11.98,11.903,11.825,11.745,11.676,11.623,11.516,11.323,11.077,10.821,10.525,10.31,10.237,10.235,10.193,10.159,9.939,9.433,8.742,8.069,7.374,6.739,6.226,5.795,5.341,4.883,4.46,4.08,3.734,3.405,3.097,2.786,2.455,2.12,1.809,1.517,1.25,1.016,0.811,0.596,0.425,0.329,0.239,0.153,0.093,0.067,0.052,0.036,0.018,0.007
FJI,2050,16.284,16.306,16.339,16.381,16.43,16.484,16.539,16.593,16.644,16.691,16.734,16.773,16.79,16.776,16.738,16.699,16.657,16.597,16.51,16.409,16.308,16.203,16.126,16.095,16.094,16.086,16.073,16.078,16.104,16.14,16.166,16.183,16.171,16.115,16.02,15.913,15.789,15.621,15.4,15.135,14.864,14.592,14.275,13.899,13.492,13.092,12.681,12.36,12.177,12.089,11.991,11.899,11.816,11.735,11.648,11.573,11.513,11.398,11.198,10.945,10.68,10.376,10.15,10.059,10.036,9.974,9.92,9.683,9.166,8.47,7.79,7.089,6.449,5.929,5.492,5.034,4.573,4.146,3.761,3.408,3.074,2.764,2.453,2.131,1.809,1.511,1.233,0.986,0.779,0.605,0.416,0.279,0.222,0.156,0.082,0.042,0.034,0.026,0.018,0.008
FJI,2051,16.212,16.255,16.286,16.326,16.373,16.424,16.478,16.532,16.583,16.629,16.67,16.705,16.737,16.746,16.722,16.676,16.627,16.578,16.511,16.423,16.322,16.222,16.118,16.043,16.014,16.016,16.012,16.002,16.008,16.037,16.075,16.102,16.121,16.11,16.054,15.96,15.852,15.728,15.561,15.338,15.072,14.799,14.526,14.207,13.829,13.42,13.017,12.603,12.278,12.092,11.998,11.895,11.797,11.708,11.617,11.522,11.436,11.366,11.239,11.027,10.761,10.484,10.167,9.926,9.814,9.765,9.679,9.601,9.347,8.822,8.124,7.443,6.743,6.103,5.585,5.15,4.695,4.24,3.821,3.443,3.098,2.775,2.475,2.181,1.881,1.585,1.309,1.06,0.848,0.666,0.508,0.345,0.233,0.186,0.131,0.068,0.037,0.028,0.018,0.008
FJI,2052,16.132,16.157,16.226,16.267,16.313,16.364,16.417,16.471,16.525,16.573,16.614,16.647,16.676,16.7,16.7,16.669,16.614,16.556,16.498,16.425,16.334,16.236,16.136,16.034,15.96,15.933,15.938,15.936,15.93,15.939,15.97,16.009,16.038,16.058,16.049,15.993,15.899,15.792,15.668,15.499,15.276,15.009,14.735,14.46,14.139,13.759,13.348,12.943,12.526,12.197,12.006,11.908,11.799,11.695,11.599,11.5,11.396,11.3,11.218,11.08,10.856,10.577,10.287,9.959,9.701,9.567,9.494,9.385,9.283,9.011,8.478,7.777,7.095,6.395,5.758,5.241,4.807,4.356,3.908,3.495,3.125,2.789,2.475,2.187,1.909,1.63,1.362,1.108,0.887,0.711,0.554,0.41,0.274,0.188,0.149,0.104,0.054,0.03,0.02,0.009
FJI,2053,16.046,16.077,16.117,16.197,16.246,16.299,16.355,16.411,16.465,16.517,16.562,16.599,16.625,16.646,16.663,16.655,16.615,16.551,16.485,16.418,16.339,16.247,16.147,16.05,15.948,15.877,15.852,15.859,15.86,15.857,15.869,15.902,15.943,15.973,15.995,15.986,15.932,15.838,15.73,15.606,15.438,15.213,14.946,14.67,14.393,14.07,13.688,13.276,12.867,12.447,12.115,11.92,11.816,11.703,11.593,11.489,11.383,11.268,11.163,11.07,10.92,10.684,10.393,10.091,9.75,9.476,9.32,9.222,9.089,8.964,8.675,8.133,7.431,6.748,6.049,5.412,4.896,4.464,4.017,3.575,3.169,2.807,2.48,2.176,1.898,1.636,1.381,1.139,0.906,0.714,0.573,0.44,0.312,0.204,0.142,0.112,0.078,0.04,0.022,0.01
FJI,2054,15.953,15.989,16.037,16.09,16.166,16.224,16.284,16.343,16.402,16.457,16.508,16.551,16.582,16.602,16.615,16.624,16.609,16.559,16.487,16.412,16.337,16.252,16.157,16.059,15.962,15.862,15.792,15.769,15.779,15.783,15.783,15.798,15.834,15.876,15.907,15.931,15.923,15.869,15.776,15.669,15.544,15.374,15.15,14.881,14.604,14.325,14,13.616,13.202,12.791,12.369,12.032,11.833,11.725,11.606,11.489,11.379,11.264,11.142,11.025,10.921,10.76,10.513,10.209,9.894,9.541,9.251,9.073,8.949,8.793,8.644,8.337,7.788,7.084,6.4,5.702,5.067,4.551,4.12,3.678,3.242,2.843,2.488,2.17,1.876,1.61,1.362,1.131,0.916,0.704,0.541,0.436,0.327,0.215,0.132,0.096,0.076,0.052,0.025,0.01
FJI,2055,15.853,15.897,15.949,16.008,16.07,16.135,16.202,16.269,16.332,16.392,16.448,16.499,16.538,16.564,16.578,16.584,16.585,16.56,16.503,16.422,16.339,16.254,16.164,16.067,15.97,15.873,15.774,15.707,15.686,15.698,15.706,15.709,15.727,15.763,15.808,15.841,15.866,15.86,15.806,15.713,15.605,15.481,15.311,15.086,14.816,14.537,14.256,13.93,13.545,13.128,12.715,12.288,11.949,11.745,11.632,11.508,11.385,11.268,11.145,11.012,10.887,10.772,10.6,10.34,10.023,9.695,9.33,9.025,8.825,8.676,8.497,8.324,7.999,7.442,6.737,6.052,5.354,4.721,4.207,3.777,3.339,2.909,2.517,2.169,1.861,1.577,1.321,1.09,0.88,0.692,0.503,0.368,0.298,0.214,0.117,0.061,0.05,0.038,0.025,0.012
FJI,2056,15.749,15.826,15.878,15.937,15.998,16.063,16.129,16.195,16.259,16.318,16.372,16.421,16.463,16.494,16.512,16.516,16.514,16.507,16.477,16.416,16.336,16.255,16.171,16.082,15.988,15.893,15.799,15.705,15.64,15.622,15.635,15.644,15.648,15.668,15.706,15.75,15.784,15.807,15.8,15.745,15.651,15.542,15.415,15.243,15.014,14.741,14.458,14.174,13.844,13.455,13.035,12.617,12.187,11.842,11.632,11.511,11.379,11.247,11.119,10.982,10.835,10.695,10.563,10.375,10.1,9.769,9.426,9.049,8.727,8.504,8.33,8.127,7.932,7.593,7.035,6.338,5.663,4.976,4.357,3.857,3.444,3.023,2.614,2.244,1.919,1.633,1.37,1.14,0.94,0.753,0.583,0.419,0.308,0.249,0.178,0.096,0.054,0.042,0.027,0.012
FJI,2057,15.64,15.7,15.8,15.859,15.924,15.99,16.057,16.123,16.189,16.25,16.303,16.351,16.392,16.426,16.45,16.459,16.455,16.444,16.428,16.391,16.33,16.251,16.169,16.087,16,15.908,15.816,15.726,15.634,15.572,15.556,15.571,15.582,15.588,15.609,15.648,15.692,15.725,15.749,15.74,15.684,15.588,15.477,15.348,15.174,14.942,14.666,14.381,14.091,13.758,13.365,12.942,12.521,12.087,11.736,11.519,11.391,11.249,11.108,10.969,10.819,10.658,10.502,10.354,10.15,9.86,9.514,9.157,8.767,8.428,8.183,7.983,7.756,7.539,7.186,6.628,5.939,5.273,4.599,3.993,3.508,3.11,2.708,2.318,1.97,1.668,1.407,1.163,0.96,0.79,0.628,0.473,0.335,0.248,0.2,0.142,0.076,0.044,0.029,0.014
FJI,2058,15.527,15.596,15.668,15.773,15.84,15.91,15.98,16.05,16.116,16.182,16.239,16.289,16.329,16.363,16.39,16.405,16.405,16.393,16.373,16.349,16.307,16.243,16.164,16.083,16.003,15.918,15.828,15.738,15.651,15.563,15.504,15.491,15.508,15.52,15.528,15.549,15.589,15.632,15.666,15.69,15.68,15.623,15.526,15.412,15.282,15.104,14.87,14.591,14.302,14.008,13.67,13.275,12.849,12.424,11.985,11.629,11.406,11.268,11.118,10.969,10.82,10.656,10.48,10.308,10.145,9.925,9.62,9.258,8.888,8.485,8.129,7.861,7.636,7.386,7.145,6.78,6.22,5.54,4.884,4.221,3.629,3.159,2.777,2.393,2.023,1.696,1.417,1.18,0.956,0.779,0.641,0.501,0.362,0.25,0.188,0.151,0.106,0.056,0.031,0.014
FJI,2059,15.415,15.489,15.566,15.647,15.744,15.82,15.896,15.97,16.041,16.109,16.173,16.229,16.273,16.307,16.333,16.352,16.359,16.351,16.33,16.303,16.269,16.221,16.155,16.076,15.997,15.918,15.834,15.747,15.66,15.576,15.491,15.435,15.424,15.442,15.456,15.466,15.49,15.528,15.573,15.606,15.629,15.619,15.561,15.462,15.346,15.214,15.034,14.797,14.514,14.221,13.924,13.582,13.184,12.755,12.326,11.883,11.522,11.291,11.147,10.988,10.829,10.668,10.493,10.301,10.115,9.934,9.698,9.379,9.003,8.617,8.202,7.83,7.54,7.288,7.015,6.752,6.372,5.811,5.141,4.494,3.843,3.264,2.809,2.444,2.078,1.727,1.422,1.167,0.952,0.749,0.598,0.49,0.374,0.253,0.166,0.128,0.101,0.071,0.036,0.016
FJI,2060,15.306,15.383,15.462,15.546,15.631,15.715,15.799,15.88,15.958,16.031,16.1,16.164,16.217,16.256,16.282,16.302,16.313,16.312,16.295,16.266,16.229,16.188,16.134,16.066,15.988,15.91,15.832,15.75,15.665,15.581,15.499,15.417,15.365,15.357,15.377,15.392,15.403,15.428,15.467,15.513,15.545,15.568,15.557,15.498,15.397,15.28,15.145,14.962,14.722,14.437,14.141,13.84,13.493,13.092,12.659,12.227,11.78,11.413,11.176,11.023,10.856,10.688,10.517,10.329,10.122,9.919,9.724,9.472,9.137,8.747,8.347,7.918,7.53,7.217,6.94,6.644,6.358,5.964,5.403,4.741,4.103,3.465,2.9,2.46,2.109,1.762,1.432,1.148,0.915,0.726,0.542,0.418,0.34,0.249,0.143,0.082,0.068,0.053,0.036,0.016
FJI,2061,15.205,15.286,15.366,15.45,15.535,15.621,15.707,15.793,15.872,15.946,16.012,16.074,16.129,16.174,16.205,16.223,16.234,16.237,16.229,16.21,16.182,16.147,16.106,16.054,15.987,15.912,15.837,15.763,15.684,15.601,15.519,15.44,15.36,15.309,15.301,15.321,15.338,15.348,15.372,15.411,15.453,15.484,15.505,15.491,15.428,15.323,15.202,15.063,14.876,14.63,14.34,14.039,13.732,13.381,12.973,12.536,12.097,11.643,11.269,11.02,10.854,10.674,10.492,10.305,10.1,9.876,9.656,9.441,9.173,8.822,8.417,8.005,7.566,7.166,6.834,6.538,6.225,5.924,5.527,4.98,4.344,3.733,3.122,2.588,2.177,1.857,1.535,1.238,0.993,0.787,0.613,0.453,0.351,0.284,0.207,0.118,0.071,0.054,0.037,0.017
FJI,2062,15.108,15.18,15.265,15.349,15.436,15.524,15.613,15.7,15.786,15.865,15.933,15.992,16.045,16.093,16.131,16.152,16.161,16.164,16.159,16.146,16.125,16.098,16.063,16.023,15.973,15.91,15.837,15.764,15.693,15.618,15.537,15.457,15.379,15.302,15.252,15.245,15.266,15.282,15.292,15.315,15.352,15.394,15.423,15.441,15.424,15.358,15.249,15.123,14.979,14.787,14.538,14.243,13.937,13.624,13.267,12.854,12.411,11.966,11.506,11.122,10.863,10.684,10.49,10.295,10.093,9.871,9.629,9.391,9.158,8.873,8.507,8.088,7.663,7.214,6.8,6.45,6.135,5.806,5.49,5.088,4.556,3.946,3.362,2.781,2.277,1.896,1.605,1.307,1.044,0.838,0.659,0.499,0.364,0.282,0.229,0.166,0.093,0.057,0.038,0.018
FJI,2063,15.014,15.08,15.154,15.244,15.331,15.421,15.512,15.602,15.692,15.779,15.856,15.92,15.971,16.017,16.058,16.086,16.099,16.1,16.095,16.081,16.062,16.039,16.011,15.977,15.94,15.892,15.831,15.76,15.69,15.623,15.55,15.472,15.394,15.319,15.242,15.194,15.188,15.209,15.225,15.235,15.257,15.294,15.333,15.361,15.376,15.356,15.286,15.174,15.044,14.896,14.699,14.445,14.145,13.833,13.514,13.152,12.734,12.286,11.835,11.367,10.975,10.705,10.513,10.306,10.097,9.881,9.641,9.382,9.126,8.875,8.571,8.19,7.757,7.32,6.861,6.435,6.068,5.733,5.386,5.055,4.651,4.132,3.549,2.991,2.439,1.965,1.614,1.351,1.08,0.85,0.684,0.53,0.386,0.274,0.215,0.173,0.124,0.069,0.039,0.019
FJI,2064,14.922,14.981,15.051,15.13,15.222,15.313,15.405,15.499,15.592,15.682,15.771,15.846,15.905,15.948,15.987,16.02,16.04,16.046,16.038,16.024,16.001,15.977,15.952,15.925,15.892,15.856,15.809,15.75,15.683,15.616,15.552,15.483,15.407,15.33,15.257,15.182,15.135,15.129,15.151,15.168,15.179,15.2,15.234,15.272,15.297,15.31,15.288,15.214,15.098,14.964,14.811,14.61,14.351,14.047,13.73,13.405,13.036,12.613,12.16,11.703,11.228,10.829,10.547,10.342,10.122,9.9,9.668,9.412,9.134,8.86,8.592,8.271,7.874,7.428,6.977,6.509,6.069,5.684,5.329,4.967,4.62,4.212,3.708,3.15,2.619,2.097,1.653,1.331,1.099,0.852,0.656,0.529,0.401,0.273,0.186,0.147,0.117,0.083,0.044,0.019
FJI,2065,14.83,14.883,14.949,15.025,15.109,15.2,15.294,15.39,15.486,15.58,15.672,15.762,15.837,15.89,15.925,15.957,15.982,15.995,15.99,15.975,15.953,15.922,15.891,15.865,15.838,15.806,15.77,15.726,15.67,15.604,15.541,15.48,15.414,15.34,15.265,15.194,15.122,15.076,15.071,15.094,15.11,15.12,15.141,15.174,15.211,15.233,15.244,15.218,15.142,15.022,14.884,14.725,14.519,14.256,13.948,13.626,13.295,12.921,12.492,12.033,11.57,11.089,10.681,10.388,10.171,9.937,9.701,9.454,9.181,8.886,8.595,8.307,7.97,7.557,7.097,6.634,6.155,5.703,5.3,4.926,4.547,4.184,3.774,3.283,2.753,2.249,1.754,1.341,1.05,0.847,0.625,0.462,0.374,0.273,0.159,0.096,0.08,0.062,0.042,0.019
FJI,2066,14.74,14.805,14.865,14.937,15.016,15.102,15.194,15.287,15.382,15.473,15.56,15.644,15.727,15.793,15.838,15.866,15.889,15.906,15.912,15.907,15.891,15.87,15.84,15.812,15.787,15.763,15.734,15.702,15.66,15.606,15.543,15.481,15.423,15.358,15.285,15.212,15.14,15.068,15.022,15.017,15.038,15.052,15.06,15.078,15.109,15.141,15.159,15.165,15.134,15.052,14.926,14.781,14.616,14.404,14.134,13.817,13.487,13.147,12.765,12.327,11.859,11.385,10.895,10.474,10.168,9.934,9.685,9.434,9.169,8.879,8.566,8.256,7.952,7.599,7.175,6.706,6.237,5.756,5.301,4.895,4.519,4.142,3.782,3.385,2.926,2.438,1.966,1.517,1.164,0.906,0.715,0.522,0.389,0.313,0.227,0.132,0.082,0.064,0.043,0.021
FJI,2067,14.652,14.698,14.781,14.848,14.924,15.008,15.096,15.187,15.282,15.373,15.459,15.54,15.617,15.691,15.75,15.786,15.806,15.821,15.829,15.829,15.822,15.807,15.786,15.759,15.732,15.709,15.688,15.662,15.634,15.595,15.543,15.482,15.423,15.365,15.301,15.231,15.157,15.087,15.014,14.968,14.961,14.981,14.994,15,15.015,15.042,15.07,15.084,15.084,15.048,14.961,14.829,14.678,14.508,14.288,14.011,13.687,13.348,13,12.608,12.161,11.684,11.201,10.7,10.267,9.947,9.697,9.432,9.166,8.886,8.576,8.245,7.917,7.596,7.229,6.794,6.317,5.841,5.357,4.899,4.49,4.113,3.737,3.379,2.996,2.569,2.124,1.682,1.28,0.988,0.762,0.583,0.42,0.315,0.253,0.183,0.105,0.065,0.044,0.021
FJI,2068,14.564,14.607,14.664,14.755,14.83,14.911,14.998,15.089,15.182,15.275,15.364,15.445,15.519,15.588,15.656,15.706,15.734,15.745,15.751,15.752,15.747,15.736,15.723,15.703,15.676,15.651,15.631,15.612,15.589,15.564,15.528,15.48,15.42,15.363,15.307,15.245,15.175,15.103,15.033,14.96,14.913,14.906,14.924,14.936,14.939,14.952,14.975,14.999,15.008,15.004,14.963,14.87,14.733,14.576,14.399,14.172,13.887,13.556,13.209,12.852,12.451,11.995,11.509,11.015,10.504,10.059,9.725,9.46,9.179,8.897,8.601,8.274,7.923,7.578,7.24,6.858,6.412,5.927,5.445,4.957,4.496,4.085,3.707,3.332,2.976,2.607,2.212,1.81,1.4,1.042,0.811,0.619,0.452,0.317,0.24,0.193,0.139,0.077,0.046,0.022
FJI,2069,14.479,14.519,14.573,14.64,14.73,14.811,14.898,14.989,15.082,15.175,15.268,15.354,15.431,15.497,15.559,15.619,15.661,15.681,15.684,15.682,15.674,15.663,15.651,15.638,15.619,15.594,15.571,15.552,15.537,15.517,15.495,15.463,15.415,15.358,15.302,15.249,15.188,15.119,15.047,14.978,14.904,14.858,14.85,14.867,14.877,14.878,14.888,14.908,14.927,14.932,14.923,14.876,14.778,14.635,14.473,14.288,14.055,13.764,13.424,13.069,12.704,12.293,11.829,11.332,10.83,10.309,9.852,9.503,9.223,8.926,8.629,8.316,7.971,7.602,7.239,6.884,6.487,6.03,5.536,5.048,4.558,4.095,3.68,3.3,2.926,2.572,2.218,1.854,1.495,1.117,0.805,0.634,0.476,0.321,0.215,0.167,0.132,0.093,0.051,0.022
FJI,2070,14.393,14.432,14.484,14.549,14.622,14.704,14.792,14.885,14.978,15.073,15.167,15.26,15.344,15.415,15.475,15.53,15.583,15.616,15.628,15.622,15.612,15.595,15.579,15.565,15.553,15.534,15.51,15.489,15.474,15.46,15.443,15.424,15.395,15.35,15.296,15.241,15.189,15.131,15.063,14.992,14.922,14.85,14.802,14.793,14.809,14.816,14.816,14.823,14.84,14.855,14.855,14.841,14.789,14.686,14.538,14.369,14.178,13.938,13.639,13.292,12.929,12.554,12.135,11.662,11.157,10.644,10.112,9.644,9.281,8.984,8.673,8.36,8.031,7.668,7.28,6.9,6.527,6.116,5.648,5.146,4.652,4.158,3.693,3.275,2.893,2.521,2.169,1.829,1.497,1.181,0.833,0.567,0.458,0.332,0.19,0.113,0.093,0.072,0.049,0.023
FJI,2071,14.312,14.368,14.415,14.472,14.541,14.617,14.699,14.787,14.876,14.965,15.053,15.14,15.225,15.302,15.364,15.416,15.463,15.507,15.536,15.545,15.539,15.53,15.515,15.499,15.489,15.479,15.463,15.443,15.424,15.411,15.4,15.385,15.368,15.34,15.296,15.242,15.189,15.137,15.078,15.01,14.938,14.866,14.792,14.742,14.731,14.743,14.746,14.741,14.744,14.755,14.765,14.758,14.737,14.678,14.566,14.408,14.231,14.03,13.779,13.468,13.108,12.733,12.345,11.914,11.428,10.913,10.389,9.846,9.367,8.988,8.675,8.348,8.02,7.676,7.298,6.896,6.502,6.119,5.702,5.235,4.741,4.255,3.774,3.323,2.925,2.567,2.214,1.891,1.592,1.292,0.998,0.696,0.479,0.386,0.278,0.158,0.098,0.075,0.05,0.024
FJI,2072,14.232,14.267,14.342,14.397,14.46,14.533,14.611,14.694,14.78,14.867,14.951,15.032,15.113,15.19,15.258,15.312,15.356,15.396,15.431,15.454,15.461,15.456,15.448,15.435,15.421,15.412,15.405,15.393,15.375,15.361,15.35,15.34,15.327,15.311,15.286,15.243,15.189,15.136,15.084,15.025,14.956,14.884,14.811,14.735,14.683,14.668,14.677,14.676,14.667,14.665,14.67,14.674,14.661,14.633,14.566,14.446,14.28,14.092,13.881,13.62,13.297,12.925,12.536,12.135,11.691,11.195,10.668,10.134,9.581,9.089,8.695,8.365,8.022,7.68,7.322,6.928,6.512,6.106,5.712,5.289,4.823,4.335,3.86,3.388,2.954,2.576,2.242,1.906,1.613,1.355,1.088,0.817,0.559,0.389,0.313,0.225,0.126,0.079,0.053,0.025
FJI,2073,14.151,14.186,14.234,14.317,14.379,14.449,14.524,14.605,14.688,14.774,14.858,14.938,15.012,15.085,15.155,15.215,15.262,15.296,15.328,15.354,15.372,15.376,15.373,15.365,15.353,15.342,15.336,15.331,15.322,15.308,15.295,15.287,15.279,15.268,15.255,15.23,15.189,15.135,15.083,15.031,14.971,14.903,14.828,14.755,14.677,14.623,14.606,14.61,14.606,14.592,14.585,14.585,14.583,14.563,14.528,14.453,14.325,14.15,13.952,13.733,13.461,13.127,12.742,12.34,11.925,11.468,10.96,10.424,9.879,9.316,8.811,8.402,8.055,7.697,7.341,6.967,6.559,6.127,5.709,5.303,4.875,4.41,3.93,3.463,3.004,2.586,2.227,1.915,1.598,1.334,1.118,0.883,0.634,0.423,0.301,0.241,0.171,0.094,0.056,0.027
FJI,2074,14.068,14.104,14.151,14.21,14.291,14.361,14.437,14.517,14.599,14.683,14.768,14.849,14.923,14.991,15.057,15.12,15.172,15.21,15.236,15.259,15.278,15.289,15.292,15.29,15.283,15.272,15.263,15.258,15.256,15.25,15.24,15.23,15.224,15.219,15.209,15.198,15.174,15.134,15.082,15.03,14.978,14.919,14.848,14.774,14.699,14.619,14.562,14.542,14.544,14.535,14.518,14.505,14.5,14.492,14.465,14.424,14.341,14.204,14.02,13.814,13.583,13.302,12.955,12.558,12.143,11.715,11.245,10.727,10.179,9.623,9.049,8.532,8.108,7.745,7.371,7,6.612,6.189,5.743,5.311,4.895,4.461,3.998,3.524,3.068,2.62,2.217,1.878,1.589,1.29,1.057,0.881,0.679,0.452,0.286,0.212,0.167,0.118,0.062,0.028
FJI,2075,13.98,14.018,14.067,14.125,14.192,14.265,14.343,14.423,14.507,14.592,14.677,14.761,14.839,14.909,14.97,15.028,15.083,15.127,15.157,15.175,15.191,15.201,15.206,15.208,15.206,15.2,15.19,15.183,15.18,15.181,15.178,15.17,15.164,15.161,15.158,15.149,15.14,15.119,15.079,15.028,14.976,14.924,14.864,14.794,14.719,14.642,14.561,14.502,14.478,14.477,14.465,14.442,14.425,14.414,14.399,14.367,14.318,14.228,14.083,13.89,13.674,13.435,13.141,12.783,12.374,11.946,11.504,11.022,10.492,9.934,9.368,8.784,8.253,7.815,7.435,7.045,6.66,6.257,5.819,5.358,4.915,4.487,4.046,3.585,3.119,2.671,2.235,1.847,1.529,1.263,0.982,0.778,0.644,0.474,0.27,0.149,0.124,0.095,0.064,0.03
FJI,2076,13.888,13.954,14.001,14.056,14.118,14.187,14.26,14.337,14.416,14.494,14.572,14.649,14.726,14.796,14.858,14.911,14.961,15.009,15.047,15.074,15.094,15.11,15.121,15.129,15.132,15.133,15.129,15.124,15.119,15.119,15.122,15.121,15.116,15.111,15.108,15.105,15.098,15.089,15.067,15.028,14.975,14.922,14.869,14.806,14.734,14.655,14.576,14.491,14.427,14.399,14.393,14.375,14.346,14.321,14.302,14.278,14.236,14.177,14.075,13.916,13.709,13.478,13.224,12.915,12.542,12.117,11.674,11.217,10.721,10.18,9.611,9.036,8.444,7.905,7.453,7.058,6.657,6.263,5.854,5.411,4.951,4.509,4.085,3.655,3.216,2.78,2.354,1.952,1.614,1.324,1.073,0.826,0.657,0.542,0.398,0.225,0.133,0.103,0.069,0.033
FJI,2077,13.792,13.839,13.929,13.984,14.044,14.112,14.182,14.256,14.332,14.407,14.481,14.552,14.622,14.692,14.754,14.807,14.852,14.895,14.934,14.966,14.992,15.012,15.029,15.042,15.051,15.057,15.06,15.06,15.057,15.056,15.059,15.063,15.064,15.061,15.058,15.056,15.054,15.047,15.038,15.016,14.975,14.923,14.868,14.813,14.75,14.674,14.593,14.51,14.421,14.353,14.321,14.309,14.286,14.25,14.218,14.191,14.158,14.105,14.036,13.923,13.751,13.528,13.282,13.013,12.689,12.3,11.861,11.403,10.931,10.421,9.868,9.29,8.704,8.104,7.555,7.09,6.683,6.269,5.866,5.449,5.004,4.543,4.103,3.683,3.265,2.848,2.441,2.036,1.67,1.379,1.12,0.883,0.671,0.535,0.44,0.321,0.179,0.111,0.075,0.035
FJI,2078,13.692,13.747,13.808,13.905,13.967,14.033,14.104,14.177,14.251,14.326,14.399,14.468,14.533,14.596,14.657,14.712,14.756,14.793,14.828,14.859,14.886,14.91,14.93,14.948,14.962,14.974,14.982,14.987,14.991,14.991,14.992,14.998,15.004,15.007,15.006,15.004,15.004,15.002,14.996,14.987,14.965,14.924,14.87,14.815,14.758,14.692,14.614,14.53,14.444,14.351,14.279,14.242,14.225,14.195,14.154,14.114,14.078,14.036,13.974,13.895,13.77,13.584,13.347,13.086,12.802,12.463,12.059,11.604,11.132,10.644,10.12,9.556,8.968,8.373,7.765,7.205,6.729,6.306,5.881,5.468,5.044,4.596,4.135,3.698,3.281,2.874,2.48,2.102,1.719,1.386,1.146,0.917,0.693,0.514,0.415,0.338,0.245,0.133,0.081,0.037
FJI,2079,13.593,13.653,13.719,13.789,13.879,13.949,14.021,14.096,14.171,14.246,14.32,14.39,14.454,14.512,14.568,14.623,14.668,14.705,14.734,14.76,14.783,14.805,14.827,14.847,14.866,14.882,14.896,14.906,14.914,14.92,14.924,14.929,14.936,14.944,14.949,14.95,14.951,14.951,14.95,14.944,14.935,14.913,14.872,14.817,14.76,14.703,14.635,14.554,14.467,14.377,14.28,14.204,14.162,14.14,14.105,14.057,14.01,13.967,13.915,13.843,13.753,13.616,13.417,13.166,12.89,12.591,12.236,11.818,11.347,10.859,10.357,9.82,9.244,8.646,8.041,7.424,6.855,6.366,5.929,5.493,5.07,4.64,4.188,3.728,3.292,2.878,2.484,2.111,1.763,1.401,1.103,0.911,0.712,0.504,0.358,0.293,0.236,0.168,0.088,0.04
FJI,2080,13.494,13.558,13.627,13.699,13.775,13.851,13.931,14.009,14.088,14.164,14.239,14.313,14.38,14.439,14.491,14.54,14.586,14.625,14.653,14.674,14.692,14.707,14.722,14.743,14.765,14.784,14.801,14.817,14.829,14.84,14.849,14.856,14.864,14.874,14.884,14.891,14.893,14.895,14.898,14.897,14.891,14.883,14.86,14.819,14.763,14.705,14.646,14.575,14.493,14.403,14.31,14.209,14.128,14.082,14.054,14.014,13.96,13.906,13.853,13.792,13.711,13.61,13.462,13.25,12.984,12.693,12.378,12.01,11.575,11.09,10.587,10.069,9.518,8.931,8.322,7.709,7.084,6.505,6.003,5.553,5.104,4.672,4.235,3.78,3.32,2.886,2.476,2.092,1.742,1.423,1.084,0.82,0.678,0.508,0.313,0.202,0.171,0.134,0.091,0.043
FJI,2081,13.4,13.475,13.544,13.616,13.691,13.768,13.846,13.926,14.003,14.077,14.146,14.214,14.28,14.339,14.39,14.433,14.474,14.513,14.546,14.573,14.594,14.613,14.629,14.647,14.669,14.693,14.716,14.737,14.755,14.77,14.783,14.794,14.804,14.812,14.824,14.835,14.842,14.846,14.846,14.848,14.847,14.841,14.831,14.806,14.762,14.704,14.643,14.579,14.505,14.418,14.324,14.226,14.12,14.033,13.979,13.944,13.894,13.831,13.766,13.7,13.624,13.527,13.411,13.245,13.015,12.73,12.422,12.089,11.703,11.251,10.75,10.232,9.699,9.136,8.539,7.925,7.308,6.681,6.101,5.597,5.145,4.698,4.27,3.842,3.404,2.969,2.553,2.173,1.834,1.514,1.212,0.912,0.694,0.572,0.428,0.261,0.177,0.139,0.095,0.045
FJI,2082,13.308,13.373,13.455,13.528,13.604,13.682,13.761,13.841,13.921,13.996,14.064,14.127,14.187,14.247,14.298,14.34,14.376,14.409,14.439,14.467,14.491,14.514,14.534,14.552,14.571,14.595,14.623,14.648,14.672,14.693,14.711,14.726,14.739,14.751,14.761,14.774,14.785,14.794,14.797,14.798,14.799,14.798,14.79,14.778,14.751,14.705,14.644,14.579,14.512,14.434,14.344,14.246,14.142,14.03,13.937,13.876,13.833,13.775,13.702,13.625,13.546,13.455,13.343,13.21,13.028,12.78,12.477,12.151,11.8,11.395,10.927,10.41,9.875,9.328,8.754,8.149,7.528,6.905,6.277,5.696,5.189,4.737,4.292,3.866,3.449,3.029,2.618,2.219,1.87,1.575,1.286,1.001,0.742,0.57,0.467,0.346,0.208,0.143,0.097,0.046
FJI,2083,13.216,13.279,13.349,13.435,13.512,13.592,13.673,13.753,13.834,13.915,13.988,14.052,14.107,14.16,14.212,14.256,14.29,14.317,14.343,14.365,14.387,14.41,14.433,14.454,14.473,14.495,14.521,14.551,14.579,14.606,14.631,14.651,14.668,14.684,14.696,14.709,14.723,14.735,14.745,14.748,14.749,14.749,14.747,14.738,14.725,14.697,14.648,14.583,14.516,14.445,14.363,14.269,14.166,14.058,13.94,13.841,13.773,13.722,13.655,13.572,13.485,13.392,13.285,13.157,13.009,12.81,12.544,12.223,11.878,11.509,11.088,10.603,10.068,9.52,8.958,8.371,7.756,7.131,6.504,5.874,5.291,4.782,4.329,3.885,3.463,3.054,2.653,2.266,1.886,1.566,1.316,1.058,0.789,0.571,0.444,0.361,0.266,0.156,0.099,0.048
FJI,2084,13.123,13.184,13.253,13.327,13.415,13.495,13.579,13.662,13.745,13.827,13.909,13.981,14.039,14.087,14.133,14.177,14.213,14.239,14.258,14.276,14.29,14.306,14.328,14.351,14.373,14.393,14.417,14.446,14.478,14.509,14.54,14.568,14.591,14.609,14.626,14.641,14.656,14.671,14.685,14.693,14.697,14.698,14.699,14.695,14.686,14.671,14.64,14.589,14.523,14.451,14.377,14.291,14.192,14.085,13.973,13.85,13.743,13.668,13.609,13.533,13.442,13.343,13.237,13.115,12.972,12.808,12.592,12.308,11.968,11.605,11.219,10.779,10.277,9.727,9.163,8.587,7.987,7.365,6.732,6.102,5.47,4.886,4.376,3.921,3.479,3.059,2.66,2.277,1.915,1.552,1.263,1.058,0.83,0.578,0.401,0.319,0.257,0.185,0.104,0.049
FJI,2085,13.028,13.088,13.156,13.23,13.309,13.393,13.478,13.565,13.651,13.736,13.819,13.901,13.971,14.025,14.066,14.105,14.141,14.169,14.186,14.198,14.207,14.214,14.224,14.243,14.268,14.292,14.313,14.339,14.37,14.405,14.438,14.473,14.503,14.528,14.55,14.569,14.586,14.602,14.618,14.632,14.643,14.646,14.647,14.647,14.642,14.631,14.616,14.584,14.53,14.461,14.386,14.308,14.218,14.115,14.004,13.887,13.757,13.645,13.563,13.496,13.412,13.31,13.2,13.081,12.945,12.785,12.605,12.372,12.07,11.713,11.331,10.928,10.471,9.951,9.385,8.805,8.215,7.604,6.972,6.334,5.698,5.065,4.479,3.968,3.512,3.072,2.656,2.267,1.902,1.564,1.218,0.96,0.799,0.601,0.368,0.23,0.193,0.151,0.104,0.052
FJI,2086,12.935,13.007,13.073,13.146,13.223,13.305,13.388,13.474,13.559,13.64,13.718,13.793,13.869,13.931,13.976,14.009,14.04,14.069,14.091,14.108,14.12,14.13,14.138,14.15,14.172,14.199,14.224,14.25,14.279,14.313,14.35,14.385,14.422,14.454,14.48,14.502,14.523,14.54,14.556,14.572,14.586,14.594,14.597,14.596,14.594,14.587,14.573,14.553,14.517,14.46,14.386,14.307,14.223,14.127,14.019,13.901,13.776,13.639,13.516,13.422,13.342,13.243,13.127,13.001,12.864,12.708,12.529,12.329,12.076,11.754,11.374,10.973,10.55,10.075,9.54,8.959,8.367,7.768,7.152,6.523,5.892,5.267,4.645,4.076,3.583,3.149,2.726,2.341,1.993,1.658,1.337,1.03,0.815,0.676,0.507,0.306,0.2,0.156,0.108,0.053
FJI,2087,12.841,12.899,12.986,13.058,13.134,13.215,13.299,13.384,13.469,13.552,13.629,13.699,13.768,13.836,13.89,13.927,13.952,13.975,13.996,14.012,14.027,14.04,14.052,14.061,14.075,14.1,14.129,14.158,14.186,14.219,14.255,14.294,14.332,14.37,14.404,14.432,14.454,14.475,14.493,14.509,14.525,14.539,14.546,14.547,14.545,14.541,14.531,14.514,14.49,14.451,14.389,14.312,14.228,14.138,14.036,13.922,13.797,13.664,13.519,13.386,13.281,13.187,13.075,12.944,12.801,12.645,12.47,12.272,12.052,11.779,11.435,11.035,10.613,10.172,9.679,9.127,8.533,7.93,7.32,6.7,6.073,5.449,4.834,4.225,3.671,3.198,2.787,2.381,2.026,1.72,1.414,1.11,0.842,0.67,0.554,0.412,0.245,0.163,0.112,0.056
FJI,2088,12.745,12.803,12.871,12.964,13.042,13.123,13.208,13.293,13.379,13.464,13.545,13.616,13.68,13.741,13.801,13.848,13.878,13.894,13.91,13.922,13.934,13.947,13.96,13.973,13.984,14,14.026,14.059,14.091,14.123,14.158,14.197,14.238,14.278,14.318,14.354,14.383,14.406,14.428,14.446,14.462,14.477,14.491,14.497,14.497,14.492,14.486,14.473,14.453,14.426,14.383,14.318,14.236,14.148,14.052,13.945,13.825,13.693,13.553,13.398,13.257,13.139,13.031,12.905,12.76,12.601,12.427,12.232,12.015,11.775,11.481,11.117,10.695,10.253,9.792,9.283,8.715,8.107,7.492,6.872,6.247,5.622,5.006,4.401,3.805,3.267,2.813,2.424,2.034,1.709,1.446,1.171,0.883,0.653,0.525,0.431,0.317,0.184,0.117,0.058
FJI,2089,12.647,12.705,12.773,12.849,12.942,13.025,13.111,13.199,13.286,13.373,13.458,13.536,13.603,13.66,13.714,13.767,13.806,13.827,13.836,13.843,13.848,13.854,13.866,13.879,13.893,13.905,13.924,13.952,13.988,14.022,14.058,14.096,14.137,14.18,14.223,14.264,14.302,14.333,14.357,14.379,14.397,14.414,14.428,14.441,14.447,14.446,14.44,14.43,14.416,14.393,14.362,14.315,14.246,14.16,14.066,13.966,13.853,13.726,13.587,13.44,13.277,13.126,12.996,12.875,12.735,12.575,12.4,12.208,11.993,11.756,11.497,11.184,10.798,10.354,9.892,9.413,8.885,8.302,7.681,7.053,6.425,5.795,5.172,4.564,3.968,3.384,2.862,2.428,2.062,1.688,1.394,1.174,0.927,0.655,0.466,0.38,0.308,0.223,0.124,0.06
FJI,2090,12.548,12.607,12.675,12.75,12.832,12.918,13.007,13.098,13.188,13.278,13.365,13.451,13.527,13.589,13.638,13.686,13.731,13.762,13.775,13.776,13.775,13.773,13.773,13.782,13.798,13.812,13.826,13.847,13.877,13.915,13.953,13.991,14.032,14.077,14.121,14.167,14.21,14.249,14.281,14.307,14.329,14.348,14.364,14.379,14.39,14.395,14.393,14.385,14.374,14.356,14.329,14.296,14.244,14.172,14.082,13.984,13.878,13.759,13.626,13.481,13.325,13.155,12.994,12.852,12.718,12.564,12.389,12.198,11.988,11.753,11.496,11.219,10.885,10.477,10.013,9.531,9.032,8.488,7.888,7.252,6.614,5.975,5.341,4.721,4.121,3.534,2.963,2.457,2.042,1.699,1.342,1.079,0.9,0.683,0.428,0.277,0.235,0.185,0.128,0.063
FJI,2091,12.451,12.527,12.592,12.666,12.744,12.827,12.914,13.003,13.092,13.177,13.26,13.341,13.418,13.487,13.541,13.583,13.622,13.66,13.685,13.696,13.698,13.699,13.698,13.7,13.712,13.73,13.747,13.764,13.788,13.821,13.861,13.901,13.942,13.985,14.031,14.077,14.121,14.166,14.206,14.237,14.263,14.284,14.302,14.317,14.33,14.339,14.341,14.335,14.324,14.309,14.287,14.256,14.217,14.16,14.081,13.984,13.88,13.766,13.637,13.493,13.337,13.169,12.984,12.808,12.651,12.5,12.327,12.135,11.924,11.691,11.433,11.153,10.853,10.497,10.068,9.582,9.081,8.566,8.009,7.405,6.768,6.133,5.498,4.877,4.281,3.712,3.148,2.616,2.169,1.789,1.456,1.139,0.918,0.763,0.576,0.358,0.243,0.192,0.133,0.066
FJI,2092,12.354,12.414,12.506,12.578,12.655,12.737,12.822,12.911,12.999,13.085,13.166,13.241,13.314,13.386,13.447,13.492,13.526,13.558,13.588,13.608,13.617,13.62,13.622,13.622,13.626,13.641,13.661,13.681,13.702,13.73,13.765,13.807,13.849,13.892,13.937,13.984,14.031,14.077,14.122,14.162,14.192,14.217,14.238,14.255,14.269,14.279,14.286,14.285,14.276,14.261,14.242,14.217,14.181,14.136,14.075,13.989,13.886,13.774,13.652,13.514,13.36,13.193,13.012,12.815,12.624,12.451,12.282,12.091,11.88,11.649,11.394,11.113,10.809,10.488,10.11,9.658,9.152,8.631,8.1,7.531,6.92,6.284,5.65,5.02,4.412,3.84,3.304,2.761,2.268,1.882,1.534,1.215,0.936,0.758,0.627,0.47,0.287,0.198,0.137,0.069
FJI,2093,12.256,12.316,12.386,12.484,12.562,12.644,12.73,12.817,12.906,12.995,13.078,13.153,13.222,13.289,13.352,13.405,13.443,13.47,13.493,13.514,13.53,13.538,13.541,13.544,13.545,13.552,13.568,13.592,13.616,13.639,13.669,13.708,13.752,13.797,13.842,13.888,13.936,13.984,14.031,14.077,14.116,14.147,14.172,14.192,14.208,14.219,14.228,14.232,14.229,14.216,14.198,14.176,14.146,14.106,14.056,13.988,13.898,13.788,13.667,13.537,13.391,13.227,13.047,12.854,12.643,12.439,12.249,12.063,11.854,11.625,11.374,11.097,10.792,10.465,10.122,9.722,9.248,8.72,8.18,7.633,7.052,6.436,5.798,5.167,4.541,3.947,3.399,2.895,2.375,1.922,1.594,1.28,0.973,0.733,0.598,0.492,0.364,0.217,0.142,0.071
FJI,2094,12.158,12.218,12.287,12.365,12.461,12.545,12.632,12.721,12.811,12.9,12.988,13.07,13.141,13.202,13.261,13.318,13.362,13.392,13.411,13.428,13.441,13.451,13.457,13.462,13.465,13.468,13.477,13.496,13.522,13.548,13.575,13.61,13.65,13.697,13.743,13.79,13.838,13.888,13.937,13.984,14.03,14.07,14.101,14.125,14.144,14.159,14.169,14.176,14.178,14.171,14.155,14.134,14.108,14.074,14.03,13.975,13.901,13.804,13.688,13.561,13.423,13.267,13.092,12.901,12.695,12.473,12.252,12.046,11.842,11.616,11.369,11.098,10.799,10.469,10.121,9.755,9.333,8.838,8.287,7.729,7.165,6.573,5.949,5.313,4.685,4.063,3.482,2.958,2.486,1.988,1.574,1.306,1.026,0.73,0.529,0.437,0.355,0.258,0.147,0.073
FJI,2095,12.058,12.119,12.189,12.266,12.349,12.436,12.527,12.62,12.712,12.803,12.893,12.981,13.06,13.127,13.182,13.233,13.282,13.319,13.341,13.351,13.36,13.366,13.37,13.375,13.38,13.385,13.39,13.4,13.422,13.45,13.48,13.511,13.548,13.591,13.639,13.688,13.737,13.787,13.838,13.888,13.936,13.983,14.023,14.054,14.077,14.096,14.11,14.118,14.123,14.122,14.112,14.093,14.069,14.039,14.001,13.952,13.891,13.812,13.71,13.587,13.452,13.306,13.142,12.957,12.754,12.536,12.299,12.065,11.843,11.622,11.377,11.112,10.821,10.499,10.146,9.774,9.387,8.943,8.425,7.854,7.278,6.697,6.093,5.464,4.827,4.201,3.584,3.016,2.517,2.077,1.601,1.227,1.017,0.772,0.488,0.326,0.277,0.219,0.152,0.076
FJI,2096,11.963,12.038,12.105,12.179,12.26,12.345,12.433,12.524,12.614,12.702,12.785,12.868,12.949,13.02,13.079,13.126,13.17,13.212,13.243,13.263,13.275,13.285,13.292,13.299,13.306,13.313,13.321,13.329,13.343,13.367,13.398,13.43,13.463,13.501,13.546,13.595,13.646,13.695,13.745,13.796,13.846,13.894,13.94,13.978,14.007,14.028,14.044,14.055,14.06,14.062,14.058,14.044,14.02,13.99,13.954,13.91,13.854,13.786,13.698,13.586,13.451,13.304,13.145,12.967,12.768,12.549,12.316,12.062,11.81,11.567,11.325,11.059,10.772,10.459,10.111,9.733,9.337,8.928,8.466,7.934,7.353,6.769,6.183,5.584,4.975,4.366,3.756,3.178,2.673,2.211,1.785,1.361,1.048,0.866,0.654,0.41,0.287,0.227,0.158,0.079
FJI,2097,11.869,11.929,12.018,12.091,12.17,12.253,12.34,12.429,12.52,12.607,12.69,12.768,12.843,12.916,12.98,13.031,13.07,13.107,13.14,13.166,13.185,13.198,13.208,13.217,13.226,13.235,13.246,13.256,13.268,13.285,13.311,13.345,13.379,13.414,13.455,13.501,13.551,13.602,13.652,13.703,13.754,13.803,13.85,13.896,13.933,13.961,13.978,13.993,14,14.002,14,13.993,13.975,13.946,13.91,13.869,13.818,13.755,13.68,13.583,13.46,13.315,13.156,12.984,12.792,12.578,12.344,12.095,11.825,11.554,11.292,11.027,10.739,10.432,10.096,9.723,9.319,8.899,8.469,7.989,7.441,6.85,6.26,5.67,5.076,4.485,3.904,3.312,2.773,2.33,1.906,1.493,1.12,0.87,0.716,0.537,0.331,0.236,0.164,0.083
FJI,2098,11.775,11.835,11.904,11.997,12.076,12.159,12.245,12.334,12.424,12.515,12.601,12.678,12.749,12.817,12.883,12.939,12.981,13.013,13.042,13.068,13.09,13.106,13.119,13.132,13.141,13.152,13.164,13.177,13.192,13.207,13.227,13.256,13.291,13.327,13.365,13.407,13.456,13.507,13.558,13.609,13.66,13.712,13.761,13.807,13.85,13.886,13.913,13.929,13.94,13.944,13.943,13.938,13.926,13.905,13.871,13.83,13.783,13.727,13.656,13.573,13.468,13.334,13.177,13.007,12.822,12.616,12.387,12.14,11.873,11.588,11.298,11.016,10.729,10.419,10.091,9.733,9.335,8.905,8.461,8.009,7.511,6.949,6.348,5.751,5.156,4.568,3.995,3.443,2.868,2.367,1.987,1.6,1.201,0.879,0.692,0.565,0.419,0.252,0.17,0.087
FJI,2099,11.685,11.743,11.81,11.885,11.976,12.059,12.147,12.236,12.327,12.418,12.509,12.593,12.666,12.729,12.79,12.849,12.897,12.932,12.956,12.977,12.995,13.011,13.026,13.04,13.053,13.066,13.078,13.093,13.109,13.126,13.144,13.168,13.2,13.237,13.276,13.315,13.359,13.409,13.461,13.514,13.565,13.617,13.667,13.717,13.762,13.805,13.84,13.864,13.878,13.886,13.888,13.884,13.875,13.86,13.834,13.795,13.749,13.697,13.633,13.556,13.465,13.35,13.208,13.039,12.857,12.659,12.439,12.196,11.934,11.652,11.349,11.042,10.738,10.43,10.099,9.749,9.369,8.946,8.489,8.021,7.549,7.032,6.456,5.845,5.241,4.642,4.059,3.505,2.981,2.423,1.96,1.644,1.294,0.909,0.639,0.514,0.415,0.301,0.172,0.09
FJI,2100,11.595,11.65,11.714,11.787,11.867,11.952,12.043,12.135,12.228,12.32,12.411,12.502,12.584,12.652,12.709,12.763,12.814,12.855,12.881,12.898,12.911,12.921,12.932,12.945,12.96,12.975,12.988,13.003,13.02,13.038,13.058,13.08,13.107,13.142,13.181,13.222,13.264,13.31,13.36,13.414,13.467,13.52,13.571,13.622,13.672,13.717,13.758,13.792,13.814,13.826,13.832,13.831,13.823,13.811,13.792,13.761,13.718,13.668,13.609,13.539,13.454,13.357,13.233,13.079,12.9,12.705,12.495,12.261,12.004,11.726,11.429,11.109,10.783,10.46,10.129,9.777,9.408,9.004,8.556,8.074,7.583,7.088,6.552,5.963,5.342,4.73,4.127,3.55,3.014,2.519,1.979,1.555,1.301,0.988,0.616,0.398,0.335,0.264,0.183,0.093
