SWZ,1950,11.174,10.354,9.638,9.019,8.487,8.035,7.653,7.332,7.064,6.841,6.66,6.52,6.377,6.208,6.026,5.866,5.721,5.574,5.419,5.261,5.108,4.959,4.814,4.672,4.536,4.4,4.266,4.14,4.021,3.908,3.798,3.69,3.58,3.462,3.341,3.223,3.106,2.994,2.891,2.793,2.696,2.601,2.507,2.414,2.32,2.23,2.142,2.054,1.965,1.877,1.792,1.708,1.631,1.563,1.501,1.442,1.383,1.324,1.264,1.204,1.145,1.086,1.028,0.969,0.909,0.851,0.792,0.733,0.671,0.609,0.548,0.489,0.432,0.378,0.326,0.278,0.231,0.191,0.158,0.131,0.107,0.086,0.068,0.053,0.042,0.033,0.027,0.022,0.017,0.012,0.008,0.006,0.005,0.003,0.002,0.001,0.001,0,0,0
SWZ,1951,11.406,10.851,10.104,9.448,8.875,8.378,7.949,7.582,7.271,7.013,6.798,6.619,6.478,6.332,6.162,5.978,5.815,5.666,5.515,5.357,5.196,5.041,4.89,4.743,4.601,4.463,4.327,4.194,4.066,3.948,3.834,3.723,3.615,3.504,3.387,3.266,3.149,3.033,2.923,2.82,2.724,2.629,2.536,2.443,2.35,2.26,2.171,2.084,1.999,1.913,1.828,1.746,1.664,1.588,1.522,1.462,1.403,1.345,1.287,1.227,1.164,1.104,1.045,0.985,0.925,0.866,0.808,0.75,0.691,0.631,0.57,0.511,0.454,0.4,0.348,0.299,0.253,0.209,0.171,0.139,0.116,0.093,0.074,0.058,0.046,0.035,0.028,0.023,0.019,0.014,0.009,0.006,0.005,0.003,0.003,0.001,0,0,0,0
SWZ,1952,11.624,10.922,10.519,9.848,9.251,8.725,8.263,7.859,7.506,7.205,6.957,6.751,6.575,6.431,6.283,6.111,5.926,5.76,5.607,5.452,5.292,5.129,4.971,4.818,4.668,4.526,4.388,4.253,4.119,3.991,3.872,3.757,3.646,3.537,3.427,3.31,3.19,3.073,2.958,2.849,2.749,2.653,2.56,2.468,2.377,2.286,2.197,2.11,2.027,1.943,1.859,1.777,1.697,1.618,1.545,1.48,1.421,1.363,1.307,1.249,1.188,1.125,1.063,1.002,0.942,0.882,0.822,0.764,0.707,0.649,0.591,0.532,0.475,0.42,0.367,0.318,0.271,0.228,0.185,0.15,0.122,0.099,0.08,0.063,0.049,0.037,0.03,0.023,0.019,0.015,0.011,0.008,0.005,0.003,0.003,0.002,0.001,0,0,0
SWZ,1953,11.834,11.172,10.556,10.189,9.592,9.055,8.575,8.148,7.769,7.429,7.139,6.901,6.703,6.53,6.385,6.234,6.06,5.874,5.706,5.548,5.389,5.225,5.061,4.902,4.745,4.594,4.451,4.313,4.177,4.043,3.916,3.796,3.68,3.568,3.46,3.348,3.231,3.113,2.997,2.883,2.776,2.676,2.582,2.49,2.4,2.311,2.223,2.135,2.05,1.968,1.886,1.806,1.727,1.649,1.572,1.502,1.438,1.381,1.323,1.268,1.211,1.149,1.084,1.021,0.959,0.898,0.838,0.78,0.722,0.665,0.608,0.551,0.493,0.438,0.385,0.334,0.287,0.244,0.202,0.163,0.13,0.104,0.084,0.066,0.052,0.04,0.03,0.023,0.018,0.014,0.011,0.008,0.006,0.003,0.003,0.002,0.002,0,0,0
SWZ,1954,12.048,11.415,10.82,10.262,9.862,9.339,8.862,8.429,8.037,7.681,7.356,7.076,6.848,6.658,6.488,6.341,6.187,6.012,5.825,5.653,5.49,5.328,5.162,4.995,4.833,4.675,4.522,4.378,4.239,4.103,3.97,3.842,3.721,3.605,3.492,3.383,3.271,3.155,3.037,2.923,2.81,2.703,2.605,2.512,2.422,2.333,2.246,2.159,2.073,1.99,1.91,1.831,1.752,1.676,1.602,1.528,1.459,1.397,1.34,1.284,1.231,1.173,1.11,1.044,0.981,0.917,0.855,0.794,0.736,0.679,0.622,0.566,0.51,0.455,0.401,0.35,0.303,0.257,0.215,0.177,0.141,0.11,0.087,0.069,0.054,0.04,0.03,0.022,0.016,0.011,0.009,0.008,0.006,0.003,0.002,0.002,0.001,0.001,0,0
SWZ,1955,12.273,11.66,11.082,10.536,10.023,9.542,9.093,8.676,8.288,7.931,7.599,7.287,7.018,6.799,6.618,6.45,6.301,6.145,5.968,5.779,5.604,5.437,5.27,5.102,4.933,4.769,4.607,4.452,4.306,4.168,4.032,3.899,3.772,3.65,3.533,3.419,3.309,3.197,3.082,2.964,2.85,2.738,2.632,2.536,2.444,2.355,2.268,2.182,2.097,2.013,1.932,1.853,1.777,1.701,1.627,1.555,1.484,1.417,1.357,1.302,1.246,1.193,1.136,1.073,1.006,0.94,0.875,0.812,0.752,0.693,0.637,0.58,0.525,0.47,0.416,0.364,0.316,0.27,0.227,0.188,0.152,0.117,0.09,0.068,0.053,0.04,0.029,0.021,0.015,0.01,0.006,0.005,0.004,0.003,0.002,0,0,0,0,0
SWZ,1956,12.478,11.974,11.401,10.859,10.35,9.871,9.422,9.004,8.609,8.23,7.871,7.537,7.222,6.946,6.724,6.539,6.365,6.209,6.048,5.869,5.68,5.504,5.337,5.171,5.002,4.835,4.672,4.513,4.359,4.214,4.076,3.941,3.809,3.682,3.561,3.446,3.333,3.225,3.115,3.001,2.887,2.775,2.667,2.563,2.468,2.379,2.292,2.207,2.124,2.042,1.961,1.883,1.807,1.732,1.658,1.586,1.515,1.445,1.38,1.318,1.261,1.204,1.149,1.09,1.026,0.959,0.893,0.829,0.766,0.707,0.649,0.593,0.539,0.485,0.432,0.38,0.331,0.284,0.241,0.201,0.166,0.133,0.102,0.077,0.058,0.045,0.034,0.024,0.018,0.012,0.008,0.005,0.004,0.003,0.003,0.001,0,0,0,0
SWZ,1957,12.712,12.12,11.691,11.155,10.652,10.177,9.731,9.314,8.928,8.553,8.182,7.822,7.485,7.165,6.885,6.657,6.467,6.289,6.124,5.958,5.777,5.588,5.411,5.244,5.078,4.91,4.744,4.581,4.423,4.271,4.127,3.989,3.854,3.723,3.597,3.477,3.363,3.252,3.146,3.038,2.926,2.813,2.705,2.598,2.497,2.404,2.318,2.232,2.15,2.07,1.989,1.911,1.835,1.762,1.689,1.618,1.547,1.477,1.409,1.344,1.281,1.221,1.162,1.105,1.045,0.98,0.913,0.847,0.783,0.721,0.662,0.606,0.551,0.499,0.446,0.395,0.345,0.298,0.253,0.213,0.176,0.144,0.113,0.086,0.064,0.048,0.037,0.027,0.019,0.014,0.01,0.006,0.004,0.003,0.003,0.002,0.001,0,0,0
SWZ,1958,12.974,12.377,11.818,11.416,10.918,10.451,10.012,9.599,9.213,8.857,8.503,8.14,7.779,7.439,7.113,6.828,6.596,6.401,6.216,6.044,5.872,5.688,5.5,5.323,5.155,4.988,4.821,4.655,4.494,4.337,4.186,4.042,3.905,3.771,3.64,3.515,3.396,3.283,3.173,3.068,2.962,2.853,2.742,2.636,2.531,2.433,2.342,2.258,2.175,2.094,2.016,1.939,1.863,1.79,1.718,1.648,1.578,1.508,1.441,1.374,1.308,1.244,1.183,1.122,1.062,1.001,0.935,0.868,0.803,0.738,0.676,0.618,0.563,0.509,0.458,0.408,0.358,0.31,0.264,0.223,0.184,0.15,0.121,0.095,0.071,0.052,0.037,0.027,0.019,0.015,0.01,0.007,0.005,0.003,0.003,0.002,0.001,0,0,0
SWZ,1959,13.26,12.65,12.083,11.555,11.142,10.681,10.251,9.848,9.467,9.112,8.787,8.454,8.098,7.735,7.394,7.063,6.771,6.534,6.336,6.144,5.965,5.787,5.601,5.411,5.234,5.066,4.899,4.732,4.566,4.406,4.251,4.101,3.958,3.821,3.687,3.557,3.432,3.315,3.204,3.095,2.992,2.887,2.779,2.671,2.567,2.464,2.368,2.28,2.198,2.117,2.038,1.962,1.888,1.815,1.744,1.675,1.607,1.539,1.471,1.404,1.338,1.273,1.208,1.144,1.082,1.02,0.957,0.891,0.824,0.757,0.693,0.631,0.574,0.52,0.468,0.418,0.369,0.321,0.274,0.232,0.191,0.155,0.125,0.099,0.077,0.056,0.039,0.027,0.019,0.013,0.01,0.007,0.005,0.003,0.002,0.002,0.001,0,0,0
SWZ,1960,13.572,12.937,12.352,11.816,11.321,10.864,10.44,10.047,9.679,9.331,9.008,8.713,8.402,8.054,7.689,7.344,7.009,6.711,6.47,6.268,6.069,5.883,5.699,5.51,5.321,5.143,4.974,4.807,4.641,4.477,4.317,4.164,4.015,3.872,3.735,3.602,3.472,3.348,3.233,3.122,3.015,2.913,2.811,2.705,2.599,2.496,2.397,2.303,2.217,2.137,2.058,1.981,1.908,1.836,1.765,1.698,1.631,1.565,1.498,1.432,1.367,1.303,1.237,1.172,1.106,1.041,0.977,0.912,0.846,0.778,0.713,0.647,0.586,0.53,0.476,0.426,0.377,0.33,0.284,0.24,0.199,0.16,0.127,0.099,0.078,0.057,0.04,0.027,0.017,0.011,0.006,0.005,0.003,0.003,0.002,0,0,0,0,0
SWZ,1961,13.892,13.275,12.675,12.127,11.625,11.164,10.74,10.35,9.978,9.613,9.259,8.927,8.622,8.301,7.945,7.572,7.218,6.872,6.567,6.324,6.124,5.929,5.745,5.564,5.378,5.191,5.016,4.851,4.687,4.523,4.361,4.204,4.052,3.906,3.767,3.632,3.502,3.374,3.255,3.142,3.035,2.932,2.833,2.733,2.631,2.529,2.43,2.333,2.244,2.161,2.084,2.009,1.935,1.864,1.795,1.727,1.66,1.595,1.53,1.462,1.393,1.325,1.258,1.191,1.124,1.057,0.991,0.926,0.861,0.795,0.729,0.665,0.602,0.542,0.487,0.436,0.386,0.34,0.295,0.251,0.211,0.173,0.138,0.109,0.084,0.065,0.048,0.033,0.022,0.014,0.009,0.006,0.003,0.003,0.002,0.001,0,0,0,0
SWZ,1962,14.248,13.533,12.978,12.415,11.903,11.436,11.009,10.617,10.26,9.909,9.55,9.187,8.848,8.533,8.201,7.836,7.456,7.093,6.736,6.424,6.18,5.982,5.789,5.609,5.431,5.247,5.062,4.89,4.728,4.567,4.406,4.246,4.092,3.942,3.798,3.661,3.53,3.402,3.278,3.16,3.051,2.948,2.848,2.753,2.657,2.559,2.459,2.364,2.271,2.184,2.105,2.031,1.959,1.888,1.82,1.753,1.687,1.623,1.56,1.495,1.425,1.354,1.283,1.214,1.144,1.076,1.008,0.941,0.875,0.81,0.744,0.68,0.617,0.557,0.498,0.445,0.394,0.347,0.301,0.259,0.22,0.183,0.148,0.117,0.091,0.07,0.053,0.038,0.027,0.018,0.011,0.008,0.005,0.003,0.002,0.002,0,0,0,0
SWZ,1963,14.649,13.883,13.2,12.693,12.164,11.689,11.257,10.863,10.503,10.179,9.849,9.493,9.123,8.775,8.451,8.108,7.733,7.345,6.973,6.605,6.286,6.04,5.845,5.655,5.476,5.301,5.12,4.937,4.768,4.609,4.452,4.293,4.133,3.982,3.835,3.693,3.559,3.43,3.305,3.183,3.069,2.963,2.863,2.767,2.675,2.583,2.487,2.392,2.3,2.21,2.127,2.051,1.981,1.912,1.844,1.778,1.713,1.65,1.586,1.525,1.461,1.39,1.316,1.243,1.17,1.098,1.028,0.96,0.892,0.825,0.76,0.695,0.632,0.57,0.51,0.454,0.402,0.354,0.307,0.265,0.224,0.188,0.154,0.123,0.096,0.072,0.055,0.041,0.028,0.019,0.013,0.008,0.005,0.003,0.002,0.002,0.001,0,0,0
SWZ,1964,15.109,14.288,13.561,12.919,12.428,11.934,11.493,11.096,10.733,10.406,10.113,9.804,9.452,9.072,8.716,8.381,8.027,7.643,7.247,6.864,6.484,6.158,5.91,5.718,5.529,5.353,5.181,5.001,4.82,4.653,4.497,4.343,4.186,4.029,3.878,3.734,3.594,3.462,3.336,3.213,3.095,2.983,2.88,2.783,2.69,2.602,2.512,2.421,2.329,2.24,2.153,2.073,2.001,1.933,1.867,1.802,1.739,1.676,1.614,1.554,1.494,1.43,1.358,1.28,1.204,1.129,1.055,0.983,0.913,0.845,0.777,0.711,0.647,0.584,0.524,0.467,0.412,0.361,0.313,0.269,0.228,0.19,0.156,0.127,0.099,0.074,0.055,0.039,0.029,0.019,0.013,0.009,0.006,0.003,0.002,0.002,0.001,0,0,0
SWZ,1965,15.634,14.759,13.986,13.307,12.711,12.187,11.726,11.319,10.956,10.626,10.329,10.069,9.779,9.428,9.041,8.675,8.329,7.963,7.569,7.163,6.769,6.377,6.042,5.791,5.601,5.413,5.24,5.07,4.892,4.712,4.548,4.395,4.242,4.087,3.932,3.783,3.64,3.503,3.373,3.248,3.128,3.011,2.902,2.802,2.708,2.619,2.533,2.448,2.358,2.269,2.184,2.1,2.023,1.954,1.889,1.826,1.763,1.703,1.642,1.582,1.523,1.465,1.401,1.327,1.247,1.169,1.09,1.012,0.939,0.868,0.799,0.73,0.663,0.598,0.537,0.479,0.423,0.37,0.32,0.274,0.231,0.191,0.156,0.125,0.098,0.074,0.054,0.037,0.025,0.017,0.009,0.006,0.005,0.003,0.002,0,0,0,0,0
SWZ,1966,16.1,15.302,14.48,13.755,13.116,12.554,12.06,11.624,11.234,10.876,10.545,10.245,9.977,9.68,9.326,8.935,8.565,8.212,7.843,7.451,7.053,6.664,6.279,5.949,5.703,5.515,5.33,5.161,4.993,4.818,4.641,4.479,4.328,4.178,4.025,3.873,3.726,3.585,3.451,3.322,3.2,3.083,2.967,2.86,2.76,2.667,2.577,2.491,2.405,2.316,2.228,2.142,2.059,1.98,1.91,1.846,1.782,1.719,1.656,1.594,1.532,1.469,1.409,1.343,1.269,1.189,1.109,1.032,0.955,0.883,0.813,0.745,0.677,0.612,0.55,0.491,0.434,0.38,0.329,0.284,0.241,0.201,0.166,0.133,0.105,0.083,0.062,0.044,0.031,0.02,0.014,0.008,0.005,0.003,0.003,0.001,0,0,0,0
SWZ,1967,16.634,15.673,15.006,14.238,13.558,12.959,12.43,11.963,11.552,11.176,10.823,10.49,10.186,9.91,9.606,9.246,8.851,8.475,8.116,7.744,7.354,6.96,6.576,6.196,5.872,5.629,5.443,5.261,5.095,4.93,4.758,4.582,4.422,4.272,4.124,3.974,3.824,3.68,3.541,3.408,3.282,3.161,3.045,2.931,2.825,2.724,2.631,2.541,2.455,2.369,2.281,2.191,2.105,2.021,1.943,1.873,1.808,1.743,1.679,1.615,1.55,1.485,1.419,1.356,1.288,1.212,1.133,1.055,0.976,0.9,0.829,0.76,0.692,0.627,0.564,0.503,0.445,0.391,0.338,0.291,0.248,0.208,0.172,0.139,0.111,0.087,0.068,0.05,0.035,0.025,0.017,0.011,0.006,0.003,0.003,0.002,0.001,0,0,0
SWZ,1968,17.236,16.233,15.343,14.733,14.015,13.38,12.82,12.323,11.884,11.495,11.134,10.787,10.45,10.141,9.858,9.545,9.18,8.779,8.398,8.031,7.655,7.266,6.877,6.498,6.123,5.803,5.563,5.378,5.2,5.035,4.874,4.704,4.53,4.371,4.223,4.077,3.928,3.78,3.638,3.501,3.37,3.245,3.126,3.011,2.899,2.793,2.694,2.6,2.509,2.423,2.336,2.247,2.159,2.072,1.988,1.908,1.838,1.772,1.705,1.641,1.576,1.508,1.44,1.372,1.306,1.235,1.159,1.079,1,0.922,0.846,0.775,0.707,0.642,0.577,0.515,0.456,0.401,0.348,0.298,0.252,0.212,0.176,0.143,0.114,0.089,0.069,0.052,0.037,0.026,0.019,0.012,0.008,0.005,0.003,0.002,0.002,0,0,0
SWZ,1969,17.905,16.854,15.918,15.085,14.46,13.794,13.204,12.682,12.217,11.805,11.441,11.094,10.751,10.412,10.097,9.807,9.486,9.114,8.71,8.322,7.947,7.567,7.179,6.795,6.42,6.05,5.733,5.497,5.315,5.139,4.977,4.819,4.65,4.478,4.32,4.174,4.029,3.883,3.737,3.596,3.462,3.333,3.21,3.092,2.978,2.867,2.762,2.662,2.569,2.478,2.39,2.304,2.214,2.125,2.039,1.954,1.874,1.803,1.735,1.669,1.603,1.536,1.467,1.395,1.325,1.256,1.183,1.105,1.025,0.947,0.868,0.793,0.722,0.656,0.59,0.528,0.468,0.41,0.355,0.304,0.256,0.213,0.176,0.144,0.115,0.088,0.067,0.05,0.037,0.025,0.017,0.012,0.008,0.005,0.003,0.002,0.002,0,0,0
SWZ,1970,18.636,17.529,16.54,15.657,14.872,14.178,13.563,13.018,12.535,12.103,11.72,11.377,11.046,10.708,10.366,10.047,9.747,9.42,9.042,8.634,8.24,7.858,7.474,7.088,6.708,6.338,5.974,5.662,5.428,5.248,5.074,4.917,4.76,4.593,4.423,4.267,4.122,3.979,3.835,3.691,3.553,3.42,3.293,3.171,3.055,2.942,2.833,2.729,2.63,2.535,2.445,2.357,2.269,2.18,2.091,2.004,1.919,1.839,1.766,1.699,1.631,1.565,1.496,1.424,1.349,1.276,1.204,1.129,1.051,0.97,0.892,0.814,0.739,0.669,0.603,0.539,0.477,0.419,0.363,0.311,0.262,0.215,0.174,0.14,0.112,0.086,0.063,0.045,0.032,0.022,0.012,0.008,0.006,0.004,0.002,0,0,0,0,0
SWZ,1971,19.443,18.344,17.291,16.348,15.506,14.755,14.086,13.491,12.961,12.481,12.049,11.659,11.31,10.965,10.607,10.242,9.9,9.576,9.231,8.847,8.442,8.051,7.672,7.295,6.923,6.561,6.21,5.864,5.569,5.344,5.168,5,4.846,4.694,4.532,4.367,4.214,4.073,3.932,3.79,3.647,3.51,3.377,3.249,3.128,3.01,2.897,2.787,2.681,2.582,2.488,2.395,2.308,2.22,2.131,2.041,1.954,1.869,1.789,1.716,1.648,1.58,1.514,1.445,1.373,1.297,1.223,1.15,1.074,0.996,0.915,0.836,0.759,0.685,0.616,0.552,0.49,0.431,0.375,0.322,0.273,0.228,0.186,0.149,0.119,0.094,0.071,0.053,0.037,0.026,0.017,0.011,0.006,0.005,0.003,0.002,0,0,0,0
SWZ,1972,20.316,19.059,18.044,17.047,16.151,15.349,14.63,13.988,13.416,12.898,12.424,11.989,11.594,11.237,10.88,10.503,10.115,9.748,9.401,9.038,8.649,8.248,7.859,7.483,7.114,6.756,6.411,6.079,5.754,5.474,5.258,5.086,4.924,4.774,4.626,4.469,4.308,4.161,4.023,3.885,3.744,3.602,3.465,3.333,3.205,3.083,2.965,2.851,2.739,2.633,2.533,2.438,2.346,2.258,2.169,2.08,1.991,1.903,1.818,1.737,1.664,1.596,1.529,1.462,1.394,1.32,1.243,1.168,1.095,1.02,0.94,0.86,0.781,0.703,0.63,0.563,0.5,0.441,0.383,0.331,0.282,0.237,0.195,0.158,0.124,0.098,0.076,0.058,0.042,0.03,0.021,0.014,0.008,0.005,0.003,0.003,0.001,0,0,0
SWZ,1973,21.209,19.881,18.687,17.744,16.802,15.952,15.19,14.506,13.89,13.338,12.834,12.365,11.929,11.529,11.165,10.794,10.398,9.987,9.598,9.225,8.846,8.451,8.053,7.667,7.293,6.933,6.589,6.263,5.948,5.644,5.38,5.173,5.006,4.847,4.702,4.559,4.407,4.252,4.107,3.973,3.838,3.698,3.557,3.421,3.289,3.161,3.038,2.919,2.804,2.692,2.584,2.484,2.388,2.296,2.208,2.119,2.03,1.94,1.853,1.767,1.686,1.613,1.545,1.477,1.411,1.341,1.268,1.19,1.114,1.04,0.964,0.884,0.804,0.725,0.648,0.575,0.509,0.449,0.392,0.337,0.287,0.241,0.2,0.163,0.128,0.099,0.076,0.059,0.043,0.03,0.022,0.016,0.01,0.005,0.003,0.003,0.002,0,0,0
SWZ,1974,22.067,20.699,19.465,18.353,17.456,16.567,15.765,15.043,14.39,13.802,13.271,12.779,12.316,11.876,11.471,11.099,10.716,10.299,9.866,9.453,9.055,8.659,8.259,7.863,7.479,7.108,6.755,6.425,6.117,5.821,5.537,5.29,5.091,4.927,4.773,4.633,4.494,4.347,4.196,4.057,3.925,3.792,3.654,3.515,3.378,3.246,3.118,2.994,2.876,2.759,2.645,2.537,2.436,2.341,2.248,2.159,2.07,1.98,1.89,1.803,1.717,1.636,1.563,1.495,1.427,1.36,1.291,1.216,1.138,1.061,0.986,0.909,0.829,0.749,0.671,0.593,0.521,0.457,0.399,0.342,0.29,0.243,0.2,0.163,0.13,0.099,0.074,0.056,0.041,0.028,0.02,0.014,0.01,0.006,0.003,0.002,0.002,0.001,0,0
SWZ,1975,22.852,21.492,20.254,19.129,18.108,17.185,16.349,15.594,14.909,14.289,13.727,13.216,12.736,12.277,11.835,11.425,11.044,10.647,10.211,9.754,9.317,8.895,8.479,8.074,7.679,7.298,6.929,6.585,6.267,5.977,5.7,5.434,5.203,5.013,4.853,4.703,4.568,4.433,4.291,4.145,4.009,3.881,3.751,3.614,3.475,3.339,3.207,3.079,2.954,2.834,2.717,2.601,2.493,2.391,2.295,2.202,2.112,2.023,1.933,1.843,1.755,1.669,1.588,1.514,1.446,1.378,1.311,1.241,1.165,1.086,1.009,0.933,0.856,0.775,0.694,0.616,0.538,0.468,0.404,0.348,0.294,0.244,0.199,0.16,0.126,0.097,0.071,0.05,0.035,0.023,0.014,0.009,0.007,0.005,0.002,0,0,0,0,0
SWZ,1976,23.413,22.483,21.217,20.049,18.975,17.989,17.084,16.25,15.495,14.816,14.201,13.636,13.116,12.624,12.145,11.68,11.246,10.841,10.427,9.986,9.533,9.099,8.681,8.275,7.887,7.515,7.157,6.813,6.488,6.184,5.901,5.632,5.375,5.15,4.964,4.807,4.659,4.524,4.389,4.247,4.101,3.965,3.836,3.704,3.567,3.426,3.29,3.157,3.027,2.902,2.783,2.665,2.551,2.441,2.34,2.244,2.15,2.06,1.97,1.88,1.789,1.702,1.616,1.535,1.46,1.389,1.319,1.251,1.181,1.104,1.023,0.945,0.87,0.792,0.714,0.635,0.56,0.485,0.418,0.359,0.306,0.257,0.21,0.17,0.135,0.106,0.08,0.059,0.041,0.028,0.02,0.012,0.008,0.006,0.003,0.002,0,0,0,0
SWZ,1977,23.899,22.749,22.16,20.984,19.885,18.86,17.907,17.017,16.186,15.429,14.752,14.141,13.572,13.044,12.538,12.038,11.548,11.09,10.661,10.229,9.782,9.33,8.899,8.485,8.088,7.717,7.366,7.03,6.709,6.404,6.112,5.836,5.574,5.325,5.106,4.924,4.769,4.623,4.488,4.353,4.211,4.065,3.928,3.797,3.665,3.526,3.385,3.247,3.112,2.982,2.856,2.737,2.62,2.505,2.396,2.294,2.197,2.103,2.012,1.922,1.831,1.741,1.653,1.567,1.485,1.409,1.336,1.264,1.194,1.122,1.044,0.963,0.883,0.807,0.73,0.654,0.577,0.504,0.432,0.369,0.313,0.265,0.219,0.178,0.141,0.112,0.087,0.064,0.046,0.033,0.022,0.015,0.009,0.006,0.005,0.003,0.001,0,0,0
SWZ,1978,24.39,23.384,22.396,21.865,20.777,19.745,18.768,17.846,16.972,16.141,15.382,14.707,14.099,13.525,12.988,12.467,11.946,11.432,10.948,10.493,10.043,9.589,9.14,8.711,8.298,7.91,7.554,7.225,6.91,6.614,6.328,6.048,5.779,5.525,5.283,5.068,4.89,4.737,4.593,4.458,4.324,4.181,4.034,3.896,3.765,3.631,3.49,3.347,3.208,3.071,2.94,2.815,2.695,2.577,2.462,2.352,2.25,2.153,2.058,1.966,1.875,1.784,1.694,1.605,1.519,1.436,1.359,1.285,1.211,1.139,1.065,0.986,0.903,0.823,0.746,0.669,0.594,0.52,0.449,0.381,0.32,0.268,0.223,0.182,0.145,0.113,0.087,0.067,0.048,0.034,0.024,0.017,0.011,0.006,0.004,0.003,0.002,0.001,0,0
SWZ,1979,25.003,24.096,23.182,22.265,21.575,20.577,19.612,18.682,17.791,16.932,16.1,15.338,14.666,14.061,13.481,12.936,12.399,11.857,11.318,10.809,10.328,9.86,9.399,8.952,8.525,8.113,7.734,7.395,7.087,6.794,6.52,6.253,5.985,5.722,5.476,5.241,5.032,4.858,4.707,4.564,4.43,4.295,4.152,4.005,3.866,3.733,3.597,3.455,3.31,3.17,3.031,2.899,2.773,2.653,2.536,2.42,2.31,2.207,2.109,2.013,1.921,1.83,1.738,1.647,1.559,1.473,1.388,1.309,1.233,1.158,1.084,1.008,0.927,0.844,0.763,0.686,0.609,0.535,0.463,0.395,0.33,0.271,0.223,0.183,0.146,0.113,0.085,0.064,0.047,0.032,0.022,0.016,0.011,0.006,0.003,0.002,0.002,0.001,0,0
SWZ,1980,25.811,24.924,24.021,23.11,22.194,21.278,20.37,19.472,18.59,17.73,16.888,16.055,15.292,14.621,14.02,13.435,12.88,12.328,11.764,11.2,10.667,10.16,9.673,9.207,8.762,8.337,7.928,7.558,7.234,6.947,6.676,6.425,6.178,5.922,5.666,5.426,5.198,4.996,4.824,4.676,4.535,4.4,4.265,4.122,3.975,3.834,3.699,3.562,3.419,3.273,3.131,2.991,2.857,2.73,2.611,2.493,2.377,2.267,2.163,2.065,1.968,1.876,1.784,1.691,1.601,1.512,1.424,1.34,1.259,1.181,1.104,1.029,0.951,0.869,0.784,0.703,0.624,0.548,0.475,0.405,0.34,0.277,0.223,0.179,0.142,0.109,0.08,0.057,0.039,0.027,0.015,0.009,0.008,0.005,0.002,0,0,0,0,0
SWZ,1981,26.858,25.654,24.758,23.861,22.963,22.069,21.182,20.31,19.434,18.548,17.667,16.807,15.96,15.174,14.471,13.832,13.211,12.618,12.044,11.48,10.932,10.414,9.923,9.46,9.029,8.626,8.244,7.88,7.544,7.239,6.958,6.694,6.449,6.204,5.947,5.689,5.447,5.212,5.003,4.826,4.674,4.525,4.385,4.244,4.094,3.94,3.793,3.653,3.511,3.366,3.22,3.078,2.938,2.804,2.677,2.556,2.437,2.32,2.21,2.106,2.007,1.91,1.818,1.725,1.632,1.541,1.452,1.364,1.279,1.197,1.117,1.039,0.963,0.885,0.803,0.721,0.641,0.565,0.492,0.422,0.359,0.298,0.24,0.19,0.152,0.119,0.091,0.066,0.047,0.033,0.022,0.012,0.008,0.006,0.004,0.002,0,0,0,0
SWZ,1982,28.093,26.928,25.479,24.575,23.683,22.801,21.928,21.071,20.235,19.381,18.493,17.591,16.714,15.854,15.046,14.311,13.634,12.977,12.349,11.753,11.188,10.655,10.154,9.678,9.24,8.846,8.486,8.146,7.828,7.528,7.24,6.965,6.706,6.468,6.224,5.968,5.709,5.462,5.223,5.007,4.826,4.668,4.514,4.368,4.22,4.064,3.904,3.752,3.604,3.457,3.311,3.165,3.022,2.883,2.749,2.621,2.499,2.38,2.263,2.152,2.047,1.949,1.852,1.759,1.666,1.573,1.48,1.39,1.302,1.216,1.133,1.052,0.973,0.897,0.819,0.738,0.657,0.579,0.504,0.434,0.37,0.311,0.256,0.204,0.159,0.124,0.097,0.073,0.053,0.038,0.026,0.017,0.009,0.006,0.005,0.003,0.002,0,0,0
SWZ,1983,29.324,27.969,26.712,25.306,24.394,23.507,22.64,21.789,20.96,20.161,19.33,18.438,17.515,16.622,15.749,14.92,14.153,13.438,12.745,12.08,11.462,10.897,10.381,9.894,9.435,9.023,8.664,8.346,8.05,7.777,7.511,7.241,6.972,6.721,6.487,6.246,5.99,5.73,5.479,5.233,5.011,4.825,4.662,4.503,4.351,4.196,4.034,3.868,3.708,3.555,3.404,3.256,3.109,2.967,2.829,2.694,2.566,2.443,2.322,2.205,2.094,1.989,1.89,1.793,1.7,1.606,1.514,1.42,1.33,1.241,1.155,1.07,0.988,0.907,0.83,0.752,0.673,0.593,0.518,0.445,0.378,0.318,0.263,0.213,0.166,0.127,0.097,0.075,0.054,0.038,0.028,0.019,0.012,0.006,0.005,0.003,0.002,0.001,0,0
SWZ,1984,30.309,28.867,27.546,26.337,25.166,24.245,23.362,22.509,21.678,20.878,20.115,19.304,18.407,17.463,16.553,15.665,14.812,14.011,13.259,12.53,11.828,11.187,10.622,10.121,9.648,9.205,8.817,8.493,8.218,7.964,7.736,7.505,7.253,6.989,6.744,6.515,6.276,6.021,5.757,5.502,5.251,5.023,4.831,4.663,4.498,4.339,4.179,4.01,3.836,3.671,3.511,3.355,3.205,3.059,2.916,2.778,2.644,2.514,2.389,2.269,2.15,2.039,1.933,1.834,1.737,1.642,1.549,1.455,1.362,1.27,1.181,1.095,1.008,0.924,0.843,0.765,0.687,0.608,0.53,0.456,0.386,0.322,0.266,0.217,0.171,0.129,0.095,0.07,0.052,0.035,0.025,0.018,0.012,0.008,0.003,0.002,0.002,0.001,0,0
SWZ,1985,30.871,29.522,28.278,27.128,26.062,25.069,24.137,23.257,22.417,21.605,20.831,20.103,19.313,18.409,17.441,16.511,15.608,14.73,13.895,13.103,12.336,11.596,10.931,10.364,9.877,9.419,8.99,8.626,8.337,8.103,7.891,7.708,7.511,7.275,7.017,6.778,6.553,6.317,6.061,5.796,5.537,5.278,5.043,4.845,4.672,4.5,4.335,4.167,3.991,3.812,3.64,3.473,3.312,3.159,3.013,2.87,2.732,2.597,2.467,2.341,2.218,2.1,1.987,1.881,1.781,1.683,1.589,1.495,1.4,1.305,1.213,1.123,1.036,0.949,0.863,0.781,0.7,0.623,0.544,0.468,0.396,0.328,0.267,0.214,0.17,0.129,0.093,0.064,0.043,0.03,0.017,0.011,0.008,0.006,0.002,0,0,0,0,0
SWZ,1986,30.715,30.46,29.272,28.138,27.054,26.018,25.019,24.047,23.133,22.289,21.489,20.711,19.971,19.167,18.252,17.273,16.333,15.417,14.538,13.715,12.944,12.198,11.478,10.833,10.281,9.803,9.356,8.938,8.584,8.303,8.074,7.866,7.686,7.493,7.262,7.009,6.774,6.554,6.319,6.061,5.791,5.527,5.264,5.025,4.822,4.645,4.469,4.299,4.128,3.949,3.767,3.593,3.425,3.263,3.109,2.961,2.818,2.679,2.544,2.413,2.286,2.163,2.045,1.931,1.824,1.721,1.622,1.526,1.43,1.333,1.238,1.144,1.054,0.966,0.879,0.794,0.713,0.635,0.559,0.485,0.415,0.347,0.284,0.228,0.182,0.144,0.108,0.077,0.052,0.036,0.024,0.014,0.009,0.006,0.005,0.002,0,0,0,0
SWZ,1987,30.164,29.654,30.141,29.113,28.084,27.064,26.053,25.045,24.03,23.081,22.23,21.441,20.656,19.899,19.08,18.15,17.159,16.205,15.274,14.39,13.577,12.824,12.096,11.397,10.769,10.228,9.759,9.323,8.915,8.569,8.293,8.068,7.865,7.687,7.496,7.27,7.022,6.791,6.574,6.34,6.08,5.805,5.536,5.267,5.022,4.814,4.633,4.452,4.276,4.101,3.919,3.735,3.559,3.388,3.224,3.068,2.919,2.773,2.632,2.497,2.365,2.238,2.115,1.996,1.882,1.772,1.667,1.566,1.467,1.37,1.271,1.173,1.079,0.988,0.898,0.812,0.728,0.648,0.572,0.498,0.429,0.362,0.3,0.241,0.191,0.15,0.117,0.086,0.06,0.042,0.029,0.019,0.011,0.006,0.005,0.003,0.002,0,0,0
SWZ,1988,29.429,29.484,29.34,29.857,28.987,28.064,27.104,26.119,25.101,24.041,23.055,22.197,21.416,20.624,19.851,19.014,18.068,17.063,16.096,15.149,14.26,13.454,12.718,12.008,11.327,10.715,10.186,9.725,9.298,8.9,8.563,8.293,8.072,7.872,7.696,7.508,7.287,7.043,6.815,6.601,6.368,6.104,5.825,5.551,5.275,5.025,4.812,4.625,4.439,4.258,4.078,3.893,3.706,3.528,3.354,3.188,3.03,2.88,2.733,2.59,2.453,2.321,2.193,2.069,1.95,1.834,1.723,1.615,1.511,1.411,1.311,1.21,1.11,1.014,0.922,0.832,0.745,0.663,0.584,0.509,0.438,0.372,0.309,0.253,0.2,0.155,0.119,0.091,0.065,0.044,0.031,0.021,0.014,0.008,0.005,0.003,0.003,0.001,0,0
SWZ,1989,28.828,29.312,29.512,29.46,29.538,28.825,28.01,27.113,26.154,25.126,24.023,23.002,22.137,21.367,20.568,19.779,18.926,17.966,16.948,15.966,15.005,14.11,13.314,12.597,11.905,11.243,10.649,10.132,9.68,9.262,8.875,8.546,8.282,8.065,7.869,7.696,7.511,7.293,7.055,6.831,6.62,6.388,6.122,5.837,5.558,5.277,5.021,4.804,4.612,4.421,4.236,4.051,3.862,3.673,3.491,3.317,3.149,2.989,2.837,2.688,2.545,2.407,2.274,2.145,2.02,1.9,1.784,1.67,1.561,1.455,1.352,1.251,1.149,1.047,0.948,0.855,0.765,0.678,0.596,0.518,0.445,0.376,0.313,0.257,0.205,0.156,0.117,0.087,0.064,0.043,0.029,0.021,0.013,0.008,0.005,0.003,0.002,0.001,0,0
SWZ,1990,28.605,29.25,29.6,29.681,29.523,29.154,28.603,27.896,27.063,26.132,25.098,23.954,22.899,22.029,21.271,20.467,19.664,18.797,17.825,16.794,15.802,14.828,13.93,13.144,12.448,11.775,11.135,10.559,10.055,9.612,9.205,8.829,8.509,8.253,8.04,7.847,7.678,7.497,7.284,7.051,6.832,6.625,6.394,6.126,5.837,5.554,5.268,5.008,4.785,4.59,4.394,4.204,4.015,3.823,3.632,3.449,3.272,3.102,2.941,2.788,2.638,2.494,2.354,2.221,2.092,1.968,1.847,1.73,1.615,1.503,1.395,1.291,1.187,1.083,0.98,0.881,0.787,0.696,0.609,0.528,0.452,0.379,0.313,0.256,0.204,0.157,0.113,0.079,0.055,0.038,0.022,0.013,0.009,0.006,0.003,0,0,0,0,0
SWZ,1991,29.089,28.698,29.185,29.45,29.506,29.368,29.066,28.632,27.994,27.131,26.108,25.008,23.81,22.704,21.794,21.003,20.167,19.332,18.447,17.478,16.465,15.494,14.544,13.675,12.922,12.261,11.626,11.024,10.486,10.017,9.607,9.232,8.888,8.586,8.326,8.1,7.891,7.704,7.506,7.284,7.046,6.82,6.604,6.368,6.097,5.809,5.527,5.242,4.983,4.762,4.567,4.372,4.183,3.994,3.802,3.608,3.424,3.244,3.072,2.908,2.751,2.599,2.45,2.308,2.17,2.038,1.909,1.785,1.664,1.548,1.434,1.325,1.22,1.116,1.012,0.91,0.812,0.719,0.631,0.548,0.472,0.399,0.332,0.272,0.219,0.173,0.131,0.095,0.066,0.046,0.031,0.017,0.01,0.008,0.005,0.002,0,0,0,0
SWZ,1992,29.925,29.968,28.692,29.02,29.199,29.229,29.11,28.878,28.564,27.997,27.106,25.995,24.833,23.582,22.43,21.482,20.663,19.796,18.931,18.033,17.069,16.08,15.131,14.209,13.372,12.655,12.032,11.437,10.876,10.376,9.945,9.569,9.226,8.915,8.633,8.372,8.13,7.907,7.702,7.49,7.259,7.016,6.784,6.56,6.319,6.048,5.762,5.48,5.198,4.941,4.722,4.527,4.334,4.148,3.96,3.767,3.572,3.386,3.205,3.031,2.865,2.705,2.55,2.4,2.254,2.112,1.976,1.844,1.716,1.593,1.474,1.36,1.25,1.144,1.041,0.938,0.837,0.74,0.649,0.563,0.485,0.413,0.346,0.283,0.228,0.181,0.142,0.106,0.075,0.053,0.036,0.025,0.014,0.008,0.006,0.003,0.002,0,0,0
SWZ,1993,30.888,30.375,29.945,28.634,28.8,28.893,28.897,28.799,28.635,28.442,27.946,27.029,25.831,24.61,23.313,22.115,21.132,20.284,19.39,18.496,17.584,16.629,15.663,14.74,13.847,13.043,12.363,11.78,11.226,10.705,10.247,9.853,9.512,9.202,8.925,8.662,8.402,8.145,7.908,7.685,7.459,7.22,6.974,6.735,6.504,6.258,5.987,5.703,5.423,5.144,4.889,4.672,4.48,4.289,4.104,3.918,3.725,3.53,3.343,3.16,2.985,2.817,2.655,2.496,2.343,2.195,2.05,1.91,1.775,1.644,1.518,1.398,1.283,1.172,1.067,0.963,0.861,0.761,0.667,0.578,0.495,0.421,0.354,0.292,0.234,0.184,0.144,0.111,0.079,0.055,0.04,0.027,0.017,0.009,0.005,0.005,0.003,0.001,0,0
SWZ,1994,31.652,30.679,29.93,29.37,28.578,28.583,28.591,28.57,28.492,28.397,28.323,27.898,26.956,25.672,24.391,23.044,21.802,20.783,19.908,18.986,18.064,17.139,16.192,15.249,14.352,13.486,12.716,12.073,11.53,11.015,10.536,10.117,9.761,9.456,9.179,8.935,8.691,8.431,8.16,7.908,7.668,7.428,7.182,6.931,6.687,6.449,6.198,5.926,5.644,5.367,5.091,4.838,4.623,4.434,4.245,4.061,3.877,3.684,3.487,3.299,3.116,2.939,2.768,2.604,2.444,2.288,2.136,1.989,1.846,1.706,1.573,1.444,1.323,1.206,1.095,0.989,0.887,0.785,0.686,0.594,0.507,0.428,0.357,0.294,0.237,0.185,0.14,0.106,0.079,0.054,0.036,0.026,0.017,0.011,0.005,0.003,0.003,0.002,0,0
SWZ,1995,31.969,30.785,29.894,29.253,28.817,28.545,28.391,28.313,28.267,28.208,28.181,28.228,27.873,26.904,25.533,24.192,22.795,21.507,20.452,19.548,18.596,17.646,16.707,15.767,14.847,13.975,13.137,12.399,11.793,11.288,10.814,10.375,9.995,9.677,9.406,9.163,8.952,8.728,8.465,8.182,7.916,7.659,7.403,7.149,6.894,6.644,6.399,6.143,5.87,5.59,5.316,5.042,4.791,4.578,4.39,4.203,4.022,3.838,3.646,3.449,3.258,3.074,2.895,2.722,2.555,2.393,2.234,2.08,1.929,1.782,1.64,1.502,1.371,1.248,1.131,1.019,0.913,0.81,0.71,0.612,0.522,0.437,0.36,0.293,0.235,0.183,0.135,0.097,0.068,0.048,0.028,0.017,0.013,0.008,0.003,0.001,0.001,0,0,0
SWZ,1996,31.762,31.485,30.521,29.781,29.232,28.84,28.563,28.358,28.235,28.176,28.123,28.077,28.092,27.698,26.68,25.257,23.865,22.416,21.087,20.008,19.093,18.132,17.173,16.241,15.326,14.442,13.608,12.812,12.113,11.541,11.066,10.623,10.215,9.859,9.552,9.282,9.041,8.83,8.605,8.344,8.063,7.796,7.539,7.283,7.029,6.777,6.527,6.283,6.03,5.761,5.484,5.213,4.944,4.698,4.487,4.302,4.118,3.939,3.758,3.568,3.373,3.186,3.003,2.825,2.65,2.48,2.314,2.152,1.994,1.842,1.693,1.551,1.412,1.282,1.159,1.044,0.936,0.832,0.734,0.637,0.546,0.461,0.381,0.311,0.251,0.2,0.154,0.113,0.081,0.058,0.04,0.023,0.014,0.011,0.006,0.003,0.001,0,0,0
SWZ,1997,31.154,30.406,31.043,30.298,29.709,29.252,28.904,28.622,28.365,28.196,28.125,28.077,28.012,27.994,27.561,26.494,25.016,23.57,22.068,20.696,19.59,18.662,17.69,16.724,15.795,14.903,14.056,13.259,12.504,11.843,11.304,10.857,10.444,10.068,9.735,9.438,9.171,8.931,8.718,8.494,8.233,7.953,7.687,7.429,7.173,6.919,6.668,6.419,6.176,5.924,5.658,5.385,5.118,4.853,4.61,4.403,4.219,4.037,3.862,3.683,3.495,3.302,3.116,2.936,2.758,2.581,2.407,2.237,2.072,1.912,1.756,1.607,1.463,1.323,1.193,1.071,0.959,0.852,0.753,0.658,0.566,0.48,0.4,0.326,0.262,0.209,0.165,0.125,0.09,0.065,0.046,0.031,0.017,0.011,0.008,0.005,0.002,0,0,0
SWZ,1998,30.31,30.019,29.791,30.594,30.069,29.632,29.268,28.962,28.675,28.367,28.152,28.069,28.026,27.942,27.892,27.418,26.302,24.771,23.27,21.714,20.298,19.168,18.228,17.245,16.269,15.346,14.477,13.665,12.907,12.192,11.571,11.064,10.647,10.265,9.92,9.609,9.323,9.057,8.819,8.606,8.38,8.121,7.843,7.577,7.317,7.061,6.807,6.558,6.31,6.068,5.818,5.554,5.286,5.022,4.76,4.522,4.317,4.136,3.957,3.783,3.607,3.421,3.23,3.047,2.868,2.69,2.511,2.334,2.161,1.992,1.829,1.671,1.52,1.375,1.234,1.103,0.983,0.873,0.769,0.672,0.581,0.495,0.414,0.34,0.272,0.214,0.167,0.13,0.096,0.068,0.05,0.035,0.022,0.013,0.008,0.006,0.003,0.002,0,0
SWZ,1999,29.492,29.581,29.633,29.648,30.075,29.772,29.488,29.217,28.955,28.664,28.306,28.046,27.95,27.911,27.809,27.727,27.214,26.051,24.469,22.919,21.312,19.856,18.703,17.753,16.761,15.778,14.863,14.019,13.245,12.526,11.853,11.272,10.801,10.413,10.062,9.75,9.463,9.188,8.924,8.688,8.475,8.248,7.991,7.715,7.45,7.19,6.933,6.681,6.433,6.186,5.946,5.698,5.438,5.174,4.915,4.657,4.423,4.221,4.044,3.868,3.697,3.522,3.339,3.152,2.971,2.794,2.617,2.436,2.256,2.079,1.908,1.742,1.582,1.43,1.284,1.142,1.012,0.893,0.785,0.684,0.591,0.503,0.422,0.346,0.278,0.216,0.164,0.124,0.094,0.065,0.045,0.033,0.023,0.014,0.008,0.005,0.003,0.002,0.001,0
SWZ,2000,28.908,29.165,29.345,29.451,29.489,29.465,29.385,29.252,29.076,28.858,28.564,28.155,27.852,27.744,27.71,27.589,27.475,26.926,25.719,24.092,22.497,20.845,19.355,18.182,17.225,16.228,15.241,14.335,13.521,12.787,12.109,11.481,10.942,10.507,10.15,9.832,9.553,9.29,9.026,8.767,8.531,8.319,8.092,7.837,7.564,7.301,7.041,6.785,6.535,6.289,6.045,5.806,5.561,5.305,5.046,4.792,4.54,4.31,4.114,3.939,3.767,3.599,3.428,3.249,3.064,2.886,2.713,2.536,2.354,2.171,1.992,1.818,1.65,1.488,1.336,1.19,1.048,0.917,0.8,0.695,0.597,0.507,0.424,0.348,0.278,0.216,0.16,0.115,0.082,0.058,0.036,0.023,0.018,0.012,0.006,0.002,0.002,0.001,0.001,0
SWZ,2001,28.894,28.722,28.941,29.12,29.253,29.338,29.381,29.397,29.302,29.063,28.721,28.319,27.807,27.396,27.184,27.052,26.833,26.622,26.013,24.807,23.22,21.667,20.065,18.637,17.539,16.666,15.756,14.862,14.033,13.268,12.564,11.916,11.317,10.792,10.35,9.974,9.632,9.326,9.042,8.774,8.516,8.282,8.07,7.844,7.591,7.32,7.06,6.804,6.556,6.319,6.089,5.86,5.638,5.409,5.167,4.921,4.68,4.44,4.219,4.026,3.853,3.681,3.513,3.341,3.159,2.97,2.788,2.61,2.431,2.249,2.066,1.888,1.715,1.548,1.392,1.243,1.101,0.964,0.839,0.728,0.628,0.535,0.45,0.373,0.304,0.241,0.185,0.137,0.099,0.07,0.049,0.03,0.019,0.015,0.01,0.004,0.002,0.001,0.001,0
SWZ,2002,29.084,28.988,28.447,28.627,28.806,28.967,29.097,29.209,29.319,29.262,28.964,28.497,27.987,27.372,26.856,26.54,26.308,25.993,25.684,25.018,23.815,22.274,20.77,19.221,17.861,16.843,16.056,15.238,14.438,13.688,12.974,12.303,11.688,11.12,10.61,10.163,9.767,9.405,9.071,8.77,8.494,8.241,8.008,7.797,7.573,7.321,7.053,6.797,6.546,6.307,6.083,5.87,5.659,5.453,5.24,5.014,4.781,4.553,4.326,4.115,3.927,3.756,3.583,3.416,3.242,3.058,2.867,2.681,2.5,2.319,2.136,1.955,1.779,1.607,1.443,1.29,1.147,1.01,0.879,0.76,0.653,0.559,0.471,0.392,0.321,0.258,0.204,0.154,0.112,0.082,0.058,0.04,0.024,0.015,0.012,0.008,0.003,0.001,0.001,0
SWZ,2003,29.456,28.968,28.635,28.127,28.267,28.445,28.634,28.808,28.988,29.195,29.175,28.816,28.228,27.61,26.894,26.273,25.853,25.523,25.112,24.706,23.985,22.787,21.295,19.841,18.348,17.058,16.12,15.422,14.695,13.992,13.321,12.661,12.023,11.44,10.905,10.411,9.959,9.546,9.162,8.804,8.483,8.203,7.954,7.722,7.512,7.29,7.041,6.775,6.524,6.279,6.047,5.838,5.642,5.447,5.259,5.063,4.852,4.633,4.419,4.206,4.005,3.822,3.651,3.481,3.313,3.14,2.953,2.759,2.571,2.386,2.202,2.021,1.841,1.667,1.498,1.336,1.188,1.049,0.916,0.791,0.678,0.578,0.489,0.406,0.333,0.269,0.213,0.165,0.122,0.088,0.064,0.046,0.03,0.017,0.012,0.009,0.006,0.003,0.001,0
SWZ,2004,29.952,29.072,28.457,28.07,27.812,27.913,28.09,28.306,28.525,28.774,29.075,29.093,28.675,27.963,27.239,26.422,25.696,25.173,24.746,24.238,23.735,22.958,21.766,20.322,18.919,17.481,16.26,15.403,14.792,14.157,13.55,12.959,12.35,11.746,11.196,10.692,10.215,9.758,9.327,8.923,8.538,8.199,7.914,7.668,7.438,7.229,7.009,6.761,6.499,6.252,6.013,5.79,5.594,5.416,5.238,5.067,4.887,4.692,4.487,4.286,4.086,3.894,3.717,3.548,3.38,3.212,3.038,2.85,2.653,2.462,2.274,2.088,1.906,1.728,1.555,1.387,1.23,1.085,0.951,0.824,0.705,0.598,0.502,0.419,0.343,0.274,0.216,0.168,0.128,0.091,0.064,0.048,0.033,0.021,0.011,0.008,0.006,0.004,0.001,0.001
SWZ,2005,30.508,29.321,28.473,27.924,27.622,27.526,27.589,27.765,28.008,28.274,28.589,28.985,29.042,28.563,27.728,26.896,25.979,25.148,24.521,23.995,23.392,22.792,21.958,20.77,19.373,18.017,16.634,15.48,14.703,14.18,13.634,13.123,12.61,12.054,11.481,10.964,10.491,10.029,9.568,9.118,8.693,8.283,7.923,7.633,7.392,7.162,6.953,6.736,6.49,6.231,5.988,5.753,5.54,5.357,5.196,5.035,4.88,4.717,4.536,4.344,4.157,3.971,3.79,3.618,3.45,3.282,3.114,2.939,2.749,2.55,2.355,2.163,1.975,1.792,1.616,1.446,1.28,1.125,0.983,0.854,0.733,0.62,0.517,0.427,0.349,0.278,0.216,0.164,0.122,0.09,0.06,0.04,0.031,0.022,0.011,0.005,0.004,0.004,0.002,0.001
SWZ,2006,31.07,29.989,28.976,28.258,27.794,27.542,27.462,27.513,27.649,27.829,28.013,28.237,28.531,28.486,27.912,26.99,26.073,25.07,24.187,23.558,23.065,22.497,21.938,21.16,20.039,18.717,17.439,16.137,15.057,14.341,13.864,13.368,12.903,12.418,11.858,11.263,10.721,10.219,9.735,9.265,8.815,8.386,7.971,7.61,7.322,7.083,6.858,6.654,6.445,6.213,5.97,5.744,5.527,5.33,5.163,5.017,4.87,4.73,4.578,4.404,4.215,4.031,3.846,3.665,3.492,3.323,3.151,2.982,2.804,2.614,2.416,2.224,2.034,1.849,1.672,1.501,1.337,1.177,1.029,0.894,0.772,0.657,0.55,0.456,0.373,0.303,0.24,0.185,0.14,0.105,0.076,0.049,0.033,0.027,0.018,0.009,0.005,0.004,0.002,0.001
SWZ,2007,31.725,30.168,29.51,28.668,28.077,27.699,27.496,27.431,27.468,27.566,27.684,27.788,27.919,28.113,27.966,27.297,26.287,25.284,24.195,23.26,22.626,22.166,21.632,21.115,20.39,19.334,18.084,16.884,15.661,14.654,13.995,13.568,13.118,12.701,12.241,11.677,11.058,10.492,9.961,9.453,8.973,8.522,8.09,7.671,7.307,7.018,6.782,6.561,6.363,6.163,5.943,5.717,5.508,5.308,5.128,4.976,4.844,4.712,4.586,4.446,4.278,4.091,3.91,3.727,3.546,3.371,3.199,3.025,2.852,2.672,2.482,2.286,2.096,1.906,1.725,1.552,1.388,1.228,1.076,0.935,0.806,0.691,0.582,0.482,0.395,0.32,0.257,0.201,0.153,0.118,0.087,0.062,0.04,0.028,0.022,0.015,0.007,0.005,0.003,0.001
SWZ,2008,32.311,30.701,29.461,29.061,28.39,27.926,27.632,27.477,27.428,27.454,27.512,27.568,27.591,27.631,27.724,27.475,26.711,25.613,24.522,23.345,22.357,21.718,21.288,20.789,20.312,19.639,18.648,17.469,16.343,15.2,14.264,13.665,13.284,12.88,12.51,12.076,11.508,10.864,10.273,9.712,9.179,8.69,8.239,7.801,7.376,7.011,6.722,6.488,6.271,6.079,5.886,5.68,5.47,5.278,5.093,4.931,4.795,4.676,4.559,4.447,4.318,4.156,3.972,3.792,3.611,3.43,3.254,3.079,2.902,2.725,2.543,2.353,2.159,1.969,1.782,1.603,1.434,1.275,1.122,0.976,0.84,0.719,0.609,0.507,0.415,0.334,0.267,0.213,0.162,0.122,0.095,0.069,0.047,0.03,0.021,0.016,0.011,0.006,0.003,0.002
SWZ,2009,32.613,31.088,29.881,28.96,28.636,28.137,27.798,27.59,27.484,27.45,27.462,27.482,27.475,27.419,27.365,27.357,27.007,26.145,24.957,23.778,22.512,21.469,20.826,20.426,19.959,19.522,18.901,17.973,16.867,15.815,14.749,13.883,13.342,13.009,12.652,12.328,11.92,11.348,10.678,10.062,9.47,8.914,8.413,7.96,7.518,7.088,6.719,6.429,6.199,5.986,5.798,5.615,5.421,5.227,5.051,4.884,4.737,4.617,4.513,4.409,4.312,4.193,4.036,3.856,3.678,3.498,3.317,3.138,2.961,2.78,2.6,2.415,2.225,2.031,1.843,1.657,1.481,1.317,1.163,1.016,0.875,0.747,0.631,0.528,0.433,0.347,0.273,0.214,0.167,0.124,0.092,0.071,0.052,0.033,0.021,0.015,0.012,0.008,0.004,0.002
SWZ,2010,32.495,31.208,30.163,29.336,28.701,28.233,27.905,27.692,27.569,27.51,27.492,27.492,27.473,27.403,27.266,27.12,27.01,26.557,25.596,24.317,23.046,21.689,20.589,19.941,19.571,19.138,18.741,18.173,17.307,16.271,15.294,14.304,13.509,13.027,12.741,12.431,12.154,11.771,11.194,10.5,9.856,9.235,8.654,8.143,7.687,7.239,6.804,6.431,6.142,5.915,5.706,5.523,5.348,5.168,4.988,4.828,4.677,4.547,4.442,4.352,4.263,4.179,4.069,3.92,3.741,3.565,3.386,3.205,3.024,2.843,2.659,2.476,2.288,2.097,1.905,1.717,1.533,1.359,1.199,1.051,0.91,0.775,0.653,0.544,0.447,0.359,0.279,0.212,0.161,0.122,0.085,0.061,0.048,0.035,0.02,0.011,0.009,0.007,0.005,0.002
SWZ,2011,31.658,31.931,30.888,30.011,29.282,28.689,28.206,27.815,27.535,27.369,27.277,27.202,27.131,27.038,26.897,26.692,26.478,26.301,25.803,24.83,23.56,22.304,20.965,19.897,19.292,18.973,18.595,18.252,17.74,16.928,15.942,15.015,14.076,13.306,12.811,12.487,12.142,11.826,11.412,10.823,10.129,9.483,8.857,8.279,7.776,7.335,6.903,6.484,6.13,5.86,5.651,5.462,5.299,5.143,4.978,4.814,4.665,4.528,4.406,4.304,4.213,4.123,4.036,3.924,3.773,3.594,3.418,3.238,3.057,2.877,2.698,2.516,2.335,2.151,1.964,1.777,1.595,1.417,1.248,1.094,0.954,0.819,0.692,0.577,0.477,0.39,0.309,0.239,0.182,0.137,0.102,0.071,0.051,0.041,0.029,0.016,0.01,0.008,0.006,0.002
SWZ,2012,30.441,30.199,31.454,30.653,29.939,29.306,28.752,28.256,27.799,27.451,27.241,27.118,26.986,26.844,26.678,26.465,26.189,25.908,25.664,25.119,24.129,22.867,21.62,20.295,19.253,18.689,18.424,18.098,17.81,17.351,16.591,15.653,14.771,13.882,13.137,12.627,12.266,11.883,11.527,11.083,10.48,9.785,9.135,8.504,7.926,7.431,7.003,6.586,6.182,5.846,5.594,5.404,5.234,5.09,4.953,4.803,4.651,4.517,4.391,4.277,4.178,4.085,3.992,3.903,3.789,3.636,3.458,3.28,3.098,2.915,2.736,2.56,2.38,2.2,2.02,1.836,1.654,1.476,1.304,1.141,0.993,0.858,0.731,0.61,0.503,0.411,0.334,0.26,0.198,0.151,0.114,0.084,0.056,0.041,0.033,0.023,0.013,0.008,0.006,0.003
SWZ,2013,29.1,29.493,29.727,31.03,30.468,29.916,29.379,28.863,28.352,27.828,27.414,27.159,27.002,26.813,26.6,26.361,26.074,25.729,25.38,25.067,24.474,23.467,22.208,20.969,19.656,18.639,18.115,17.9,17.628,17.393,16.989,16.279,15.386,14.55,13.709,12.985,12.461,12.062,11.643,11.246,10.77,10.154,9.456,8.801,8.165,7.587,7.099,6.683,6.278,5.891,5.571,5.337,5.165,5.015,4.892,4.771,4.637,4.498,4.375,4.261,4.155,4.058,3.964,3.869,3.776,3.66,3.505,3.325,3.145,2.962,2.779,2.601,2.424,2.247,2.069,1.89,1.711,1.533,1.359,1.191,1.034,0.892,0.764,0.643,0.529,0.429,0.346,0.277,0.211,0.158,0.122,0.091,0.064,0.043,0.031,0.025,0.017,0.01,0.006,0.003
SWZ,2014,28.012,28.882,29.494,29.875,30.617,30.296,29.905,29.463,28.986,28.459,27.869,27.386,27.087,26.898,26.652,26.367,26.054,25.694,25.28,24.861,24.48,23.839,22.813,21.558,20.325,19.023,18.03,17.547,17.382,17.163,16.983,16.632,15.973,15.125,14.335,13.54,12.839,12.3,11.863,11.406,10.969,10.461,9.83,9.13,8.471,7.828,7.25,6.769,6.365,5.974,5.601,5.298,5.081,4.929,4.798,4.693,4.591,4.472,4.345,4.235,4.133,4.035,3.94,3.843,3.746,3.65,3.531,3.375,3.193,3.013,2.827,2.643,2.464,2.29,2.113,1.938,1.762,1.585,1.411,1.242,1.079,0.928,0.792,0.669,0.555,0.447,0.355,0.28,0.22,0.162,0.119,0.092,0.068,0.044,0.029,0.022,0.017,0.012,0.007,0.003
SWZ,2015,27.449,28.511,29.289,29.812,30.106,30.2,30.12,29.892,29.545,29.107,28.565,27.908,27.356,27.013,26.791,26.487,26.131,25.744,25.312,24.827,24.338,23.888,23.2,22.155,20.905,19.679,18.387,17.418,16.976,16.863,16.696,16.57,16.272,15.664,14.863,14.117,13.37,12.691,12.138,11.663,11.169,10.69,10.15,9.505,8.804,8.138,7.49,6.912,6.437,6.045,5.668,5.31,5.024,4.826,4.692,4.58,4.495,4.41,4.306,4.192,4.094,4.004,3.912,3.82,3.722,3.623,3.524,3.402,3.244,3.061,2.878,2.692,2.506,2.328,2.154,1.98,1.806,1.632,1.459,1.289,1.125,0.967,0.822,0.691,0.575,0.467,0.366,0.281,0.215,0.164,0.114,0.078,0.062,0.044,0.026,0.014,0.012,0.009,0.007,0.003
SWZ,2016,27.516,27.57,28.459,29.14,29.625,29.929,30.077,30.104,29.932,29.54,28.993,28.37,27.644,27.02,26.605,26.314,25.943,25.521,25.09,24.643,24.167,23.692,23.26,22.604,21.614,20.431,19.274,18.054,17.153,16.77,16.709,16.594,16.52,16.25,15.634,14.801,14.025,13.243,12.531,11.955,11.462,10.948,10.448,9.894,9.247,8.554,7.896,7.258,6.691,6.233,5.858,5.499,5.162,4.892,4.706,4.581,4.477,4.4,4.321,4.216,4.1,3.997,3.902,3.805,3.708,3.605,3.5,3.395,3.267,3.106,2.922,2.738,2.55,2.364,2.187,2.014,1.841,1.669,1.5,1.333,1.169,1.011,0.86,0.724,0.604,0.499,0.399,0.31,0.238,0.181,0.136,0.093,0.064,0.052,0.036,0.02,0.012,0.009,0.007,0.003
SWZ,2017,28.108,28.542,27.669,28.386,28.969,29.418,29.728,29.933,30.065,29.95,29.513,28.859,28.155,27.36,26.664,26.178,25.817,25.381,24.892,24.417,23.957,23.491,23.029,22.614,21.993,21.058,19.943,18.857,17.709,16.876,16.553,16.544,16.48,16.458,16.215,15.593,14.731,13.923,13.107,12.364,11.764,11.253,10.719,10.198,9.631,8.984,8.298,7.649,7.021,6.467,6.025,5.667,5.327,5.009,4.757,4.583,4.467,4.371,4.304,4.228,4.124,4.003,3.898,3.797,3.696,3.593,3.485,3.374,3.264,3.131,2.967,2.781,2.595,2.406,2.22,2.043,1.872,1.701,1.532,1.367,1.204,1.048,0.898,0.754,0.626,0.516,0.422,0.332,0.254,0.196,0.147,0.108,0.073,0.052,0.041,0.028,0.016,0.009,0.007,0.003
SWZ,2018,28.963,28.796,28.728,27.767,28.311,28.797,29.207,29.524,29.785,30.024,29.965,29.484,28.722,27.937,27.074,26.308,25.749,25.32,24.816,24.263,23.743,23.27,22.814,22.366,21.968,21.382,20.501,19.456,18.439,17.363,16.599,16.336,16.379,16.365,16.395,16.18,15.552,14.659,13.821,12.97,12.196,11.573,11.044,10.49,9.947,9.368,8.72,8.041,7.401,6.782,6.243,5.816,5.477,5.155,4.857,4.622,4.46,4.352,4.265,4.205,4.134,4.031,3.908,3.798,3.693,3.586,3.478,3.364,3.249,3.133,2.995,2.827,2.64,2.452,2.263,2.076,1.9,1.731,1.561,1.395,1.234,1.077,0.927,0.784,0.647,0.528,0.428,0.346,0.264,0.198,0.153,0.115,0.081,0.053,0.038,0.03,0.021,0.011,0.006,0.003
SWZ,2019,29.697,29.018,28.582,28.355,27.892,28.263,28.652,29.025,29.351,29.667,30.013,30.008,29.483,28.614,27.747,26.815,25.976,25.346,24.847,24.276,23.657,23.092,22.605,22.159,21.724,21.343,20.79,19.964,18.987,18.04,17.034,16.339,16.136,16.23,16.268,16.35,16.163,15.527,14.603,13.733,12.848,12.04,11.394,10.848,10.273,9.708,9.115,8.465,7.794,7.161,6.551,6.024,5.613,5.291,4.989,4.708,4.49,4.341,4.242,4.165,4.112,4.046,3.942,3.816,3.702,3.592,3.48,3.367,3.249,3.127,3.004,2.862,2.691,2.502,2.313,2.122,1.936,1.759,1.591,1.424,1.26,1.103,0.952,0.808,0.671,0.541,0.431,0.341,0.27,0.198,0.142,0.111,0.081,0.053,0.033,0.024,0.019,0.014,0.007,0.003
SWZ,2020,30.034,29.086,28.459,28.109,27.989,28.052,28.253,28.544,28.88,29.214,29.587,30.04,30.091,29.52,28.541,27.592,26.589,25.678,24.975,24.405,23.766,23.08,22.47,21.969,21.532,21.108,20.743,20.225,19.452,18.542,17.664,16.729,16.1,15.957,16.104,16.193,16.327,16.167,15.522,14.566,13.665,12.742,11.902,11.23,10.665,10.069,9.481,8.871,8.22,7.554,6.928,6.327,5.812,5.416,5.111,4.827,4.567,4.365,4.227,4.137,4.067,4.023,3.962,3.858,3.729,3.611,3.496,3.379,3.26,3.137,3.009,2.881,2.734,2.559,2.368,2.177,1.985,1.798,1.621,1.453,1.288,1.128,0.973,0.827,0.688,0.559,0.437,0.334,0.255,0.194,0.131,0.087,0.069,0.048,0.026,0.013,0.011,0.008,0.006,0.002
SWZ,2021,29.719,29.61,28.874,28.387,28.117,28.025,28.067,28.199,28.425,28.725,29.039,29.369,29.767,29.763,29.138,28.109,27.113,26.063,25.121,24.414,23.861,23.239,22.576,21.995,21.533,21.141,20.763,20.445,19.974,19.246,18.378,17.54,16.646,16.038,15.885,16.002,16.061,16.161,15.974,15.314,14.353,13.443,12.512,11.665,10.993,10.432,9.84,9.257,8.658,8.018,7.367,6.757,6.171,5.67,5.286,4.992,4.718,4.468,4.271,4.134,4.04,3.965,3.916,3.848,3.741,3.606,3.484,3.365,3.242,3.118,2.99,2.858,2.726,2.576,2.401,2.211,2.022,1.832,1.649,1.477,1.315,1.156,1.002,0.856,0.722,0.597,0.478,0.37,0.283,0.214,0.161,0.107,0.072,0.057,0.04,0.021,0.011,0.008,0.006,0.002
SWZ,2022,29.041,28.426,29.241,28.715,28.369,28.178,28.113,28.134,28.199,28.361,28.625,28.919,29.207,29.551,29.491,28.812,27.733,26.686,25.586,24.613,23.901,23.362,22.757,22.114,21.562,21.138,20.789,20.457,20.186,19.759,19.076,18.248,17.45,16.597,16.008,15.845,15.932,15.961,16.028,15.814,15.138,14.169,13.248,12.306,11.453,10.778,10.219,9.631,9.053,8.46,7.832,7.195,6.598,6.026,5.538,5.167,4.883,4.617,4.377,4.186,4.049,3.949,3.871,3.816,3.743,3.629,3.491,3.364,3.239,3.112,2.983,2.849,2.714,2.577,2.425,2.249,2.059,1.871,1.684,1.504,1.337,1.18,1.027,0.88,0.742,0.619,0.507,0.398,0.304,0.233,0.176,0.128,0.084,0.057,0.045,0.032,0.017,0.008,0.006,0.002
SWZ,2023,28.191,27.989,27.895,28.907,28.592,28.387,28.273,28.236,28.235,28.233,28.331,28.56,28.834,29.081,29.371,29.256,28.521,27.389,26.291,25.139,24.135,23.418,22.892,22.302,21.678,21.155,20.768,20.463,20.176,19.95,19.569,18.93,18.142,17.381,16.568,15.998,15.825,15.882,15.881,15.916,15.673,14.981,14.002,13.071,12.116,11.255,10.578,10.02,9.434,8.858,8.273,7.655,7.03,6.447,5.889,5.414,5.053,4.779,4.523,4.292,4.106,3.969,3.864,3.781,3.72,3.641,3.523,3.38,3.248,3.117,2.985,2.85,2.713,2.572,2.432,2.276,2.1,1.91,1.723,1.538,1.361,1.198,1.046,0.899,0.758,0.629,0.517,0.417,0.319,0.238,0.184,0.137,0.096,0.061,0.042,0.033,0.023,0.012,0.006,0.002
SWZ,2024,27.454,27.614,27.774,27.932,28.578,28.474,28.407,28.373,28.363,28.342,28.272,28.305,28.499,28.753,28.958,29.196,29.024,28.235,27.049,25.899,24.697,23.659,22.935,22.424,21.85,21.245,20.751,20.401,20.139,19.897,19.717,19.382,18.785,18.037,17.316,16.542,15.991,15.808,15.835,15.804,15.806,15.535,14.827,13.839,12.895,11.929,11.059,10.379,9.821,9.238,8.666,8.088,7.479,6.868,6.296,5.752,5.29,4.94,4.675,4.428,4.207,4.026,3.888,3.78,3.691,3.625,3.54,3.416,3.269,3.132,2.996,2.858,2.719,2.576,2.431,2.287,2.129,1.951,1.762,1.576,1.392,1.219,1.059,0.913,0.771,0.636,0.515,0.414,0.329,0.24,0.172,0.134,0.097,0.063,0.037,0.027,0.021,0.015,0.008,0.002
SWZ,2025,27.045,27.386,27.672,27.906,28.094,28.239,28.346,28.42,28.464,28.482,28.44,28.303,28.272,28.43,28.665,28.828,29.011,28.784,27.939,26.701,25.5,24.246,23.176,22.447,21.949,21.391,20.805,20.339,20.027,19.809,19.613,19.478,19.188,18.636,17.928,17.245,16.511,15.981,15.786,15.782,15.723,15.691,15.393,14.667,13.671,12.716,11.738,10.859,10.176,9.62,9.039,8.471,7.898,7.3,6.702,6.144,5.613,5.163,4.825,4.569,4.333,4.121,3.945,3.807,3.694,3.601,3.528,3.438,3.31,3.158,3.015,2.875,2.732,2.586,2.439,2.29,2.141,1.98,1.802,1.612,1.428,1.246,1.075,0.92,0.778,0.643,0.514,0.402,0.312,0.239,0.16,0.106,0.083,0.058,0.03,0.014,0.012,0.009,0.006,0.003
SWZ,2026,27.007,27.043,27.328,27.583,27.809,28.003,28.172,28.32,28.413,28.436,28.41,28.332,28.163,28.098,28.223,28.425,28.557,28.708,28.461,27.612,26.382,25.189,23.947,22.893,22.184,21.711,21.179,20.619,20.177,19.884,19.682,19.502,19.382,19.098,18.54,17.819,17.123,16.373,15.827,15.618,15.601,15.527,15.48,15.173,14.448,13.457,12.509,11.538,10.668,9.992,9.443,8.87,8.31,7.747,7.157,6.568,6.019,5.497,5.054,4.718,4.463,4.227,4.014,3.837,3.694,3.576,3.477,3.398,3.302,3.17,3.015,2.869,2.726,2.581,2.432,2.282,2.131,1.982,1.822,1.646,1.463,1.285,1.111,0.948,0.805,0.677,0.552,0.437,0.342,0.263,0.198,0.132,0.087,0.069,0.048,0.025,0.012,0.009,0.007,0.003
SWZ,2027,27.278,27.371,27.032,27.26,27.486,27.703,27.904,28.095,28.284,28.398,28.401,28.328,28.215,28.014,27.916,28.008,28.177,28.277,28.397,28.128,27.276,26.054,24.871,23.641,22.602,21.916,21.467,20.96,20.427,20.009,19.736,19.55,19.384,19.279,19.003,18.44,17.704,16.995,16.23,15.669,15.445,15.415,15.327,15.264,14.948,14.223,13.239,12.298,11.335,10.474,9.805,9.263,8.698,8.146,7.592,7.012,6.433,5.893,5.379,4.942,4.609,4.356,4.119,3.906,3.727,3.58,3.457,3.352,3.266,3.166,3.029,2.872,2.723,2.577,2.429,2.279,2.125,1.972,1.822,1.663,1.492,1.314,1.142,0.975,0.821,0.689,0.575,0.46,0.36,0.282,0.216,0.158,0.103,0.069,0.055,0.037,0.019,0.01,0.007,0.003
SWZ,2028,27.756,27.547,27.422,27.026,27.199,27.394,27.602,27.809,28.024,28.253,28.386,28.369,28.252,28.102,27.87,27.739,27.797,27.935,28.002,28.09,27.802,26.946,25.732,24.558,23.338,22.316,21.651,21.226,20.745,20.238,19.844,19.591,19.42,19.27,19.181,18.91,18.341,17.594,16.87,16.091,15.515,15.276,15.232,15.128,15.051,14.726,14.002,13.025,12.09,11.135,10.281,9.619,9.085,8.528,7.986,7.44,6.869,6.299,5.767,5.262,4.832,4.502,4.249,4.012,3.799,3.619,3.467,3.339,3.229,3.136,3.029,2.89,2.729,2.577,2.429,2.278,2.124,1.969,1.815,1.663,1.505,1.337,1.165,1,0.839,0.695,0.574,0.473,0.369,0.282,0.222,0.167,0.118,0.075,0.051,0.04,0.027,0.013,0.007,0.003
SWZ,2029,28.285,27.797,27.462,27.261,27.047,27.163,27.329,27.527,27.741,27.979,28.25,28.403,28.367,28.203,28.018,27.754,27.59,27.615,27.719,27.755,27.811,27.502,26.641,25.435,24.269,23.059,22.052,21.407,21.006,20.55,20.069,19.699,19.465,19.31,19.175,19.1,18.837,18.262,17.5,16.762,15.968,15.376,15.122,15.063,14.947,14.854,14.52,13.794,12.823,11.893,10.945,10.1,9.445,8.916,8.367,7.832,7.294,6.733,6.171,5.647,5.15,4.726,4.399,4.146,3.91,3.696,3.513,3.358,3.224,3.107,3.01,2.897,2.752,2.589,2.433,2.283,2.129,1.973,1.814,1.658,1.506,1.349,1.184,1.019,0.859,0.705,0.569,0.46,0.371,0.279,0.205,0.162,0.119,0.078,0.046,0.033,0.026,0.018,0.009,0.003
SWZ,2030,28.75,28.083,27.609,27.302,27.141,27.102,27.163,27.3,27.49,27.71,27.971,28.284,28.458,28.401,28.191,27.97,27.674,27.476,27.468,27.54,27.545,27.569,27.239,26.372,25.171,24.012,22.81,21.817,21.191,20.814,20.382,19.926,19.579,19.364,19.225,19.104,19.044,18.787,18.206,17.429,16.676,15.866,15.258,14.989,14.916,14.785,14.677,14.333,13.606,12.638,11.714,10.771,9.93,9.282,8.759,8.216,7.688,7.158,6.604,6.05,5.535,5.045,4.626,4.302,4.049,3.812,3.597,3.412,3.252,3.113,2.991,2.887,2.768,2.619,2.452,2.293,2.139,1.983,1.824,1.663,1.504,1.35,1.194,1.034,0.872,0.719,0.571,0.444,0.346,0.271,0.188,0.128,0.102,0.072,0.037,0.019,0.014,0.011,0.008,0.003
SWZ,2031,28.984,28.56,27.981,27.559,27.281,27.127,27.075,27.1,27.216,27.421,27.675,27.958,28.288,28.478,28.438,28.246,28.038,27.756,27.565,27.551,27.609,27.6,27.607,27.258,26.371,25.149,23.967,22.742,21.726,21.075,20.673,20.217,19.738,19.373,19.149,19.009,18.886,18.826,18.571,17.997,17.229,16.486,15.689,15.087,14.817,14.739,14.603,14.489,14.143,13.419,12.458,11.538,10.6,9.764,9.116,8.592,8.049,7.52,6.991,6.441,5.892,5.381,4.896,4.48,4.157,3.906,3.671,3.457,3.272,3.11,2.967,2.841,2.733,2.612,2.461,2.292,2.133,1.979,1.823,1.665,1.507,1.352,1.203,1.054,0.905,0.758,0.617,0.484,0.377,0.292,0.225,0.154,0.106,0.085,0.059,0.03,0.015,0.012,0.008,0.003
SWZ,2032,29.163,28.493,28.41,27.915,27.548,27.297,27.151,27.084,27.074,27.172,27.389,27.678,27.985,28.331,28.538,28.514,28.338,28.146,27.876,27.691,27.671,27.717,27.692,27.683,27.315,26.407,25.161,23.956,22.706,21.664,20.987,20.56,20.081,19.577,19.194,18.963,18.819,18.694,18.633,18.38,17.813,17.053,16.319,15.532,14.938,14.667,14.582,14.441,14.323,13.974,13.251,12.294,11.378,10.445,9.611,8.963,8.437,7.893,7.362,6.833,6.286,5.741,5.235,4.753,4.339,4.019,3.768,3.534,3.322,3.136,2.972,2.825,2.696,2.584,2.46,2.306,2.136,1.975,1.821,1.666,1.51,1.354,1.203,1.057,0.915,0.778,0.647,0.516,0.399,0.311,0.239,0.179,0.121,0.084,0.066,0.047,0.024,0.012,0.008,0.003
SWZ,2033,29.298,28.738,28.282,28.284,27.873,27.558,27.334,27.195,27.116,27.07,27.148,27.38,27.704,28.033,28.396,28.62,28.614,28.453,28.275,28.02,27.841,27.816,27.847,27.807,27.782,27.394,26.463,25.194,23.963,22.689,21.62,20.918,20.465,19.96,19.432,19.031,18.79,18.643,18.517,18.455,18.204,17.642,16.891,16.166,15.39,14.801,14.529,14.438,14.292,14.168,13.815,13.095,12.141,11.229,10.298,9.466,8.817,8.29,7.744,7.212,6.683,6.137,5.596,5.092,4.614,4.202,3.884,3.634,3.401,3.189,3.003,2.836,2.685,2.552,2.437,2.309,2.154,1.982,1.819,1.665,1.51,1.356,1.203,1.055,0.912,0.778,0.652,0.534,0.416,0.313,0.245,0.186,0.134,0.088,0.062,0.049,0.034,0.018,0.009,0.004
SWZ,2034,29.421,28.987,28.602,28.266,28.16,27.834,27.572,27.376,27.244,27.15,27.069,27.127,27.373,27.732,28.085,28.465,28.706,28.717,28.572,28.408,28.166,27.992,27.962,27.98,27.925,27.883,27.477,26.523,25.23,23.973,22.674,21.579,20.85,20.371,19.841,19.289,18.87,18.619,18.47,18.343,18.278,18.03,17.473,16.73,16.014,15.249,14.666,14.392,14.296,14.144,14.015,13.659,12.94,11.99,11.08,10.152,9.323,8.672,8.143,7.595,7.061,6.531,5.988,5.45,4.95,4.474,4.067,3.75,3.5,3.267,3.057,2.87,2.701,2.545,2.409,2.29,2.159,2.001,1.827,1.664,1.509,1.355,1.202,1.051,0.907,0.767,0.64,0.525,0.423,0.314,0.228,0.18,0.133,0.088,0.055,0.04,0.032,0.021,0.011,0.004
SWZ,2035,29.557,29.226,28.902,28.591,28.298,28.028,27.786,27.578,27.409,27.284,27.176,27.06,27.099,27.359,27.752,28.128,28.524,28.783,28.811,28.681,28.532,28.305,28.137,28.1,28.105,28.036,27.977,27.55,26.575,25.257,23.977,22.652,21.531,20.776,20.271,19.716,19.139,18.702,18.443,18.291,18.161,18.097,17.851,17.3,16.564,15.857,15.103,14.527,14.251,14.149,13.992,13.858,13.499,12.779,11.834,10.927,10.003,9.175,8.525,7.993,7.444,6.908,6.378,5.837,5.304,4.807,4.334,3.929,3.613,3.364,3.133,2.923,2.736,2.564,2.405,2.265,2.143,2.008,1.847,1.672,1.508,1.352,1.198,1.046,0.899,0.757,0.622,0.501,0.398,0.311,0.214,0.142,0.114,0.08,0.042,0.022,0.018,0.013,0.009,0.004
SWZ,2036,29.717,29.523,29.202,28.885,28.578,28.287,28.016,27.771,27.567,27.411,27.308,27.219,27.12,27.175,27.453,27.862,28.252,28.662,28.927,28.95,28.808,28.646,28.402,28.215,28.155,28.132,28.035,27.948,27.493,26.494,25.153,23.85,22.503,21.367,20.605,20.101,19.548,18.974,18.539,18.281,18.129,18,17.937,17.692,17.144,16.41,15.706,14.953,14.377,14.096,13.986,13.821,13.678,13.314,12.594,11.65,10.746,9.824,8.998,8.347,7.816,7.267,6.731,6.202,5.666,5.136,4.643,4.175,3.773,3.459,3.212,2.982,2.776,2.588,2.414,2.252,2.109,1.984,1.85,1.691,1.519,1.359,1.208,1.06,0.919,0.783,0.652,0.53,0.428,0.338,0.259,0.176,0.119,0.095,0.066,0.035,0.019,0.015,0.01,0.004
SWZ,2037,29.877,29.676,29.482,29.172,28.863,28.559,28.271,28,27.751,27.549,27.409,27.326,27.256,27.174,27.247,27.542,27.967,28.371,28.794,29.065,29.084,28.929,28.752,28.495,28.287,28.204,28.153,28.029,27.913,27.431,26.406,25.043,23.718,22.349,21.198,20.431,19.927,19.376,18.805,18.373,18.116,17.964,17.836,17.773,17.531,16.985,16.253,15.55,14.801,14.224,13.939,13.819,13.647,13.496,13.126,12.406,11.465,10.562,9.643,8.818,8.17,7.637,7.088,6.553,6.026,5.493,4.968,4.478,4.014,3.616,3.305,3.06,2.832,2.626,2.44,2.264,2.099,1.953,1.826,1.691,1.533,1.365,1.209,1.062,0.922,0.791,0.668,0.546,0.438,0.354,0.277,0.207,0.139,0.094,0.075,0.052,0.027,0.015,0.01,0.004
SWZ,2038,30.018,29.862,29.656,29.436,29.137,28.834,28.535,28.249,27.978,27.726,27.526,27.4,27.338,27.287,27.223,27.313,27.624,28.065,28.483,28.921,29.197,29.211,29.044,28.854,28.58,28.355,28.246,28.169,28.016,27.872,27.363,26.313,24.928,23.581,22.191,21.024,20.251,19.749,19.199,18.632,18.203,17.946,17.794,17.667,17.606,17.366,16.822,16.092,15.392,14.646,14.068,13.777,13.65,13.47,13.311,12.936,12.215,11.276,10.376,9.46,8.637,7.989,7.456,6.908,6.374,5.849,5.318,4.797,4.313,3.852,3.458,3.15,2.906,2.68,2.476,2.291,2.113,1.945,1.796,1.668,1.531,1.376,1.211,1.059,0.917,0.783,0.662,0.552,0.441,0.346,0.279,0.215,0.154,0.101,0.07,0.055,0.038,0.02,0.01,0.004
SWZ,2039,30.119,30.008,29.84,29.625,29.385,29.098,28.802,28.507,28.223,27.952,27.697,27.501,27.389,27.347,27.316,27.268,27.376,27.705,28.16,28.593,29.044,29.325,29.336,29.156,28.953,28.663,28.418,28.286,28.181,28.001,27.828,27.292,26.217,24.81,23.442,22.03,20.849,20.071,19.569,19.021,18.457,18.031,17.775,17.623,17.497,17.437,17.198,16.657,15.93,15.232,14.488,13.911,13.615,13.479,13.292,13.124,12.743,12.022,11.087,10.189,9.275,8.455,7.807,7.275,6.727,6.194,5.671,5.143,4.628,4.147,3.692,3.3,2.995,2.752,2.528,2.327,2.141,1.962,1.791,1.639,1.508,1.372,1.217,1.057,0.91,0.771,0.645,0.535,0.437,0.335,0.254,0.205,0.154,0.102,0.063,0.045,0.036,0.024,0.012,0.004
SWZ,2040,30.163,30.107,29.985,29.809,29.589,29.335,29.059,28.769,28.479,28.197,27.925,27.668,27.475,27.377,27.357,27.343,27.313,27.438,27.783,28.255,28.702,29.165,29.453,29.458,29.267,29.05,28.746,28.481,28.324,28.193,27.985,27.783,27.22,26.122,24.692,23.302,21.868,20.673,19.889,19.389,18.842,18.282,17.859,17.603,17.451,17.326,17.268,17.031,16.492,15.767,15.071,14.331,13.753,13.452,13.308,13.113,12.938,12.552,11.83,10.897,10.002,9.091,8.272,7.626,7.094,6.546,6.014,5.493,4.969,4.457,3.982,3.53,3.142,2.839,2.598,2.376,2.176,1.992,1.811,1.636,1.483,1.35,1.212,1.06,0.903,0.76,0.626,0.507,0.406,0.321,0.229,0.162,0.131,0.093,0.05,0.026,0.02,0.016,0.01,0.004
SWZ,2041,30.162,30.158,30.089,29.959,29.78,29.56,29.311,29.04,28.761,28.484,28.219,27.965,27.724,27.549,27.469,27.466,27.466,27.451,27.582,27.923,28.383,28.816,29.264,29.533,29.515,29.298,29.054,28.723,28.431,28.245,28.085,27.849,27.62,27.039,25.936,24.511,23.127,21.699,20.509,19.73,19.232,18.69,18.134,17.713,17.455,17.295,17.163,17.097,16.855,16.314,15.591,14.894,14.155,13.575,13.265,13.111,12.905,12.718,12.326,11.604,10.676,9.784,8.878,8.064,7.418,6.885,6.337,5.806,5.286,4.769,4.264,3.795,3.35,2.969,2.669,2.431,2.212,2.017,1.836,1.658,1.485,1.335,1.204,1.072,0.931,0.787,0.654,0.534,0.432,0.344,0.268,0.189,0.135,0.108,0.077,0.041,0.022,0.017,0.011,0.005
SWZ,2042,30.107,30.178,30.15,30.069,29.932,29.749,29.53,29.284,29.019,28.751,28.488,28.24,28.004,27.779,27.623,27.559,27.573,27.589,27.587,27.725,28.061,28.508,28.927,29.36,29.609,29.568,29.325,29.055,28.699,28.378,28.164,27.975,27.712,27.455,26.855,25.748,24.329,22.949,21.528,20.345,19.569,19.074,18.535,17.985,17.565,17.303,17.137,16.998,16.925,16.677,16.135,15.412,14.717,13.978,13.395,13.077,12.912,12.696,12.499,12.1,11.378,10.454,9.566,8.664,7.854,7.208,6.675,6.129,5.596,5.081,4.567,4.07,3.608,3.17,2.795,2.5,2.264,2.048,1.857,1.679,1.503,1.334,1.186,1.059,0.934,0.802,0.672,0.548,0.441,0.357,0.283,0.214,0.149,0.106,0.086,0.061,0.032,0.017,0.011,0.006
SWZ,2043,30.008,30.143,30.192,30.138,30.046,29.902,29.715,29.496,29.253,28.996,28.736,28.489,28.257,28.038,27.831,27.692,27.646,27.676,27.707,27.719,27.863,28.196,28.63,29.036,29.453,29.682,29.619,29.35,29.054,28.67,28.322,28.079,27.862,27.571,27.287,26.669,25.558,24.144,22.769,21.355,20.178,19.407,18.914,18.378,17.834,17.416,17.151,16.978,16.832,16.752,16.498,15.954,15.232,14.538,13.799,13.214,12.888,12.711,12.485,12.279,11.873,11.151,10.23,9.347,8.45,7.642,6.998,6.465,5.918,5.388,4.873,4.366,3.876,3.42,2.991,2.621,2.33,2.097,1.884,1.697,1.521,1.349,1.182,1.038,0.914,0.794,0.674,0.556,0.442,0.35,0.283,0.221,0.161,0.109,0.079,0.063,0.044,0.023,0.011,0.006
SWZ,2044,29.881,30.071,30.172,30.193,30.124,30.019,29.867,29.677,29.458,29.22,28.968,28.718,28.485,28.271,28.069,27.88,27.758,27.73,27.775,27.822,27.849,27.999,28.327,28.748,29.141,29.541,29.752,29.665,29.371,29.048,28.638,28.262,27.99,27.745,27.427,27.115,26.479,25.364,23.955,22.586,21.179,20.008,19.241,18.751,18.219,17.68,17.265,16.995,16.816,16.663,16.576,16.317,15.772,15.05,14.356,13.619,13.03,12.697,12.509,12.273,12.056,11.644,10.922,10.007,9.126,8.235,7.43,6.788,6.253,5.707,5.178,4.666,4.163,3.68,3.232,2.81,2.447,2.159,1.929,1.719,1.536,1.364,1.194,1.031,0.89,0.768,0.655,0.545,0.439,0.337,0.257,0.209,0.159,0.107,0.069,0.051,0.041,0.029,0.015,0.006
SWZ,2045,29.74,29.968,30.111,30.174,30.17,30.104,29.987,29.828,29.635,29.416,29.181,28.936,28.697,28.477,28.281,28.096,27.924,27.82,27.81,27.872,27.933,27.973,28.131,28.454,28.863,29.242,29.625,29.817,29.707,29.387,29.038,28.602,28.198,27.899,27.625,27.28,26.94,26.286,25.166,23.764,22.4,21,19.836,19.073,18.585,18.058,17.524,17.111,16.839,16.652,16.494,16.397,16.133,15.587,14.867,14.173,13.437,12.846,12.505,12.305,12.06,11.831,11.413,10.692,9.78,8.905,8.018,7.218,6.576,6.041,5.496,4.966,4.457,3.96,3.486,3.044,2.629,2.272,1.989,1.761,1.555,1.375,1.207,1.04,0.879,0.741,0.623,0.515,0.415,0.324,0.231,0.165,0.134,0.096,0.054,0.03,0.024,0.018,0.012,0.006
SWZ,2046,29.606,29.768,29.965,30.086,30.14,30.134,30.075,29.973,29.829,29.65,29.446,29.226,28.998,28.777,28.574,28.394,28.225,28.067,27.97,27.957,28.007,28.056,28.082,28.221,28.522,28.905,29.257,29.614,29.777,29.64,29.293,28.917,28.455,28.033,27.723,27.446,27.099,26.758,26.106,24.991,23.596,22.24,20.85,19.692,18.928,18.436,17.905,17.368,16.948,16.668,16.473,16.304,16.197,15.925,15.375,14.654,13.959,13.222,12.627,12.277,12.067,11.809,11.57,11.146,10.423,9.516,8.643,7.761,6.966,6.326,5.793,5.252,4.725,4.222,3.734,3.269,2.839,2.437,2.091,1.817,1.597,1.399,1.228,1.071,0.915,0.767,0.639,0.533,0.44,0.352,0.27,0.191,0.137,0.111,0.079,0.044,0.024,0.018,0.012,0.006
SWZ,2047,29.458,29.722,29.79,29.955,30.056,30.101,30.092,30.04,29.952,29.825,29.659,29.468,29.265,29.055,28.851,28.667,28.503,28.348,28.204,28.114,28.097,28.138,28.173,28.185,28.306,28.583,28.941,29.266,29.596,29.732,29.567,29.192,28.791,28.303,27.862,27.542,27.262,26.912,26.57,25.92,24.811,23.423,22.076,20.694,19.543,18.779,18.283,17.748,17.207,16.782,16.494,16.29,16.111,15.994,15.713,15.16,14.438,13.741,13.005,12.406,12.047,11.824,11.556,11.307,10.875,10.152,9.248,8.38,7.504,6.712,6.075,5.544,5.005,4.483,3.987,3.507,3.054,2.634,2.243,1.908,1.643,1.432,1.243,1.081,0.933,0.789,0.653,0.535,0.442,0.364,0.289,0.217,0.15,0.109,0.088,0.063,0.035,0.019,0.013,0.006
SWZ,2048,29.305,29.567,29.768,29.807,29.939,30.021,30.054,30.046,30.001,29.927,29.814,29.664,29.485,29.299,29.105,28.92,28.752,28.606,28.466,28.337,28.254,28.233,28.263,28.286,28.284,28.386,28.641,28.973,29.27,29.573,29.68,29.488,29.087,28.66,28.145,27.685,27.355,27.073,26.721,26.378,25.729,24.626,23.246,21.908,20.537,19.39,18.627,18.126,17.587,17.043,16.613,16.317,16.103,15.916,15.787,15.499,14.942,14.219,13.521,12.785,12.183,11.815,11.58,11.301,11.041,10.602,9.88,8.979,8.115,7.244,6.457,5.822,5.294,4.759,4.241,3.75,3.279,2.837,2.429,2.05,1.726,1.47,1.267,1.087,0.934,0.795,0.663,0.54,0.432,0.352,0.289,0.225,0.163,0.11,0.081,0.065,0.046,0.026,0.013,0.006
SWZ,2049,29.162,29.408,29.609,29.765,29.82,29.921,29.981,30.005,29.994,29.956,29.897,29.801,29.663,29.498,29.328,29.152,28.985,28.835,28.705,28.581,28.465,28.389,28.365,28.383,28.395,28.378,28.462,28.694,29,29.27,29.546,29.626,29.404,28.977,28.523,27.985,27.504,27.165,26.881,26.526,26.182,25.536,24.439,23.067,21.737,20.375,19.235,18.472,17.967,17.425,16.877,16.441,16.137,15.914,15.717,15.579,15.282,14.722,13.999,13.3,12.562,11.958,11.582,11.334,11.045,10.774,10.328,9.606,8.709,7.85,6.983,6.201,5.57,5.044,4.511,3.997,3.513,3.051,2.62,2.223,1.856,1.543,1.296,1.101,0.931,0.786,0.659,0.538,0.426,0.329,0.261,0.213,0.162,0.109,0.07,0.053,0.042,0.029,0.016,0.007
SWZ,2050,29.034,29.257,29.447,29.605,29.732,29.829,29.896,29.937,29.951,29.939,29.908,29.862,29.782,29.659,29.507,29.353,29.195,29.046,28.914,28.799,28.691,28.59,28.52,28.493,28.501,28.5,28.468,28.534,28.743,29.023,29.266,29.514,29.566,29.318,28.864,28.384,27.82,27.32,26.972,26.685,26.328,25.983,25.338,24.247,22.883,21.563,20.212,19.078,18.314,17.806,17.26,16.709,16.267,15.956,15.724,15.518,15.368,15.064,14.5,13.776,13.076,12.339,11.732,11.345,11.086,10.787,10.505,10.053,9.33,8.439,7.583,6.722,5.945,5.317,4.793,4.263,3.753,3.275,2.823,2.401,2.017,1.662,1.36,1.122,0.936,0.774,0.639,0.521,0.411,0.313,0.226,0.169,0.137,0.099,0.055,0.03,0.025,0.019,0.013,0.007
SWZ,2051,28.95,29.053,29.255,29.43,29.581,29.708,29.808,29.885,29.938,29.966,29.97,29.955,29.927,29.865,29.758,29.624,29.484,29.34,29.198,29.063,28.939,28.818,28.703,28.616,28.568,28.55,28.524,28.469,28.507,28.688,28.94,29.158,29.378,29.41,29.152,28.695,28.215,27.65,27.151,26.802,26.513,26.155,25.81,25.167,24.078,22.715,21.395,20.045,18.91,18.142,17.627,17.075,16.517,16.067,15.746,15.501,15.282,15.119,14.805,14.237,13.514,12.814,12.078,11.466,11.069,10.793,10.479,10.182,9.722,8.999,8.115,7.267,6.415,5.646,5.025,4.507,3.987,3.486,3.02,2.585,2.184,1.82,1.486,1.204,0.984,0.814,0.665,0.547,0.446,0.35,0.262,0.186,0.141,0.114,0.082,0.046,0.025,0.02,0.013,0.007
SWZ,2052,28.884,29.033,29.067,29.246,29.407,29.55,29.675,29.781,29.867,29.931,29.973,29.992,29.995,29.984,29.94,29.851,29.733,29.608,29.479,29.344,29.205,29.07,28.937,28.809,28.705,28.634,28.594,28.543,28.462,28.473,28.627,28.85,29.041,29.234,29.246,28.979,28.521,28.038,27.475,26.976,26.625,26.334,25.977,25.632,24.99,23.902,22.541,21.223,19.874,18.738,17.966,17.444,16.885,16.321,15.863,15.53,15.274,15.043,14.866,14.542,13.972,13.248,12.548,11.813,11.199,10.789,10.497,10.168,9.856,9.387,8.666,7.789,6.949,6.105,5.346,4.732,4.221,3.71,3.218,2.764,2.347,1.967,1.623,1.308,1.046,0.845,0.69,0.556,0.455,0.369,0.287,0.211,0.148,0.112,0.09,0.064,0.036,0.02,0.013,0.007
SWZ,2053,28.831,28.935,29.046,29.074,29.231,29.378,29.513,29.637,29.747,29.843,29.92,29.975,30.009,30.029,30.035,30.008,29.938,29.836,29.727,29.611,29.484,29.342,29.197,29.052,28.91,28.787,28.697,28.632,28.556,28.449,28.434,28.559,28.756,28.919,29.085,29.076,28.801,28.341,27.857,27.293,26.795,26.444,26.152,25.794,25.449,24.808,23.721,22.363,21.046,19.698,18.562,17.786,17.258,16.693,16.122,15.656,15.313,15.045,14.801,14.61,14.277,13.703,12.979,12.279,11.546,10.928,10.507,10.198,9.855,9.529,9.052,8.331,7.461,6.629,5.795,5.045,4.438,3.934,3.431,2.95,2.509,2.109,1.749,1.424,1.131,0.89,0.705,0.567,0.447,0.362,0.293,0.225,0.159,0.109,0.084,0.067,0.048,0.026,0.013,0.007
SWZ,2054,28.78,28.844,28.924,29.017,29.078,29.212,29.344,29.473,29.595,29.709,29.814,29.903,29.973,30.021,30.057,30.082,30.073,30.021,29.935,29.841,29.74,29.619,29.476,29.319,29.162,29.006,28.867,28.754,28.666,28.565,28.432,28.39,28.488,28.657,28.793,28.931,28.903,28.618,28.156,27.672,27.108,26.61,26.258,25.964,25.606,25.262,24.622,23.537,22.181,20.866,19.519,18.383,17.604,17.069,16.497,15.92,15.446,15.092,14.812,14.556,14.353,14.01,13.432,12.709,12.009,11.278,10.656,10.223,9.898,9.54,9.199,8.714,7.995,7.133,6.308,5.484,4.743,4.143,3.647,3.153,2.68,2.253,1.869,1.53,1.227,0.955,0.732,0.566,0.444,0.337,0.269,0.218,0.164,0.108,0.07,0.054,0.043,0.03,0.017,0.007
SWZ,2055,28.728,28.758,28.812,28.885,28.975,29.077,29.189,29.306,29.427,29.548,29.668,29.781,29.883,29.966,30.03,30.083,30.126,30.134,30.098,30.029,29.951,29.864,29.751,29.603,29.436,29.269,29.098,28.941,28.808,28.696,28.569,28.412,28.344,28.413,28.554,28.662,28.774,28.726,28.431,27.969,27.483,26.92,26.422,26.069,25.774,25.415,25.072,24.432,23.351,21.996,20.683,19.339,18.202,17.419,16.878,16.301,15.717,15.235,14.87,14.578,14.31,14.093,13.741,13.16,12.437,11.737,11.008,10.382,9.938,9.596,9.224,8.869,8.375,7.658,6.803,5.986,5.172,4.44,3.849,3.359,2.874,2.411,1.996,1.63,1.311,1.029,0.778,0.575,0.426,0.32,0.229,0.177,0.141,0.101,0.056,0.031,0.026,0.02,0.013,0.007
SWZ,2056,28.693,28.714,28.749,28.805,28.879,28.969,29.069,29.178,29.3,29.434,29.576,29.713,29.845,29.964,30.065,30.145,30.213,30.27,30.286,30.247,30.168,30.078,29.978,29.846,29.679,29.489,29.296,29.101,28.919,28.759,28.622,28.471,28.288,28.201,28.261,28.398,28.503,28.612,28.562,28.267,27.804,27.318,26.755,26.257,25.898,25.594,25.226,24.874,24.228,23.143,21.789,20.475,19.13,17.99,17.2,16.651,16.065,15.472,14.98,14.604,14.298,14.017,13.786,13.423,12.836,12.112,11.41,10.68,10.05,9.592,9.231,8.843,8.475,7.975,7.261,6.421,5.617,4.82,4.106,3.533,3.064,2.6,2.16,1.77,1.433,1.144,0.885,0.663,0.493,0.363,0.269,0.189,0.147,0.117,0.084,0.046,0.026,0.02,0.013,0.007
SWZ,2057,28.654,28.653,28.696,28.735,28.793,28.868,28.957,29.057,29.163,29.288,29.436,29.598,29.754,29.903,30.04,30.159,30.255,30.339,30.41,30.433,30.392,30.301,30.199,30.086,29.938,29.75,29.536,29.319,29.099,28.89,28.706,28.543,28.368,28.16,28.054,28.104,28.238,28.339,28.446,28.395,28.098,27.634,27.148,26.588,26.087,25.722,25.409,25.034,24.671,24.019,22.932,21.578,20.263,18.918,17.775,16.979,16.42,15.825,15.225,14.722,14.335,14.016,13.722,13.477,13.103,12.511,11.784,11.08,10.351,9.715,9.243,8.865,8.463,8.079,7.571,6.864,6.036,5.248,4.466,3.77,3.217,2.768,2.326,1.909,1.544,1.235,0.976,0.74,0.549,0.409,0.301,0.216,0.15,0.118,0.093,0.066,0.037,0.02,0.013,0.007
SWZ,2058,28.611,28.606,28.621,28.674,28.716,28.776,28.851,28.941,29.04,29.143,29.271,29.434,29.615,29.79,29.957,30.112,30.247,30.36,30.46,30.545,30.575,30.531,30.43,30.317,30.189,30.024,29.815,29.579,29.338,29.092,28.858,28.648,28.46,28.259,28.027,27.903,27.943,28.072,28.17,28.274,28.222,27.924,27.459,26.974,26.415,25.914,25.542,25.219,24.836,24.464,23.806,22.717,21.363,20.049,18.703,17.557,16.754,16.187,15.583,14.975,14.463,14.063,13.731,13.424,13.165,12.78,12.183,11.454,10.748,10.02,9.379,8.894,8.498,8.079,7.681,7.167,6.465,5.651,4.877,4.111,3.434,2.9,2.472,2.052,1.657,1.317,1.037,0.807,0.596,0.434,0.326,0.238,0.164,0.111,0.087,0.069,0.049,0.027,0.013,0.007
SWZ,2059,28.563,28.561,28.572,28.597,28.646,28.693,28.755,28.83,28.92,29.018,29.117,29.25,29.426,29.627,29.82,30.006,30.178,30.331,30.461,30.574,30.674,30.711,30.665,30.554,30.428,30.288,30.105,29.876,29.616,29.35,29.08,28.821,28.585,28.371,28.147,27.89,27.746,27.777,27.903,27.997,28.098,28.044,27.746,27.279,26.794,26.237,25.736,25.358,25.026,24.635,24.253,23.588,22.497,21.146,19.831,18.484,17.335,16.527,15.951,15.339,14.722,14.2,13.788,13.444,13.123,12.851,12.455,11.853,11.122,10.415,9.686,9.041,8.542,8.129,7.695,7.282,6.761,6.065,5.265,4.506,3.756,3.098,2.583,2.175,1.777,1.405,1.091,0.839,0.638,0.451,0.319,0.243,0.175,0.113,0.072,0.057,0.045,0.032,0.017,0.007
SWZ,2060,28.51,28.513,28.524,28.544,28.573,28.613,28.664,28.728,28.804,28.893,28.99,29.088,29.223,29.413,29.635,29.846,30.049,30.239,30.409,30.556,30.684,30.798,30.843,30.793,30.672,30.535,30.381,30.18,29.931,29.647,29.358,29.064,28.778,28.517,28.278,28.029,27.747,27.585,27.605,27.727,27.819,27.917,27.861,27.562,27.095,26.611,26.055,25.552,25.169,24.829,24.428,24.038,23.366,22.275,20.923,19.609,18.262,17.112,16.297,15.712,15.092,14.467,13.935,13.512,13.154,12.821,12.534,12.128,11.521,10.788,10.079,9.351,8.701,8.19,7.758,7.309,6.882,6.355,5.663,4.878,4.133,3.4,2.76,2.265,1.878,1.502,1.154,0.864,0.64,0.47,0.308,0.204,0.16,0.112,0.061,0.034,0.028,0.02,0.014,0.007
SWZ,2061,28.475,28.503,28.507,28.518,28.537,28.567,28.606,28.655,28.722,28.812,28.922,29.037,29.152,29.306,29.513,29.752,29.978,30.194,30.393,30.56,30.696,30.813,30.913,30.941,30.871,30.727,30.566,30.386,30.162,29.887,29.579,29.265,28.946,28.644,28.375,28.135,27.885,27.603,27.441,27.458,27.577,27.665,27.76,27.701,27.395,26.92,26.427,25.864,25.351,24.957,24.605,24.192,23.789,23.109,22.011,20.66,19.343,17.994,16.84,16.018,15.425,14.796,14.163,13.62,13.181,12.807,12.456,12.151,11.732,11.118,10.384,9.674,8.948,8.295,7.771,7.324,6.862,6.423,5.896,5.223,4.47,3.757,3.057,2.453,1.993,1.642,1.297,0.987,0.742,0.547,0.394,0.254,0.171,0.134,0.092,0.05,0.028,0.022,0.014,0.007
SWZ,2062,28.433,28.454,28.491,28.497,28.507,28.527,28.556,28.594,28.64,28.712,28.815,28.945,29.079,29.212,29.383,29.608,29.863,30.105,30.336,30.542,30.706,30.831,30.937,31.024,31.034,30.944,30.777,30.591,30.388,30.138,29.838,29.506,29.169,28.824,28.505,28.227,27.988,27.736,27.455,27.292,27.307,27.421,27.506,27.599,27.535,27.223,26.741,26.24,25.669,25.147,24.741,24.377,23.953,23.536,22.846,21.745,20.392,19.073,17.722,16.565,15.736,15.133,14.497,13.857,13.302,12.849,12.456,12.088,11.766,11.333,10.713,9.977,9.266,8.543,7.888,7.352,6.888,6.413,5.962,5.436,4.783,4.061,3.38,2.714,2.144,1.721,1.406,1.091,0.82,0.619,0.454,0.317,0.201,0.136,0.106,0.074,0.039,0.022,0.014,0.007
SWZ,2063,28.383,28.419,28.444,28.475,28.481,28.493,28.51,28.54,28.577,28.621,28.697,28.814,28.964,29.115,29.266,29.455,29.698,29.969,30.227,30.472,30.685,30.847,30.962,31.055,31.129,31.123,31.012,30.821,30.612,30.384,30.109,29.784,29.427,29.066,28.698,28.36,28.076,27.835,27.582,27.301,27.138,27.151,27.261,27.343,27.433,27.366,27.047,26.556,26.047,25.469,24.938,24.521,24.145,23.708,23.279,22.579,21.474,20.12,18.8,17.449,16.287,15.452,14.841,14.196,13.547,12.982,12.513,12.104,11.719,11.379,10.932,10.306,9.569,8.857,8.137,7.478,6.93,6.45,5.963,5.501,4.976,4.342,3.652,3.003,2.37,1.835,1.449,1.17,0.884,0.652,0.496,0.36,0.24,0.148,0.101,0.079,0.055,0.029,0.015,0.007
SWZ,2064,28.328,28.376,28.41,28.434,28.452,28.46,28.471,28.49,28.518,28.554,28.597,28.676,28.807,28.976,29.147,29.315,29.523,29.783,30.071,30.342,30.602,30.822,30.981,31.086,31.168,31.229,31.206,31.074,30.86,30.627,30.374,30.074,29.725,29.344,28.959,28.566,28.212,27.92,27.678,27.425,27.143,26.979,26.99,27.096,27.174,27.263,27.19,26.865,26.366,25.85,25.265,24.724,24.297,23.908,23.46,23.018,22.309,21.2,19.846,18.525,17.171,16.006,15.165,14.545,13.891,13.235,12.66,12.176,11.75,11.347,10.989,10.53,9.897,9.158,8.447,7.729,7.068,6.508,6.012,5.512,5.038,4.514,3.899,3.242,2.624,2.025,1.527,1.176,0.934,0.678,0.485,0.373,0.267,0.165,0.095,0.068,0.052,0.036,0.019,0.007
SWZ,2065,28.267,28.328,28.37,28.398,28.415,28.426,28.435,28.446,28.464,28.492,28.527,28.568,28.651,28.795,28.985,29.174,29.36,29.585,29.863,30.167,30.454,30.728,30.954,31.111,31.205,31.276,31.323,31.283,31.131,30.894,30.637,30.359,30.035,29.66,29.255,28.846,28.43,28.058,27.758,27.515,27.262,26.981,26.817,26.824,26.926,27.001,27.087,27.011,26.679,26.173,25.649,25.056,24.506,24.068,23.667,23.207,22.753,22.035,20.922,19.568,18.245,16.89,15.723,14.875,14.247,13.585,12.921,12.336,11.838,11.393,10.973,10.598,10.125,9.487,8.747,8.035,7.32,6.656,6.084,5.572,5.06,4.574,4.051,3.457,2.831,2.246,1.68,1.217,0.903,0.697,0.472,0.317,0.25,0.173,0.088,0.042,0.033,0.026,0.017,0.008
SWZ,2066,28.227,28.276,28.327,28.363,28.387,28.403,28.414,28.426,28.444,28.475,28.521,28.575,28.633,28.734,28.896,29.102,29.307,29.507,29.74,30.015,30.309,30.585,30.846,31.056,31.192,31.264,31.31,31.332,31.267,31.09,30.83,30.548,30.247,29.905,29.523,29.119,28.709,28.293,27.922,27.622,27.378,27.123,26.843,26.676,26.675,26.764,26.828,26.901,26.812,26.469,25.951,25.415,24.811,24.248,23.795,23.378,22.902,22.432,21.701,20.585,19.23,17.907,16.552,15.381,14.525,13.884,13.211,12.538,11.939,11.424,10.96,10.523,10.131,9.645,9.002,8.263,7.553,6.845,6.187,5.617,5.107,4.6,4.12,3.617,3.063,2.493,1.947,1.438,1.048,0.774,0.585,0.391,0.265,0.208,0.143,0.072,0.037,0.028,0.018,0.008
SWZ,2067,28.18,28.259,28.279,28.322,28.35,28.37,28.385,28.398,28.411,28.437,28.481,28.545,28.616,28.692,28.812,28.992,29.214,29.435,29.649,29.89,30.162,30.446,30.711,30.959,31.152,31.267,31.316,31.338,31.336,31.247,31.045,30.759,30.455,30.13,29.77,29.382,28.977,28.567,28.152,27.781,27.481,27.236,26.981,26.7,26.529,26.519,26.598,26.649,26.709,26.607,26.253,25.724,25.177,24.561,23.986,23.517,23.086,22.594,22.107,21.364,20.243,18.889,17.565,16.21,15.036,14.172,13.519,12.835,12.151,11.54,11.008,10.526,10.072,9.661,9.163,8.515,7.777,7.07,6.368,5.716,5.149,4.64,4.139,3.665,3.182,2.669,2.154,1.647,1.195,0.878,0.645,0.472,0.309,0.212,0.167,0.115,0.057,0.03,0.019,0.01
SWZ,2068,28.123,28.209,28.27,28.278,28.311,28.334,28.349,28.363,28.376,28.391,28.424,28.482,28.564,28.653,28.747,28.885,29.083,29.322,29.557,29.786,30.035,30.304,30.578,30.831,31.065,31.243,31.338,31.363,31.361,31.335,31.22,30.993,30.684,30.355,30.007,29.631,29.235,28.83,28.42,28.006,27.636,27.335,27.089,26.833,26.552,26.378,26.36,26.426,26.466,26.512,26.399,26.033,25.493,24.934,24.307,23.72,23.236,22.788,22.28,21.777,21.024,19.898,18.545,17.221,15.866,14.689,13.816,13.151,12.456,11.762,11.139,10.589,10.089,9.617,9.189,8.68,8.028,7.29,6.586,5.89,5.244,4.678,4.173,3.677,3.209,2.745,2.275,1.815,1.348,0.953,0.708,0.516,0.358,0.229,0.16,0.125,0.086,0.042,0.022,0.01
SWZ,2069,28.048,28.144,28.213,28.261,28.272,28.296,28.312,28.324,28.337,28.351,28.368,28.406,28.479,28.579,28.686,28.798,28.953,29.169,29.424,29.675,29.919,30.174,30.442,30.705,30.946,31.168,31.328,31.403,31.405,31.38,31.329,31.189,30.937,30.604,30.252,29.879,29.486,29.083,28.679,28.269,27.855,27.486,27.185,26.937,26.681,26.4,26.224,26.197,26.251,26.277,26.313,26.186,25.809,25.257,24.688,24.05,23.45,22.952,22.488,21.963,21.444,20.679,19.551,18.197,16.874,15.519,14.339,13.458,12.781,12.076,11.372,10.735,10.17,9.651,9.162,8.717,8.196,7.539,6.802,6.1,5.411,4.771,4.208,3.705,3.214,2.752,2.309,1.88,1.477,1.048,0.709,0.538,0.386,0.246,0.148,0.107,0.082,0.056,0.027,0.011
SWZ,2070,27.951,28.06,28.14,28.198,28.237,28.262,28.277,28.286,28.294,28.306,28.32,28.34,28.386,28.471,28.589,28.715,28.844,29.017,29.25,29.523,29.788,30.047,30.309,30.574,30.827,31.058,31.267,31.41,31.463,31.443,31.394,31.318,31.153,30.876,30.52,30.144,29.747,29.337,28.927,28.523,28.114,27.701,27.332,27.031,26.782,26.526,26.245,26.065,26.03,26.072,26.087,26.109,25.969,25.58,25.019,24.438,23.789,23.176,22.664,22.183,21.644,21.109,20.332,19.2,17.848,16.525,15.17,13.988,13.099,12.411,11.694,10.981,10.331,9.749,9.213,8.705,8.243,7.71,7.049,6.313,5.614,4.933,4.298,3.738,3.237,2.751,2.295,1.873,1.486,1.137,0.747,0.466,0.368,0.257,0.133,0.067,0.054,0.041,0.027,0.012
SWZ,2071,27.849,27.961,28.059,28.134,28.187,28.224,28.249,28.267,28.283,28.304,28.334,28.366,28.404,28.468,28.571,28.706,28.847,28.99,29.172,29.403,29.665,29.92,30.166,30.413,30.657,30.888,31.094,31.279,31.398,31.427,31.382,31.309,31.209,31.028,30.744,30.387,30.01,29.614,29.205,28.796,28.39,27.981,27.568,27.197,26.89,26.633,26.367,26.077,25.885,25.835,25.861,25.86,25.864,25.708,25.303,24.727,24.131,23.467,22.84,22.309,21.809,21.253,20.698,19.908,18.769,17.416,16.091,14.737,13.55,12.653,11.953,11.227,10.507,9.848,9.251,8.697,8.177,7.701,7.164,6.511,5.792,5.113,4.453,3.845,3.316,2.851,2.395,1.979,1.615,1.272,0.953,0.62,0.39,0.308,0.214,0.11,0.06,0.046,0.029,0.013
SWZ,2072,27.727,27.873,27.968,28.056,28.122,28.171,28.206,28.233,28.252,28.276,28.311,28.358,28.409,28.464,28.546,28.667,28.818,28.975,29.133,29.322,29.552,29.803,30.048,30.281,30.511,30.735,30.943,31.127,31.287,31.381,31.386,31.316,31.22,31.096,30.897,30.606,30.249,29.873,29.477,29.069,28.66,28.254,27.844,27.431,27.059,26.745,26.479,26.204,25.905,25.701,25.637,25.647,25.629,25.616,25.443,25.022,24.431,23.82,23.143,22.5,21.951,21.432,20.857,20.284,19.48,18.336,16.982,15.655,14.3,13.111,12.205,11.494,10.759,10.031,9.363,8.751,8.181,7.646,7.159,6.616,5.971,5.271,4.611,3.971,3.39,2.894,2.465,2.037,1.663,1.356,1.057,0.769,0.492,0.314,0.247,0.172,0.087,0.05,0.032,0.014
SWZ,2073,27.59,27.757,27.89,27.97,28.048,28.107,28.152,28.186,28.212,28.234,28.264,28.313,28.378,28.446,28.519,28.62,28.759,28.927,29.098,29.272,29.469,29.696,29.938,30.171,30.392,30.605,30.81,30.995,31.155,31.291,31.361,31.34,31.246,31.126,30.979,30.763,30.465,30.107,29.73,29.335,28.928,28.519,28.113,27.703,27.291,26.917,26.598,26.322,26.038,25.729,25.514,25.436,25.429,25.394,25.363,25.174,24.739,24.133,23.507,22.816,22.156,21.589,21.052,20.459,19.867,19.05,17.9,16.545,15.217,13.862,12.67,11.756,11.034,10.29,9.555,8.875,8.249,7.663,7.114,6.614,6.068,5.432,4.748,4.108,3.491,2.935,2.471,2.079,1.678,1.346,1.096,0.843,0.585,0.363,0.239,0.187,0.129,0.065,0.036,0.016
SWZ,2074,27.454,27.636,27.782,27.898,27.969,28.036,28.087,28.128,28.161,28.188,28.212,28.249,28.311,28.394,28.48,28.571,28.69,28.846,29.031,29.218,29.407,29.612,29.836,30.069,30.291,30.498,30.695,30.879,31.042,31.178,31.291,31.335,31.29,31.172,31.028,30.856,30.624,30.319,29.961,29.585,29.19,28.784,28.375,27.968,27.558,27.147,26.77,26.445,26.161,25.868,25.55,25.322,25.23,25.208,25.156,25.108,24.902,24.451,23.831,23.19,22.485,21.81,21.225,20.669,20.057,19.448,18.618,17.461,16.106,14.777,13.421,12.226,11.305,10.572,9.818,9.077,8.388,7.748,7.144,6.582,6.069,5.519,4.891,4.225,3.604,3.008,2.481,2.048,1.692,1.32,1.03,0.838,0.629,0.402,0.235,0.163,0.126,0.086,0.042,0.017
SWZ,2075,27.328,27.516,27.669,27.791,27.888,27.963,28.02,28.065,28.1,28.131,28.16,28.185,28.23,28.305,28.407,28.51,28.619,28.756,28.93,29.132,29.333,29.537,29.749,29.971,30.194,30.405,30.601,30.781,30.945,31.085,31.197,31.285,31.305,31.235,31.094,30.925,30.73,30.48,30.169,29.811,29.434,29.041,28.636,28.227,27.82,27.41,26.999,26.62,26.289,25.997,25.695,25.366,25.128,25.021,24.984,24.915,24.849,24.626,24.16,23.525,22.87,22.15,21.461,20.857,20.283,19.654,19.026,18.182,17.021,15.665,14.335,12.979,11.782,10.853,10.109,9.346,8.599,7.899,7.244,6.624,6.048,5.524,4.969,4.35,3.703,3.101,2.526,2.026,1.627,1.306,0.961,0.713,0.579,0.414,0.218,0.107,0.088,0.066,0.043,0.019
SWZ,2076,27.236,27.354,27.522,27.661,27.776,27.87,27.947,28.01,28.064,28.113,28.161,28.206,28.25,28.313,28.407,28.524,28.643,28.768,28.912,29.085,29.276,29.468,29.659,29.856,30.057,30.258,30.447,30.618,30.775,30.915,31.031,31.12,31.184,31.187,31.109,30.967,30.799,30.604,30.354,30.042,29.684,29.307,28.913,28.506,28.092,27.677,27.257,26.837,26.448,26.106,25.801,25.486,25.144,24.888,24.763,24.705,24.615,24.527,24.283,23.798,23.145,22.473,21.738,21.029,20.403,19.803,19.149,18.495,17.635,16.469,15.115,13.788,12.438,11.242,10.31,9.559,8.793,8.045,7.347,6.692,6.076,5.505,4.986,4.451,3.867,3.269,2.702,2.181,1.751,1.396,1.1,0.801,0.597,0.484,0.345,0.181,0.096,0.073,0.049,0.021
SWZ,2077,27.152,27.321,27.374,27.523,27.648,27.756,27.847,27.926,27.995,28.059,28.122,28.186,28.249,28.31,28.392,28.503,28.637,28.772,28.91,29.063,29.234,29.416,29.597,29.776,29.956,30.14,30.317,30.483,30.63,30.763,30.878,30.971,31.036,31.077,31.063,30.979,30.836,30.667,30.473,30.223,29.911,29.551,29.174,28.78,28.371,27.951,27.528,27.101,26.671,26.271,25.917,25.6,25.271,24.916,24.645,24.501,24.421,24.31,24.2,23.935,23.432,22.762,22.073,21.322,20.595,19.945,19.318,18.639,17.962,17.084,15.913,14.563,13.238,11.895,10.702,9.766,9.007,8.238,7.49,6.793,6.14,5.526,4.961,4.447,3.931,3.385,2.835,2.303,1.835,1.476,1.166,0.894,0.641,0.481,0.389,0.276,0.143,0.081,0.054,0.024
SWZ,2078,27.073,27.223,27.354,27.391,27.519,27.631,27.73,27.82,27.901,27.977,28.051,28.126,28.206,28.286,28.366,28.465,28.594,28.745,28.896,29.049,29.211,29.379,29.551,29.722,29.889,30.053,30.216,30.373,30.515,30.638,30.747,30.838,30.906,30.949,30.966,30.935,30.843,30.7,30.531,30.336,30.088,29.776,29.415,29.037,28.643,28.231,27.806,27.375,26.94,26.5,26.09,25.725,25.396,25.054,24.685,24.397,24.234,24.134,24.001,23.869,23.583,23.062,22.375,21.67,20.903,20.157,19.483,18.83,18.127,17.424,16.531,15.354,14.007,12.687,11.349,10.159,9.219,8.454,7.681,6.934,6.238,5.586,4.975,4.416,3.909,3.411,2.901,2.4,1.905,1.489,1.2,0.936,0.686,0.481,0.365,0.294,0.207,0.106,0.059,0.027
SWZ,2079,26.987,27.12,27.24,27.348,27.405,27.512,27.611,27.702,27.789,27.872,27.953,28.038,28.127,28.223,28.321,28.418,28.535,28.683,28.85,29.017,29.185,29.354,29.52,29.683,29.843,29.998,30.146,30.29,30.424,30.543,30.643,30.727,30.794,30.839,30.858,30.852,30.803,30.704,30.561,30.391,30.197,29.949,29.636,29.274,28.896,28.503,28.089,27.659,27.219,26.775,26.326,25.905,25.53,25.188,24.833,24.45,24.146,23.965,23.843,23.69,23.537,23.23,22.689,21.985,21.263,20.481,19.717,19.019,18.34,17.612,16.886,15.975,14.794,13.451,12.134,10.802,9.615,8.672,7.9,7.125,6.377,5.682,5.031,4.424,3.87,3.369,2.89,2.417,1.964,1.505,1.142,0.925,0.705,0.48,0.32,0.249,0.198,0.138,0.069,0.029
SWZ,2080,26.888,27.01,27.122,27.226,27.323,27.415,27.502,27.587,27.671,27.756,27.841,27.928,28.022,28.125,28.237,28.352,28.468,28.603,28.768,28.952,29.134,29.317,29.494,29.658,29.812,29.962,30.102,30.235,30.36,30.472,30.567,30.644,30.703,30.746,30.767,30.762,30.733,30.668,30.562,30.417,30.247,30.053,29.807,29.493,29.131,28.752,28.359,27.943,27.507,27.06,26.608,26.15,25.719,25.332,24.979,24.61,24.212,23.894,23.693,23.551,23.377,23.201,22.873,22.314,21.594,20.854,20.057,19.274,18.553,17.848,17.096,16.345,15.419,14.234,12.893,11.58,10.254,9.07,8.124,7.345,6.568,5.82,5.126,4.477,3.873,3.324,2.831,2.37,1.933,1.53,1.107,0.796,0.649,0.475,0.273,0.161,0.133,0.103,0.069,0.031
SWZ,2081,26.79,26.897,27.011,27.119,27.218,27.313,27.405,27.493,27.583,27.68,27.783,27.887,27.993,28.105,28.226,28.354,28.485,28.615,28.76,28.922,29.097,29.269,29.44,29.601,29.747,29.878,30.005,30.123,30.232,30.333,30.422,30.494,30.549,30.592,30.628,30.649,30.645,30.615,30.55,30.444,30.297,30.125,29.931,29.681,29.362,28.99,28.602,28.199,27.773,27.326,26.868,26.402,25.93,25.484,25.082,24.712,24.327,23.913,23.574,23.351,23.183,22.984,22.782,22.429,21.845,21.101,20.338,19.519,18.713,17.963,17.231,16.452,15.677,14.735,13.551,12.222,10.922,9.612,8.446,7.514,6.75,5.99,5.265,4.598,3.982,3.418,2.901,2.452,2.05,1.66,1.29,0.924,0.669,0.544,0.397,0.227,0.14,0.108,0.072,0.033
SWZ,2082,26.679,26.802,26.903,27.011,27.112,27.208,27.301,27.392,27.479,27.575,27.686,27.807,27.93,28.053,28.183,28.322,28.468,28.614,28.76,28.911,29.073,29.239,29.4,29.558,29.704,29.831,29.941,30.045,30.14,30.225,30.302,30.368,30.419,30.45,30.477,30.507,30.527,30.521,30.493,30.429,30.321,30.173,30,29.805,29.552,29.227,28.846,28.449,28.036,27.598,27.141,26.671,26.193,25.707,25.247,24.83,24.443,24.041,23.609,23.251,23.004,22.812,22.587,22.36,21.982,21.374,20.604,19.819,18.979,18.148,17.372,16.61,15.806,15.006,14.05,12.867,11.548,10.261,8.968,7.819,6.903,6.154,5.413,4.709,4.068,3.487,2.964,2.478,2.074,1.73,1.387,1.05,0.74,0.541,0.439,0.319,0.18,0.112,0.076,0.035
SWZ,2083,26.563,26.693,26.811,26.906,27.005,27.101,27.193,27.285,27.374,27.462,27.565,27.689,27.829,27.969,28.111,28.259,28.417,28.579,28.739,28.9,29.061,29.22,29.376,29.527,29.674,29.804,29.912,30,30.082,30.153,30.215,30.268,30.312,30.34,30.348,30.359,30.38,30.401,30.395,30.367,30.304,30.195,30.045,29.871,29.675,29.418,29.087,28.698,28.293,27.868,27.422,26.952,26.471,25.981,25.481,25.006,24.573,24.171,23.753,23.303,22.924,22.655,22.439,22.189,21.936,21.532,20.899,20.106,19.296,18.435,17.582,16.778,15.987,15.158,14.334,13.364,12.18,10.873,9.6,8.325,7.192,6.291,5.556,4.835,4.151,3.538,2.991,2.508,2.053,1.695,1.409,1.113,0.809,0.557,0.414,0.334,0.24,0.133,0.078,0.038
SWZ,2084,26.451,26.586,26.707,26.816,26.905,26.998,27.087,27.176,27.265,27.354,27.442,27.55,27.688,27.846,28.004,28.164,28.331,28.505,28.684,28.862,29.036,29.205,29.363,29.51,29.651,29.786,29.9,29.988,30.055,30.114,30.162,30.2,30.229,30.251,30.256,30.241,30.235,30.251,30.27,30.265,30.238,30.174,30.064,29.913,29.737,29.541,29.281,28.943,28.546,28.131,27.698,27.24,26.76,26.267,25.765,25.251,24.762,24.314,23.896,23.46,22.993,22.595,22.304,22.062,21.787,21.509,21.079,20.421,19.605,18.772,17.89,17.013,16.182,15.363,14.508,13.658,12.675,11.492,10.196,8.937,7.679,6.565,5.678,4.958,4.255,3.594,3.007,2.496,2.053,1.629,1.316,1.09,0.839,0.569,0.374,0.286,0.228,0.162,0.088,0.039
SWZ,2085,26.351,26.486,26.605,26.712,26.81,26.899,26.985,27.069,27.153,27.241,27.33,27.418,27.531,27.682,27.86,28.035,28.213,28.398,28.591,28.787,28.98,29.17,29.345,29.502,29.639,29.77,29.892,29.991,30.06,30.106,30.142,30.167,30.182,30.187,30.185,30.167,30.13,30.108,30.117,30.136,30.13,30.103,30.04,29.93,29.777,29.6,29.402,29.141,28.797,28.39,27.967,27.523,27.055,26.565,26.06,25.544,25.018,24.513,24.052,23.617,23.165,22.681,22.262,21.948,21.681,21.382,21.078,20.623,19.94,19.1,18.244,17.342,16.442,15.583,14.736,13.856,12.982,11.984,10.803,9.519,8.272,7.032,5.935,5.064,4.36,3.676,3.036,2.476,2,1.596,1.205,0.937,0.769,0.566,0.328,0.19,0.158,0.123,0.083,0.041
SWZ,2086,26.284,26.37,26.491,26.602,26.703,26.798,26.888,26.977,27.068,27.165,27.271,27.378,27.484,27.616,27.784,27.979,28.17,28.363,28.557,28.748,28.934,29.116,29.295,29.456,29.593,29.709,29.818,29.917,29.993,30.039,30.062,30.076,30.08,30.078,30.078,30.076,30.06,30.023,30.003,30.011,30.028,30.02,29.992,29.926,29.809,29.645,29.458,29.249,28.976,28.62,28.202,27.763,27.306,26.823,26.317,25.798,25.266,24.721,24.199,23.719,23.267,22.794,22.29,21.848,21.503,21.202,20.868,20.53,20.043,19.331,18.463,17.583,16.659,15.737,14.852,13.978,13.077,12.185,11.186,10.025,8.78,7.574,6.379,5.329,4.508,3.856,3.214,2.633,2.147,1.722,1.351,1.008,0.787,0.645,0.473,0.273,0.164,0.127,0.087,0.042
SWZ,2087,26.228,26.342,26.386,26.494,26.595,26.69,26.782,26.873,26.963,27.062,27.173,27.296,27.421,27.545,27.695,27.882,28.093,28.3,28.509,28.71,28.9,29.076,29.249,29.416,29.561,29.679,29.775,29.861,29.938,29.991,30.013,30.014,30.006,29.987,29.97,29.965,29.963,29.946,29.912,29.893,29.899,29.915,29.906,29.876,29.807,29.682,29.509,29.311,29.092,28.807,28.438,28.007,27.556,27.085,26.586,26.066,25.531,24.983,24.421,23.881,23.382,22.912,22.42,21.895,21.43,21.054,20.719,20.35,19.978,19.458,18.718,17.823,16.918,15.974,15.03,14.118,13.219,12.296,11.386,10.384,9.246,8.039,6.874,5.723,4.723,3.952,3.35,2.751,2.229,1.817,1.444,1.104,0.813,0.637,0.52,0.38,0.217,0.132,0.09,0.044
SWZ,2088,26.178,26.276,26.366,26.398,26.492,26.583,26.672,26.763,26.854,26.946,27.053,27.177,27.317,27.46,27.602,27.771,27.976,28.203,28.427,28.65,28.86,29.047,29.215,29.378,29.532,29.663,29.762,29.836,29.9,29.954,29.983,29.982,29.961,29.931,29.891,29.859,29.846,29.845,29.829,29.796,29.778,29.783,29.797,29.787,29.756,29.683,29.551,29.368,29.161,28.931,28.633,28.253,27.81,27.345,26.859,26.346,25.811,25.26,24.697,24.117,23.559,23.042,22.552,22.041,21.498,21.008,20.603,20.232,19.83,19.423,18.871,18.102,17.181,16.251,15.286,14.319,13.382,12.456,11.513,10.584,9.58,8.465,7.298,6.173,5.066,4.114,3.394,2.845,2.287,1.825,1.487,1.165,0.857,0.616,0.488,0.396,0.286,0.161,0.094,0.046
SWZ,2089,26.123,26.208,26.288,26.362,26.406,26.487,26.568,26.651,26.739,26.83,26.926,27.04,27.178,27.335,27.496,27.656,27.843,28.066,28.31,28.549,28.787,29.005,29.191,29.35,29.502,29.646,29.76,29.841,29.893,29.935,29.966,29.972,29.948,29.905,29.853,29.79,29.742,29.724,29.724,29.709,29.677,29.658,29.664,29.675,29.663,29.633,29.555,29.417,29.224,29.007,28.765,28.457,28.064,27.608,27.13,26.629,26.101,25.552,24.986,24.407,23.81,23.234,22.699,22.191,21.661,21.098,20.584,20.148,19.743,19.307,18.866,18.281,17.482,16.535,15.581,14.595,13.607,12.644,11.692,10.728,9.781,8.776,7.682,6.554,5.472,4.409,3.507,2.836,2.339,1.824,1.421,1.156,0.885,0.61,0.421,0.337,0.271,0.194,0.106,0.048
SWZ,2090,26.059,26.137,26.21,26.279,26.344,26.41,26.478,26.549,26.627,26.712,26.805,26.902,27.023,27.174,27.35,27.528,27.706,27.912,28.152,28.413,28.667,28.92,29.147,29.331,29.481,29.623,29.754,29.853,29.915,29.947,29.965,29.973,29.957,29.91,29.845,29.771,29.685,29.622,29.598,29.599,29.583,29.553,29.536,29.541,29.55,29.537,29.504,29.425,29.278,29.076,28.848,28.596,28.275,27.872,27.403,26.912,26.397,25.854,25.29,24.71,24.113,23.498,22.906,22.354,21.827,21.277,20.695,20.157,19.69,19.251,18.781,18.306,17.689,16.861,15.887,14.91,13.904,12.893,11.904,10.927,9.942,8.977,7.97,6.9,5.81,4.769,3.752,2.898,2.278,1.833,1.36,1.017,0.825,0.607,0.363,0.225,0.188,0.146,0.101,0.05
SWZ,2091,26,26.069,26.142,26.209,26.273,26.338,26.402,26.469,26.546,26.636,26.741,26.851,26.967,27.106,27.276,27.467,27.662,27.855,28.069,28.308,28.56,28.805,29.047,29.257,29.422,29.552,29.672,29.781,29.858,29.896,29.906,29.903,29.89,29.858,29.806,29.742,29.67,29.586,29.525,29.5,29.5,29.484,29.453,29.432,29.43,29.429,29.405,29.362,29.27,29.11,28.894,28.65,28.382,28.046,27.625,27.14,26.632,26.097,25.537,24.955,24.358,23.742,23.107,22.493,21.916,21.362,20.785,20.176,19.608,19.103,18.624,18.115,17.603,16.952,16.094,15.096,14.097,13.077,12.055,11.063,10.088,9.111,8.155,7.18,6.171,5.165,4.181,3.253,2.521,1.971,1.552,1.14,0.856,0.693,0.508,0.301,0.192,0.15,0.103,0.051
SWZ,2092,25.93,26.013,26.076,26.142,26.205,26.265,26.327,26.391,26.457,26.539,26.642,26.765,26.894,27.028,27.186,27.374,27.582,27.792,28.001,28.223,28.461,28.704,28.939,29.169,29.365,29.512,29.619,29.717,29.804,29.858,29.874,29.862,29.838,29.802,29.755,29.699,29.635,29.565,29.484,29.424,29.399,29.397,29.381,29.349,29.325,29.316,29.305,29.271,29.216,29.111,28.938,28.707,28.449,28.165,27.812,27.375,26.874,26.347,25.795,25.215,24.617,24.002,23.367,22.714,22.077,21.475,20.895,20.291,19.656,19.056,18.514,17.994,17.446,16.897,16.212,15.324,14.302,13.282,12.246,11.216,10.219,9.246,8.277,7.331,6.389,5.442,4.518,3.593,2.753,2.144,1.663,1.271,0.92,0.695,0.561,0.409,0.24,0.153,0.105,0.052
SWZ,2093,25.853,25.945,26.023,26.08,26.14,26.197,26.254,26.314,26.377,26.441,26.528,26.646,26.788,26.934,27.087,27.263,27.468,27.694,27.92,28.144,28.374,28.61,28.845,29.069,29.288,29.468,29.597,29.683,29.759,29.823,29.854,29.848,29.814,29.768,29.712,29.65,29.587,29.526,29.456,29.377,29.318,29.294,29.291,29.274,29.241,29.214,29.198,29.177,29.132,29.066,28.948,28.763,28.518,28.244,27.945,27.575,27.122,26.604,26.06,25.489,24.892,24.275,23.642,22.99,22.316,21.658,21.032,20.424,19.794,19.133,18.502,17.923,17.361,16.775,16.188,15.47,14.553,13.505,12.465,11.414,10.375,9.373,8.403,7.442,6.506,5.595,4.711,3.87,3.004,2.253,1.767,1.354,0.99,0.699,0.535,0.429,0.311,0.179,0.107,0.053
SWZ,2094,25.773,25.873,25.958,26.03,26.081,26.135,26.187,26.24,26.298,26.359,26.422,26.514,26.645,26.806,26.972,27.142,27.336,27.56,27.802,28.043,28.283,28.522,28.756,28.981,29.196,29.402,29.568,29.678,29.743,29.797,29.838,29.846,29.818,29.762,29.696,29.617,29.541,29.473,29.413,29.344,29.266,29.21,29.186,29.181,29.163,29.13,29.1,29.076,29.046,28.991,28.912,28.783,28.583,28.324,28.036,27.72,27.335,26.865,26.331,25.77,25.18,24.565,23.93,23.28,22.608,21.916,21.237,20.586,19.952,19.294,18.606,17.946,17.33,16.727,16.102,15.478,14.725,13.78,12.706,11.647,10.581,9.532,8.527,7.559,6.606,5.68,4.801,3.981,3.223,2.413,1.752,1.389,1.045,0.708,0.479,0.375,0.298,0.212,0.119,0.056
SWZ,2095,25.692,25.802,25.891,25.964,26.025,26.079,26.126,26.173,26.223,26.277,26.338,26.402,26.498,26.642,26.822,27.005,27.194,27.406,27.647,27.906,28.164,28.419,28.666,28.898,29.115,29.32,29.514,29.664,29.756,29.8,29.832,29.85,29.835,29.785,29.707,29.619,29.52,29.427,29.355,29.296,29.229,29.153,29.098,29.073,29.067,29.049,29.016,28.982,28.952,28.911,28.845,28.756,28.613,28.402,28.128,27.825,27.492,27.091,26.606,26.054,25.476,24.868,24.235,23.583,22.916,22.226,21.513,20.812,20.137,19.477,18.792,18.079,17.386,16.733,16.091,15.426,14.766,13.98,13.004,11.908,10.828,9.747,8.689,7.679,6.714,5.769,4.854,4.007,3.249,2.574,1.824,1.252,1.011,0.736,0.427,0.259,0.214,0.165,0.113,0.057
SWZ,2096,25.627,25.71,25.807,25.888,25.956,26.014,26.067,26.116,26.169,26.233,26.306,26.384,26.465,26.58,26.743,26.939,27.139,27.342,27.564,27.803,28.054,28.302,28.545,28.777,28.991,29.187,29.369,29.542,29.67,29.739,29.762,29.773,29.77,29.741,29.685,29.609,29.523,29.426,29.336,29.264,29.205,29.137,29.061,29.004,28.974,28.958,28.93,28.885,28.84,28.796,28.74,28.659,28.554,28.393,28.163,27.871,27.548,27.195,26.773,26.268,25.698,25.099,24.47,23.815,23.138,22.446,21.729,20.991,20.261,19.556,18.863,18.149,17.408,16.684,15.99,15.303,14.601,13.907,13.096,12.111,11.017,9.945,8.877,7.845,6.882,5.978,5.076,4.233,3.495,2.812,2.181,1.529,1.058,0.853,0.619,0.356,0.223,0.172,0.118,0.059
SWZ,2097,25.562,25.68,25.725,25.81,25.882,25.944,26,26.052,26.103,26.163,26.239,26.331,26.426,26.526,26.66,26.84,27.054,27.269,27.488,27.718,27.956,28.198,28.436,28.668,28.885,29.081,29.255,29.416,29.566,29.672,29.718,29.72,29.711,29.687,29.643,29.582,29.508,29.424,29.329,29.242,29.17,29.11,29.043,28.967,28.907,28.87,28.846,28.807,28.752,28.695,28.637,28.567,28.47,28.348,28.171,27.922,27.611,27.268,26.895,26.453,25.928,25.339,24.719,24.07,23.392,22.691,21.973,21.231,20.465,19.707,18.972,18.249,17.504,16.735,15.977,15.244,14.514,13.774,13.045,12.21,11.216,10.125,9.061,8.005,7.001,6.083,5.24,4.381,3.612,2.981,2.374,1.788,1.232,0.865,0.695,0.502,0.286,0.181,0.123,0.063
SWZ,2098,25.494,25.613,25.708,25.737,25.81,25.874,25.93,25.983,26.035,26.087,26.154,26.244,26.352,26.467,26.584,26.737,26.935,27.165,27.396,27.631,27.868,28.107,28.34,28.568,28.788,28.99,29.167,29.321,29.46,29.588,29.67,29.695,29.676,29.645,29.599,29.542,29.476,29.405,29.322,29.229,29.144,29.074,29.013,28.945,28.869,28.807,28.764,28.73,28.682,28.616,28.547,28.476,28.391,28.278,28.138,27.944,27.678,27.348,26.986,26.593,26.13,25.586,24.976,24.337,23.666,22.965,22.242,21.497,20.729,19.937,19.151,18.386,17.631,16.855,16.06,15.27,14.497,13.724,12.945,12.181,11.323,10.32,9.233,8.176,7.132,6.156,5.284,4.5,3.686,2.991,2.467,1.936,1.394,0.936,0.671,0.536,0.384,0.215,0.131,0.066
SWZ,2099,25.419,25.538,25.635,25.712,25.748,25.809,25.863,25.914,25.964,26.016,26.07,26.143,26.246,26.373,26.505,26.641,26.811,27.028,27.274,27.522,27.771,28.018,28.254,28.478,28.697,28.906,29.093,29.252,29.384,29.502,29.607,29.668,29.67,29.629,29.578,29.511,29.438,29.368,29.298,29.217,29.128,29.044,28.975,28.913,28.845,28.77,28.705,28.655,28.613,28.555,28.478,28.397,28.312,28.212,28.084,27.928,27.716,27.431,27.083,26.702,26.287,25.805,25.241,24.612,23.952,23.261,22.538,21.79,21.02,20.226,19.407,18.594,17.798,17.012,16.207,15.383,14.561,13.748,12.932,12.115,11.317,10.435,9.423,8.339,7.29,6.259,5.31,4.485,3.762,2.99,2.369,1.953,1.498,1,0.639,0.478,0.378,0.267,0.144,0.069
SWZ,2100,25.331,25.453,25.553,25.634,25.701,25.758,25.805,25.851,25.895,25.943,25.995,26.05,26.13,26.246,26.391,26.541,26.696,26.884,27.119,27.383,27.646,27.911,28.165,28.399,28.616,28.824,29.021,29.194,29.334,29.446,29.541,29.625,29.662,29.642,29.581,29.508,29.42,29.333,29.258,29.19,29.111,29.024,28.943,28.873,28.812,28.744,28.668,28.601,28.545,28.493,28.425,28.338,28.244,28.146,28.032,27.888,27.715,27.485,27.183,26.816,26.415,25.981,25.478,24.894,24.247,23.567,22.854,22.109,21.338,20.542,19.722,18.877,18.034,17.21,16.393,15.557,14.706,13.852,12.998,12.14,11.285,10.453,9.546,8.525,7.445,6.404,5.386,4.464,3.685,3.023,2.295,1.747,1.44,1.059,0.606,0.343,0.284,0.219,0.149,0.073
