﻿name,unique.name,xpath,VXa.stage,SES.stage,RISK.stage,HIV.stage,age.group,dist,mean,shape,min,max,choose
thetamin,thetamin,//TB/TB.progression/TB.parameter; //TB/TB.transmission/TB.parameter,NA,NA,NA,NA,NA,constant,0.092,NA,NA,NA,FALSE
sigmamin,sigmamin,//TB/TB.progression/TB.parameter,NA,NA,NA,NA,NA,constant,0.00069,NA,NA,NA,FALSE
rhomin,rhomin,//TB/TB.progression/TB.parameter,NA,NA,NA,NA,NA,constant,0.015,NA,NA,NA,FALSE
ep,ep,//TB/TB.infectivity/TB.parameter,NA,NA,NA,NA,NA,constant,0.440122154,NA,NA,NA,FALSE
infs,infs,//TB/TB.infectivity/TB.parameter,NA,NA,NA,NA,NA,constant,0.83,NA,NA,NA,FALSE
j1,j1A15,//TB/TB.progression/TB.parameter; //TB/TB.transmission/TB.parameter,NA,NA,NA,NA,A15,constant,1,NA,NA,NA,FALSE
j2,j2A15,//TB/TB.progression/TB.parameter,NA,NA,NA,NA,A15,constant,1,NA,NA,NA,FALSE
j3,j3A15,//TB/TB.progression/TB.parameter,NA,NA,NA,NA,A15,constant,1,NA,NA,NA,FALSE
j4,j4A15,//TB/TB.progression/TB.parameter,NA,NA,NA,NA,A15,constant,1,NA,NA,NA,FALSE
omegaFS,omegaFS,//TB/TB.progression/TB.parameter; //TB/TB.transmission/TB.parameter,NA,NA,NA,NA,NA,constant,0.5,NA,NA,NA,FALSE
sage,sageA0,//TB/TB.progression/TB.parameter,NA,NA,NA,NA,A0,constant,1,NA,NA,NA,FALSE
tau,tau,//TB/TB.progression/TB.parameter,NA,NA,NA,NA,NA,constant,0.5,NA,NA,NA,FALSE
eta,eta,//TB/TB.progression/TB.parameter,NA,NA,NA,NA,NA,uniform,0.7,NA,NA,NA,FALSE
chi,chi,//TB/TB.progression/TB.parameter,NA,NA,NA,NA,NA,uniform,0.147,NA,NA,NA,FALSE
j1,j1A0,//TB/TB.progression/TB.parameter; //TB/TB.transmission/TB.parameter,NA,NA,NA,NA,A0,uniform,0.423,NA,NA,NA,FALSE
j2,j2A0,//TB/TB.progression/TB.parameter,NA,NA,NA,NA,A0,uniform,0.726,NA,NA,NA,FALSE
j3,j3A0,//TB/TB.progression/TB.parameter,NA,NA,NA,NA,A0,uniform,0.758,NA,NA,NA,FALSE
j4,j4A0,//TB/TB.progression/TB.parameter,NA,NA,NA,NA,A0,uniform,0.5,NA,NA,NA,FALSE
kappa,kappa,//TB/TB.progression/TB.parameter,NA,NA,NA,NA,NA,uniform,0.0675,NA,NA,NA,FALSE
muDc,muDc,//TB/TB.progression/TB.parameter,NA,NA,NA,NA,NA,uniform,0.158,NA,NA,NA,FALSE
muK,muK,//TB/TB.progression/TB.parameter,NA,NA,NA,NA,NA,uniform,0.011,NA,NA,NA,FALSE
omegaS0,omegaS0,//TB/TB.progression/TB.parameter,NA,NA,NA,NA,NA,uniform,0.028,NA,NA,NA,FALSE
pR,pR,//TB/TB.transmission/TB.parameter,NA,NA,NA,NA,NA,uniform,0.709,NA,NA,NA,FALSE
pT,pT,//TB/TB.transmission/TB.parameter,NA,NA,NA,NA,NA,uniform,0.000025,NA,NA,NA,FALSE
rho,rho,//TB/TB.progression/TB.parameter,NA,NA,NA,NA,NA,uniform,0.018,NA,NA,NA,FALSE
sage,sageA15,//TB/TB.progression/TB.parameter,NA,NA,NA,NA,A15,uniform,0.733,NA,NA,NA,FALSE
sigma,sigma,//TB/TB.progression/TB.parameter,NA,NA,NA,NA,NA,uniform,0.00102,NA,NA,NA,FALSE
theta,theta,//TB/TB.progression/TB.parameter; //TB/TB.transmission/TB.parameter,NA,NA,NA,NA,NA,uniform,0.099,NA,NA,NA,FALSE
zeta,zeta,//TB/TB.progression/TB.parameter,NA,NA,NA,NA,NA,uniform,1.075,NA,NA,NA,FALSE
multiplier,multiplier,//TB/seeded.infections,NA,NA,NA,NA,NA,uniform,0.8,NA,NA,NA,FALSE
pF,pF,//TB/TB.progression/TB.parameter,NA,NA,NA,NA,NA,uniform,0.5,NA,0,1,TRUE
pF2,pF2,//TB/TB.transmission/TB.parameter,NA,NA,NA,NA,NA,uniform,0.5,NA,0,1,TRUE