﻿name,unique.name,xpath,VXa.stage,SES.stage,RISK.stage,HIV.stage,age.group,dist,mean,shape,min,max,choose
thetamin,thetamin,//TB/TB.progression/TB.parameter; //TB/TB.transmission/TB.parameter,NA,NA,NA,NA,NA,constant,0.092,NA,NA,NA,FALSE
sigmamin,sigmamin,//TB/TB.progression/TB.parameter,NA,NA,NA,NA,NA,constant,0.00069,NA,NA,NA,FALSE
rhomin,rhomin,//TB/TB.progression/TB.parameter,NA,NA,NA,NA,NA,constant,0.015,NA,NA,NA,FALSE
ep,ep,//TB/TB.infectivity/TB.parameter,NA,NA,NA,NA,NA,constant,0.440122154,NA,NA,NA,FALSE
infs,infs,//TB/TB.infectivity/TB.parameter,NA,NA,NA,NA,NA,constant,0.83,NA,NA,NA,FALSE
j1,j1A15,//TB/TB.progression/TB.parameter; //TB/TB.transmission/TB.parameter,NA,NA,NA,NA,A15,constant,1,NA,NA,NA,FALSE
j2,j2A15,//TB/TB.progression/TB.parameter,NA,NA,NA,NA,A15,constant,1,NA,NA,NA,FALSE
j3,j3A15,//TB/TB.progression/TB.parameter,NA,NA,NA,NA,A15,constant,1,NA,NA,NA,FALSE
j4,j4A15,//TB/TB.progression/TB.parameter,NA,NA,NA,NA,A15,constant,1,NA,NA,NA,FALSE
omegaFS,omegaFS,//TB/TB.progression/TB.parameter; //TB/TB.transmission/TB.parameter,NA,NA,NA,NA,NA,constant,0.5,NA,NA,NA,FALSE
sage,sageA0,//TB/TB.progression/TB.parameter,NA,NA,NA,NA,A0,constant,1,NA,NA,NA,FALSE
tau,tau,//TB/TB.progression/TB.parameter,NA,NA,NA,NA,NA,constant,0.5,NA,NA,NA,FALSE
eta,eta,//TB/TB.progression/TB.parameter,NA,NA,NA,NA,NA,uniform,0.7,NA,0,1,TRUE
chi,chi,//TB/TB.progression/TB.parameter,NA,NA,NA,NA,NA,uniform,0.147,NA,0.109,0.188,TRUE
j1,j1A0,//TB/TB.progression/TB.parameter; //TB/TB.transmission/TB.parameter,NA,NA,NA,NA,A0,uniform,0.423,NA,0.073,0.66,TRUE
j2,j2A0,//TB/TB.progression/TB.parameter,NA,NA,NA,NA,A0,uniform,0.726,NA,0.34,0.962,TRUE
j3,j3A0,//TB/TB.progression/TB.parameter,NA,NA,NA,NA,A0,uniform,0.758,NA,0.371,0.969,TRUE
j4,j4A0,//TB/TB.progression/TB.parameter,NA,NA,NA,NA,A0,uniform,0.5,NA,0,1,TRUE
kappa,kappa,//TB/TB.progression/TB.parameter,NA,NA,NA,NA,NA,uniform,0.0675,NA,0,0.121773972,TRUE
muDc,muDc,//TB/TB.progression/TB.parameter,NA,NA,NA,NA,NA,uniform,0.158,NA,0.124,0.177,TRUE
muK,muK,//TB/TB.progression/TB.parameter,NA,NA,NA,NA,NA,uniform,0.011,NA,0.004,0.02,TRUE
omegaS0,omegaS0,//TB/TB.progression/TB.parameter,NA,NA,NA,NA,NA,uniform,0.028,NA,0.026,0.037,TRUE
pR,pR,//TB/TB.transmission/TB.parameter,NA,NA,NA,NA,NA,uniform,0.709,NA,0.616,0.779,TRUE
pT,pT,//TB/TB.transmission/TB.parameter,NA,NA,NA,NA,NA,uniform,0.000025,NA,0,0.0068,TRUE
rho,rho,//TB/TB.progression/TB.parameter,NA,NA,NA,NA,NA,uniform,0.018,NA,0.015,0.023,TRUE
sage,sageA15,//TB/TB.progression/TB.parameter,NA,NA,NA,NA,A15,uniform,0.733,NA,0.597,0.967,TRUE
sigma,sigma,//TB/TB.progression/TB.parameter,NA,NA,NA,NA,NA,uniform,0.00102,NA,0.00069,0.00112,TRUE
theta,theta,//TB/TB.progression/TB.parameter; //TB/TB.transmission/TB.parameter,NA,NA,NA,NA,NA,uniform,0.099,NA,0.092,0.11,TRUE
zeta,zeta,//TB/TB.progression/TB.parameter,NA,NA,NA,NA,NA,uniform,1.075,NA,0.758,1.331,TRUE
multiplier,multiplier,//TB/seeded.infections,NA,NA,NA,NA,NA,uniform,0.8,NA,0,1.9,TRUE