TLS,1950,17.18,15.887,14.788,13.86,13.086,12.446,11.92,11.488,11.131,10.83,10.6,10.458,10.206,9.755,9.19,8.675,8.157,7.775,7.604,7.568,7.519,7.496,7.401,7.171,6.863,6.579,6.292,6.06,5.921,5.837,5.74,5.654,5.513,5.28,4.992,4.724,4.459,4.223,4.037,3.888,3.734,3.574,3.465,3.429,3.438,3.442,3.457,3.414,3.272,3.065,2.876,2.696,2.499,2.283,2.064,1.846,1.611,1.473,1.487,1.594,1.691,1.804,1.848,1.771,1.617,1.479,1.342,1.217,1.123,1.048,0.964,0.878,0.793,0.706,0.619,0.537,0.459,0.387,0.326,0.271,0.221,0.175,0.136,0.106,0.083,0.063,0.048,0.034,0.023,0.013,0,0,0,0,0,0,0,0,0,0
TLS,1951,14.696,16.345,15.281,14.354,13.55,12.859,12.263,11.745,11.317,10.977,10.699,10.473,10.318,10.059,9.61,9.053,8.542,8.025,7.642,7.471,7.433,7.382,7.356,7.259,7.033,6.727,6.448,6.165,5.936,5.797,5.712,5.615,5.528,5.388,5.159,4.875,4.61,4.349,4.117,3.933,3.787,3.636,3.478,3.37,3.333,3.338,3.339,3.352,3.307,3.166,2.963,2.776,2.598,2.404,2.194,1.98,1.767,1.538,1.404,1.412,1.508,1.595,1.698,1.735,1.657,1.507,1.375,1.24,1.12,1.028,0.954,0.873,0.791,0.709,0.628,0.548,0.472,0.4,0.335,0.28,0.232,0.188,0.148,0.115,0.088,0.068,0.052,0.039,0.029,0.018,0.011,0,0,0,0,0,0,0,0,0
TLS,1952,13.106,13.49,15.646,14.8,14.037,13.351,12.737,12.181,11.665,11.238,10.912,10.655,10.429,10.263,9.993,9.543,8.99,8.478,7.959,7.573,7.398,7.358,7.304,7.275,7.177,6.951,6.647,6.369,6.088,5.859,5.72,5.633,5.536,5.447,5.307,5.079,4.798,4.534,4.275,4.045,3.862,3.716,3.566,3.41,3.303,3.264,3.266,3.265,3.274,3.227,3.087,2.884,2.698,2.521,2.329,2.122,1.912,1.703,1.48,1.345,1.347,1.434,1.511,1.605,1.636,1.558,1.411,1.28,1.149,1.031,0.942,0.869,0.79,0.71,0.632,0.556,0.482,0.412,0.346,0.287,0.238,0.196,0.157,0.123,0.094,0.072,0.055,0.041,0.031,0.022,0.015,0.008,0,0,0,0,0,0,0,0
TLS,1953,12.275,13.009,13.498,14.951,14.325,13.727,13.159,12.622,12.104,11.592,11.164,10.854,10.616,10.392,10.212,9.933,9.481,8.932,8.419,7.896,7.507,7.329,7.287,7.23,7.199,7.099,6.872,6.57,6.293,6.014,5.786,5.646,5.558,5.459,5.37,5.229,5.002,4.723,4.46,4.204,3.974,3.793,3.649,3.499,3.344,3.236,3.196,3.195,3.19,3.198,3.149,3.008,2.808,2.622,2.445,2.255,2.051,1.845,1.641,1.422,1.288,1.284,1.36,1.429,1.513,1.538,1.459,1.315,1.187,1.059,0.944,0.855,0.784,0.708,0.63,0.555,0.483,0.415,0.351,0.292,0.239,0.195,0.159,0.127,0.098,0.075,0.056,0.042,0.031,0.023,0.017,0.012,0.006,0,0,0,0,0,0,0
TLS,1954,12.132,12.885,13.396,13.692,14.229,13.824,13.393,12.943,12.484,12.007,11.499,11.072,10.776,10.559,10.338,10.146,9.857,9.404,8.858,8.345,7.819,7.427,7.248,7.203,7.144,7.109,7.007,6.782,6.481,6.206,5.929,5.704,5.563,5.473,5.373,5.283,5.142,4.916,4.639,4.379,4.124,3.897,3.718,3.574,3.426,3.272,3.165,3.122,3.119,3.111,3.115,3.065,2.925,2.726,2.541,2.365,2.177,1.976,1.775,1.575,1.361,1.228,1.218,1.285,1.344,1.418,1.437,1.358,1.217,1.091,0.966,0.854,0.767,0.697,0.623,0.548,0.477,0.41,0.348,0.29,0.236,0.189,0.152,0.122,0.096,0.072,0.054,0.039,0.028,0.021,0.015,0.011,0.007,0.003,0,0,0,0,0,0
TLS,1955,12.599,13.075,13.387,13.549,13.58,13.495,13.312,13.047,12.716,12.337,11.9,11.396,10.97,10.69,10.494,10.274,10.07,9.771,9.318,8.778,8.264,7.737,7.343,7.16,7.113,7.051,7.014,6.911,6.686,6.388,6.114,5.839,5.616,5.474,5.383,5.282,5.191,5.05,4.826,4.551,4.294,4.041,3.816,3.638,3.496,3.349,3.198,3.09,3.047,3.039,3.029,3.03,2.978,2.839,2.641,2.458,2.283,2.096,1.9,1.703,1.507,1.299,1.167,1.151,1.208,1.258,1.323,1.335,1.254,1.117,0.994,0.872,0.763,0.678,0.61,0.537,0.466,0.398,0.337,0.28,0.228,0.181,0.141,0.108,0.084,0.063,0.047,0.033,0.023,0.015,0.01,0.008,0.006,0.004,0.002,0,0,0,0,0
TLS,1956,13.565,12.46,12.787,13.025,13.177,13.246,13.249,13.203,13.036,12.717,12.297,11.843,11.332,10.901,10.617,10.42,10.197,9.986,9.683,9.23,8.692,8.181,7.655,7.262,7.08,7.03,6.969,6.93,6.827,6.602,6.305,6.033,5.759,5.536,5.394,5.302,5.2,5.108,4.967,4.744,4.473,4.218,3.968,3.745,3.568,3.425,3.279,3.127,3.019,2.973,2.963,2.95,2.948,2.894,2.753,2.557,2.375,2.2,2.015,1.823,1.631,1.439,1.237,1.107,1.087,1.135,1.179,1.235,1.243,1.165,1.03,0.912,0.795,0.69,0.61,0.546,0.478,0.411,0.349,0.293,0.243,0.197,0.155,0.119,0.092,0.071,0.053,0.039,0.028,0.019,0.012,0.008,0.006,0.004,0.004,0.002,0,0,0,0
TLS,1957,14.796,14.128,12.28,12.457,12.622,12.763,12.869,12.959,13.052,12.983,12.678,12.217,11.749,11.234,10.795,10.51,10.313,10.086,9.87,9.565,9.113,8.579,8.072,7.55,7.158,6.976,6.926,6.863,6.823,6.72,6.497,6.202,5.932,5.661,5.438,5.297,5.204,5.101,5.009,4.868,4.649,4.38,4.129,3.881,3.661,3.486,3.344,3.199,3.048,2.94,2.891,2.878,2.861,2.856,2.8,2.66,2.465,2.284,2.11,1.928,1.739,1.553,1.368,1.171,1.043,1.018,1.059,1.095,1.145,1.148,1.07,0.941,0.828,0.715,0.615,0.539,0.48,0.417,0.356,0.3,0.25,0.205,0.165,0.129,0.098,0.075,0.057,0.042,0.031,0.023,0.015,0.01,0.007,0.005,0.004,0.002,0,0,0,0
TLS,1958,16.121,14.803,13.781,12.101,12.128,12.22,12.35,12.493,12.67,12.9,12.929,12.636,12.138,11.654,11.133,10.69,10.403,10.206,9.976,9.754,9.446,8.996,8.467,7.961,7.443,7.055,6.872,6.821,6.758,6.718,6.614,6.392,6.099,5.831,5.563,5.341,5.2,5.106,5.003,4.909,4.769,4.552,4.288,4.039,3.796,3.577,3.403,3.262,3.118,2.968,2.859,2.808,2.791,2.773,2.764,2.706,2.566,2.373,2.194,2.021,1.84,1.656,1.476,1.295,1.105,0.979,0.951,0.984,1.012,1.055,1.053,0.977,0.853,0.743,0.636,0.541,0.469,0.415,0.358,0.301,0.251,0.206,0.167,0.133,0.103,0.078,0.058,0.044,0.031,0.023,0.017,0.012,0.007,0.005,0.004,0.002,0.002,0,0,0
TLS,1959,17.356,15.503,14.074,13.021,11.948,11.826,11.845,11.965,12.145,12.409,12.778,12.905,12.625,12.084,11.586,11.059,10.609,10.318,10.121,9.887,9.661,9.349,8.899,8.372,7.869,7.354,6.968,6.784,6.732,6.667,6.626,6.523,6.302,6.01,5.744,5.476,5.256,5.114,5.02,4.916,4.821,4.681,4.466,4.204,3.96,3.718,3.502,3.329,3.188,3.044,2.895,2.785,2.733,2.712,2.69,2.678,2.619,2.479,2.287,2.108,1.935,1.757,1.577,1.402,1.227,1.042,0.918,0.885,0.91,0.932,0.966,0.961,0.886,0.767,0.66,0.557,0.468,0.401,0.35,0.298,0.247,0.202,0.163,0.13,0.102,0.076,0.056,0.041,0.03,0.021,0.015,0.012,0.008,0.005,0.003,0.002,0.002,0.001,0,0
TLS,1960,18.324,16.16,14.481,13.236,12.369,11.828,11.557,11.502,11.611,11.83,12.182,12.69,12.914,12.646,12.064,11.548,11.013,10.556,10.262,10.064,9.825,9.592,9.275,8.825,8.3,7.799,7.285,6.898,6.715,6.66,6.595,6.552,6.448,6.227,5.937,5.671,5.405,5.185,5.043,4.946,4.841,4.746,4.606,4.392,4.133,3.89,3.651,3.437,3.264,3.123,2.978,2.83,2.719,2.663,2.64,2.615,2.6,2.538,2.398,2.207,2.028,1.855,1.679,1.502,1.331,1.161,0.981,0.86,0.822,0.839,0.853,0.88,0.871,0.796,0.681,0.58,0.481,0.395,0.332,0.287,0.239,0.193,0.153,0.12,0.093,0.071,0.051,0.036,0.025,0.017,0.01,0.008,0.006,0.004,0.002,0.001,0.001,0,0,0
TLS,1961,18.708,17.482,15.623,14.16,13.053,12.261,11.733,11.417,11.326,11.444,11.696,12.051,12.543,12.755,12.486,11.909,11.394,10.857,10.401,10.107,9.908,9.671,9.437,9.122,8.678,8.159,7.664,7.158,6.776,6.594,6.538,6.471,6.427,6.323,6.104,5.817,5.555,5.291,5.074,4.932,4.836,4.731,4.635,4.496,4.285,4.03,3.79,3.553,3.341,3.17,3.03,2.887,2.738,2.628,2.57,2.543,2.514,2.495,2.431,2.292,2.104,1.928,1.757,1.584,1.414,1.251,1.087,0.916,0.798,0.758,0.77,0.778,0.8,0.788,0.717,0.61,0.516,0.424,0.345,0.289,0.248,0.205,0.165,0.13,0.101,0.078,0.058,0.043,0.03,0.02,0.014,0.009,0.006,0.005,0.003,0.002,0.001,0,0,0
TLS,1962,18.757,16.855,16.725,15.162,13.905,12.931,12.21,11.693,11.33,11.203,11.331,11.617,11.977,12.454,12.655,12.384,11.81,11.292,10.753,10.294,9.999,9.8,9.561,9.326,9.013,8.571,8.057,7.567,7.065,6.687,6.504,6.447,6.378,6.333,6.228,6.011,5.724,5.464,5.202,4.987,4.845,4.748,4.644,4.548,4.409,4.199,3.946,3.707,3.472,3.262,3.092,2.952,2.809,2.661,2.55,2.489,2.458,2.425,2.403,2.337,2.197,2.011,1.838,1.668,1.498,1.333,1.176,1.018,0.854,0.74,0.699,0.703,0.708,0.723,0.709,0.643,0.543,0.455,0.369,0.297,0.247,0.21,0.174,0.138,0.107,0.083,0.063,0.047,0.034,0.024,0.017,0.011,0.007,0.005,0.004,0.003,0.001,0,0,0
TLS,1963,18.594,17.114,15.853,16.017,14.743,13.691,12.846,12.194,11.687,11.276,11.113,11.25,11.572,11.937,12.402,12.592,12.318,11.743,11.224,10.681,10.218,9.92,9.719,9.478,9.242,8.929,8.488,7.978,7.491,6.992,6.615,6.433,6.374,6.304,6.257,6.15,5.934,5.65,5.39,5.128,4.913,4.771,4.675,4.57,4.473,4.334,4.125,3.873,3.636,3.403,3.193,3.022,2.883,2.74,2.592,2.479,2.415,2.38,2.343,2.318,2.249,2.109,1.925,1.752,1.583,1.417,1.256,1.104,0.952,0.796,0.684,0.641,0.639,0.638,0.649,0.633,0.569,0.476,0.394,0.317,0.25,0.205,0.173,0.141,0.111,0.086,0.065,0.05,0.035,0.025,0.019,0.012,0.008,0.005,0.003,0.003,0.002,0.001,0,0
TLS,1964,18.416,17.355,16.379,15.489,15.313,14.33,13.482,12.767,12.184,11.686,11.227,11.027,11.174,11.531,11.902,12.355,12.535,12.256,11.683,11.161,10.613,10.146,9.845,9.642,9.4,9.162,8.848,8.41,7.902,7.417,6.923,6.548,6.365,6.303,6.232,6.183,6.076,5.859,5.576,5.317,5.057,4.841,4.701,4.603,4.497,4.4,4.262,4.053,3.802,3.566,3.333,3.124,2.954,2.814,2.67,2.523,2.409,2.342,2.302,2.262,2.233,2.161,2.022,1.838,1.667,1.5,1.335,1.179,1.033,0.887,0.737,0.629,0.583,0.576,0.569,0.574,0.556,0.495,0.41,0.335,0.263,0.203,0.163,0.136,0.11,0.084,0.064,0.048,0.035,0.024,0.017,0.012,0.009,0.005,0.003,0.003,0.002,0.001,0,0
TLS,1965,18.378,17.615,16.845,16.078,15.326,14.598,13.908,13.265,12.681,12.167,11.679,11.171,10.936,11.092,11.485,11.861,12.301,12.471,12.189,11.616,11.091,10.539,10.067,9.764,9.561,9.317,9.077,8.763,8.326,7.821,7.34,6.848,6.476,6.293,6.23,6.157,6.106,5.998,5.781,5.499,5.241,4.983,4.768,4.626,4.528,4.422,4.324,4.185,3.978,3.729,3.493,3.261,3.053,2.884,2.743,2.599,2.452,2.338,2.268,2.224,2.18,2.146,2.073,1.932,1.751,1.581,1.414,1.252,1.101,0.961,0.821,0.678,0.573,0.524,0.511,0.499,0.498,0.479,0.421,0.343,0.274,0.209,0.156,0.121,0.099,0.077,0.058,0.042,0.03,0.02,0.012,0.009,0.006,0.005,0.003,0.001,0.001,0,0,0
TLS,1966,18.44,17.935,17.212,16.49,15.776,15.079,14.41,13.785,13.187,12.618,12.098,11.606,11.092,10.847,10.997,11.386,11.754,12.183,12.345,12.062,11.492,10.968,10.418,9.948,9.647,9.444,9.201,8.963,8.651,8.217,7.716,7.239,6.752,6.383,6.199,6.134,6.06,6.009,5.9,5.685,5.405,5.15,4.893,4.681,4.538,4.439,4.332,4.232,4.092,3.886,3.639,3.405,3.175,2.967,2.798,2.658,2.515,2.369,2.252,2.179,2.131,2.084,2.047,1.971,1.833,1.655,1.49,1.326,1.169,1.024,0.891,0.757,0.622,0.522,0.473,0.458,0.446,0.443,0.424,0.371,0.3,0.239,0.18,0.133,0.102,0.084,0.065,0.048,0.035,0.025,0.017,0.01,0.007,0.006,0.004,0.002,0.001,0,0,0
TLS,1967,18.606,18.032,17.497,16.814,16.14,15.479,14.837,14.228,13.665,13.113,12.559,12.033,11.535,11.015,10.763,10.907,11.291,11.651,12.069,12.224,11.939,11.371,10.85,10.301,9.834,9.533,9.33,9.088,8.851,8.541,8.111,7.615,7.141,6.658,6.291,6.108,6.042,5.967,5.913,5.803,5.589,5.313,5.059,4.806,4.594,4.452,4.35,4.242,4.142,4.001,3.795,3.551,3.318,3.089,2.883,2.715,2.574,2.431,2.284,2.168,2.092,2.041,1.989,1.948,1.871,1.735,1.561,1.398,1.239,1.087,0.947,0.82,0.694,0.566,0.471,0.423,0.406,0.392,0.387,0.368,0.321,0.257,0.203,0.151,0.11,0.084,0.068,0.052,0.039,0.029,0.02,0.014,0.008,0.006,0.004,0.003,0.001,0,0,0
TLS,1968,18.881,18.264,17.627,17.073,16.431,15.803,15.195,14.607,14.057,13.557,13.05,12.509,11.976,11.474,10.947,10.687,10.825,11.204,11.556,11.964,12.112,11.825,11.26,10.739,10.191,9.726,9.425,9.223,8.982,8.747,8.438,8.01,7.518,7.048,6.569,6.205,6.021,5.954,5.877,5.821,5.712,5.499,5.225,4.974,4.722,4.512,4.369,4.266,4.156,4.053,3.913,3.708,3.465,3.235,3.007,2.801,2.633,2.493,2.349,2.203,2.085,2.007,1.951,1.896,1.851,1.773,1.638,1.468,1.308,1.153,1.005,0.871,0.75,0.631,0.51,0.42,0.373,0.354,0.339,0.332,0.314,0.272,0.215,0.168,0.123,0.088,0.066,0.052,0.04,0.029,0.022,0.015,0.009,0.006,0.004,0.003,0.002,0.001,0,0
TLS,1969,19.267,18.571,17.89,17.228,16.68,16.075,15.493,14.936,14.402,13.909,13.473,13.008,12.48,11.94,11.433,10.897,10.629,10.762,11.136,11.482,11.88,12.021,11.731,11.166,10.646,10.1,9.634,9.334,9.132,8.891,8.656,8.349,7.924,7.435,6.968,6.491,6.128,5.945,5.876,5.798,5.741,5.63,5.418,5.146,4.896,4.647,4.437,4.293,4.188,4.077,3.973,3.832,3.627,3.385,3.156,2.929,2.725,2.556,2.415,2.271,2.126,2.007,1.924,1.864,1.806,1.758,1.677,1.543,1.377,1.221,1.068,0.925,0.797,0.683,0.569,0.457,0.371,0.324,0.303,0.286,0.277,0.26,0.223,0.173,0.132,0.094,0.064,0.047,0.037,0.027,0.02,0.016,0.011,0.006,0.003,0.003,0.002,0.001,0,0
TLS,1970,19.74,18.966,18.24,17.558,16.917,16.314,15.746,15.21,14.704,14.223,13.786,13.412,12.99,12.474,11.926,11.412,10.868,10.59,10.718,11.089,11.427,11.816,11.951,11.659,11.094,10.573,10.026,9.56,9.26,9.057,8.816,8.582,8.276,7.852,7.364,6.899,6.425,6.064,5.88,5.809,5.729,5.67,5.558,5.347,5.076,4.827,4.579,4.37,4.224,4.118,4.005,3.899,3.757,3.553,3.311,3.082,2.857,2.652,2.483,2.341,2.197,2.051,1.931,1.846,1.781,1.719,1.666,1.584,1.452,1.288,1.135,0.985,0.846,0.724,0.615,0.509,0.402,0.321,0.275,0.253,0.234,0.224,0.206,0.174,0.132,0.097,0.067,0.042,0.029,0.022,0.015,0.011,0.009,0.006,0.003,0.001,0.001,0.001,0,0
TLS,1971,20.339,19.362,18.643,17.972,17.345,16.756,16.203,15.685,15.184,14.689,14.203,13.761,13.377,12.947,12.429,11.882,11.365,10.817,10.535,10.657,11.023,11.356,11.74,11.871,11.579,11.015,10.496,9.951,9.487,9.186,8.982,8.741,8.505,8.199,7.777,7.291,6.829,6.358,5.997,5.812,5.74,5.659,5.599,5.486,5.275,5.004,4.756,4.507,4.297,4.151,4.043,3.927,3.818,3.674,3.47,3.229,3.001,2.775,2.57,2.402,2.259,2.115,1.969,1.848,1.761,1.693,1.629,1.575,1.491,1.362,1.203,1.054,0.91,0.776,0.659,0.558,0.459,0.361,0.286,0.242,0.221,0.203,0.193,0.179,0.149,0.112,0.082,0.055,0.036,0.024,0.019,0.012,0.009,0.007,0.005,0.003,0.001,0.001,0,0
TLS,1972,21.087,20.102,19.008,18.345,17.728,17.154,16.616,16.113,15.646,15.179,14.693,14.202,13.753,13.36,12.921,12.401,11.854,11.335,10.782,10.495,10.612,10.973,11.301,11.679,11.806,11.514,10.951,10.433,9.889,9.425,9.124,8.92,8.677,8.44,8.134,7.713,7.228,6.767,6.297,5.938,5.753,5.679,5.596,5.535,5.421,5.209,4.939,4.69,4.442,4.23,4.082,3.971,3.853,3.742,3.596,3.391,3.15,2.922,2.697,2.492,2.324,2.18,2.035,1.89,1.768,1.679,1.608,1.541,1.484,1.401,1.273,1.118,0.974,0.834,0.705,0.596,0.502,0.409,0.32,0.251,0.21,0.189,0.173,0.164,0.15,0.125,0.093,0.067,0.045,0.029,0.02,0.014,0.009,0.007,0.006,0.004,0.002,0.001,0,0
TLS,1973,21.694,20.622,19.672,18.626,18.018,17.458,16.938,16.452,16,15.584,15.151,14.678,14.182,13.728,13.325,12.878,12.355,11.81,11.287,10.73,10.439,10.551,10.906,11.229,11.602,11.726,11.432,10.871,10.355,9.813,9.351,9.049,8.843,8.601,8.364,8.057,7.637,7.156,6.696,6.229,5.871,5.685,5.61,5.527,5.463,5.349,5.136,4.866,4.618,4.369,4.157,4.007,3.894,3.773,3.66,3.513,3.308,3.068,2.839,2.615,2.41,2.241,2.097,1.952,1.808,1.685,1.593,1.52,1.45,1.39,1.307,1.181,1.031,0.892,0.757,0.633,0.531,0.444,0.36,0.277,0.215,0.177,0.158,0.142,0.134,0.123,0.101,0.075,0.052,0.034,0.022,0.016,0.011,0.007,0.006,0.004,0.003,0.001,0.001,0
TLS,1974,21.779,20.728,19.8,18.983,18.167,17.618,17.116,16.653,16.22,15.821,15.458,15.062,14.601,14.103,13.645,13.234,12.781,12.258,11.716,11.194,10.636,10.34,10.446,10.795,11.111,11.477,11.596,11.304,10.747,10.234,9.697,9.238,8.937,8.731,8.489,8.251,7.947,7.53,7.053,6.598,6.134,5.778,5.593,5.518,5.433,5.369,5.253,5.042,4.774,4.526,4.279,4.067,3.916,3.801,3.678,3.563,3.414,3.21,2.972,2.745,2.522,2.318,2.15,2.006,1.861,1.717,1.594,1.501,1.425,1.353,1.292,1.208,1.086,0.941,0.807,0.676,0.559,0.464,0.385,0.309,0.235,0.178,0.144,0.125,0.111,0.103,0.094,0.076,0.055,0.037,0.023,0.016,0.011,0.007,0.004,0.003,0.003,0.002,0.001,0
TLS,1975,21.131,20.25,19.469,18.775,18.161,17.615,17.126,16.685,16.281,15.905,15.56,15.25,14.893,14.448,13.95,13.491,13.074,12.617,12.098,11.562,11.042,10.484,10.187,10.287,10.627,10.935,11.292,11.406,11.116,10.566,10.06,9.529,9.077,8.778,8.573,8.333,8.097,7.795,7.384,6.914,6.464,6.007,5.657,5.473,5.397,5.312,5.247,5.132,4.922,4.656,4.411,4.166,3.956,3.804,3.687,3.564,3.448,3.299,3.096,2.86,2.636,2.415,2.215,2.047,1.904,1.762,1.618,1.496,1.401,1.323,1.25,1.186,1.103,0.985,0.846,0.717,0.593,0.483,0.395,0.324,0.256,0.191,0.141,0.11,0.092,0.079,0.073,0.065,0.051,0.035,0.02,0.012,0.009,0.006,0.003,0.001,0.001,0.001,0.001,0
TLS,1976,19.826,20.204,19.526,18.91,18.347,17.833,17.36,16.919,16.507,16.118,15.743,15.385,15.048,14.665,14.205,13.696,13.219,12.781,12.301,11.75,11.181,10.63,10.043,9.719,9.794,10.113,10.402,10.74,10.851,10.577,10.055,9.58,9.083,8.659,8.381,8.19,7.967,7.748,7.464,7.072,6.622,6.191,5.752,5.416,5.242,5.172,5.092,5.033,4.923,4.72,4.462,4.223,3.985,3.78,3.631,3.516,3.393,3.278,3.13,2.932,2.702,2.483,2.267,2.071,1.909,1.771,1.632,1.495,1.376,1.283,1.205,1.132,1.069,0.99,0.879,0.752,0.633,0.519,0.418,0.34,0.278,0.219,0.162,0.119,0.092,0.077,0.066,0.061,0.054,0.043,0.028,0.017,0.009,0.008,0.005,0.003,0.001,0.001,0.001,0
TLS,1977,17.841,17.865,19.228,18.753,18.303,17.873,17.46,17.06,16.667,16.285,15.912,15.541,15.17,14.807,14.4,13.926,13.406,12.914,12.456,11.951,11.373,10.773,10.193,9.578,9.227,9.276,9.574,9.844,10.163,10.268,10.011,9.521,9.076,8.614,8.221,7.964,7.787,7.581,7.381,7.116,6.743,6.313,5.902,5.482,5.161,4.997,4.934,4.861,4.805,4.701,4.506,4.257,4.026,3.795,3.596,3.449,3.335,3.214,3.099,2.955,2.76,2.538,2.325,2.114,1.924,1.766,1.632,1.499,1.367,1.253,1.161,1.083,1.012,0.95,0.874,0.772,0.655,0.547,0.443,0.354,0.284,0.231,0.181,0.134,0.098,0.075,0.062,0.053,0.048,0.043,0.033,0.022,0.013,0.008,0.006,0.004,0.002,0.001,0,0
TLS,1978,15.785,16.33,16.734,18.266,17.993,17.708,17.409,17.097,16.769,16.425,16.073,15.714,15.345,14.963,14.573,14.142,13.653,13.125,12.616,12.139,11.61,11.004,10.372,9.762,9.119,8.742,8.767,9.043,9.293,9.593,9.695,9.453,8.994,8.58,8.152,7.788,7.551,7.391,7.202,7.019,6.772,6.42,6.01,5.618,5.216,4.911,4.757,4.7,4.633,4.582,4.483,4.296,4.054,3.831,3.607,3.413,3.27,3.157,3.037,2.923,2.781,2.592,2.374,2.168,1.963,1.778,1.626,1.497,1.367,1.242,1.131,1.041,0.964,0.894,0.832,0.76,0.665,0.559,0.462,0.368,0.289,0.23,0.185,0.143,0.106,0.076,0.058,0.046,0.04,0.036,0.032,0.025,0.016,0.009,0.006,0.004,0.003,0.001,0,0
TLS,1979,14.452,15.263,15.902,16.381,17.372,17.3,17.178,17.008,16.796,16.54,16.243,15.918,15.574,15.206,14.81,14.393,13.936,13.43,12.892,12.364,11.866,11.312,10.675,10.01,9.367,8.694,8.289,8.29,8.546,8.777,9.06,9.157,8.932,8.5,8.115,7.72,7.385,7.169,7.021,6.849,6.682,6.453,6.12,5.728,5.354,4.97,4.679,4.535,4.484,4.422,4.375,4.283,4.101,3.867,3.651,3.433,3.244,3.103,2.99,2.872,2.758,2.618,2.433,2.221,2.019,1.819,1.64,1.491,1.366,1.242,1.12,1.013,0.924,0.848,0.779,0.718,0.649,0.561,0.466,0.379,0.295,0.225,0.175,0.14,0.107,0.077,0.056,0.041,0.031,0.028,0.025,0.022,0.016,0.009,0.005,0.003,0.003,0.002,0.001,0
TLS,1980,14.368,15.039,15.588,16.022,16.348,16.573,16.703,16.745,16.706,16.592,16.406,16.154,15.856,15.524,15.156,14.743,14.296,13.81,13.285,12.733,12.183,11.661,11.078,10.406,9.704,9.026,8.318,7.882,7.858,8.094,8.31,8.575,8.669,8.458,8.052,7.695,7.331,7.023,6.824,6.691,6.533,6.384,6.17,5.854,5.478,5.121,4.751,4.472,4.336,4.291,4.235,4.193,4.105,3.929,3.702,3.491,3.278,3.093,2.953,2.841,2.722,2.608,2.469,2.287,2.079,1.88,1.684,1.508,1.364,1.242,1.122,1.004,0.9,0.812,0.737,0.667,0.606,0.54,0.461,0.374,0.297,0.223,0.163,0.122,0.095,0.07,0.05,0.035,0.024,0.016,0.015,0.013,0.01,0.007,0.003,0.001,0.001,0.001,0,0
TLS,1981,15.544,14.299,14.737,15.155,15.544,15.891,16.205,16.492,16.645,16.615,16.447,16.242,15.984,15.681,15.347,14.98,14.566,14.116,13.629,13.107,12.558,12.012,11.493,10.915,10.252,9.559,8.889,8.191,7.759,7.734,7.963,8.172,8.432,8.522,8.312,7.91,7.556,7.196,6.89,6.693,6.559,6.403,6.253,6.042,5.729,5.358,5.005,4.64,4.363,4.227,4.178,4.119,4.074,3.984,3.809,3.582,3.372,3.161,2.975,2.834,2.719,2.599,2.483,2.345,2.166,1.962,1.77,1.579,1.407,1.267,1.149,1.032,0.919,0.82,0.735,0.662,0.595,0.539,0.477,0.405,0.328,0.258,0.192,0.139,0.103,0.08,0.059,0.042,0.029,0.019,0.014,0.012,0.011,0.009,0.006,0.003,0.001,0.001,0,0
TLS,1982,17.94,16.869,14.27,14.477,14.768,15.112,15.482,15.885,16.329,16.594,16.573,16.351,16.125,15.861,15.552,15.216,14.848,14.432,13.977,13.488,12.966,12.42,11.877,11.359,10.786,10.128,9.441,8.778,8.088,7.66,7.632,7.857,8.059,8.313,8.4,8.189,7.792,7.44,7.081,6.778,6.581,6.448,6.292,6.142,5.931,5.621,5.255,4.904,4.543,4.268,4.129,4.078,4.016,3.968,3.874,3.699,3.473,3.263,3.052,2.866,2.724,2.607,2.485,2.367,2.228,2.052,1.853,1.664,1.478,1.311,1.175,1.059,0.946,0.837,0.741,0.66,0.59,0.528,0.473,0.415,0.35,0.281,0.22,0.162,0.116,0.085,0.065,0.047,0.034,0.024,0.016,0.011,0.009,0.009,0.007,0.004,0.003,0.001,0,0
TLS,1983,20.957,18.669,16.935,14.279,14.258,14.421,14.723,15.115,15.607,16.21,16.586,16.574,16.297,16.05,15.78,15.465,15.125,14.755,14.335,13.875,13.382,12.86,12.315,11.774,11.256,10.685,10.03,9.349,8.691,8.006,7.581,7.551,7.77,7.968,8.217,8.301,8.09,7.693,7.344,6.987,6.685,6.488,6.354,6.198,6.047,5.837,5.529,5.165,4.817,4.458,4.184,4.044,3.989,3.923,3.871,3.776,3.599,3.373,3.163,2.953,2.767,2.621,2.502,2.377,2.258,2.117,1.943,1.749,1.564,1.382,1.218,1.085,0.973,0.863,0.758,0.666,0.588,0.52,0.461,0.409,0.356,0.297,0.237,0.182,0.132,0.093,0.067,0.05,0.036,0.026,0.018,0.013,0.008,0.007,0.006,0.005,0.003,0.001,0,0
TLS,1984,23.747,20.486,17.978,16.142,14.331,14.08,14.117,14.376,14.792,15.376,16.139,16.629,16.624,16.292,16.023,15.746,15.424,15.08,14.707,14.281,13.815,13.317,12.792,12.248,11.705,11.187,10.616,9.963,9.284,8.629,7.948,7.524,7.492,7.707,7.901,8.145,8.226,8.014,7.619,7.269,6.913,6.611,6.414,6.279,6.121,5.97,5.761,5.452,5.09,4.743,4.386,4.112,3.97,3.911,3.842,3.787,3.688,3.51,3.283,3.072,2.862,2.675,2.527,2.404,2.276,2.155,2.014,1.84,1.649,1.467,1.289,1.13,0.999,0.889,0.782,0.681,0.592,0.516,0.451,0.394,0.345,0.296,0.245,0.192,0.146,0.103,0.07,0.049,0.036,0.025,0.017,0.013,0.009,0.006,0.005,0.004,0.003,0.002,0.001,0
TLS,1985,25.69,21.972,19.069,16.9,15.377,14.415,13.932,13.84,14.059,14.499,15.176,16.103,16.707,16.712,16.324,16.032,15.746,15.416,15.066,14.69,14.259,13.784,13.281,12.752,12.206,11.661,11.141,10.569,9.917,9.24,8.586,7.908,7.484,7.45,7.66,7.85,8.09,8.167,7.956,7.56,7.21,6.853,6.551,6.352,6.216,6.058,5.906,5.695,5.388,5.026,4.68,4.323,4.049,3.904,3.842,3.769,3.71,3.608,3.428,3.2,2.988,2.777,2.587,2.437,2.311,2.18,2.055,1.913,1.741,1.552,1.374,1.198,1.042,0.913,0.806,0.703,0.605,0.519,0.446,0.384,0.329,0.283,0.238,0.192,0.147,0.108,0.074,0.048,0.031,0.022,0.013,0.009,0.008,0.005,0.003,0.002,0.002,0.001,0.001,0
TLS,1986,26.175,24.606,21.408,18.853,16.882,15.44,14.443,13.809,13.606,13.829,14.344,15.037,15.946,16.537,16.538,16.15,15.856,15.566,15.234,14.884,14.509,14.08,13.608,13.107,12.584,12.043,11.505,10.99,10.424,9.779,9.11,8.464,7.793,7.373,7.336,7.541,7.726,7.96,8.034,7.823,7.432,7.085,6.732,6.431,6.234,6.097,5.937,5.784,5.574,5.269,4.911,4.569,4.216,3.943,3.797,3.731,3.655,3.591,3.487,3.307,3.081,2.87,2.66,2.472,2.321,2.194,2.063,1.938,1.797,1.629,1.447,1.274,1.105,0.955,0.833,0.731,0.633,0.541,0.461,0.394,0.337,0.287,0.245,0.205,0.164,0.125,0.091,0.061,0.04,0.026,0.017,0.011,0.008,0.006,0.004,0.003,0.002,0.001,0.001,0
TLS,1987,25.858,23.128,23.656,20.958,18.733,16.952,15.582,14.544,13.758,13.443,13.672,14.264,14.976,15.872,16.452,16.448,16.06,15.762,15.468,15.131,14.78,14.405,13.975,13.503,13.004,12.482,11.944,11.409,10.897,10.334,9.693,9.027,8.386,7.718,7.3,7.262,7.462,7.643,7.872,7.943,7.732,7.342,6.997,6.645,6.346,6.147,6.009,5.847,5.693,5.482,5.178,4.822,4.482,4.131,3.858,3.71,3.64,3.56,3.493,3.385,3.205,2.978,2.768,2.558,2.37,2.218,2.09,1.958,1.832,1.692,1.528,1.35,1.182,1.018,0.873,0.756,0.661,0.568,0.482,0.407,0.344,0.292,0.246,0.209,0.173,0.139,0.104,0.074,0.05,0.033,0.021,0.014,0.009,0.006,0.005,0.003,0.002,0.001,0.001,0
TLS,1988,25.148,23.432,21.861,22.778,20.573,18.672,17.073,15.774,14.692,13.749,13.321,13.559,14.227,14.961,15.847,16.419,16.41,16.02,15.717,15.416,15.074,14.721,14.345,13.913,13.441,12.94,12.419,11.881,11.347,10.836,10.275,9.637,8.973,8.333,7.668,7.25,7.21,7.406,7.583,7.808,7.877,7.664,7.276,6.931,6.58,6.28,6.08,5.939,5.776,5.619,5.407,5.102,4.749,4.408,4.059,3.786,3.635,3.56,3.476,3.404,3.294,3.111,2.884,2.673,2.464,2.275,2.122,1.992,1.858,1.732,1.592,1.43,1.257,1.094,0.934,0.795,0.683,0.592,0.504,0.423,0.354,0.296,0.248,0.207,0.173,0.142,0.112,0.084,0.058,0.038,0.026,0.017,0.011,0.007,0.005,0.003,0.003,0.001,0.001,0
TLS,1989,24.659,23.844,22.903,21.868,21.906,20.193,18.618,17.203,15.972,14.846,13.746,13.204,13.449,14.197,14.951,15.829,16.392,16.379,15.986,15.679,15.371,15.025,14.667,14.289,13.857,13.382,12.881,12.36,11.824,11.29,10.78,10.22,9.583,8.921,8.284,7.62,7.203,7.16,7.353,7.525,7.747,7.812,7.599,7.211,6.867,6.517,6.217,6.015,5.872,5.706,5.547,5.333,5.03,4.676,4.336,3.988,3.714,3.559,3.48,3.392,3.317,3.203,3.019,2.792,2.58,2.37,2.18,2.025,1.894,1.76,1.631,1.492,1.333,1.164,1.005,0.85,0.716,0.609,0.522,0.44,0.365,0.301,0.247,0.203,0.167,0.137,0.111,0.086,0.063,0.041,0.027,0.018,0.012,0.007,0.004,0.003,0.003,0.001,0.001,0
TLS,1990,24.852,24.55,23.966,23.148,22.147,21.015,19.8,18.552,17.322,16.162,14.991,13.735,13.079,13.33,14.157,14.933,15.801,16.355,16.337,15.942,15.63,15.316,14.964,14.604,14.225,13.792,13.315,12.814,12.293,11.758,11.225,10.718,10.16,9.524,8.864,8.228,7.568,7.151,7.106,7.294,7.464,7.681,7.743,7.53,7.142,6.799,6.45,6.149,5.946,5.8,5.633,5.471,5.256,4.952,4.6,4.261,3.914,3.639,3.482,3.399,3.307,3.227,3.11,2.924,2.697,2.484,2.274,2.084,1.928,1.794,1.659,1.53,1.391,1.235,1.07,0.915,0.766,0.636,0.534,0.452,0.375,0.306,0.247,0.199,0.159,0.127,0.102,0.08,0.06,0.041,0.025,0.015,0.012,0.007,0.004,0.001,0.001,0.001,0.001,0
TLS,1991,25.992,24.915,24.451,23.779,22.935,21.956,20.895,19.801,18.638,17.415,16.21,15.021,13.755,13.092,13.339,14.163,14.935,15.799,16.348,16.326,15.928,15.613,15.297,14.943,14.581,14.201,13.766,13.289,12.787,12.266,11.729,11.196,10.687,10.128,9.492,8.833,8.197,7.537,7.12,7.072,7.256,7.423,7.636,7.695,7.48,7.091,6.746,6.395,6.093,5.887,5.738,5.567,5.401,5.183,4.879,4.526,4.187,3.839,3.564,3.403,3.315,3.217,3.133,3.012,2.825,2.597,2.385,2.176,1.987,1.83,1.695,1.56,1.431,1.295,1.143,0.986,0.838,0.696,0.574,0.478,0.403,0.332,0.269,0.216,0.172,0.137,0.109,0.087,0.069,0.051,0.035,0.021,0.013,0.01,0.007,0.003,0.001,0.001,0.001,0
TLS,1992,27.782,27.116,24.949,24.321,23.56,22.691,21.736,20.748,19.778,18.702,17.485,16.238,15.031,13.758,13.088,13.331,14.153,14.92,15.776,16.321,16.295,15.894,15.577,15.258,14.902,14.539,14.158,13.724,13.247,12.744,12.223,11.686,11.152,10.642,10.083,9.449,8.791,8.155,7.496,7.079,7.029,7.21,7.373,7.582,7.638,7.421,7.032,6.685,6.332,6.028,5.82,5.667,5.494,5.325,5.104,4.799,4.446,4.107,3.76,3.483,3.318,3.225,3.124,3.034,2.91,2.722,2.495,2.283,2.075,1.885,1.728,1.593,1.458,1.33,1.196,1.05,0.9,0.76,0.625,0.51,0.421,0.352,0.288,0.232,0.184,0.146,0.115,0.089,0.071,0.057,0.042,0.028,0.017,0.01,0.007,0.006,0.003,0.001,0.001,0
TLS,1993,29.793,28.553,27.29,24.92,24.128,23.282,22.39,21.461,20.548,19.705,18.72,17.512,16.226,15.005,13.727,13.051,13.289,14.106,14.868,15.716,16.253,16.223,15.82,15.501,15.18,14.823,14.46,14.08,13.646,13.171,12.67,12.149,11.614,11.08,10.571,10.013,9.381,8.726,8.094,7.437,7.021,6.968,7.145,7.304,7.509,7.561,7.343,6.954,6.606,6.253,5.948,5.738,5.583,5.406,5.234,5.012,4.707,4.354,4.016,3.671,3.393,3.225,3.126,3.021,2.928,2.8,2.611,2.385,2.174,1.968,1.78,1.623,1.487,1.353,1.225,1.094,0.954,0.811,0.679,0.553,0.445,0.363,0.301,0.243,0.193,0.152,0.118,0.091,0.07,0.056,0.045,0.033,0.021,0.012,0.007,0.006,0.004,0.001,0.001,0
TLS,1994,31.424,29.712,28.126,26.656,24.812,23.862,22.932,22.02,21.119,20.285,19.57,18.678,17.486,16.164,14.931,13.653,12.974,13.207,14.017,14.768,15.605,16.134,16.101,15.699,15.377,15.055,14.698,14.336,13.958,13.527,13.054,12.555,12.037,11.504,10.974,10.467,9.912,9.284,8.634,8.006,7.354,6.94,6.886,7.057,7.212,7.412,7.461,7.242,6.853,6.507,6.155,5.849,5.637,5.48,5.301,5.127,4.904,4.599,4.249,3.913,3.569,3.292,3.122,3.019,2.909,2.812,2.683,2.493,2.268,2.059,1.855,1.668,1.512,1.378,1.243,1.117,0.989,0.855,0.72,0.596,0.478,0.378,0.304,0.248,0.198,0.154,0.119,0.091,0.068,0.051,0.04,0.032,0.023,0.014,0.007,0.005,0.004,0.003,0.001,0
TLS,1995,32.248,30.379,28.699,27.191,25.834,24.612,23.506,22.498,21.569,20.701,19.947,19.363,18.567,17.393,16.041,14.802,13.529,12.848,13.074,13.874,14.613,15.436,15.955,15.918,15.517,15.197,14.875,14.519,14.16,13.785,13.356,12.889,12.395,11.882,11.352,10.826,10.324,9.774,9.154,8.51,7.889,7.244,6.834,6.778,6.945,7.093,7.288,7.334,7.115,6.729,6.385,6.034,5.73,5.517,5.358,5.178,5.002,4.778,4.475,4.129,3.796,3.456,3.18,3.007,2.901,2.788,2.686,2.555,2.366,2.144,1.936,1.735,1.552,1.397,1.262,1.13,1.005,0.881,0.753,0.627,0.511,0.402,0.311,0.244,0.195,0.152,0.115,0.087,0.063,0.044,0.031,0.025,0.02,0.014,0.007,0.003,0.003,0.001,0.001,0
TLS,1996,32.458,31.669,30.001,28.46,27.037,25.725,24.502,23.353,22.314,21.396,20.561,19.817,19.229,18.421,17.228,15.854,14.589,13.288,12.572,12.75,13.493,14.179,14.948,15.421,15.353,14.93,14.59,14.252,13.89,13.541,13.188,12.784,12.344,11.879,11.39,10.884,10.385,9.909,9.386,8.788,8.166,7.566,6.941,6.549,6.508,6.689,6.851,7.056,7.113,6.905,6.529,6.195,5.854,5.557,5.349,5.193,5.016,4.843,4.622,4.325,3.985,3.657,3.322,3.05,2.878,2.77,2.656,2.554,2.423,2.237,2.018,1.815,1.619,1.44,1.289,1.159,1.031,0.911,0.793,0.674,0.559,0.453,0.353,0.271,0.211,0.168,0.129,0.099,0.074,0.054,0.037,0.025,0.02,0.016,0.011,0.006,0.003,0.002,0.001,0
TLS,1997,31.907,30.767,31.002,29.539,28.142,26.811,25.545,24.325,23.135,22.069,21.164,20.364,19.632,19.041,18.223,17.017,15.623,14.336,13.012,12.261,12.39,13.076,13.705,14.419,14.845,14.745,14.303,13.945,13.589,13.223,12.885,12.555,12.176,11.766,11.329,10.868,10.387,9.914,9.467,8.972,8.398,7.799,7.221,6.618,6.245,6.22,6.414,6.589,6.805,6.873,6.676,6.312,5.987,5.656,5.367,5.165,5.014,4.842,4.671,4.455,4.163,3.829,3.507,3.179,2.912,2.741,2.631,2.517,2.414,2.284,2.101,1.887,1.69,1.497,1.324,1.178,1.052,0.93,0.815,0.704,0.594,0.489,0.392,0.304,0.23,0.178,0.139,0.107,0.081,0.061,0.043,0.03,0.02,0.016,0.013,0.009,0.004,0.003,0.001,0
TLS,1998,31.033,30.528,29.911,30.316,29.061,27.807,26.567,25.347,24.132,22.903,21.81,20.919,20.156,19.435,18.84,18.016,16.796,15.383,14.074,12.727,11.943,12.022,12.651,13.224,13.881,14.262,14.13,13.668,13.291,12.92,12.55,12.223,11.915,11.563,11.182,10.775,10.341,9.884,9.439,9.022,8.553,8.004,7.427,6.873,6.293,5.94,5.93,6.137,6.323,6.55,6.629,6.444,6.091,5.777,5.456,5.175,4.979,4.833,4.663,4.496,4.284,3.998,3.672,3.356,3.035,2.771,2.601,2.492,2.377,2.274,2.144,1.964,1.755,1.562,1.376,1.207,1.066,0.945,0.828,0.718,0.614,0.514,0.418,0.332,0.254,0.19,0.144,0.112,0.083,0.063,0.047,0.034,0.023,0.015,0.012,0.01,0.007,0.003,0.001,0.001
TLS,1999,30.446,30.442,30.209,29.773,29.684,28.631,27.52,26.367,25.193,23.98,22.709,21.587,20.71,19.981,19.271,18.673,17.838,16.603,15.169,13.836,12.466,11.646,11.676,12.248,12.766,13.369,13.703,13.54,13.058,12.663,12.274,11.899,11.584,11.299,10.971,10.618,10.24,9.832,9.4,8.982,8.591,8.149,7.625,7.071,6.537,5.979,5.643,5.65,5.87,6.069,6.307,6.396,6.223,5.881,5.577,5.265,4.993,4.802,4.66,4.495,4.33,4.121,3.841,3.521,3.212,2.896,2.636,2.467,2.357,2.241,2.137,2.007,1.83,1.627,1.438,1.257,1.093,0.956,0.841,0.728,0.623,0.525,0.433,0.349,0.273,0.204,0.15,0.111,0.084,0.06,0.045,0.034,0.025,0.016,0.009,0.007,0.006,0.004,0.003,0.001
TLS,2000,30.565,30.76,30.686,30.376,29.856,29.156,28.304,27.33,26.262,25.129,23.914,22.597,21.442,20.573,19.878,19.176,18.571,17.724,16.469,15.009,13.648,12.247,11.39,11.372,11.888,12.354,12.903,13.193,12.998,12.493,12.078,11.67,11.289,10.984,10.72,10.416,10.091,9.741,9.356,8.948,8.554,8.192,7.774,7.272,6.737,6.224,5.684,5.367,5.39,5.623,5.835,6.086,6.186,6.024,5.692,5.397,5.093,4.827,4.642,4.503,4.34,4.178,3.973,3.697,3.382,3.078,2.766,2.51,2.341,2.229,2.113,2.008,1.879,1.704,1.504,1.32,1.142,0.982,0.85,0.738,0.63,0.53,0.438,0.356,0.28,0.215,0.156,0.109,0.078,0.056,0.038,0.028,0.022,0.015,0.008,0.004,0.004,0.003,0.002,0.001
TLS,2001,31.245,30.386,30.416,30.253,29.912,29.408,28.771,28.03,27.134,26.074,24.904,23.675,22.358,21.195,20.302,19.578,18.848,18.212,17.35,16.103,14.666,13.327,11.949,11.117,11.125,11.667,12.159,12.738,13.048,12.86,12.356,11.94,11.531,11.152,10.85,10.593,10.293,9.971,9.624,9.243,8.838,8.447,8.086,7.673,7.175,6.645,6.135,5.601,5.285,5.304,5.531,5.737,5.98,6.075,5.91,5.579,5.283,4.978,4.711,4.523,4.38,4.215,4.048,3.842,3.567,3.255,2.954,2.646,2.392,2.222,2.107,1.988,1.881,1.752,1.582,1.388,1.211,1.04,0.887,0.763,0.658,0.558,0.466,0.382,0.308,0.241,0.182,0.132,0.093,0.066,0.047,0.031,0.023,0.018,0.013,0.006,0.004,0.003,0.002,0.001
TLS,2002,32.597,32.113,30.288,30.157,29.902,29.529,29.04,28.464,27.832,27.013,25.957,24.747,23.502,22.182,21.005,20.088,19.331,18.572,17.905,17.024,15.782,14.365,13.044,11.686,10.876,10.909,11.478,11.998,12.607,12.938,12.759,12.253,11.837,11.426,11.045,10.747,10.493,10.197,9.878,9.534,9.155,8.753,8.364,8.005,7.592,7.097,6.571,6.064,5.532,5.217,5.233,5.454,5.654,5.89,5.98,5.813,5.48,5.183,4.878,4.608,4.417,4.27,4.1,3.931,3.721,3.447,3.138,2.838,2.534,2.281,2.109,1.99,1.87,1.759,1.63,1.464,1.277,1.105,0.941,0.796,0.678,0.581,0.489,0.404,0.328,0.262,0.204,0.152,0.109,0.078,0.054,0.038,0.025,0.018,0.015,0.01,0.006,0.003,0.002,0.001
TLS,2003,34.209,33.123,32.143,30.249,29.955,29.609,29.203,28.729,28.213,27.687,26.943,25.889,24.638,23.373,22.047,20.855,19.912,19.122,18.33,17.63,16.73,15.49,14.092,12.786,11.443,10.655,10.714,11.311,11.861,12.501,12.855,12.682,12.173,11.756,11.341,10.959,10.663,10.415,10.122,9.805,9.462,9.085,8.683,8.296,7.937,7.525,7.033,6.509,6.005,5.475,5.159,5.171,5.387,5.581,5.812,5.897,5.726,5.392,5.094,4.787,4.515,4.32,4.168,3.994,3.821,3.608,3.334,3.026,2.729,2.427,2.174,2,1.879,1.754,1.642,1.512,1.349,1.167,1.002,0.844,0.705,0.595,0.505,0.42,0.342,0.275,0.215,0.165,0.12,0.084,0.061,0.043,0.028,0.018,0.013,0.011,0.008,0.004,0.002,0.001
TLS,2004,35.49,33.961,32.663,31.569,30.244,29.785,29.348,28.91,28.447,27.992,27.573,26.902,25.851,24.555,23.271,21.936,20.728,19.758,18.934,18.109,17.375,16.454,15.216,13.832,12.542,11.214,10.445,10.53,11.157,11.736,12.409,12.784,12.619,12.107,11.686,11.269,10.885,10.591,10.348,10.057,9.741,9.401,9.025,8.624,8.237,7.878,7.468,6.977,6.455,5.952,5.424,5.108,5.115,5.325,5.514,5.74,5.82,5.646,5.311,5.009,4.7,4.426,4.227,4.07,3.892,3.714,3.498,3.225,2.918,2.621,2.322,2.07,1.893,1.767,1.64,1.525,1.395,1.235,1.06,0.9,0.748,0.616,0.512,0.429,0.351,0.281,0.221,0.169,0.127,0.089,0.061,0.045,0.031,0.02,0.012,0.01,0.007,0.005,0.003,0.001
TLS,2005,36.013,34.385,33.03,31.911,30.993,30.24,29.617,29.088,28.617,28.168,27.772,27.46,26.864,25.813,24.474,23.17,21.826,20.602,19.603,18.746,17.889,17.12,16.179,14.941,13.574,12.298,10.984,10.236,10.347,11.002,11.612,12.316,12.715,12.557,12.042,11.619,11.198,10.812,10.521,10.28,9.992,9.679,9.339,8.965,8.565,8.179,7.821,7.411,6.922,6.4,5.899,5.372,5.055,5.06,5.264,5.448,5.667,5.743,5.566,5.228,4.925,4.614,4.337,4.134,3.973,3.789,3.607,3.389,3.115,2.809,2.514,2.216,1.964,1.786,1.656,1.526,1.408,1.278,1.121,0.951,0.797,0.651,0.526,0.428,0.352,0.282,0.22,0.167,0.124,0.089,0.057,0.037,0.029,0.021,0.011,0.006,0.005,0.003,0.002,0.001
TLS,2006,35.494,35.393,34.036,32.859,31.841,30.958,30.178,29.467,28.868,28.387,27.964,27.564,27.231,26.615,25.549,24.199,22.883,21.529,20.297,19.298,18.447,17.595,16.835,15.901,14.671,13.313,12.047,10.744,10.005,10.125,10.788,11.406,12.118,12.526,12.377,11.87,11.457,11.046,10.667,10.381,10.148,9.864,9.555,9.221,8.85,8.455,8.072,7.716,7.309,6.823,6.308,5.809,5.287,4.971,4.972,5.17,5.347,5.559,5.629,5.449,5.109,4.805,4.492,4.212,4.005,3.839,3.652,3.465,3.245,2.973,2.67,2.379,2.086,1.838,1.661,1.532,1.403,1.286,1.161,1.013,0.853,0.709,0.576,0.461,0.372,0.304,0.241,0.187,0.143,0.106,0.075,0.047,0.031,0.024,0.017,0.009,0.005,0.003,0.003,0.001
TLS,2007,34.316,33.689,34.832,33.745,32.744,31.823,30.975,30.166,29.364,28.695,28.204,27.807,27.401,27.046,26.41,25.328,23.964,22.635,21.265,20.025,19.025,18.178,17.331,16.577,15.65,14.426,13.073,11.815,10.521,9.791,9.921,10.592,11.219,11.942,12.359,12.218,11.72,11.314,10.911,10.539,10.26,10.03,9.753,9.449,9.118,8.751,8.358,7.978,7.623,7.219,6.737,6.225,5.73,5.21,4.895,4.892,5.084,5.254,5.46,5.524,5.341,5,4.693,4.378,4.096,3.884,3.713,3.521,3.33,3.107,2.835,2.536,2.247,1.959,1.714,1.539,1.41,1.283,1.167,1.045,0.905,0.756,0.624,0.501,0.396,0.317,0.256,0.2,0.154,0.118,0.087,0.06,0.037,0.025,0.019,0.013,0.007,0.004,0.003,0.001
TLS,2008,32.788,32.974,33.009,34.301,33.482,32.657,31.833,31.017,30.18,29.287,28.547,28.046,27.673,27.262,26.884,26.227,25.128,23.751,22.406,21.021,19.771,18.769,17.925,17.082,16.332,15.412,14.194,12.846,11.594,10.308,9.587,9.724,10.406,11.043,11.775,12.201,12.069,11.579,11.181,10.785,10.421,10.147,9.923,9.65,9.349,9.022,8.658,8.269,7.891,7.537,7.135,6.656,6.147,5.655,5.138,4.823,4.816,5.003,5.167,5.366,5.424,5.238,4.894,4.584,4.268,3.982,3.766,3.589,3.393,3.196,2.972,2.7,2.403,2.119,1.834,1.592,1.417,1.289,1.163,1.049,0.931,0.799,0.661,0.538,0.426,0.332,0.261,0.209,0.16,0.122,0.094,0.069,0.045,0.027,0.019,0.014,0.01,0.005,0.003,0.001
TLS,2009,31.373,32.246,32.81,33.095,33.764,33.214,32.564,31.838,31.055,30.189,29.205,28.394,27.883,27.535,27.118,26.719,26.04,24.925,23.533,22.173,20.773,19.513,18.509,17.668,16.829,16.086,15.171,13.958,12.616,11.371,10.092,9.379,9.526,10.217,10.864,11.605,12.041,11.918,11.436,11.046,10.657,10.3,10.033,9.813,9.544,9.249,8.925,8.564,8.178,7.802,7.451,7.051,6.575,6.069,5.58,5.065,4.75,4.74,4.919,5.078,5.27,5.323,5.133,4.787,4.475,4.157,3.868,3.647,3.464,3.264,3.063,2.835,2.565,2.271,1.989,1.709,1.47,1.297,1.168,1.042,0.93,0.816,0.692,0.565,0.453,0.351,0.267,0.206,0.162,0.12,0.09,0.07,0.05,0.031,0.018,0.013,0.01,0.006,0.003,0.001
TLS,2010,30.435,31.672,32.532,33.051,33.266,33.216,32.935,32.461,31.833,31.085,30.188,29.115,28.233,27.711,27.388,26.966,26.544,25.844,24.713,23.308,21.934,20.519,19.249,18.243,17.405,16.571,15.833,14.926,13.719,12.382,11.144,9.873,9.169,9.324,10.025,10.682,11.432,11.877,11.763,11.289,10.908,10.527,10.177,9.914,9.7,9.436,9.145,8.825,8.468,8.084,7.711,7.361,6.963,6.49,5.988,5.502,4.991,4.675,4.662,4.835,4.987,5.173,5.22,5.027,4.679,4.364,4.044,3.753,3.527,3.34,3.134,2.928,2.698,2.428,2.137,1.859,1.582,1.347,1.174,1.046,0.922,0.811,0.701,0.585,0.469,0.368,0.276,0.203,0.15,0.113,0.079,0.058,0.046,0.031,0.017,0.008,0.006,0.005,0.003,0.001
TLS,2011,30.056,30.545,31.567,32.299,32.763,32.978,32.987,32.824,32.427,31.783,30.963,30.026,28.926,28.018,27.475,27.134,26.693,26.253,25.547,24.428,23.047,21.698,20.31,19.066,18.081,17.26,16.445,15.727,14.835,13.639,12.309,11.077,9.811,9.11,9.269,9.971,10.628,11.379,11.824,11.709,11.237,10.856,10.475,10.124,9.862,9.646,9.38,9.088,8.767,8.407,8.021,7.645,7.292,6.892,6.418,5.917,5.431,4.919,4.602,4.58,4.743,4.883,5.057,5.095,4.896,4.545,4.227,3.904,3.609,3.378,3.186,2.976,2.767,2.537,2.272,1.989,1.72,1.454,1.228,1.063,0.94,0.824,0.719,0.617,0.512,0.408,0.315,0.235,0.174,0.128,0.095,0.066,0.049,0.038,0.027,0.014,0.007,0.006,0.003,0.001
TLS,2012,30.105,31.023,30.634,31.439,32.043,32.45,32.666,32.733,32.69,32.369,31.709,30.818,29.841,28.715,27.783,27.218,26.859,26.402,25.942,25.231,24.124,22.77,21.447,20.087,18.868,17.904,17.102,16.307,15.609,14.734,13.548,12.226,11.002,9.742,9.046,9.206,9.909,10.566,11.316,11.761,11.647,11.176,10.796,10.416,10.065,9.801,9.585,9.319,9.024,8.701,8.34,7.952,7.573,7.218,6.815,6.341,5.841,5.355,4.844,4.524,4.494,4.645,4.776,4.938,4.966,4.762,4.408,4.086,3.761,3.463,3.228,3.03,2.817,2.604,2.374,2.114,1.841,1.58,1.324,1.108,0.95,0.834,0.724,0.627,0.534,0.439,0.346,0.263,0.195,0.144,0.106,0.077,0.052,0.039,0.03,0.022,0.011,0.006,0.004,0.002
TLS,2013,30.575,30.968,31.311,30.716,31.304,31.779,32.13,32.348,32.474,32.548,32.305,31.63,30.668,29.65,28.499,27.542,26.956,26.579,26.104,25.626,24.91,23.817,22.489,21.192,19.859,18.667,17.725,16.941,16.165,15.488,14.63,13.456,12.142,10.923,9.67,8.978,9.141,9.845,10.502,11.252,11.695,11.583,11.113,10.734,10.354,10.002,9.739,9.521,9.254,8.959,8.635,8.272,7.882,7.5,7.141,6.737,6.264,5.765,5.279,4.769,4.446,4.407,4.547,4.666,4.818,4.837,4.627,4.27,3.945,3.617,3.316,3.076,2.874,2.656,2.44,2.21,1.956,1.691,1.44,1.195,0.987,0.837,0.727,0.625,0.534,0.449,0.365,0.283,0.211,0.154,0.115,0.084,0.058,0.039,0.029,0.023,0.016,0.008,0.004,0.002
TLS,2014,31.408,31.2,31.119,31.134,30.812,31.184,31.53,31.826,32.044,32.228,32.421,32.254,31.564,30.531,29.473,28.295,27.313,26.706,26.311,25.818,25.321,24.6,23.519,22.216,20.946,19.64,18.474,17.553,16.787,16.031,15.373,14.532,13.37,12.062,10.85,9.603,8.915,9.08,9.787,10.443,11.191,11.635,11.524,11.055,10.677,10.297,9.945,9.681,9.463,9.194,8.897,8.571,8.206,7.814,7.431,7.068,6.662,6.188,5.689,5.205,4.695,4.369,4.323,4.452,4.56,4.7,4.71,4.494,4.133,3.805,3.475,3.171,2.926,2.719,2.498,2.278,2.048,1.799,1.544,1.302,1.066,0.867,0.725,0.621,0.525,0.442,0.366,0.292,0.222,0.159,0.113,0.086,0.062,0.04,0.025,0.02,0.015,0.011,0.005,0.002
TLS,2015,32.527,31.75,31.241,30.961,30.868,30.92,31.076,31.294,31.534,31.754,31.997,32.308,32.217,31.511,30.407,29.307,28.104,27.096,26.467,26.054,25.543,25.027,24.3,23.232,21.954,20.707,19.43,18.289,17.389,16.641,15.903,15.266,14.44,13.288,11.987,10.782,9.539,8.855,9.024,9.731,10.389,11.137,11.58,11.469,11.002,10.624,10.244,9.893,9.627,9.408,9.137,8.839,8.512,8.145,7.75,7.365,6.999,6.589,6.115,5.618,5.132,4.623,4.294,4.24,4.357,4.455,4.584,4.585,4.363,3.999,3.668,3.334,3.027,2.778,2.565,2.34,2.117,1.887,1.642,1.396,1.162,0.937,0.748,0.612,0.516,0.426,0.35,0.283,0.219,0.16,0.106,0.071,0.057,0.04,0.021,0.012,0.01,0.007,0.005,0.002
TLS,2016,33.976,32.341,31.595,31.111,30.849,30.767,30.825,30.983,31.196,31.419,31.614,31.832,32.118,32.003,31.274,30.15,29.032,27.809,26.795,26.178,25.789,25.302,24.813,24.11,23.063,21.803,20.576,19.318,18.194,17.304,16.561,15.828,15.195,14.373,13.226,11.93,10.729,9.489,8.806,8.975,9.682,10.337,11.083,11.524,11.413,10.944,10.565,10.183,9.83,9.561,9.338,9.064,8.761,8.43,8.06,7.661,7.271,6.9,6.488,6.014,5.517,5.033,4.526,4.194,4.13,4.231,4.314,4.429,4.419,4.191,3.825,3.493,3.158,2.852,2.603,2.392,2.168,1.948,1.725,1.493,1.261,1.043,0.834,0.66,0.535,0.447,0.366,0.301,0.243,0.187,0.135,0.089,0.06,0.048,0.034,0.018,0.01,0.008,0.005,0.002
TLS,2017,35.707,33.851,32.138,31.424,30.965,30.72,30.65,30.714,30.874,31.079,31.285,31.457,31.651,31.911,31.77,31.021,29.878,28.742,27.5,26.48,25.875,25.51,25.047,24.585,23.907,22.882,21.64,20.433,19.197,18.089,17.209,16.473,15.745,15.116,14.299,13.157,11.866,10.67,9.434,8.752,8.922,9.626,10.281,11.024,11.463,11.35,10.881,10.5,10.118,9.762,9.49,9.263,8.985,8.679,8.344,7.97,7.567,7.174,6.799,6.384,5.91,5.415,4.932,4.427,4.092,4.016,4.102,4.172,4.271,4.25,4.017,3.65,3.315,2.981,2.674,2.426,2.216,1.996,1.779,1.562,1.343,1.126,0.924,0.73,0.571,0.458,0.379,0.308,0.25,0.203,0.155,0.109,0.07,0.048,0.038,0.026,0.014,0.009,0.006,0.003
TLS,2018,37.44,35.162,33.397,31.931,31.25,30.815,30.589,30.53,30.6,30.762,30.961,31.15,31.297,31.465,31.7,31.535,30.763,29.602,28.448,27.188,26.163,25.569,25.229,24.79,24.354,23.702,22.698,21.476,20.288,19.073,17.982,17.113,16.382,15.661,15.036,14.222,13.086,11.802,10.61,9.376,8.698,8.866,9.57,10.222,10.964,11.4,11.287,10.816,10.435,10.051,9.692,9.418,9.187,8.906,8.597,8.258,7.879,7.474,7.076,6.696,6.278,5.804,5.311,4.83,4.327,3.989,3.902,3.974,4.029,4.114,4.082,3.843,3.474,3.139,2.804,2.497,2.249,2.041,1.824,1.609,1.4,1.192,0.991,0.805,0.627,0.482,0.38,0.311,0.248,0.201,0.163,0.122,0.083,0.052,0.037,0.029,0.02,0.011,0.006,0.003
TLS,2019,38.809,36.331,34.357,32.836,31.739,31.089,30.681,30.471,30.424,30.499,30.663,30.856,31.028,31.151,31.295,31.504,31.314,30.521,29.341,28.168,26.889,25.857,25.275,24.96,24.546,24.135,23.508,22.525,21.321,20.153,18.958,17.884,17.025,16.3,15.584,14.963,14.153,13.022,11.743,10.554,9.324,8.648,8.816,9.518,10.17,10.909,11.343,11.228,10.757,10.373,9.988,9.628,9.35,9.116,8.83,8.517,8.175,7.793,7.383,6.982,6.596,6.175,5.702,5.21,4.73,4.228,3.888,3.791,3.847,3.887,3.959,3.915,3.67,3.3,2.963,2.628,2.321,2.074,1.866,1.652,1.44,1.238,1.042,0.856,0.686,0.524,0.393,0.303,0.243,0.188,0.152,0.121,0.09,0.057,0.034,0.025,0.02,0.014,0.006,0.003
TLS,2020,39.56,37.175,35.224,33.665,32.46,31.568,30.95,30.565,30.374,30.337,30.419,30.586,30.772,30.927,31.026,31.147,31.329,31.115,30.297,29.098,27.906,26.607,25.568,24.998,24.706,24.316,23.932,23.329,22.367,21.179,20.031,18.856,17.797,16.948,16.228,15.517,14.899,14.093,12.966,11.692,10.506,9.278,8.602,8.771,9.473,10.123,10.86,11.293,11.177,10.705,10.32,9.932,9.57,9.289,9.051,8.761,8.444,8.097,7.711,7.298,6.891,6.501,6.077,5.603,5.112,4.633,4.133,3.79,3.682,3.722,3.748,3.805,3.751,3.5,3.128,2.789,2.453,2.147,1.9,1.693,1.481,1.273,1.077,0.893,0.723,0.567,0.421,0.305,0.226,0.176,0.128,0.102,0.081,0.058,0.032,0.016,0.013,0.01,0.006,0.003
TLS,2021,39.415,38.952,36.904,35.169,33.726,32.557,31.618,30.874,30.396,30.203,30.216,30.308,30.464,30.635,30.77,30.848,30.944,31.103,30.87,30.042,28.838,27.641,26.339,25.299,24.733,24.447,24.065,23.69,23.097,22.145,20.969,19.833,18.67,17.623,16.782,16.071,15.368,14.757,13.959,12.841,11.576,10.398,9.179,8.508,8.677,9.375,10.022,10.754,11.184,11.065,10.592,10.206,9.815,9.45,9.165,8.922,8.628,8.307,7.956,7.566,7.15,6.74,6.346,5.92,5.448,4.961,4.484,3.99,3.644,3.525,3.547,3.558,3.599,3.534,3.284,2.918,2.586,2.258,1.961,1.723,1.528,1.328,1.132,0.95,0.782,0.629,0.488,0.36,0.262,0.194,0.147,0.108,0.085,0.068,0.048,0.026,0.015,0.01,0.007,0.003
TLS,2022,38.675,37.511,38.427,36.711,35.189,33.859,32.721,31.735,30.863,30.291,30.095,30.16,30.261,30.407,30.563,30.679,30.733,30.807,30.943,30.69,29.85,28.638,27.434,26.125,25.084,24.519,24.24,23.865,23.499,22.914,21.971,20.803,19.675,18.524,17.485,16.652,15.948,15.251,14.647,13.856,12.743,11.485,10.313,9.1,8.432,8.601,9.298,9.942,10.671,11.098,10.977,10.502,10.112,9.72,9.35,9.06,8.812,8.513,8.186,7.831,7.436,7.017,6.603,6.205,5.776,5.305,4.82,4.346,3.855,3.507,3.376,3.381,3.376,3.401,3.326,3.075,2.715,2.389,2.068,1.779,1.552,1.366,1.177,0.994,0.825,0.673,0.538,0.409,0.299,0.22,0.162,0.12,0.086,0.069,0.055,0.038,0.021,0.012,0.007,0.003
TLS,2023,37.61,37.336,36.901,37.936,36.551,35.241,34.023,32.917,31.882,30.881,30.215,30.015,30.13,30.242,30.378,30.519,30.616,30.647,30.698,30.811,30.539,29.685,28.464,27.253,25.936,24.891,24.328,24.055,23.686,23.328,22.753,21.817,20.656,19.537,18.394,17.363,16.538,15.839,15.148,14.55,13.764,12.658,11.405,10.237,9.028,8.363,8.533,9.229,9.871,10.598,11.023,10.899,10.421,10.029,9.633,9.259,8.964,8.71,8.406,8.074,7.713,7.314,6.89,6.473,6.069,5.637,5.166,4.683,4.211,3.724,3.373,3.23,3.217,3.195,3.205,3.12,2.868,2.515,2.194,1.879,1.599,1.381,1.205,1.027,0.856,0.702,0.566,0.446,0.332,0.238,0.177,0.129,0.092,0.064,0.052,0.041,0.029,0.015,0.009,0.004
TLS,2024,36.636,37.125,37.265,37.105,37.43,36.376,35.278,34.173,33.099,32.015,30.886,30.125,29.923,30.087,30.211,30.336,30.463,30.54,30.548,30.577,30.667,30.374,29.508,28.279,27.059,25.736,24.687,24.127,23.86,23.498,23.148,22.581,21.654,20.5,19.391,18.256,17.234,16.416,15.724,15.04,14.447,13.667,12.566,11.319,10.158,8.953,8.291,8.461,9.155,9.796,10.521,10.943,10.816,10.336,9.941,9.542,9.163,8.864,8.604,8.295,7.957,7.592,7.189,6.761,6.34,5.93,5.496,5.025,4.544,4.075,3.59,3.237,3.081,3.052,3.014,3.007,2.912,2.661,2.312,1.997,1.69,1.418,1.208,1.043,0.878,0.718,0.577,0.457,0.354,0.254,0.177,0.135,0.098,0.064,0.044,0.035,0.027,0.019,0.01,0.004
TLS,2025,36.071,37.013,37.509,37.616,37.392,36.889,36.168,35.284,34.292,33.251,32.121,30.863,30.008,29.803,30.018,30.152,30.267,30.38,30.437,30.423,30.427,30.494,30.183,29.305,28.068,26.842,25.513,24.462,23.905,23.643,23.288,22.947,22.389,21.471,20.327,19.225,18.102,17.09,16.28,15.595,14.917,14.331,13.557,12.464,11.223,10.068,8.869,8.212,8.381,9.074,9.712,10.434,10.852,10.724,10.242,9.844,9.441,9.06,8.756,8.491,8.177,7.834,7.463,7.057,6.626,6.2,5.786,5.35,4.879,4.401,3.934,3.453,3.098,2.931,2.883,2.83,2.808,2.702,2.45,2.107,1.799,1.498,1.235,1.035,0.881,0.727,0.578,0.452,0.348,0.263,0.176,0.116,0.092,0.065,0.037,0.022,0.019,0.014,0.01,0.004
TLS,2026,36.111,36.307,37.034,37.4,37.448,37.22,36.772,36.16,35.351,34.356,33.261,32.107,30.838,29.969,29.744,29.937,30.047,30.14,30.234,30.277,30.253,30.251,30.309,29.995,29.118,27.887,26.667,25.346,24.304,23.753,23.498,23.153,22.82,22.269,21.358,20.22,19.125,18.006,16.999,16.194,15.511,14.837,14.252,13.481,12.391,11.155,10.004,8.807,8.15,8.316,9.002,9.633,10.347,10.76,10.624,10.137,9.733,9.324,8.936,8.626,8.353,8.031,7.682,7.306,6.893,6.456,6.024,5.605,5.166,4.698,4.223,3.761,3.287,2.932,2.757,2.696,2.632,2.597,2.488,2.244,1.918,1.625,1.342,1.094,0.911,0.771,0.63,0.499,0.39,0.299,0.221,0.146,0.098,0.077,0.054,0.031,0.019,0.014,0.01,0.004
TLS,2027,36.546,37.317,36.501,37.01,37.246,37.235,37.004,36.61,36.109,35.376,34.379,33.233,32.055,30.777,29.894,29.649,29.819,29.908,29.977,30.051,30.081,30.05,30.038,30.089,29.771,28.897,27.673,26.462,25.149,24.117,23.574,23.327,22.99,22.665,22.124,21.22,20.089,19.001,17.889,16.889,16.088,15.41,14.739,14.157,13.389,12.304,11.074,9.926,8.735,8.078,8.24,8.918,9.543,10.25,10.653,10.513,10.02,9.61,9.196,8.802,8.484,8.205,7.876,7.521,7.139,6.72,6.279,5.843,5.418,4.976,4.51,4.04,3.583,3.116,2.763,2.579,2.505,2.429,2.383,2.271,2.034,1.726,1.45,1.183,0.953,0.784,0.659,0.531,0.417,0.328,0.249,0.179,0.116,0.079,0.062,0.044,0.025,0.016,0.01,0.004
TLS,2028,37.199,37.54,37.708,36.67,36.962,37.068,36.998,36.764,36.423,36.033,35.379,34.379,33.182,31.981,30.694,29.798,29.534,29.682,29.748,29.794,29.849,29.865,29.825,29.806,29.849,29.528,28.657,27.441,26.238,24.936,23.912,23.379,23.14,22.811,22.495,21.964,21.068,19.945,18.865,17.761,16.767,15.971,15.299,14.631,14.052,13.287,12.209,10.985,9.843,8.656,8,8.159,8.829,9.447,10.144,10.54,10.394,9.897,9.482,9.062,8.662,8.337,8.052,7.716,7.355,6.966,6.542,6.097,5.656,5.227,4.782,4.319,3.855,3.402,2.944,2.592,2.401,2.312,2.225,2.168,2.051,1.825,1.533,1.272,1.023,0.81,0.658,0.548,0.433,0.336,0.265,0.199,0.137,0.087,0.06,0.047,0.033,0.018,0.01,0.005
TLS,2029,37.802,37.725,37.625,37.497,36.845,36.92,36.895,36.766,36.529,36.242,35.963,35.384,34.382,33.135,31.912,30.616,29.707,29.424,29.549,29.592,29.615,29.65,29.654,29.605,29.577,29.612,29.289,28.421,27.213,26.018,24.726,23.713,23.188,22.956,22.635,22.329,21.806,20.918,19.804,18.731,17.635,16.648,15.857,15.189,14.526,13.949,13.189,12.116,10.897,9.761,8.579,7.925,8.079,8.742,9.35,10.04,10.428,10.277,9.775,9.354,8.929,8.523,8.192,7.899,7.557,7.19,6.795,6.367,5.916,5.47,5.036,4.591,4.129,3.67,3.223,2.772,2.422,2.222,2.12,2.022,1.953,1.833,1.615,1.34,1.095,0.863,0.668,0.532,0.436,0.335,0.255,0.202,0.149,0.096,0.057,0.042,0.033,0.022,0.012,0.006
TLS,2030,38.154,37.813,37.55,37.344,37.178,37.034,36.893,36.737,36.549,36.309,36.077,35.908,35.405,34.401,33.103,31.856,30.552,29.628,29.325,29.428,29.449,29.449,29.465,29.455,29.397,29.36,29.389,29.062,28.196,26.995,25.809,24.527,23.522,23.007,22.782,22.47,22.172,21.657,20.778,19.67,18.605,17.516,16.535,15.751,15.085,14.426,13.852,13.096,12.027,10.814,9.683,8.505,7.852,8.002,8.658,9.259,9.941,10.321,10.163,9.656,9.231,8.8,8.388,8.05,7.75,7.402,7.028,6.628,6.194,5.738,5.288,4.848,4.399,3.941,3.487,3.045,2.601,2.253,2.045,1.93,1.82,1.739,1.616,1.406,1.148,0.92,0.704,0.527,0.405,0.325,0.238,0.175,0.14,0.1,0.054,0.029,0.023,0.017,0.012,0.006
TLS,2031,38.178,37.965,37.694,37.478,37.301,37.15,37.005,36.848,36.68,36.488,36.25,36.011,35.833,35.317,34.294,32.975,31.707,30.38,29.438,29.123,29.217,29.229,29.222,29.234,29.225,29.173,29.144,29.179,28.861,28.006,26.813,25.635,24.363,23.369,22.859,22.641,22.335,22.043,21.533,20.659,19.556,18.495,17.411,16.432,15.65,14.987,14.328,13.754,12.998,11.933,10.725,9.597,8.423,7.769,7.911,8.553,9.141,9.809,10.177,10.01,9.498,9.064,8.626,8.207,7.859,7.55,7.193,6.811,6.404,5.965,5.506,5.053,4.611,4.165,3.714,3.271,2.842,2.413,2.074,1.868,1.75,1.64,1.558,1.439,1.245,1.011,0.799,0.606,0.455,0.348,0.274,0.198,0.146,0.117,0.084,0.044,0.025,0.019,0.013,0.006
TLS,2032,37.977,37.64,37.788,37.586,37.417,37.27,37.133,36.987,36.815,36.633,36.438,36.202,35.957,35.768,35.239,34.197,32.855,31.566,30.218,29.257,28.929,29.014,29.018,29.002,29.012,29.005,28.959,28.936,28.979,28.669,27.822,26.638,25.469,24.208,23.222,22.719,22.507,22.206,21.92,21.416,20.547,19.448,18.391,17.309,16.335,15.553,14.891,14.233,13.658,12.903,11.843,10.639,9.514,8.344,7.688,7.822,8.451,9.026,9.68,10.036,9.86,9.34,8.899,8.455,8.027,7.671,7.351,6.986,6.596,6.182,5.739,5.276,4.821,4.374,3.931,3.487,3.057,2.639,2.225,1.896,1.692,1.571,1.459,1.376,1.262,1.085,0.873,0.678,0.507,0.384,0.293,0.223,0.159,0.118,0.095,0.067,0.035,0.021,0.014,0.007
TLS,2033,37.627,37.453,37.338,37.619,37.486,37.365,37.247,37.124,36.978,36.79,36.594,36.396,36.161,35.911,35.712,35.168,34.108,32.744,31.433,30.063,29.083,28.741,28.818,28.813,28.79,28.796,28.791,28.75,28.734,28.785,28.484,27.645,26.469,25.31,24.058,23.08,22.585,22.378,22.083,21.802,21.302,20.437,19.343,18.29,17.213,16.241,15.462,14.801,14.143,13.567,12.813,11.754,10.554,9.432,8.266,7.609,7.735,8.351,8.913,9.552,9.897,9.713,9.185,8.737,8.286,7.85,7.484,7.155,6.78,6.382,5.962,5.513,5.047,4.588,4.14,3.697,3.262,2.843,2.438,2.037,1.719,1.516,1.393,1.281,1.195,1.087,0.925,0.735,0.557,0.408,0.312,0.236,0.172,0.12,0.09,0.072,0.05,0.026,0.016,0.007
TLS,2034,37.246,37.239,37.247,37.261,37.448,37.383,37.31,37.222,37.113,36.966,36.763,36.553,36.352,36.119,35.862,35.653,35.096,34.016,32.63,31.298,29.905,28.906,28.552,28.62,28.607,28.576,28.578,28.574,28.54,28.53,28.589,28.297,27.466,26.298,25.149,23.906,22.938,22.448,22.247,21.958,21.683,21.188,20.329,19.238,18.189,17.115,16.145,15.368,14.708,14.05,13.474,12.72,11.665,10.47,9.352,8.189,7.529,7.647,8.25,8.8,9.425,9.757,9.564,9.031,8.575,8.116,7.672,7.297,6.958,6.574,6.169,5.742,5.287,4.817,4.356,3.905,3.463,3.036,2.629,2.236,1.85,1.54,1.341,1.214,1.101,1.014,0.911,0.765,0.597,0.436,0.309,0.242,0.179,0.122,0.081,0.062,0.05,0.034,0.017,0.007
TLS,2035,36.924,37.026,37.115,37.188,37.241,37.271,37.275,37.249,37.19,37.095,36.948,36.729,36.505,36.301,36.07,35.807,35.589,35.017,33.918,32.511,31.157,29.742,28.725,28.357,28.416,28.394,28.356,28.355,28.354,28.324,28.321,28.389,28.104,27.282,26.123,24.983,23.75,22.79,22.308,22.113,21.829,21.56,21.07,20.215,19.129,18.084,17.014,16.048,15.272,14.613,13.956,13.38,12.626,11.574,10.384,9.268,8.108,7.448,7.557,8.147,8.684,9.295,9.615,9.413,8.873,8.411,7.945,7.494,7.109,6.759,6.367,5.953,5.52,5.06,4.587,4.122,3.669,3.229,2.809,2.413,2.033,1.662,1.363,1.164,1.036,0.92,0.832,0.735,0.604,0.46,0.316,0.211,0.17,0.123,0.07,0.042,0.035,0.027,0.018,0.008
TLS,2036,36.692,36.842,36.949,37.045,37.126,37.188,37.229,37.244,37.224,37.162,37.057,36.899,36.671,36.434,36.209,35.956,35.671,35.429,34.838,33.726,32.312,30.95,29.528,28.508,28.143,28.207,28.192,28.162,28.169,28.175,28.153,28.158,28.233,27.957,27.142,25.99,24.856,23.63,22.675,22.197,22.004,21.722,21.454,20.966,20.112,19.028,17.984,16.914,15.947,15.17,14.509,13.849,13.267,12.512,11.463,10.278,9.166,8.01,7.348,7.443,8.014,8.531,9.124,9.427,9.212,8.663,8.19,7.715,7.255,6.86,6.5,6.099,5.679,5.242,4.783,4.314,3.856,3.409,2.98,2.578,2.203,1.843,1.496,1.215,1.029,0.908,0.802,0.724,0.636,0.52,0.388,0.264,0.178,0.143,0.103,0.059,0.037,0.029,0.019,0.009
TLS,2037,36.511,36.647,36.758,36.869,36.972,37.061,37.133,37.184,37.211,37.197,37.131,37.016,36.848,36.61,36.359,36.115,35.839,35.531,35.266,34.656,33.532,32.11,30.741,29.312,28.29,27.926,27.997,27.988,27.966,27.981,27.995,27.979,27.992,28.076,27.808,27.001,25.854,24.728,23.508,22.558,22.083,21.893,21.613,21.346,20.86,20.007,18.925,17.881,16.813,15.845,15.067,14.404,13.74,13.155,12.397,11.352,10.171,9.063,7.911,7.246,7.328,7.88,8.379,8.952,9.237,9.01,8.451,7.97,7.485,7.016,6.611,6.241,5.831,5.404,4.963,4.506,4.042,3.589,3.149,2.731,2.346,1.992,1.655,1.329,1.069,0.894,0.781,0.684,0.616,0.538,0.434,0.316,0.211,0.145,0.116,0.083,0.047,0.03,0.02,0.01
TLS,2038,36.375,36.473,36.576,36.671,36.785,36.895,36.994,37.075,37.137,37.175,37.166,37.097,36.972,36.794,36.547,36.282,36.018,35.719,35.389,35.101,34.472,33.336,31.905,30.529,29.095,28.069,27.708,27.783,27.782,27.768,27.791,27.811,27.803,27.824,27.916,27.656,26.856,25.717,24.596,23.383,22.44,21.969,21.781,21.502,21.238,20.752,19.901,18.82,17.778,16.71,15.743,14.962,14.297,13.631,13.041,12.282,11.24,10.063,8.959,7.812,7.143,7.213,7.745,8.226,8.779,9.046,8.807,8.24,7.748,7.255,6.776,6.361,5.981,5.563,5.129,4.685,4.228,3.77,3.323,2.889,2.482,2.114,1.781,1.465,1.163,0.922,0.759,0.654,0.564,0.507,0.439,0.349,0.245,0.16,0.111,0.089,0.064,0.035,0.021,0.01
TLS,2039,36.269,36.314,36.384,36.475,36.582,36.701,36.818,36.925,37.015,37.087,37.137,37.134,37.061,36.927,36.74,36.483,36.202,35.92,35.597,35.245,34.934,34.286,33.136,31.7,30.316,28.875,27.847,27.487,27.569,27.574,27.568,27.599,27.627,27.626,27.655,27.756,27.503,26.71,25.579,24.465,23.259,22.32,21.853,21.666,21.391,21.127,20.643,19.795,18.714,17.674,16.607,15.64,14.857,14.19,13.521,12.927,12.166,11.126,9.955,8.855,7.712,7.041,7.098,7.611,8.072,8.605,8.856,8.605,8.028,7.526,7.024,6.537,6.11,5.72,5.295,4.854,4.405,3.95,3.497,3.056,2.628,2.233,1.882,1.569,1.275,0.997,0.774,0.624,0.527,0.446,0.399,0.339,0.263,0.173,0.107,0.079,0.062,0.044,0.023,0.011
TLS,2040,36.179,36.174,36.211,36.282,36.379,36.492,36.615,36.739,36.854,36.954,37.036,37.098,37.101,37.025,36.879,36.683,36.416,36.123,35.82,35.475,35.1,34.766,34.098,32.938,31.493,30.102,28.654,27.624,27.267,27.354,27.365,27.368,27.407,27.443,27.449,27.485,27.593,27.349,26.564,25.439,24.333,23.133,22.2,21.737,21.553,21.279,21.016,20.534,19.687,18.609,17.568,16.503,15.535,14.752,14.082,13.411,12.812,12.05,11.013,9.847,8.75,7.611,6.939,6.982,7.476,7.917,8.432,8.665,8.401,7.815,7.304,6.793,6.297,5.861,5.46,5.026,4.578,4.127,3.672,3.223,2.789,2.368,1.984,1.65,1.359,1.086,0.83,0.627,0.49,0.4,0.327,0.29,0.24,0.177,0.102,0.055,0.046,0.036,0.024,0.011
TLS,2041,36.111,36.084,36.095,36.147,36.23,36.336,36.458,36.585,36.71,36.823,36.915,36.988,37.04,37.028,36.933,36.764,36.546,36.255,35.943,35.626,35.273,34.889,34.548,33.878,32.719,31.281,29.898,28.46,27.438,27.089,27.182,27.203,27.213,27.26,27.303,27.314,27.355,27.468,27.228,26.447,25.327,24.222,23.026,22.094,21.63,21.444,21.169,20.904,20.419,19.569,18.489,17.447,16.379,15.408,14.621,13.946,13.268,12.662,11.897,10.863,9.705,8.613,7.481,6.805,6.831,7.295,7.712,8.199,8.41,8.131,7.535,7.014,6.496,5.993,5.552,5.148,4.714,4.267,3.823,3.382,2.951,2.536,2.135,1.774,1.465,1.2,0.947,0.718,0.545,0.423,0.34,0.276,0.244,0.202,0.148,0.085,0.049,0.038,0.026,0.013
TLS,2042,36.065,35.972,35.989,36.016,36.081,36.176,36.292,36.42,36.554,36.68,36.788,36.873,36.937,36.979,36.955,36.839,36.648,36.406,36.093,35.761,35.431,35.069,34.677,34.328,33.654,32.499,31.068,29.692,28.263,27.251,26.91,27.01,27.039,27.058,27.113,27.161,27.177,27.223,27.341,27.105,26.328,25.212,24.111,22.917,21.988,21.523,21.335,21.057,20.79,20.302,19.45,18.368,17.324,16.253,15.281,14.488,13.808,13.125,12.512,11.743,10.713,9.561,8.476,7.35,6.672,6.678,7.116,7.505,7.965,8.153,7.86,7.255,6.725,6.198,5.688,5.243,4.836,4.401,3.956,3.518,3.091,2.679,2.284,1.903,1.564,1.279,1.039,0.808,0.606,0.463,0.358,0.28,0.225,0.199,0.164,0.12,0.068,0.041,0.028,0.014
TLS,2043,36.046,35.911,35.844,35.891,35.934,36.014,36.121,36.246,36.382,36.521,36.648,36.753,36.83,36.886,36.917,36.878,36.744,36.53,36.265,35.93,35.577,35.235,34.865,34.464,34.107,33.43,32.278,30.853,29.486,28.066,27.063,26.73,26.838,26.874,26.901,26.964,27.018,27.04,27.091,27.213,26.982,26.208,25.096,23.999,22.808,21.88,21.414,21.226,20.945,20.676,20.185,19.332,18.247,17.201,16.128,15.151,14.356,13.67,12.982,12.361,11.59,10.563,9.418,8.339,7.219,6.537,6.527,6.936,7.299,7.732,7.898,7.588,6.974,6.435,5.9,5.384,4.933,4.524,4.089,3.645,3.214,2.8,2.407,2.031,1.67,1.354,1.093,0.88,0.67,0.495,0.381,0.292,0.22,0.174,0.153,0.125,0.091,0.05,0.03,0.014
TLS,2044,36.065,35.885,35.779,35.739,35.792,35.851,35.945,36.064,36.199,36.342,36.487,36.616,36.717,36.786,36.832,36.855,36.801,36.647,36.41,36.123,35.765,35.393,35.037,34.658,34.25,33.884,33.205,32.055,30.638,29.279,27.868,26.873,26.548,26.664,26.708,26.743,26.814,26.874,26.901,26.957,27.084,26.856,26.088,24.979,23.886,22.698,21.771,21.306,21.115,20.833,20.561,20.067,19.211,18.125,17.077,16.002,15.022,14.222,13.532,12.838,12.21,11.435,10.413,9.274,8.201,7.088,6.403,6.374,6.755,7.092,7.499,7.641,7.317,6.693,6.145,5.602,5.079,4.624,4.212,3.776,3.334,2.909,2.509,2.135,1.778,1.438,1.144,0.908,0.72,0.531,0.382,0.299,0.226,0.162,0.123,0.106,0.086,0.062,0.033,0.015
TLS,2045,36.121,35.897,35.751,35.675,35.658,35.692,35.767,35.875,36.005,36.15,36.3,36.451,36.581,36.678,36.74,36.777,36.79,36.722,36.548,36.288,35.979,35.598,35.207,34.837,34.449,34.033,33.66,32.977,31.831,30.421,29.069,27.668,26.683,26.366,26.488,26.54,26.584,26.663,26.729,26.761,26.822,26.953,26.73,25.966,24.861,23.771,22.587,21.661,21.196,21.003,20.719,20.443,19.948,19.09,18.002,16.951,15.875,14.892,14.088,13.393,12.693,12.058,11.281,10.261,9.13,8.062,6.956,6.269,6.221,6.575,6.885,7.264,7.384,7.045,6.412,5.854,5.303,4.774,4.314,3.899,3.463,3.023,2.604,2.218,1.863,1.524,1.205,0.933,0.723,0.56,0.392,0.27,0.217,0.16,0.102,0.072,0.06,0.047,0.033,0.017
TLS,2046,36.23,36.011,35.818,35.696,35.636,35.629,35.667,35.74,35.844,35.971,36.11,36.253,36.393,36.51,36.588,36.626,36.64,36.631,36.543,36.356,36.087,35.769,35.38,34.987,34.619,34.237,33.827,33.463,32.788,31.65,30.248,28.906,27.514,26.538,26.227,26.356,26.413,26.462,26.544,26.613,26.647,26.708,26.839,26.616,25.853,24.749,23.658,22.473,21.545,21.075,20.875,20.584,20.301,19.798,18.935,17.843,16.787,15.707,14.72,13.909,13.207,12.5,11.854,11.073,10.058,8.936,7.876,6.782,6.09,6.019,6.337,6.614,6.959,7.055,6.705,6.07,5.51,4.959,4.434,3.983,3.582,3.16,2.736,2.338,1.977,1.65,1.335,1.047,0.815,0.627,0.475,0.33,0.229,0.183,0.135,0.085,0.062,0.048,0.033,0.017
TLS,2047,36.372,36.056,35.898,35.737,35.638,35.595,35.598,35.64,35.711,35.811,35.934,36.069,36.205,36.335,36.437,36.495,36.511,36.502,36.469,36.363,36.162,35.885,35.558,35.161,34.763,34.399,34.022,33.619,33.262,32.597,31.467,30.075,28.741,27.36,26.392,26.088,26.222,26.284,26.339,26.425,26.497,26.531,26.593,26.724,26.501,25.738,24.635,23.544,22.359,21.429,20.953,20.746,20.448,20.158,19.649,18.78,17.683,16.623,15.539,14.547,13.729,13.02,12.306,11.651,10.865,9.855,8.743,7.69,6.605,5.911,5.817,6.098,6.343,6.655,6.724,6.363,5.727,5.166,4.615,4.095,3.652,3.263,2.856,2.448,2.071,1.736,1.438,1.146,0.89,0.695,0.531,0.391,0.266,0.187,0.149,0.109,0.068,0.047,0.033,0.017
TLS,2048,36.512,36.164,35.898,35.782,35.654,35.579,35.551,35.566,35.611,35.68,35.776,35.895,36.026,36.153,36.274,36.363,36.401,36.394,36.362,36.306,36.18,35.966,35.68,35.345,34.94,34.539,34.176,33.806,33.41,33.061,32.405,31.284,29.9,28.576,27.203,26.245,25.948,26.087,26.154,26.214,26.303,26.377,26.413,26.477,26.607,26.385,25.623,24.519,23.429,22.243,21.311,20.83,20.617,20.311,20.013,19.497,18.623,17.523,16.459,15.37,14.372,13.548,12.832,12.11,11.446,10.656,9.651,8.549,7.504,6.429,5.732,5.615,5.86,6.071,6.349,6.393,6.021,5.384,4.821,4.271,3.755,3.322,2.945,2.552,2.16,1.805,1.496,1.227,0.957,0.732,0.575,0.435,0.306,0.203,0.146,0.115,0.084,0.051,0.032,0.017
TLS,2049,36.609,36.252,35.971,35.76,35.666,35.569,35.518,35.507,35.531,35.581,35.648,35.74,35.856,35.981,36.1,36.212,36.286,36.305,36.275,36.221,36.141,35.996,35.769,35.473,35.13,34.718,34.313,33.952,33.587,33.198,32.858,32.21,31.097,29.723,28.409,27.046,26.096,25.805,25.95,26.023,26.088,26.181,26.257,26.296,26.359,26.49,26.267,25.506,24.403,23.313,22.127,21.192,20.706,20.485,20.173,19.868,19.345,18.466,17.361,16.293,15.2,14.198,13.368,12.644,11.915,11.241,10.447,9.446,8.353,7.317,6.253,5.553,5.412,5.62,5.798,6.043,6.062,5.678,5.04,4.477,3.926,3.415,2.99,2.626,2.248,1.873,1.538,1.255,1.014,0.768,0.574,0.456,0.338,0.221,0.141,0.105,0.082,0.059,0.035,0.017
TLS,2050,36.632,36.299,36.028,35.816,35.659,35.549,35.483,35.456,35.462,35.495,35.549,35.614,35.703,35.815,35.936,36.046,36.148,36.209,36.208,36.154,36.078,35.976,35.811,35.57,35.267,34.914,34.494,34.086,33.727,33.369,32.985,32.654,32.015,30.912,29.545,28.24,26.887,25.947,25.663,25.812,25.891,25.96,26.058,26.137,26.176,26.241,26.371,26.149,25.387,24.286,23.196,22.009,21.073,20.582,20.354,20.035,19.722,19.192,18.308,17.199,16.126,15.029,14.023,13.186,12.456,11.718,11.035,10.237,9.243,8.158,7.131,6.076,5.374,5.208,5.382,5.526,5.738,5.731,5.336,4.697,4.132,3.582,3.075,2.659,2.307,1.944,1.586,1.271,1.013,0.802,0.579,0.416,0.336,0.243,0.137,0.077,0.063,0.048,0.034,0.018
TLS,2051,36.57,36.491,36.211,35.977,35.789,35.642,35.533,35.455,35.417,35.419,35.452,35.499,35.555,35.629,35.722,35.819,35.908,35.986,36.028,36.014,35.951,35.866,35.755,35.586,35.347,35.05,34.705,34.293,33.894,33.541,33.191,32.817,32.492,31.863,30.766,29.407,28.109,26.763,25.827,25.547,25.699,25.779,25.85,25.946,26.023,26.059,26.119,26.246,26.018,25.253,24.148,23.054,21.863,20.921,20.421,20.181,19.849,19.524,18.984,18.092,16.977,15.898,14.796,13.782,12.937,12.197,11.451,10.755,9.953,8.965,7.895,6.88,5.842,5.141,4.953,5.089,5.201,5.378,5.352,4.959,4.336,3.786,3.254,2.767,2.376,2.051,1.711,1.384,1.111,0.881,0.683,0.486,0.352,0.284,0.205,0.114,0.068,0.052,0.035,0.018
TLS,2052,36.433,36.252,36.354,36.127,35.93,35.765,35.629,35.52,35.43,35.38,35.378,35.412,35.453,35.499,35.558,35.632,35.707,35.773,35.829,35.85,35.822,35.751,35.657,35.539,35.366,35.129,34.836,34.498,34.095,33.704,33.36,33.016,32.65,32.335,31.713,30.624,29.272,27.98,26.641,25.71,25.434,25.588,25.67,25.74,25.836,25.912,25.944,26.001,26.121,25.889,25.121,24.013,22.915,21.72,20.771,20.26,20.009,19.667,19.329,18.778,17.878,16.756,15.671,14.564,13.544,12.69,11.94,11.184,10.477,9.671,8.689,7.633,6.631,5.609,4.909,4.698,4.796,4.875,5.019,4.973,4.582,3.975,3.442,2.925,2.46,2.093,1.795,1.477,1.182,0.952,0.747,0.563,0.395,0.29,0.232,0.167,0.092,0.058,0.039,0.02
TLS,2053,36.239,36.167,36.086,36.216,36.043,35.884,35.741,35.618,35.507,35.405,35.345,35.339,35.372,35.406,35.443,35.488,35.542,35.594,35.638,35.671,35.673,35.631,35.551,35.448,35.321,35.145,34.91,34.624,34.292,33.897,33.514,33.178,32.841,32.484,32.177,31.563,30.483,29.138,27.852,26.519,25.593,25.321,25.476,25.559,25.631,25.727,25.801,25.83,25.883,25.998,25.761,24.989,23.878,22.775,21.576,20.621,20.101,19.838,19.483,19.133,18.572,17.664,16.536,15.445,14.333,13.306,12.443,11.683,10.916,10.199,9.387,8.414,7.37,6.38,5.375,4.676,4.442,4.504,4.55,4.661,4.595,4.204,3.614,3.096,2.597,2.153,1.809,1.539,1.242,0.982,0.792,0.614,0.442,0.304,0.227,0.181,0.128,0.07,0.043,0.021
TLS,2054,36.018,36.048,36.046,36.017,36.075,35.955,35.833,35.714,35.601,35.49,35.376,35.305,35.296,35.328,35.356,35.383,35.415,35.448,35.478,35.499,35.508,35.491,35.437,35.347,35.235,35.101,34.921,34.688,34.407,34.082,33.695,33.321,32.993,32.663,32.314,32.016,31.41,30.337,29,27.721,26.394,25.474,25.205,25.362,25.447,25.521,25.616,25.687,25.713,25.761,25.871,25.63,24.855,23.74,22.634,21.431,20.469,19.939,19.664,19.298,18.937,18.364,17.448,16.314,15.217,14.099,13.066,12.195,11.424,10.649,9.919,9.103,8.137,7.107,6.131,5.141,4.443,4.186,4.211,4.224,4.302,4.215,3.827,3.253,2.751,2.268,1.845,1.526,1.283,1.008,0.78,0.632,0.481,0.323,0.212,0.163,0.129,0.091,0.047,0.023
TLS,2055,35.792,35.903,35.965,35.987,35.973,35.929,35.862,35.778,35.682,35.58,35.469,35.343,35.261,35.247,35.279,35.301,35.318,35.336,35.35,35.357,35.355,35.342,35.306,35.237,35.139,35.018,34.876,34.693,34.46,34.186,33.868,33.49,33.124,32.804,32.482,32.14,31.85,31.253,30.188,28.858,27.587,26.267,25.352,25.086,25.246,25.331,25.406,25.501,25.57,25.592,25.637,25.742,25.495,24.717,23.599,22.489,21.283,20.315,19.775,19.488,19.11,18.736,18.153,17.23,16.09,14.986,13.864,12.825,11.944,11.165,10.379,9.637,8.819,7.859,6.842,5.878,4.906,4.21,3.93,3.918,3.897,3.942,3.835,3.448,2.891,2.405,1.939,1.537,1.243,1.027,0.774,0.578,0.473,0.348,0.203,0.121,0.101,0.078,0.053,0.025
TLS,2056,35.587,35.735,35.842,35.907,35.934,35.927,35.894,35.839,35.761,35.661,35.549,35.427,35.292,35.196,35.164,35.173,35.172,35.166,35.164,35.165,35.163,35.152,35.131,35.091,35.024,34.93,34.817,34.683,34.508,34.283,34.016,33.706,33.336,32.978,32.664,32.348,32.011,31.727,31.134,30.074,28.747,27.48,26.162,25.248,24.982,25.14,25.223,25.294,25.384,25.445,25.458,25.492,25.586,25.331,24.544,23.42,22.302,21.09,20.112,19.557,19.253,18.857,18.466,17.869,16.933,15.785,14.673,13.544,12.498,11.607,10.817,10.022,9.27,8.45,7.504,6.51,5.569,4.623,3.94,3.647,3.61,3.568,3.59,3.477,3.109,2.589,2.125,1.696,1.349,1.084,0.876,0.654,0.491,0.401,0.293,0.17,0.109,0.085,0.057,0.028
TLS,2057,35.38,35.569,35.675,35.779,35.846,35.877,35.878,35.855,35.812,35.74,35.637,35.513,35.382,35.238,35.127,35.075,35.062,35.038,35.01,34.989,34.976,34.965,34.946,34.917,34.872,34.807,34.719,34.612,34.486,34.319,34.102,33.843,33.541,33.179,32.83,32.523,32.212,31.88,31.6,31.011,29.956,28.634,27.371,26.055,25.143,24.875,25.031,25.111,25.179,25.263,25.317,25.321,25.346,25.428,25.163,24.369,23.239,22.114,20.894,19.906,19.337,19.015,18.603,18.194,17.581,16.634,15.478,14.359,13.223,12.169,11.268,10.468,9.663,8.9,8.079,7.147,6.177,5.257,4.34,3.668,3.365,3.301,3.239,3.239,3.119,2.771,2.286,1.845,1.452,1.161,0.925,0.725,0.533,0.405,0.329,0.24,0.137,0.092,0.063,0.03
TLS,2058,35.161,35.36,35.519,35.61,35.712,35.78,35.817,35.825,35.811,35.781,35.715,35.608,35.473,35.332,35.179,35.055,34.984,34.947,34.901,34.851,34.81,34.783,34.764,34.735,34.698,34.649,34.585,34.504,34.404,34.285,34.126,33.917,33.665,33.371,33.019,32.677,32.376,32.071,31.745,31.47,30.886,29.835,28.518,27.258,25.946,25.034,24.767,24.92,24.998,25.062,25.141,25.188,25.182,25.196,25.268,24.993,24.19,23.054,21.924,20.697,19.699,19.115,18.775,18.346,17.92,17.292,16.335,15.169,14.041,12.9,11.839,10.928,10.118,9.303,8.529,7.708,6.79,5.842,4.946,4.056,3.397,3.081,2.993,2.908,2.886,2.761,2.432,1.983,1.566,1.21,0.973,0.764,0.572,0.413,0.319,0.258,0.186,0.104,0.067,0.033
TLS,2059,34.921,35.124,35.296,35.438,35.543,35.641,35.711,35.753,35.769,35.764,35.746,35.687,35.576,35.431,35.28,35.117,34.979,34.889,34.829,34.761,34.687,34.627,34.588,34.558,34.521,34.476,34.423,34.362,34.285,34.191,34.081,33.931,33.73,33.484,33.199,32.856,32.521,32.227,31.928,31.607,31.336,30.758,29.712,28.399,27.143,25.834,24.923,24.656,24.806,24.882,24.942,25.016,25.054,25.04,25.045,25.105,24.82,24.011,22.868,21.73,20.497,19.49,18.891,18.533,18.087,17.644,17.001,16.033,14.859,13.724,12.577,11.507,10.587,9.766,8.942,8.158,7.335,6.433,5.507,4.634,3.771,3.125,2.798,2.684,2.579,2.534,2.402,2.092,1.68,1.286,0.966,0.784,0.605,0.421,0.293,0.231,0.185,0.132,0.071,0.036
TLS,2060,34.651,34.86,35.046,35.21,35.352,35.471,35.567,35.638,35.685,35.709,35.714,35.709,35.655,35.541,35.385,35.223,35.051,34.899,34.79,34.707,34.617,34.52,34.442,34.388,34.349,34.304,34.25,34.194,34.134,34.063,33.976,33.873,33.732,33.538,33.3,33.023,32.688,32.363,32.075,31.781,31.465,31.2,30.626,29.585,28.277,27.024,25.719,24.811,24.542,24.691,24.763,24.819,24.888,24.919,24.896,24.89,24.94,24.644,23.828,22.68,21.536,20.295,19.278,18.665,18.29,17.827,17.366,16.709,15.73,14.547,13.404,12.251,11.175,10.246,9.414,8.581,7.786,6.963,6.074,5.172,4.322,3.485,2.853,2.515,2.375,2.248,2.181,2.043,1.753,1.377,1.006,0.722,0.596,0.445,0.27,0.173,0.145,0.114,0.078,0.038
TLS,2061,34.368,34.587,34.8,34.993,35.165,35.315,35.441,35.545,35.62,35.664,35.678,35.674,35.658,35.592,35.458,35.279,35.096,34.9,34.73,34.607,34.516,34.416,34.311,34.229,34.177,34.144,34.105,34.059,34.011,33.958,33.895,33.816,33.721,33.588,33.4,33.168,32.897,32.567,32.246,31.96,31.669,31.355,31.089,30.516,29.476,28.169,26.916,25.61,24.699,24.424,24.567,24.631,24.679,24.737,24.754,24.715,24.694,24.726,24.416,23.588,22.429,21.274,20.025,18.993,18.359,17.959,17.472,16.988,16.31,15.317,14.126,12.976,11.816,10.736,9.803,8.968,8.135,7.341,6.528,5.667,4.801,3.989,3.194,2.59,2.262,2.118,2.001,1.931,1.794,1.525,1.177,0.851,0.617,0.508,0.378,0.227,0.155,0.121,0.083,0.041
TLS,2062,34.061,34.288,34.52,34.738,34.937,35.116,35.273,35.408,35.52,35.599,35.638,35.644,35.629,35.605,35.524,35.371,35.17,34.964,34.746,34.556,34.42,34.32,34.212,34.099,34.012,33.962,33.934,33.902,33.864,33.824,33.779,33.723,33.652,33.567,33.44,33.26,33.033,32.767,32.443,32.125,31.843,31.553,31.241,30.976,30.403,29.365,28.059,26.805,25.498,24.584,24.305,24.439,24.496,24.536,24.583,24.588,24.533,24.496,24.511,24.184,23.345,22.177,21.012,19.752,18.707,18.051,17.625,17.114,16.607,15.911,14.903,13.703,12.545,11.381,10.297,9.359,8.523,7.689,6.894,6.092,5.258,4.43,3.654,2.902,2.327,2.007,1.86,1.754,1.68,1.544,1.297,0.978,0.695,0.511,0.418,0.309,0.183,0.129,0.088,0.044
TLS,2063,33.74,33.974,34.206,34.449,34.671,34.877,35.063,35.227,35.37,35.492,35.574,35.61,35.605,35.582,35.547,35.454,35.281,35.057,34.829,34.588,34.379,34.229,34.12,34.003,33.882,33.793,33.744,33.721,33.696,33.665,33.634,33.596,33.548,33.484,33.407,33.289,33.115,32.894,32.634,32.314,32.001,31.722,31.434,31.123,30.859,30.287,29.249,27.945,26.692,25.384,24.467,24.183,24.31,24.358,24.39,24.427,24.417,24.348,24.295,24.292,23.951,23.099,21.921,20.746,19.477,18.417,17.74,17.29,16.755,16.225,15.509,14.489,13.279,12.113,10.943,9.856,8.914,8.075,7.242,6.446,5.655,4.848,4.058,3.32,2.609,2.063,1.753,1.603,1.506,1.43,1.294,1.068,0.779,0.54,0.405,0.33,0.242,0.14,0.093,0.047
TLS,2064,33.414,33.651,33.89,34.128,34.374,34.601,34.813,35.005,35.178,35.329,35.458,35.544,35.576,35.562,35.529,35.486,35.378,35.186,34.94,34.69,34.426,34.198,34.034,33.916,33.791,33.661,33.568,33.521,33.504,33.485,33.463,33.439,33.409,33.367,33.313,33.244,33.133,32.966,32.751,32.495,32.182,31.873,31.596,31.311,31.002,30.737,30.166,29.13,27.827,26.574,25.266,24.346,24.057,24.178,24.218,24.241,24.267,24.245,24.16,24.09,24.071,23.713,22.85,21.663,20.478,19.2,18.126,17.429,16.952,16.394,15.841,15.105,14.072,12.853,11.679,10.505,9.414,8.468,7.627,6.793,5.998,5.218,4.439,3.685,2.986,2.315,1.8,1.499,1.345,1.258,1.179,1.045,0.84,0.578,0.385,0.3,0.242,0.174,0.097,0.05
TLS,2065,33.094,33.325,33.566,33.809,34.054,34.293,34.524,34.743,34.943,35.123,35.281,35.419,35.509,35.537,35.513,35.472,35.418,35.296,35.085,34.817,34.545,34.259,34.012,33.834,33.707,33.573,33.436,33.339,33.294,33.283,33.269,33.254,33.239,33.217,33.184,33.137,33.076,32.973,32.812,32.603,32.354,32.044,31.74,31.467,31.184,30.876,30.612,30.041,29.007,27.706,26.454,25.145,24.223,23.929,24.042,24.074,24.089,24.104,24.068,23.968,23.882,23.846,23.473,22.599,21.402,20.206,18.92,17.832,17.114,16.612,16.031,15.454,14.699,13.653,12.425,11.244,10.065,8.97,8.021,7.178,6.344,5.549,4.781,4.029,3.312,2.65,2.022,1.536,1.244,1.087,1.011,0.928,0.795,0.612,0.379,0.229,0.194,0.152,0.106,0.053
TLS,2066,32.803,33.029,33.269,33.517,33.77,34.022,34.269,34.506,34.726,34.923,35.094,35.244,35.372,35.448,35.457,35.41,35.347,35.271,35.13,34.905,34.628,34.347,34.053,33.802,33.626,33.505,33.377,33.248,33.159,33.122,33.117,33.112,33.107,33.099,33.083,33.054,33.013,32.958,32.859,32.702,32.494,32.246,31.938,31.633,31.36,31.074,30.762,30.494,29.919,28.883,27.579,26.324,25.01,24.081,23.778,23.878,23.897,23.899,23.898,23.84,23.717,23.608,23.544,23.149,22.258,21.047,19.837,18.537,17.432,16.686,16.151,15.539,14.934,14.159,13.103,11.876,10.697,9.524,8.438,7.503,6.677,5.864,5.09,4.352,3.643,2.978,2.354,1.777,1.358,1.094,0.94,0.866,0.792,0.676,0.518,0.318,0.206,0.163,0.114,0.058
TLS,2067,32.521,32.72,32.959,33.208,33.465,33.726,33.985,34.239,34.482,34.705,34.899,35.06,35.201,35.32,35.383,35.372,35.303,35.217,35.119,34.958,34.72,34.434,34.144,33.842,33.587,33.413,33.298,33.177,33.056,32.975,32.944,32.948,32.951,32.953,32.953,32.945,32.921,32.885,32.835,32.74,32.586,32.38,32.134,31.827,31.523,31.247,30.959,30.645,30.373,29.794,28.754,27.448,26.19,24.871,23.937,23.622,23.711,23.717,23.705,23.687,23.61,23.463,23.329,23.24,22.823,21.914,20.689,19.465,18.153,17.029,16.254,15.687,15.045,14.413,13.616,12.551,11.324,10.148,8.98,7.904,6.983,6.174,5.383,4.629,3.923,3.258,2.643,2.056,1.531,1.18,0.944,0.792,0.72,0.655,0.556,0.424,0.257,0.176,0.123,0.063
TLS,2068,32.248,32.423,32.63,32.885,33.142,33.408,33.677,33.943,34.204,34.454,34.679,34.868,35.022,35.153,35.263,35.311,35.282,35.191,35.082,34.961,34.781,34.53,34.235,33.937,33.627,33.369,33.197,33.086,32.971,32.858,32.786,32.763,32.774,32.785,32.796,32.804,32.801,32.783,32.753,32.707,32.616,32.465,32.262,32.017,31.712,31.408,31.131,30.84,30.522,30.247,29.664,28.622,27.315,26.052,24.73,23.789,23.465,23.54,23.533,23.508,23.473,23.375,23.205,23.047,22.933,22.493,21.567,20.329,19.09,17.766,16.624,15.822,15.221,14.55,13.888,13.071,11.998,10.772,9.597,8.435,7.368,6.461,5.672,4.9,4.168,3.492,2.871,2.308,1.758,1.286,1,0.795,0.644,0.574,0.518,0.438,0.33,0.196,0.133,0.068
TLS,2069,31.987,32.137,32.324,32.544,32.807,33.072,33.346,33.624,33.898,34.165,34.422,34.649,34.833,34.979,35.101,35.201,35.236,35.187,35.073,34.942,34.798,34.601,34.335,34.031,33.724,33.407,33.145,32.975,32.87,32.762,32.656,32.592,32.577,32.595,32.614,32.633,32.65,32.653,32.641,32.615,32.575,32.489,32.34,32.139,31.897,31.593,31.288,31.01,30.717,30.396,30.116,29.529,28.486,27.176,25.911,24.585,23.637,23.303,23.367,23.347,23.308,23.256,23.137,22.944,22.762,22.622,22.16,21.217,19.965,18.713,17.377,16.217,15.386,14.753,14.052,13.362,12.525,11.443,10.216,9.045,7.889,6.833,5.94,5.168,4.417,3.707,3.062,2.484,1.973,1.46,1.04,0.821,0.644,0.496,0.428,0.382,0.318,0.236,0.135,0.072
TLS,2070,31.739,31.862,32.029,32.233,32.467,32.723,32.996,33.279,33.564,33.846,34.121,34.383,34.612,34.793,34.929,35.043,35.133,35.154,35.086,34.95,34.796,34.631,34.413,34.135,33.822,33.507,33.181,32.915,32.747,32.648,32.547,32.45,32.394,32.386,32.412,32.439,32.467,32.49,32.5,32.494,32.473,32.437,32.354,32.21,32.012,31.771,31.467,31.163,30.884,30.589,30.265,29.98,29.391,28.344,27.034,25.766,24.436,23.481,23.139,23.189,23.157,23.105,23.037,22.896,22.679,22.474,22.309,21.823,20.864,19.599,18.332,16.985,15.807,14.949,14.283,13.552,12.834,11.977,10.886,9.66,8.492,7.342,6.296,5.417,4.663,3.933,3.245,2.631,2.097,1.638,1.162,0.794,0.643,0.494,0.349,0.282,0.246,0.199,0.142,0.074
TLS,2071,31.528,31.662,31.804,31.987,32.202,32.444,32.705,32.98,33.261,33.543,33.818,34.084,34.337,34.553,34.714,34.829,34.919,34.988,34.99,34.908,34.762,34.601,34.426,34.205,33.929,33.622,33.313,32.995,32.737,32.577,32.486,32.393,32.304,32.255,32.254,32.286,32.318,32.351,32.379,32.392,32.388,32.369,32.334,32.251,32.105,31.905,31.661,31.354,31.046,30.76,30.457,30.125,29.831,29.233,28.181,26.866,25.592,24.254,23.289,22.93,22.961,22.908,22.836,22.743,22.573,22.321,22.082,21.881,21.366,20.382,19.098,17.815,16.454,15.257,14.372,13.674,12.916,12.174,11.307,10.226,9.025,7.883,6.762,5.751,4.913,4.205,3.508,2.874,2.333,1.847,1.41,0.987,0.682,0.551,0.422,0.294,0.243,0.196,0.14,0.074
TLS,2072,31.333,31.403,31.58,31.742,31.94,32.166,32.416,32.683,32.958,33.238,33.516,33.785,34.042,34.286,34.488,34.631,34.722,34.791,34.836,34.819,34.725,34.569,34.399,34.217,33.992,33.718,33.416,33.114,32.804,32.555,32.402,32.318,32.233,32.153,32.113,32.118,32.155,32.193,32.231,32.262,32.28,32.278,32.26,32.226,32.143,31.996,31.793,31.547,31.237,30.923,30.632,30.322,29.982,29.677,29.071,28.014,26.695,25.414,24.069,23.094,22.719,22.731,22.657,22.564,22.446,22.246,21.96,21.687,21.45,20.904,19.898,18.596,17.294,15.92,14.705,13.791,13.063,12.279,11.513,10.635,9.564,8.388,7.272,6.181,5.206,4.409,3.745,3.082,2.502,2.035,1.596,1.18,0.812,0.571,0.459,0.348,0.24,0.188,0.134,0.074
TLS,2073,31.145,31.19,31.291,31.494,31.676,31.888,32.126,32.385,32.655,32.932,33.21,33.484,33.746,33.996,34.231,34.418,34.542,34.611,34.657,34.68,34.644,34.535,34.371,34.192,34.002,33.774,33.5,33.204,32.91,32.608,32.367,32.221,32.146,32.068,31.998,31.965,31.977,32.02,32.063,32.106,32.142,32.162,32.162,32.147,32.113,32.03,31.881,31.677,31.428,31.114,30.796,30.499,30.182,29.832,29.518,28.904,27.842,26.519,25.233,23.881,22.894,22.504,22.496,22.403,22.289,22.146,21.915,21.596,21.288,21.017,20.439,19.41,18.09,16.772,15.384,14.151,13.21,12.45,11.64,10.849,9.961,8.9,7.749,6.659,5.599,4.66,3.903,3.285,2.655,2.131,1.736,1.343,0.951,0.638,0.459,0.367,0.276,0.185,0.128,0.073
TLS,2074,30.957,30.985,31.065,31.194,31.403,31.604,31.832,32.081,32.347,32.622,32.901,33.177,33.447,33.703,33.944,34.169,34.344,34.448,34.494,34.518,34.519,34.463,34.341,34.168,33.981,33.782,33.55,33.279,32.989,32.701,32.407,32.174,32.037,31.968,31.899,31.837,31.812,31.831,31.879,31.928,31.976,32.016,32.039,32.041,32.027,31.994,31.912,31.762,31.556,31.304,30.987,30.665,30.36,30.036,29.679,29.356,28.734,27.667,26.339,25.047,23.688,22.691,22.285,22.257,22.144,22.01,21.842,21.581,21.228,20.886,20.58,19.972,18.92,17.581,16.246,14.846,13.594,12.626,11.835,10.998,10.184,9.286,8.236,7.11,6.046,5.016,4.112,3.398,2.824,2.228,1.758,1.437,1.092,0.722,0.463,0.348,0.276,0.202,0.13,0.072
TLS,2075,30.766,30.78,30.848,30.962,31.117,31.307,31.527,31.771,32.032,32.305,32.584,32.864,33.139,33.405,33.654,33.887,34.103,34.263,34.348,34.372,34.373,34.351,34.277,34.142,33.96,33.764,33.558,33.322,33.052,32.768,32.486,32.201,31.977,31.848,31.786,31.726,31.671,31.655,31.681,31.735,31.789,31.841,31.885,31.911,31.916,31.903,31.872,31.789,31.638,31.43,31.175,30.855,30.528,30.218,29.887,29.522,29.189,28.558,27.486,26.155,24.857,23.492,22.485,22.063,22.016,21.882,21.728,21.536,21.244,20.857,20.48,20.139,19.501,18.426,17.07,15.719,14.305,13.035,12.04,11.217,10.355,9.518,8.61,7.571,6.469,5.433,4.433,3.565,2.891,2.364,1.801,1.386,1.138,0.84,0.492,0.288,0.236,0.184,0.13,0.075
TLS,2076,30.587,30.677,30.719,30.807,30.935,31.099,31.292,31.509,31.748,32.005,32.274,32.546,32.816,33.077,33.324,33.551,33.762,33.956,34.097,34.169,34.183,34.176,34.146,34.067,33.934,33.758,33.568,33.369,33.142,32.88,32.604,32.33,32.054,31.838,31.715,31.66,31.605,31.557,31.544,31.574,31.629,31.686,31.739,31.783,31.808,31.811,31.795,31.76,31.672,31.516,31.3,31.038,30.71,30.374,30.053,29.709,29.331,28.983,28.34,27.257,25.918,24.61,23.233,22.21,21.764,21.688,21.525,21.342,21.116,20.782,20.348,19.926,19.538,18.863,17.765,16.395,15.033,13.614,12.339,11.332,10.499,9.633,8.793,7.9,6.904,5.864,4.867,3.935,3.174,2.556,2.042,1.539,1.192,0.976,0.718,0.416,0.258,0.201,0.141,0.079
TLS,2077,30.403,30.417,30.585,30.656,30.763,30.906,31.077,31.273,31.488,31.723,31.977,32.24,32.504,32.766,33.013,33.24,33.445,33.633,33.805,33.928,33.985,33.991,33.975,33.937,33.855,33.722,33.552,33.368,33.179,32.96,32.706,32.436,32.172,31.904,31.696,31.58,31.531,31.482,31.438,31.43,31.463,31.522,31.579,31.634,31.678,31.702,31.703,31.684,31.644,31.551,31.39,31.168,30.898,30.563,30.216,29.885,29.529,29.138,28.775,28.118,27.026,25.679,24.361,22.973,21.933,21.463,21.358,21.166,20.955,20.694,20.317,19.835,19.368,18.934,18.223,17.101,15.719,14.346,12.922,11.641,10.624,9.78,8.909,8.067,7.191,6.237,5.257,4.299,3.437,2.782,2.219,1.719,1.277,0.998,0.814,0.595,0.341,0.227,0.158,0.086
TLS,2078,30.214,30.237,30.297,30.489,30.588,30.717,30.873,31.053,31.252,31.464,31.694,31.943,32.203,32.459,32.711,32.945,33.154,33.335,33.501,33.651,33.754,33.799,33.795,33.771,33.724,33.638,33.508,33.343,33.166,32.984,32.773,32.527,32.266,32.01,31.751,31.55,31.441,31.398,31.355,31.316,31.312,31.349,31.41,31.469,31.525,31.57,31.593,31.591,31.569,31.526,31.428,31.261,31.032,30.755,30.412,30.056,29.713,29.345,28.941,28.563,27.893,26.793,25.436,24.108,22.709,21.653,21.161,21.025,20.804,20.565,20.271,19.85,19.322,18.808,18.33,17.58,16.436,15.04,13.658,12.228,10.94,9.914,9.059,8.184,7.339,6.48,5.569,4.651,3.731,2.939,2.39,1.881,1.396,1.015,0.804,0.651,0.472,0.265,0.18,0.093
TLS,2079,30.024,30.057,30.121,30.214,30.39,30.516,30.666,30.836,31.025,31.227,31.435,31.661,31.906,32.161,32.41,32.652,32.873,33.063,33.221,33.366,33.493,33.576,33.608,33.595,33.562,33.507,33.417,33.288,33.129,32.96,32.785,32.582,32.344,32.09,31.843,31.593,31.401,31.299,31.261,31.223,31.191,31.191,31.231,31.295,31.356,31.413,31.457,31.478,31.475,31.451,31.404,31.301,31.128,30.893,30.608,30.256,29.892,29.538,29.158,28.741,28.348,27.665,26.555,25.191,23.853,22.443,21.37,20.855,20.69,20.441,20.173,19.843,19.381,18.806,18.247,17.722,16.936,15.77,14.361,12.967,11.533,10.239,9.202,8.338,7.457,6.611,5.769,4.901,4.043,3.162,2.44,1.998,1.545,1.073,0.752,0.609,0.489,0.348,0.188,0.103
TLS,2080,29.834,29.875,29.944,30.036,30.151,30.287,30.44,30.61,30.794,30.991,31.195,31.402,31.623,31.864,32.114,32.356,32.589,32.795,32.965,33.103,33.224,33.328,33.393,33.411,33.39,33.348,33.284,33.191,33.064,32.911,32.747,32.58,32.387,32.157,31.91,31.671,31.431,31.247,31.152,31.12,31.088,31.059,31.065,31.108,31.174,31.237,31.295,31.339,31.36,31.354,31.327,31.277,31.17,30.99,30.748,30.456,30.097,29.722,29.358,28.966,28.536,28.128,27.433,26.313,24.942,23.594,22.173,21.084,20.545,20.352,20.073,19.777,19.414,18.908,18.287,17.682,17.112,16.29,15.1,13.679,12.275,10.836,9.537,8.49,7.615,6.731,5.882,5.057,4.232,3.435,2.594,1.942,1.604,1.207,0.75,0.49,0.414,0.326,0.225,0.113
TLS,2081,29.663,29.757,29.818,29.901,30.005,30.127,30.267,30.421,30.591,30.771,30.962,31.158,31.354,31.562,31.785,32.013,32.231,32.442,32.631,32.787,32.916,33.028,33.124,33.185,33.205,33.188,33.152,33.098,33.013,32.894,32.747,32.592,32.435,32.248,32.026,31.786,31.552,31.317,31.138,31.046,31.017,30.988,30.961,30.967,31.009,31.073,31.135,31.188,31.229,31.244,31.232,31.197,31.137,31.02,30.831,30.579,30.274,29.902,29.513,29.131,28.719,28.267,27.835,27.119,25.985,24.601,23.239,21.804,20.693,20.119,19.884,19.565,19.231,18.824,18.268,17.593,16.94,16.322,15.467,14.27,12.86,11.47,10.051,8.777,7.758,6.916,6.054,5.262,4.513,3.745,2.974,2.221,1.677,1.382,1.035,0.636,0.453,0.357,0.247,0.124
TLS,2082,29.493,29.546,29.679,29.758,29.855,29.971,30.101,30.245,30.401,30.567,30.744,30.928,31.116,31.303,31.499,31.702,31.908,32.105,32.293,32.462,32.606,32.725,32.829,32.917,32.975,32.995,32.984,32.955,32.908,32.83,32.719,32.581,32.434,32.285,32.107,31.891,31.658,31.43,31.2,31.026,30.938,30.912,30.885,30.859,30.866,30.908,30.971,31.029,31.08,31.115,31.125,31.106,31.064,30.995,30.869,30.669,30.406,30.089,29.705,29.3,28.9,28.468,27.995,27.54,26.804,25.654,24.259,22.882,21.431,20.298,19.69,19.413,19.054,18.683,18.233,17.626,16.898,16.195,15.529,14.643,13.439,12.04,10.664,9.265,8.017,7.026,6.217,5.377,4.639,3.971,3.257,2.514,1.848,1.412,1.158,0.861,0.521,0.386,0.268,0.135
TLS,2083,29.314,29.373,29.449,29.596,29.694,29.807,29.933,30.071,30.219,30.376,30.541,30.714,30.892,31.071,31.251,31.432,31.616,31.8,31.975,32.141,32.291,32.421,32.531,32.626,32.706,32.759,32.782,32.776,32.754,32.714,32.645,32.542,32.411,32.273,32.133,31.963,31.755,31.526,31.304,31.08,30.911,30.827,30.804,30.779,30.755,30.761,30.802,30.864,30.92,30.967,30.998,31.002,30.977,30.927,30.85,30.714,30.504,30.23,29.901,29.504,29.084,28.666,28.214,27.72,27.242,26.485,25.321,23.913,22.523,21.057,19.901,19.259,18.94,18.541,18.132,17.639,16.983,16.201,15.449,14.735,13.818,12.607,11.218,9.857,8.478,7.255,6.293,5.516,4.699,4.017,3.427,2.768,2.052,1.475,1.147,0.934,0.688,0.405,0.29,0.147
TLS,2084,29.114,29.183,29.267,29.365,29.511,29.627,29.755,29.891,30.037,30.19,30.347,30.511,30.68,30.851,31.023,31.192,31.36,31.526,31.687,31.84,31.984,32.116,32.232,32.332,32.419,32.491,32.54,32.564,32.564,32.548,32.516,32.455,32.36,32.237,32.107,31.975,31.815,31.612,31.391,31.175,30.956,30.792,30.712,30.691,30.669,30.646,30.653,30.694,30.754,30.807,30.851,30.877,30.876,30.844,30.786,30.701,30.555,30.335,30.049,29.709,29.298,28.865,28.429,27.957,27.442,26.939,26.163,24.985,23.564,22.16,20.681,19.502,18.826,18.465,18.026,17.579,17.044,16.336,15.502,14.701,13.939,12.991,11.773,10.395,9.048,7.691,6.492,5.559,4.814,4.02,3.395,2.882,2.279,1.59,1.1,0.881,0.711,0.515,0.291,0.161
TLS,2085,28.888,28.972,29.069,29.176,29.294,29.421,29.557,29.698,29.846,30,30.156,30.316,30.477,30.642,30.807,30.97,31.131,31.285,31.432,31.57,31.702,31.823,31.936,32.038,32.13,32.207,32.271,32.317,32.342,32.347,32.338,32.314,32.261,32.173,32.058,31.937,31.815,31.661,31.468,31.252,31.042,30.828,30.668,30.593,30.575,30.554,30.533,30.541,30.581,30.639,30.689,30.73,30.752,30.745,30.707,30.641,30.548,30.393,30.162,29.865,29.512,29.09,28.642,28.188,27.696,27.159,26.634,25.837,24.645,23.214,21.794,20.3,19.1,18.39,17.988,17.509,17.024,16.446,15.689,14.801,13.951,13.141,12.162,10.938,9.572,8.239,6.901,5.729,4.824,4.113,3.341,2.771,2.338,1.79,1.128,0.727,0.617,0.487,0.341,0.176
TLS,2086,28.646,28.811,28.914,29.025,29.143,29.269,29.4,29.537,29.677,29.821,29.968,30.117,30.267,30.416,30.561,30.704,30.846,30.985,31.12,31.253,31.383,31.505,31.619,31.728,31.831,31.929,32.013,32.084,32.138,32.17,32.183,32.182,32.167,32.123,32.042,31.933,31.818,31.7,31.553,31.362,31.15,30.942,30.73,30.572,30.496,30.478,30.455,30.432,30.435,30.47,30.523,30.566,30.599,30.612,30.596,30.547,30.468,30.361,30.191,29.943,29.627,29.255,28.811,28.339,27.858,27.336,26.769,26.211,25.386,24.171,22.722,21.283,19.772,18.544,17.793,17.34,16.814,16.289,15.668,14.87,13.946,13.063,12.223,11.24,10.049,8.741,7.44,6.176,5.135,4.289,3.579,2.881,2.396,2.015,1.535,0.957,0.67,0.531,0.373,0.193
TLS,2087,28.379,28.515,28.734,28.854,28.98,29.11,29.242,29.378,29.515,29.655,29.795,29.935,30.075,30.216,30.351,30.479,30.6,30.72,30.836,30.954,31.073,31.194,31.307,31.412,31.517,31.624,31.725,31.816,31.895,31.957,31.998,32.018,32.026,32.02,31.983,31.91,31.806,31.696,31.585,31.442,31.255,31.047,30.842,30.632,30.473,30.398,30.379,30.354,30.328,30.328,30.359,30.406,30.442,30.467,30.471,30.444,30.384,30.294,30.173,29.987,29.723,29.387,28.995,28.53,28.035,27.527,26.976,26.378,25.787,24.932,23.696,22.229,20.772,19.243,17.988,17.194,16.691,16.119,15.552,14.891,14.051,13.09,12.175,11.304,10.317,9.159,7.91,6.641,5.451,4.54,3.752,3.045,2.421,2.022,1.692,1.279,0.785,0.579,0.407,0.212
TLS,2088,28.096,28.261,28.423,28.655,28.793,28.933,29.073,29.214,29.354,29.492,29.63,29.766,29.9,30.033,30.164,30.286,30.395,30.494,30.591,30.686,30.784,30.891,31.002,31.107,31.204,31.305,31.412,31.52,31.617,31.704,31.774,31.823,31.851,31.866,31.869,31.841,31.775,31.676,31.572,31.467,31.328,31.146,30.941,30.738,30.531,30.374,30.298,30.278,30.251,30.222,30.219,30.244,30.286,30.315,30.332,30.327,30.29,30.22,30.118,29.983,29.782,29.5,29.145,28.733,28.248,27.729,27.194,26.613,25.985,25.361,24.477,23.219,21.734,20.258,18.711,17.43,16.595,16.04,15.422,14.813,14.112,13.23,12.233,11.285,10.385,9.393,8.267,7.079,5.841,4.725,3.945,3.216,2.51,1.961,1.648,1.369,1.024,0.614,0.445,0.232
TLS,2089,27.806,27.995,28.18,28.359,28.572,28.728,28.883,29.034,29.181,29.326,29.465,29.601,29.733,29.861,29.986,30.109,30.217,30.307,30.383,30.46,30.532,30.611,30.705,30.807,30.903,30.993,31.089,31.198,31.311,31.415,31.509,31.588,31.644,31.68,31.703,31.715,31.695,31.635,31.544,31.445,31.346,31.212,31.034,30.831,30.632,30.426,30.27,30.194,30.174,30.145,30.113,30.105,30.127,30.162,30.185,30.193,30.179,30.133,30.052,29.937,29.788,29.573,29.273,28.9,28.468,27.962,27.42,26.857,26.246,25.588,24.931,24.019,22.74,21.238,19.742,18.178,16.87,15.993,15.387,14.724,14.074,13.33,12.409,11.374,10.394,9.464,8.468,7.376,6.246,5.041,3.998,3.35,2.68,1.975,1.5,1.272,1.045,0.768,0.443,0.251
TLS,2090,27.519,27.724,27.922,28.116,28.304,28.485,28.659,28.828,28.99,29.146,29.294,29.434,29.568,29.697,29.819,29.934,30.047,30.143,30.214,30.269,30.323,30.373,30.434,30.514,30.607,30.694,30.775,30.868,30.979,31.097,31.207,31.309,31.396,31.46,31.503,31.535,31.556,31.544,31.491,31.406,31.314,31.219,31.09,30.916,30.717,30.52,30.317,30.162,30.086,30.064,30.034,29.999,29.988,30.005,30.035,30.05,30.05,30.028,29.972,29.879,29.752,29.59,29.36,29.042,28.65,28.198,27.672,27.106,26.517,25.877,25.188,24.498,23.558,22.257,20.737,19.224,17.642,16.308,15.389,14.733,14.023,13.332,12.547,11.586,10.513,9.502,8.541,7.542,6.483,5.413,4.24,3.271,2.753,2.143,1.44,1.04,0.898,0.722,0.513,0.271
TLS,2091,27.255,27.463,27.672,27.877,28.077,28.271,28.458,28.64,28.812,28.97,29.117,29.256,29.387,29.509,29.618,29.718,29.812,29.903,29.98,30.038,30.084,30.13,30.172,30.229,30.31,30.408,30.503,30.592,30.693,30.811,30.938,31.056,31.166,31.26,31.332,31.381,31.419,31.445,31.439,31.39,31.308,31.218,31.125,30.997,30.824,30.625,30.427,30.22,30.063,29.984,29.957,29.921,29.88,29.86,29.868,29.888,29.893,29.88,29.843,29.77,29.658,29.511,29.327,29.072,28.728,28.307,27.825,27.27,26.672,26.042,25.358,24.627,23.892,22.915,21.588,20.05,18.518,16.925,15.568,14.614,13.915,13.172,12.45,11.649,10.687,9.629,8.617,7.702,6.782,5.777,4.72,3.657,2.844,2.385,1.846,1.225,0.946,0.761,0.542,0.289
TLS,2092,26.995,27.201,27.404,27.618,27.829,28.035,28.236,28.43,28.62,28.794,28.947,29.085,29.215,29.338,29.446,29.538,29.614,29.688,29.757,29.816,29.86,29.897,29.934,29.967,30.021,30.104,30.208,30.307,30.404,30.514,30.641,30.774,30.901,31.02,31.123,31.201,31.257,31.3,31.333,31.33,31.285,31.207,31.12,31.029,30.902,30.729,30.53,30.33,30.122,29.961,29.878,29.847,29.805,29.756,29.73,29.729,29.739,29.733,29.709,29.656,29.566,29.436,29.268,29.062,28.782,28.412,27.962,27.451,26.866,26.233,25.564,24.838,24.063,23.285,22.27,20.918,19.36,17.812,16.206,14.828,13.838,13.098,12.318,11.568,10.748,9.787,8.743,7.732,6.861,6.022,5.069,4.027,3.074,2.416,2.017,1.547,1.01,0.795,0.568,0.307
TLS,2093,26.738,26.934,27.136,27.343,27.561,27.778,27.991,28.198,28.399,28.595,28.771,28.922,29.05,29.172,29.285,29.38,29.453,29.509,29.56,29.607,29.647,29.679,29.706,29.734,29.76,29.809,29.894,30.004,30.11,30.215,30.333,30.466,30.608,30.743,30.872,30.982,31.067,31.129,31.178,31.216,31.219,31.178,31.103,31.018,30.929,30.804,30.631,30.431,30.23,30.02,29.856,29.77,29.733,29.687,29.631,29.596,29.587,29.588,29.571,29.533,29.466,29.359,29.209,29.022,28.793,28.489,28.093,27.614,27.074,26.46,25.793,25.085,24.314,23.496,22.674,21.622,20.245,18.669,17.103,15.484,14.086,13.061,12.278,11.464,10.683,9.847,8.885,7.858,6.845,6.019,5.261,4.36,3.333,2.49,1.989,1.648,1.249,0.795,0.594,0.325
TLS,2094,26.478,26.66,26.856,27.061,27.278,27.501,27.724,27.943,28.157,28.365,28.567,28.747,28.893,29.013,29.125,29.23,29.311,29.365,29.399,29.429,29.455,29.475,29.493,29.512,29.532,29.549,29.595,29.682,29.796,29.909,30.022,30.147,30.289,30.437,30.581,30.719,30.837,30.93,30.997,31.052,31.096,31.103,31.067,30.994,30.912,30.826,30.701,30.529,30.329,30.128,29.914,29.748,29.657,29.617,29.565,29.501,29.459,29.441,29.432,29.404,29.354,29.273,29.149,28.981,28.772,28.521,28.193,27.77,27.263,26.693,26.05,25.35,24.601,23.788,22.928,22.061,20.972,19.569,17.976,16.393,14.761,13.342,12.282,11.457,10.609,9.798,8.944,7.982,6.97,5.958,5.177,4.5,3.651,2.639,1.907,1.561,1.279,0.951,0.58,0.344
TLS,2095,26.21,26.38,26.569,26.772,26.987,27.21,27.437,27.665,27.891,28.112,28.326,28.536,28.718,28.86,28.971,29.074,29.17,29.238,29.273,29.285,29.293,29.297,29.3,29.304,29.314,29.325,29.335,29.376,29.465,29.585,29.704,29.824,29.958,30.107,30.264,30.415,30.561,30.689,30.788,30.861,30.922,30.971,30.984,30.95,30.882,30.803,30.718,30.594,30.424,30.223,30.02,29.805,29.636,29.541,29.497,29.438,29.369,29.318,29.292,29.273,29.233,29.171,29.075,28.935,28.747,28.518,28.245,27.893,27.444,26.908,26.309,25.637,24.904,24.114,23.259,22.356,21.445,20.32,18.892,17.28,15.68,14.036,12.597,11.502,10.634,9.751,8.911,8.04,7.079,6.081,5.071,4.334,3.738,2.942,1.945,1.323,1.132,0.909,0.654,0.365
TLS,2096,25.949,26.142,26.326,26.526,26.739,26.961,27.188,27.419,27.647,27.868,28.081,28.288,28.489,28.657,28.781,28.87,28.953,29.027,29.076,29.098,29.101,29.101,29.096,29.095,29.101,29.117,29.133,29.152,29.201,29.297,29.425,29.553,29.682,29.824,29.981,30.143,30.301,30.453,30.585,30.687,30.764,30.829,30.879,30.893,30.86,30.792,30.712,30.624,30.499,30.324,30.12,29.912,29.691,29.515,29.414,29.362,29.293,29.213,29.149,29.108,29.072,29.013,28.93,28.81,28.644,28.427,28.168,27.862,27.475,26.986,26.407,25.766,25.053,24.274,23.434,22.524,21.57,20.611,19.448,18.004,16.389,14.791,13.154,11.723,10.629,9.763,8.877,8.074,7.253,6.326,5.336,4.407,3.775,3.242,2.537,1.659,1.193,0.959,0.691,0.388
TLS,2097,25.683,25.835,26.072,26.27,26.481,26.703,26.932,27.165,27.398,27.626,27.844,28.05,28.248,28.44,28.595,28.7,28.768,28.829,28.88,28.912,28.921,28.914,28.905,28.893,28.888,28.896,28.917,28.941,28.967,29.024,29.128,29.264,29.4,29.538,29.688,29.852,30.02,30.184,30.342,30.479,30.586,30.666,30.732,30.785,30.8,30.769,30.699,30.618,30.529,30.401,30.223,30.016,29.803,29.577,29.394,29.285,29.225,29.146,29.056,28.979,28.922,28.869,28.791,28.686,28.544,28.351,28.106,27.815,27.478,27.055,26.526,25.905,25.22,24.467,23.644,22.752,21.788,20.784,19.774,18.575,17.113,15.498,13.9,12.272,10.846,9.755,8.891,8,7.236,6.464,5.571,4.589,3.742,3.215,2.747,2.132,1.372,1.019,0.736,0.414
TLS,2098,25.417,25.564,25.74,26.001,26.212,26.434,26.666,26.902,27.139,27.375,27.603,27.818,28.016,28.206,28.388,28.531,28.618,28.664,28.703,28.733,28.746,28.741,28.727,28.708,28.688,28.679,28.689,28.715,28.746,28.78,28.845,28.957,29.1,29.245,29.392,29.551,29.721,29.896,30.065,30.228,30.371,30.482,30.565,30.635,30.689,30.706,30.674,30.605,30.522,30.431,30.3,30.12,29.908,29.691,29.459,29.27,29.154,29.085,28.998,28.896,28.807,28.735,28.664,28.566,28.441,28.275,28.056,27.781,27.461,27.092,26.633,26.064,25.4,24.673,23.879,23.011,22.067,21.051,19.995,18.936,17.701,16.222,14.604,13.008,11.387,9.97,8.881,8.019,7.125,6.398,5.675,4.816,3.842,3.077,2.655,2.251,1.727,1.085,0.788,0.442
TLS,2099,25.157,25.302,25.474,25.67,25.925,26.15,26.384,26.625,26.869,27.111,27.351,27.577,27.788,27.98,28.16,28.334,28.464,28.532,28.556,28.573,28.581,28.575,28.559,28.535,28.507,28.48,28.467,28.479,28.51,28.547,28.588,28.663,28.782,28.933,29.086,29.242,29.409,29.586,29.767,29.943,30.111,30.259,30.374,30.461,30.533,30.59,30.607,30.577,30.506,30.423,30.33,30.197,30.012,29.798,29.576,29.337,29.142,29.019,28.943,28.846,28.732,28.63,28.544,28.455,28.339,28.192,28.003,27.757,27.454,27.103,26.702,26.208,25.599,24.892,24.123,23.289,22.375,21.38,20.31,19.205,18.095,16.824,15.33,13.709,12.114,10.501,9.092,8.005,7.144,6.247,5.558,4.885,4.061,3.095,2.411,2.095,1.754,1.322,0.798,0.475
TLS,2100,24.912,25.051,25.219,25.409,25.62,25.846,26.084,26.33,26.58,26.83,27.077,27.319,27.546,27.753,27.937,28.11,28.274,28.39,28.44,28.443,28.439,28.425,28.401,28.37,28.337,28.302,28.266,28.249,28.263,28.3,28.343,28.392,28.475,28.602,28.761,28.922,29.087,29.263,29.447,29.634,29.815,29.989,30.141,30.26,30.35,30.425,30.484,30.503,30.473,30.402,30.318,30.223,30.086,29.9,29.682,29.455,29.211,29.009,28.879,28.795,28.688,28.564,28.448,28.347,28.241,28.106,27.938,27.725,27.454,27.121,26.74,26.308,25.777,25.129,24.38,23.569,22.694,21.736,20.69,19.566,18.41,17.251,15.944,14.433,12.812,11.217,9.614,8.213,7.128,6.269,5.369,4.718,4.095,3.305,2.347,1.746,1.534,1.258,0.916,0.51
