MDV,1950,1.98,2.009,2.035,2.057,2.076,2.089,2.098,2.101,2.098,2.089,2.075,2.057,2.026,1.982,1.926,1.868,1.808,1.741,1.664,1.583,1.501,1.416,1.344,1.294,1.258,1.22,1.184,1.148,1.108,1.065,1.025,0.987,0.95,0.916,0.881,0.848,0.814,0.782,0.752,0.722,0.694,0.668,0.638,0.604,0.567,0.533,0.499,0.471,0.456,0.447,0.439,0.431,0.423,0.41,0.395,0.38,0.366,0.353,0.338,0.324,0.309,0.295,0.28,0.265,0.25,0.235,0.219,0.204,0.189,0.174,0.16,0.146,0.132,0.12,0.106,0.094,0.082,0.072,0.063,0.056,0.051,0.045,0.039,0.032,0.025,0.019,0.013,0.008,0.006,0.005,0.003,0.002,0.002,0.002,0,0,0,0,0,0
MDV,1951,2.12,1.928,1.943,1.964,1.988,2.012,2.038,2.064,2.081,2.081,2.068,2.053,2.034,2.003,1.96,1.905,1.847,1.787,1.72,1.643,1.563,1.482,1.397,1.326,1.276,1.239,1.202,1.167,1.131,1.09,1.048,1.009,0.971,0.935,0.899,0.866,0.833,0.8,0.768,0.738,0.708,0.68,0.653,0.624,0.59,0.553,0.52,0.485,0.459,0.443,0.433,0.425,0.417,0.408,0.395,0.379,0.365,0.351,0.337,0.323,0.308,0.294,0.279,0.264,0.248,0.233,0.218,0.203,0.188,0.173,0.159,0.145,0.131,0.119,0.106,0.094,0.083,0.071,0.062,0.055,0.048,0.043,0.038,0.033,0.028,0.021,0.016,0.011,0.007,0.005,0.003,0.002,0.002,0.002,0.001,0,0,0,0,0
MDV,1952,2.274,2.076,1.885,1.887,1.902,1.927,1.958,1.996,2.041,2.069,2.072,2.055,2.04,2.02,1.99,1.946,1.892,1.834,1.775,1.707,1.631,1.551,1.469,1.386,1.315,1.264,1.228,1.19,1.155,1.119,1.079,1.037,0.998,0.96,0.924,0.889,0.856,0.822,0.789,0.758,0.727,0.698,0.669,0.642,0.613,0.579,0.543,0.509,0.474,0.448,0.431,0.422,0.413,0.405,0.395,0.382,0.366,0.351,0.338,0.324,0.309,0.294,0.279,0.264,0.249,0.234,0.218,0.203,0.188,0.173,0.159,0.145,0.131,0.118,0.105,0.094,0.082,0.073,0.062,0.053,0.046,0.041,0.036,0.032,0.027,0.022,0.017,0.013,0.009,0.006,0.004,0.003,0.002,0.002,0.002,0,0,0,0,0
MDV,1953,2.449,2.182,1.987,1.85,1.837,1.847,1.875,1.913,1.963,2.025,2.066,2.071,2.052,2.034,2.015,1.984,1.941,1.887,1.829,1.768,1.701,1.625,1.544,1.464,1.38,1.308,1.258,1.222,1.184,1.148,1.111,1.071,1.03,0.991,0.954,0.917,0.882,0.848,0.815,0.782,0.75,0.72,0.689,0.661,0.634,0.604,0.571,0.534,0.5,0.466,0.439,0.423,0.413,0.403,0.395,0.385,0.371,0.355,0.34,0.326,0.311,0.296,0.281,0.266,0.25,0.235,0.22,0.204,0.189,0.174,0.159,0.144,0.131,0.118,0.105,0.093,0.082,0.072,0.062,0.053,0.045,0.038,0.033,0.029,0.025,0.021,0.017,0.013,0.01,0.006,0.005,0.003,0.002,0.002,0.002,0,0,0,0,0
MDV,1954,2.65,2.328,2.087,1.915,1.817,1.791,1.796,1.825,1.87,1.932,2.013,2.068,2.076,2.052,2.033,2.014,1.983,1.94,1.886,1.828,1.767,1.699,1.622,1.542,1.46,1.376,1.305,1.254,1.217,1.179,1.143,1.106,1.066,1.024,0.985,0.948,0.912,0.877,0.843,0.809,0.777,0.745,0.714,0.684,0.654,0.627,0.597,0.563,0.527,0.492,0.459,0.432,0.415,0.405,0.395,0.385,0.375,0.361,0.344,0.329,0.315,0.3,0.285,0.268,0.253,0.238,0.222,0.206,0.19,0.175,0.16,0.145,0.13,0.117,0.104,0.092,0.081,0.07,0.061,0.052,0.043,0.036,0.03,0.026,0.022,0.019,0.016,0.013,0.01,0.006,0.005,0.003,0.002,0.002,0,0,0,0,0,0
MDV,1955,2.869,2.505,2.225,2.016,1.873,1.786,1.747,1.746,1.776,1.829,1.904,2.001,2.069,2.08,2.053,2.033,2.013,1.982,1.938,1.885,1.827,1.765,1.696,1.62,1.539,1.458,1.373,1.302,1.25,1.213,1.175,1.138,1.102,1.062,1.02,0.981,0.943,0.907,0.872,0.838,0.804,0.771,0.739,0.708,0.677,0.647,0.62,0.59,0.556,0.52,0.486,0.451,0.424,0.407,0.396,0.385,0.376,0.365,0.351,0.334,0.319,0.304,0.289,0.272,0.257,0.24,0.225,0.208,0.192,0.177,0.161,0.145,0.131,0.116,0.104,0.09,0.079,0.068,0.058,0.049,0.041,0.034,0.027,0.022,0.019,0.015,0.012,0.01,0.007,0.006,0.003,0.002,0.002,0.002,0,0,0,0,0,0
MDV,1956,3.085,2.753,2.426,2.171,1.983,1.852,1.771,1.731,1.73,1.762,1.819,1.894,1.99,2.057,2.067,2.04,2.02,1.999,1.968,1.924,1.87,1.812,1.751,1.682,1.605,1.525,1.443,1.359,1.288,1.237,1.2,1.163,1.126,1.09,1.05,1.008,0.969,0.932,0.896,0.861,0.826,0.793,0.76,0.728,0.696,0.666,0.635,0.608,0.577,0.544,0.508,0.474,0.44,0.412,0.394,0.384,0.373,0.363,0.352,0.337,0.32,0.305,0.29,0.274,0.258,0.242,0.226,0.21,0.193,0.178,0.162,0.147,0.132,0.118,0.105,0.093,0.081,0.07,0.06,0.051,0.043,0.035,0.029,0.024,0.019,0.016,0.013,0.011,0.009,0.006,0.005,0.003,0.002,0.002,0,0,0,0,0,0
MDV,1957,3.307,2.891,2.641,2.349,2.121,1.951,1.833,1.757,1.717,1.716,1.751,1.811,1.886,1.981,2.046,2.056,2.029,2.009,1.988,1.956,1.911,1.858,1.799,1.738,1.669,1.592,1.512,1.431,1.347,1.276,1.226,1.188,1.151,1.116,1.079,1.039,0.997,0.959,0.921,0.886,0.851,0.815,0.782,0.748,0.716,0.685,0.654,0.624,0.596,0.566,0.531,0.496,0.462,0.428,0.401,0.383,0.372,0.361,0.351,0.34,0.325,0.308,0.291,0.276,0.26,0.244,0.228,0.211,0.195,0.179,0.163,0.148,0.133,0.119,0.105,0.093,0.081,0.071,0.061,0.052,0.043,0.037,0.03,0.024,0.019,0.016,0.013,0.01,0.009,0.007,0.005,0.003,0.002,0.002,0.002,0,0,0,0,0
MDV,1958,3.523,3.096,2.738,2.53,2.274,2.072,1.921,1.814,1.745,1.704,1.703,1.74,1.804,1.88,1.974,2.036,2.047,2.02,2,1.977,1.945,1.901,1.847,1.789,1.726,1.657,1.581,1.501,1.42,1.336,1.265,1.215,1.178,1.141,1.105,1.069,1.03,0.988,0.948,0.912,0.876,0.841,0.805,0.772,0.738,0.706,0.674,0.643,0.613,0.585,0.555,0.52,0.485,0.451,0.417,0.39,0.372,0.361,0.349,0.339,0.327,0.312,0.294,0.277,0.262,0.246,0.229,0.213,0.196,0.181,0.164,0.149,0.135,0.12,0.106,0.093,0.081,0.071,0.061,0.051,0.043,0.036,0.03,0.024,0.02,0.015,0.012,0.01,0.008,0.006,0.005,0.004,0.003,0.002,0.001,0,0,0,0,0
MDV,1959,3.72,3.294,2.93,2.622,2.423,2.201,2.027,1.893,1.798,1.734,1.694,1.692,1.732,1.799,1.877,1.968,2.03,2.04,2.014,1.993,1.97,1.937,1.892,1.838,1.779,1.716,1.647,1.57,1.491,1.41,1.326,1.255,1.205,1.169,1.131,1.097,1.06,1.021,0.979,0.94,0.903,0.867,0.831,0.797,0.763,0.728,0.696,0.664,0.633,0.603,0.574,0.544,0.51,0.475,0.44,0.406,0.379,0.361,0.35,0.338,0.328,0.315,0.3,0.282,0.265,0.249,0.232,0.216,0.199,0.182,0.166,0.151,0.135,0.121,0.107,0.093,0.081,0.069,0.06,0.051,0.042,0.035,0.029,0.023,0.018,0.015,0.012,0.009,0.007,0.005,0.005,0.003,0.003,0.002,0.001,0,0,0,0,0
MDV,1960,3.884,3.478,3.121,2.809,2.543,2.317,2.131,1.983,1.867,1.784,1.726,1.686,1.683,1.725,1.797,1.875,1.964,2.025,2.035,2.009,1.988,1.965,1.93,1.885,1.831,1.771,1.709,1.639,1.562,1.482,1.402,1.318,1.247,1.197,1.16,1.123,1.089,1.053,1.013,0.971,0.932,0.895,0.859,0.824,0.788,0.754,0.72,0.687,0.654,0.623,0.593,0.564,0.533,0.5,0.464,0.431,0.397,0.369,0.351,0.339,0.327,0.316,0.304,0.288,0.269,0.252,0.236,0.22,0.202,0.185,0.169,0.152,0.136,0.121,0.106,0.093,0.081,0.069,0.059,0.049,0.04,0.033,0.026,0.021,0.017,0.013,0.01,0.007,0.005,0.004,0.003,0.002,0.002,0.002,0,0,0,0,0,0
MDV,1961,3.989,3.747,3.379,3.053,2.763,2.512,2.297,2.114,1.966,1.854,1.774,1.716,1.673,1.669,1.709,1.78,1.856,1.943,2.004,2.012,1.986,1.964,1.94,1.907,1.861,1.808,1.75,1.687,1.619,1.543,1.465,1.385,1.303,1.232,1.183,1.147,1.109,1.075,1.039,1,0.958,0.919,0.882,0.845,0.81,0.775,0.74,0.706,0.673,0.64,0.61,0.578,0.55,0.52,0.486,0.451,0.417,0.384,0.357,0.339,0.326,0.314,0.303,0.29,0.274,0.255,0.237,0.221,0.204,0.188,0.17,0.155,0.139,0.124,0.109,0.096,0.084,0.071,0.06,0.051,0.043,0.035,0.028,0.023,0.018,0.014,0.011,0.009,0.007,0.005,0.004,0.002,0.002,0.002,0.001,0,0,0,0,0
MDV,1962,4.068,3.75,3.62,3.292,2.994,2.727,2.491,2.282,2.102,1.956,1.847,1.771,1.712,1.666,1.659,1.699,1.768,1.844,1.929,1.987,1.995,1.969,1.947,1.923,1.889,1.844,1.791,1.734,1.672,1.604,1.53,1.451,1.373,1.292,1.222,1.173,1.137,1.1,1.065,1.029,0.989,0.948,0.909,0.872,0.835,0.799,0.764,0.729,0.695,0.661,0.629,0.597,0.566,0.538,0.507,0.474,0.439,0.406,0.373,0.346,0.328,0.314,0.301,0.29,0.277,0.26,0.241,0.224,0.207,0.191,0.174,0.158,0.141,0.125,0.111,0.097,0.085,0.073,0.062,0.052,0.043,0.037,0.029,0.024,0.018,0.015,0.012,0.009,0.007,0.005,0.004,0.002,0.002,0.002,0.002,0,0,0,0,0
MDV,1963,4.13,3.866,3.607,3.498,3.208,2.939,2.694,2.471,2.272,2.094,1.949,1.842,1.768,1.71,1.662,1.652,1.69,1.76,1.834,1.918,1.974,1.981,1.954,1.933,1.908,1.874,1.829,1.777,1.72,1.659,1.591,1.518,1.441,1.363,1.282,1.214,1.165,1.129,1.091,1.056,1.02,0.98,0.938,0.899,0.862,0.826,0.789,0.753,0.718,0.684,0.65,0.618,0.586,0.555,0.525,0.495,0.461,0.427,0.395,0.362,0.335,0.317,0.303,0.29,0.278,0.265,0.247,0.228,0.21,0.193,0.177,0.159,0.144,0.128,0.113,0.098,0.086,0.074,0.063,0.053,0.043,0.036,0.03,0.024,0.02,0.015,0.012,0.009,0.007,0.005,0.004,0.002,0.002,0.002,0.002,0,0,0,0,0
MDV,1964,4.19,3.973,3.75,3.524,3.375,3.122,2.883,2.658,2.451,2.26,2.084,1.94,1.836,1.765,1.706,1.656,1.643,1.681,1.75,1.822,1.905,1.96,1.966,1.939,1.916,1.892,1.858,1.813,1.762,1.705,1.644,1.578,1.505,1.428,1.352,1.272,1.205,1.156,1.119,1.082,1.047,1.011,0.971,0.929,0.889,0.852,0.815,0.778,0.743,0.708,0.672,0.639,0.606,0.574,0.543,0.514,0.483,0.449,0.416,0.383,0.351,0.324,0.305,0.291,0.278,0.265,0.251,0.235,0.215,0.196,0.18,0.162,0.146,0.131,0.115,0.1,0.086,0.074,0.064,0.054,0.043,0.036,0.029,0.023,0.018,0.015,0.012,0.009,0.006,0.004,0.004,0.002,0.002,0.002,0.001,0,0,0,0,0
MDV,1965,4.262,4.076,3.877,3.671,3.459,3.245,3.03,2.821,2.618,2.426,2.244,2.071,1.928,1.827,1.759,1.7,1.647,1.632,1.669,1.736,1.807,1.888,1.941,1.947,1.92,1.897,1.872,1.838,1.794,1.742,1.686,1.626,1.56,1.489,1.414,1.338,1.259,1.193,1.144,1.108,1.071,1.035,0.999,0.959,0.917,0.878,0.839,0.803,0.766,0.73,0.695,0.659,0.626,0.593,0.561,0.53,0.5,0.469,0.437,0.403,0.37,0.339,0.312,0.293,0.279,0.265,0.252,0.239,0.22,0.2,0.182,0.165,0.147,0.132,0.116,0.101,0.088,0.074,0.063,0.052,0.043,0.034,0.028,0.022,0.017,0.013,0.01,0.007,0.005,0.004,0.002,0.002,0.002,0.001,0,0,0,0,0,0
MDV,1966,4.355,4.172,3.991,3.801,3.607,3.408,3.209,3.013,2.816,2.613,2.415,2.227,2.048,1.899,1.793,1.721,1.656,1.597,1.579,1.613,1.682,1.754,1.835,1.891,1.9,1.877,1.859,1.839,1.809,1.769,1.72,1.667,1.61,1.546,1.475,1.4,1.325,1.247,1.18,1.13,1.095,1.058,1.022,0.985,0.946,0.904,0.863,0.826,0.788,0.751,0.716,0.68,0.645,0.611,0.579,0.546,0.515,0.486,0.455,0.423,0.389,0.358,0.326,0.299,0.279,0.265,0.251,0.237,0.223,0.205,0.186,0.168,0.151,0.134,0.119,0.104,0.091,0.077,0.065,0.055,0.046,0.037,0.03,0.023,0.018,0.014,0.011,0.009,0.006,0.004,0.002,0.002,0.002,0.001,0,0,0,0,0,0
MDV,1967,4.463,4.279,4.078,3.903,3.723,3.539,3.354,3.171,2.993,2.806,2.606,2.401,2.207,2.023,1.87,1.758,1.68,1.61,1.545,1.523,1.557,1.627,1.7,1.781,1.84,1.852,1.833,1.819,1.804,1.779,1.742,1.696,1.645,1.591,1.53,1.46,1.385,1.31,1.232,1.165,1.117,1.08,1.043,1.008,0.97,0.931,0.889,0.849,0.81,0.774,0.736,0.7,0.664,0.63,0.595,0.563,0.532,0.5,0.471,0.44,0.408,0.375,0.343,0.312,0.286,0.266,0.251,0.236,0.222,0.208,0.19,0.171,0.153,0.137,0.121,0.106,0.092,0.08,0.067,0.056,0.047,0.038,0.031,0.025,0.02,0.015,0.012,0.009,0.007,0.005,0.004,0.002,0.002,0.001,0.001,0,0,0,0,0
MDV,1968,4.583,4.38,4.182,3.987,3.816,3.645,3.472,3.301,3.133,2.973,2.798,2.599,2.387,2.189,2,1.84,1.723,1.641,1.566,1.495,1.468,1.501,1.571,1.646,1.729,1.789,1.804,1.79,1.781,1.77,1.749,1.715,1.673,1.624,1.573,1.514,1.446,1.372,1.296,1.218,1.151,1.102,1.067,1.029,0.993,0.957,0.917,0.874,0.834,0.795,0.759,0.722,0.685,0.649,0.614,0.581,0.547,0.516,0.486,0.456,0.426,0.394,0.362,0.33,0.299,0.272,0.252,0.236,0.222,0.208,0.193,0.176,0.156,0.14,0.123,0.107,0.094,0.081,0.069,0.058,0.047,0.039,0.032,0.026,0.02,0.015,0.012,0.009,0.007,0.005,0.004,0.002,0.002,0.001,0.001,0,0,0,0,0
MDV,1969,4.713,4.49,4.28,4.083,3.905,3.739,3.576,3.416,3.257,3.104,2.962,2.798,2.599,2.38,2.177,1.981,1.815,1.693,1.606,1.525,1.449,1.418,1.449,1.521,1.595,1.681,1.743,1.762,1.751,1.746,1.74,1.723,1.693,1.652,1.609,1.56,1.502,1.435,1.362,1.286,1.208,1.14,1.091,1.055,1.019,0.983,0.945,0.905,0.862,0.822,0.784,0.746,0.708,0.672,0.636,0.602,0.567,0.534,0.503,0.473,0.443,0.413,0.381,0.349,0.317,0.287,0.26,0.239,0.223,0.208,0.194,0.178,0.161,0.143,0.125,0.109,0.094,0.082,0.07,0.058,0.048,0.038,0.031,0.025,0.02,0.015,0.012,0.009,0.006,0.004,0.004,0.002,0.002,0.001,0,0,0,0,0,0
MDV,1970,4.85,4.612,4.395,4.195,4.01,3.838,3.675,3.52,3.371,3.224,3.085,2.961,2.808,2.608,2.381,2.172,1.969,1.796,1.668,1.576,1.489,1.407,1.372,1.402,1.474,1.551,1.637,1.702,1.725,1.718,1.718,1.716,1.704,1.677,1.64,1.598,1.553,1.497,1.43,1.357,1.28,1.201,1.133,1.085,1.049,1.012,0.975,0.938,0.897,0.854,0.814,0.774,0.736,0.699,0.662,0.626,0.59,0.556,0.524,0.492,0.461,0.432,0.402,0.37,0.337,0.306,0.275,0.249,0.228,0.211,0.194,0.18,0.165,0.147,0.129,0.112,0.097,0.082,0.07,0.058,0.048,0.038,0.03,0.023,0.018,0.014,0.01,0.007,0.006,0.004,0.002,0.002,0.002,0.001,0,0,0,0,0,0
MDV,1971,4.935,4.735,4.516,4.315,4.129,3.957,3.795,3.643,3.494,3.35,3.204,3.068,2.943,2.79,2.59,2.365,2.154,1.951,1.779,1.652,1.561,1.475,1.394,1.361,1.392,1.466,1.543,1.631,1.698,1.725,1.723,1.727,1.731,1.722,1.694,1.654,1.608,1.56,1.502,1.432,1.354,1.274,1.191,1.121,1.072,1.037,0.999,0.964,0.927,0.885,0.839,0.797,0.756,0.716,0.678,0.642,0.608,0.573,0.539,0.506,0.474,0.444,0.414,0.384,0.352,0.32,0.29,0.259,0.233,0.212,0.196,0.179,0.164,0.15,0.133,0.116,0.1,0.085,0.072,0.061,0.05,0.041,0.032,0.026,0.02,0.015,0.012,0.009,0.006,0.004,0.003,0.002,0.002,0.001,0,0,0,0,0,0
MDV,1972,5.036,4.793,4.64,4.439,4.253,4.081,3.921,3.769,3.625,3.483,3.341,3.198,3.061,2.936,2.783,2.582,2.357,2.146,1.942,1.768,1.641,1.551,1.467,1.387,1.355,1.388,1.463,1.542,1.631,1.699,1.731,1.735,1.745,1.753,1.746,1.718,1.675,1.626,1.574,1.512,1.438,1.358,1.274,1.187,1.113,1.064,1.029,0.992,0.957,0.92,0.876,0.828,0.783,0.741,0.7,0.662,0.627,0.591,0.558,0.524,0.491,0.459,0.428,0.398,0.368,0.337,0.305,0.274,0.243,0.218,0.197,0.18,0.164,0.15,0.135,0.119,0.103,0.088,0.075,0.063,0.052,0.043,0.035,0.027,0.021,0.017,0.012,0.009,0.007,0.005,0.004,0.002,0.002,0.001,0,0,0,0,0,0
MDV,1973,5.146,4.906,4.689,4.556,4.372,4.202,4.043,3.893,3.752,3.615,3.48,3.341,3.199,3.063,2.937,2.782,2.581,2.354,2.142,1.936,1.762,1.635,1.546,1.463,1.383,1.352,1.387,1.463,1.543,1.634,1.706,1.741,1.751,1.765,1.779,1.775,1.746,1.699,1.648,1.593,1.527,1.45,1.364,1.277,1.186,1.109,1.058,1.024,0.988,0.954,0.916,0.87,0.82,0.773,0.728,0.685,0.647,0.612,0.578,0.544,0.511,0.478,0.446,0.414,0.385,0.354,0.323,0.291,0.259,0.23,0.203,0.183,0.166,0.15,0.136,0.122,0.106,0.091,0.077,0.064,0.053,0.043,0.035,0.029,0.022,0.017,0.012,0.009,0.007,0.005,0.004,0.002,0.002,0.001,0,0,0,0,0,0
MDV,1974,5.256,5.019,4.805,4.611,4.473,4.305,4.15,4.005,3.866,3.734,3.607,3.478,3.342,3.201,3.064,2.938,2.782,2.58,2.352,2.138,1.931,1.756,1.629,1.541,1.458,1.379,1.35,1.385,1.464,1.546,1.637,1.712,1.752,1.767,1.786,1.806,1.804,1.774,1.724,1.67,1.612,1.542,1.461,1.372,1.281,1.184,1.105,1.052,1.019,0.983,0.95,0.912,0.865,0.811,0.762,0.715,0.671,0.633,0.598,0.564,0.53,0.498,0.465,0.432,0.4,0.371,0.34,0.308,0.276,0.245,0.215,0.189,0.169,0.152,0.136,0.122,0.107,0.093,0.079,0.065,0.054,0.043,0.035,0.028,0.022,0.017,0.012,0.009,0.007,0.005,0.004,0.002,0.002,0.001,0,0,0,0,0,0
MDV,1975,5.361,5.128,4.916,4.723,4.546,4.384,4.235,4.094,3.963,3.836,3.714,3.595,3.471,3.339,3.199,3.063,2.937,2.78,2.577,2.348,2.133,1.925,1.749,1.622,1.534,1.453,1.374,1.346,1.384,1.464,1.547,1.64,1.717,1.762,1.782,1.806,1.83,1.831,1.8,1.747,1.69,1.628,1.556,1.47,1.378,1.282,1.181,1.099,1.046,1.013,0.977,0.945,0.907,0.857,0.802,0.75,0.701,0.655,0.616,0.583,0.549,0.516,0.483,0.451,0.417,0.386,0.355,0.324,0.293,0.261,0.231,0.2,0.174,0.154,0.137,0.121,0.107,0.094,0.079,0.066,0.054,0.043,0.034,0.027,0.02,0.015,0.012,0.008,0.005,0.004,0.002,0.002,0.002,0.001,0,0,0,0,0,0
MDV,1976,5.445,5.286,5.066,4.865,4.683,4.515,4.361,4.218,4.084,3.955,3.83,3.708,3.588,3.465,3.332,3.193,3.057,2.93,2.772,2.568,2.341,2.124,1.915,1.739,1.612,1.524,1.442,1.365,1.336,1.372,1.451,1.533,1.625,1.701,1.746,1.766,1.789,1.814,1.815,1.785,1.731,1.674,1.613,1.539,1.454,1.362,1.266,1.165,1.083,1.03,0.996,0.961,0.927,0.89,0.841,0.785,0.735,0.685,0.64,0.601,0.566,0.533,0.5,0.467,0.433,0.4,0.368,0.338,0.307,0.275,0.244,0.214,0.185,0.161,0.14,0.124,0.11,0.096,0.084,0.07,0.058,0.047,0.037,0.03,0.022,0.017,0.014,0.009,0.007,0.004,0.004,0.002,0.002,0.001,0,0,0,0,0,0
MDV,1977,5.522,5.309,5.21,5.003,4.813,4.641,4.483,4.338,4.203,4.073,3.947,3.822,3.701,3.582,3.458,3.325,3.186,3.05,2.922,2.764,2.56,2.332,2.116,1.906,1.73,1.602,1.513,1.432,1.354,1.325,1.36,1.438,1.519,1.61,1.686,1.73,1.75,1.774,1.797,1.798,1.768,1.714,1.657,1.595,1.522,1.437,1.345,1.251,1.15,1.067,1.013,0.98,0.943,0.911,0.872,0.823,0.768,0.717,0.669,0.624,0.585,0.55,0.516,0.483,0.45,0.417,0.383,0.35,0.319,0.289,0.259,0.228,0.199,0.171,0.147,0.127,0.112,0.098,0.085,0.073,0.061,0.05,0.04,0.031,0.025,0.019,0.014,0.011,0.007,0.006,0.004,0.002,0.002,0.001,0.001,0,0,0,0,0
MDV,1978,5.633,5.424,5.23,5.137,4.942,4.764,4.601,4.453,4.314,4.187,4.063,3.939,3.816,3.695,3.575,3.451,3.319,3.18,3.044,2.915,2.757,2.552,2.324,2.107,1.897,1.72,1.592,1.504,1.421,1.344,1.314,1.348,1.426,1.506,1.595,1.67,1.714,1.734,1.758,1.782,1.782,1.751,1.698,1.64,1.578,1.505,1.42,1.328,1.233,1.134,1.051,0.997,0.964,0.927,0.893,0.854,0.806,0.751,0.701,0.652,0.607,0.568,0.534,0.499,0.466,0.433,0.399,0.366,0.333,0.302,0.271,0.241,0.212,0.183,0.156,0.132,0.114,0.1,0.085,0.074,0.063,0.052,0.042,0.033,0.026,0.019,0.015,0.011,0.008,0.006,0.004,0.004,0.002,0.001,0.001,0,0,0,0,0
MDV,1979,5.836,5.606,5.394,5.2,5.064,4.881,4.715,4.563,4.423,4.293,4.172,4.055,3.934,3.811,3.69,3.57,3.445,3.314,3.176,3.038,2.91,2.75,2.546,2.316,2.1,1.89,1.711,1.584,1.494,1.412,1.334,1.304,1.338,1.414,1.494,1.582,1.656,1.699,1.719,1.743,1.766,1.767,1.736,1.681,1.624,1.561,1.489,1.403,1.312,1.217,1.118,1.035,0.982,0.947,0.91,0.876,0.837,0.788,0.735,0.685,0.636,0.592,0.553,0.518,0.483,0.45,0.417,0.382,0.348,0.316,0.284,0.254,0.224,0.195,0.168,0.141,0.118,0.1,0.087,0.074,0.063,0.052,0.043,0.034,0.026,0.02,0.015,0.011,0.008,0.006,0.004,0.004,0.002,0.002,0.001,0,0,0,0,0
MDV,1980,6.165,5.881,5.623,5.391,5.182,4.993,4.823,4.668,4.526,4.395,4.273,4.159,4.046,3.929,3.807,3.687,3.567,3.442,3.31,3.172,3.034,2.904,2.745,2.539,2.311,2.093,1.882,1.703,1.574,1.486,1.403,1.324,1.294,1.327,1.402,1.481,1.569,1.642,1.685,1.705,1.727,1.751,1.752,1.721,1.666,1.608,1.546,1.473,1.388,1.297,1.202,1.103,1.019,0.966,0.931,0.894,0.86,0.821,0.772,0.718,0.669,0.62,0.576,0.537,0.501,0.467,0.434,0.4,0.366,0.331,0.298,0.267,0.237,0.207,0.179,0.152,0.126,0.104,0.088,0.074,0.062,0.051,0.042,0.033,0.026,0.02,0.015,0.01,0.007,0.005,0.003,0.002,0.002,0.002,0.001,0,0,0,0,0
MDV,1981,6.644,6.134,5.84,5.58,5.351,5.148,4.969,4.812,4.667,4.528,4.394,4.272,4.159,4.046,3.928,3.807,3.687,3.565,3.44,3.307,3.168,3.03,2.899,2.739,2.533,2.303,2.086,1.874,1.695,1.567,1.477,1.394,1.316,1.285,1.318,1.393,1.471,1.558,1.632,1.673,1.693,1.715,1.739,1.739,1.706,1.652,1.593,1.53,1.456,1.372,1.28,1.187,1.088,1.004,0.951,0.916,0.878,0.843,0.805,0.756,0.701,0.65,0.603,0.557,0.518,0.482,0.447,0.414,0.38,0.345,0.311,0.279,0.248,0.218,0.19,0.163,0.137,0.113,0.092,0.077,0.065,0.053,0.045,0.036,0.028,0.022,0.017,0.012,0.008,0.006,0.004,0.003,0.002,0.002,0.001,0,0,0,0,0
MDV,1982,7.231,6.715,6.095,5.793,5.532,5.304,5.107,4.938,4.796,4.661,4.524,4.389,4.267,4.153,4.04,3.923,3.802,3.681,3.559,3.433,3.3,3.161,3.022,2.89,2.73,2.524,2.294,2.076,1.864,1.685,1.557,1.468,1.385,1.307,1.275,1.308,1.382,1.46,1.546,1.619,1.659,1.678,1.701,1.723,1.723,1.691,1.635,1.576,1.512,1.439,1.354,1.263,1.17,1.071,0.989,0.935,0.899,0.862,0.827,0.787,0.738,0.683,0.632,0.584,0.538,0.498,0.462,0.427,0.393,0.359,0.326,0.291,0.26,0.229,0.2,0.172,0.146,0.122,0.099,0.081,0.066,0.055,0.045,0.037,0.03,0.023,0.018,0.013,0.01,0.007,0.005,0.003,0.002,0.002,0.002,0.001,0,0,0,0
MDV,1983,7.85,7.2,6.644,6.054,5.744,5.479,5.254,5.065,4.905,4.777,4.653,4.519,4.381,4.258,4.146,4.033,3.915,3.794,3.674,3.552,3.425,3.292,3.152,3.013,2.881,2.72,2.514,2.283,2.065,1.853,1.674,1.546,1.457,1.374,1.296,1.266,1.296,1.37,1.447,1.533,1.604,1.646,1.664,1.686,1.709,1.707,1.674,1.618,1.558,1.494,1.42,1.336,1.246,1.153,1.054,0.972,0.919,0.883,0.845,0.81,0.77,0.72,0.665,0.613,0.565,0.519,0.479,0.442,0.407,0.373,0.34,0.305,0.271,0.239,0.209,0.182,0.155,0.131,0.108,0.086,0.069,0.056,0.045,0.036,0.03,0.024,0.018,0.013,0.01,0.007,0.006,0.004,0.002,0.002,0.001,0.001,0,0,0,0
MDV,1984,8.39,7.656,7.026,6.494,6.015,5.697,5.43,5.208,5.025,4.875,4.761,4.647,4.515,4.376,4.253,4.14,4.027,3.91,3.789,3.668,3.546,3.419,3.285,3.144,3.005,2.873,2.71,2.504,2.273,2.056,1.843,1.664,1.535,1.447,1.365,1.286,1.256,1.286,1.359,1.435,1.52,1.592,1.632,1.65,1.672,1.694,1.692,1.659,1.602,1.541,1.477,1.402,1.318,1.228,1.136,1.038,0.956,0.903,0.866,0.829,0.793,0.753,0.703,0.647,0.596,0.546,0.499,0.459,0.422,0.387,0.352,0.319,0.284,0.251,0.22,0.19,0.162,0.137,0.114,0.093,0.073,0.057,0.045,0.036,0.028,0.022,0.018,0.013,0.009,0.006,0.004,0.004,0.002,0.002,0.001,0.001,0,0,0,0
MDV,1985,8.775,8.034,7.393,6.842,6.374,5.981,5.655,5.385,5.165,4.987,4.849,4.748,4.644,4.516,4.374,4.25,4.138,4.025,3.907,3.787,3.666,3.543,3.416,3.281,3.139,3,2.866,2.704,2.497,2.266,2.047,1.835,1.655,1.527,1.438,1.356,1.278,1.247,1.277,1.349,1.424,1.509,1.579,1.619,1.638,1.659,1.68,1.679,1.644,1.586,1.525,1.459,1.385,1.3,1.212,1.119,1.022,0.94,0.887,0.851,0.813,0.777,0.737,0.686,0.63,0.577,0.527,0.48,0.439,0.402,0.366,0.332,0.298,0.265,0.231,0.201,0.171,0.144,0.12,0.098,0.078,0.06,0.045,0.034,0.027,0.02,0.016,0.011,0.008,0.005,0.003,0.002,0.002,0.002,0,0,0,0,0,0
MDV,1986,8.941,8.604,7.948,7.362,6.844,6.39,5.99,5.638,5.35,5.132,4.968,4.832,4.731,4.623,4.491,4.344,4.216,4.098,3.981,3.861,3.739,3.616,3.492,3.364,3.229,3.09,2.952,2.82,2.66,2.457,2.23,2.015,1.806,1.631,1.505,1.421,1.342,1.267,1.239,1.269,1.34,1.414,1.496,1.565,1.603,1.621,1.641,1.66,1.658,1.623,1.565,1.502,1.436,1.361,1.278,1.189,1.098,1.001,0.92,0.866,0.828,0.788,0.752,0.71,0.659,0.603,0.551,0.501,0.455,0.414,0.378,0.343,0.31,0.277,0.243,0.211,0.182,0.153,0.128,0.105,0.085,0.067,0.051,0.037,0.028,0.022,0.017,0.013,0.009,0.006,0.004,0.002,0.002,0.002,0.001,0,0,0,0,0
MDV,1987,8.961,8.475,8.456,7.883,7.352,6.865,6.421,6.015,5.635,5.328,5.111,4.96,4.828,4.725,4.615,4.478,4.326,4.192,4.069,3.947,3.824,3.7,3.576,3.45,3.322,3.187,3.049,2.911,2.781,2.623,2.422,2.199,1.987,1.782,1.61,1.489,1.408,1.332,1.261,1.235,1.265,1.334,1.406,1.488,1.555,1.592,1.608,1.627,1.646,1.641,1.605,1.546,1.483,1.416,1.34,1.257,1.169,1.078,0.983,0.902,0.846,0.807,0.766,0.728,0.687,0.634,0.579,0.526,0.476,0.429,0.389,0.354,0.32,0.288,0.255,0.224,0.192,0.163,0.136,0.112,0.091,0.073,0.058,0.043,0.031,0.023,0.017,0.013,0.01,0.008,0.006,0.004,0.002,0.002,0.001,0,0,0,0,0
MDV,1988,8.864,8.589,8.283,8.316,7.825,7.349,6.892,6.461,6.045,5.639,5.312,5.097,4.958,4.83,4.725,4.611,4.47,4.313,4.173,4.044,3.918,3.791,3.666,3.54,3.412,3.282,3.149,3.01,2.874,2.745,2.589,2.391,2.171,1.963,1.76,1.592,1.474,1.396,1.324,1.255,1.231,1.261,1.329,1.4,1.481,1.546,1.583,1.597,1.615,1.633,1.627,1.59,1.529,1.465,1.398,1.321,1.238,1.151,1.06,0.965,0.884,0.827,0.787,0.745,0.706,0.663,0.611,0.555,0.501,0.451,0.404,0.365,0.331,0.297,0.265,0.235,0.204,0.173,0.145,0.119,0.096,0.077,0.062,0.047,0.035,0.024,0.017,0.013,0.009,0.007,0.006,0.004,0.002,0.002,0,0,0,0,0,0
MDV,1989,8.701,8.632,8.484,8.268,8.172,7.765,7.342,6.916,6.496,6.073,5.641,5.294,5.08,4.954,4.829,4.721,4.605,4.459,4.297,4.153,4.017,3.886,3.757,3.629,3.501,3.373,3.242,3.108,2.97,2.835,2.707,2.553,2.358,2.141,1.936,1.737,1.572,1.458,1.383,1.314,1.25,1.226,1.257,1.324,1.395,1.472,1.536,1.571,1.586,1.602,1.618,1.612,1.573,1.512,1.447,1.379,1.302,1.218,1.131,1.041,0.946,0.866,0.809,0.767,0.724,0.683,0.638,0.587,0.529,0.477,0.426,0.38,0.341,0.307,0.275,0.244,0.214,0.184,0.155,0.127,0.102,0.08,0.063,0.049,0.036,0.025,0.018,0.012,0.008,0.006,0.005,0.004,0.002,0.002,0,0,0,0,0,0
MDV,1990,8.519,8.617,8.601,8.488,8.29,8.022,7.697,7.33,6.935,6.527,6.096,5.637,5.272,5.058,4.945,4.824,4.715,4.596,4.445,4.278,4.128,3.988,3.851,3.719,3.59,3.46,3.33,3.198,3.065,2.928,2.793,2.668,2.516,2.324,2.11,1.909,1.712,1.551,1.441,1.37,1.304,1.243,1.221,1.253,1.318,1.386,1.463,1.526,1.56,1.572,1.588,1.603,1.596,1.555,1.493,1.428,1.358,1.28,1.197,1.111,1.022,0.927,0.847,0.789,0.746,0.701,0.66,0.614,0.561,0.504,0.452,0.401,0.355,0.316,0.283,0.251,0.222,0.194,0.164,0.135,0.109,0.085,0.065,0.048,0.037,0.026,0.017,0.011,0.007,0.004,0.002,0.002,0.002,0.002,0,0,0,0,0,0
MDV,1991,8.343,8.514,8.592,8.567,8.452,8.258,7.999,7.691,7.336,6.938,6.521,6.083,5.619,5.248,5.028,4.908,4.78,4.664,4.54,4.39,4.226,4.08,3.942,3.81,3.683,3.558,3.433,3.309,3.181,3.05,2.915,2.781,2.657,2.506,2.314,2.102,1.902,1.707,1.545,1.435,1.365,1.299,1.238,1.216,1.247,1.311,1.379,1.453,1.515,1.548,1.559,1.573,1.586,1.577,1.537,1.473,1.407,1.336,1.258,1.174,1.086,0.996,0.902,0.82,0.762,0.718,0.672,0.63,0.585,0.533,0.477,0.426,0.376,0.331,0.293,0.26,0.229,0.201,0.173,0.145,0.119,0.095,0.073,0.054,0.04,0.031,0.022,0.014,0.008,0.005,0.003,0.002,0.002,0.002,0,0,0,0,0,0
MDV,1992,8.159,8.444,8.509,8.568,8.533,8.415,8.225,7.978,7.688,7.342,6.942,6.514,6.071,5.601,5.224,4.997,4.872,4.736,4.613,4.486,4.336,4.174,4.031,3.897,3.769,3.647,3.526,3.407,3.287,3.164,3.036,2.9,2.769,2.645,2.495,2.306,2.094,1.894,1.701,1.54,1.43,1.36,1.294,1.233,1.211,1.241,1.304,1.37,1.444,1.504,1.535,1.546,1.558,1.57,1.56,1.518,1.453,1.387,1.314,1.236,1.15,1.062,0.971,0.876,0.795,0.735,0.69,0.645,0.601,0.556,0.505,0.45,0.399,0.351,0.308,0.271,0.238,0.207,0.18,0.153,0.127,0.103,0.082,0.061,0.045,0.034,0.025,0.017,0.011,0.007,0.005,0.002,0.002,0.002,0.002,0,0,0,0,0
MDV,1993,7.951,8.278,8.488,8.503,8.542,8.497,8.377,8.192,7.954,7.681,7.346,6.946,6.507,6.057,5.582,5.199,4.966,4.833,4.691,4.561,4.43,4.28,4.122,3.982,3.852,3.728,3.609,3.494,3.38,3.265,3.146,3.021,2.887,2.757,2.634,2.485,2.295,2.086,1.888,1.694,1.534,1.424,1.355,1.289,1.228,1.206,1.235,1.297,1.362,1.435,1.493,1.524,1.531,1.542,1.553,1.541,1.498,1.433,1.365,1.293,1.212,1.127,1.038,0.946,0.85,0.768,0.707,0.662,0.616,0.572,0.527,0.476,0.422,0.372,0.326,0.284,0.247,0.215,0.186,0.158,0.133,0.109,0.087,0.068,0.05,0.036,0.026,0.019,0.013,0.008,0.005,0.003,0.002,0.002,0,0,0,0,0,0
MDV,1994,7.697,8.052,8.305,8.466,8.495,8.514,8.459,8.339,8.157,7.93,7.673,7.349,6.947,6.498,6.042,5.562,5.174,4.935,4.794,4.646,4.509,4.374,4.224,4.07,3.932,3.805,3.686,3.572,3.461,3.352,3.243,3.129,3.005,2.873,2.743,2.621,2.474,2.286,2.078,1.88,1.688,1.528,1.419,1.349,1.284,1.222,1.201,1.228,1.29,1.353,1.425,1.482,1.511,1.518,1.527,1.536,1.523,1.479,1.413,1.344,1.27,1.19,1.103,1.014,0.92,0.824,0.741,0.68,0.634,0.587,0.543,0.497,0.447,0.394,0.346,0.301,0.26,0.224,0.192,0.163,0.137,0.113,0.09,0.071,0.054,0.038,0.027,0.019,0.013,0.008,0.005,0.003,0.002,0.001,0,0,0,0,0,0
MDV,1995,7.383,7.767,8.064,8.28,8.419,8.486,8.486,8.421,8.299,8.121,7.905,7.665,7.353,6.948,6.49,6.027,5.543,5.148,4.902,4.756,4.6,4.456,4.317,4.167,4.016,3.882,3.759,3.642,3.533,3.428,3.323,3.22,3.11,2.988,2.858,2.729,2.609,2.462,2.275,2.069,1.872,1.681,1.522,1.414,1.344,1.279,1.218,1.195,1.222,1.282,1.345,1.415,1.471,1.497,1.504,1.511,1.519,1.504,1.46,1.393,1.322,1.249,1.167,1.079,0.988,0.895,0.798,0.714,0.652,0.606,0.559,0.513,0.469,0.419,0.367,0.32,0.276,0.235,0.201,0.17,0.142,0.116,0.093,0.072,0.055,0.04,0.028,0.018,0.011,0.007,0.003,0.003,0.002,0.001,0,0,0,0,0,0
MDV,1996,6.989,7.373,7.735,8.02,8.233,8.373,8.448,8.461,8.405,8.28,8.093,7.871,7.627,7.308,6.897,6.432,5.963,5.473,5.074,4.829,4.687,4.536,4.397,4.264,4.124,3.982,3.857,3.745,3.637,3.532,3.43,3.329,3.229,3.122,3.002,2.873,2.745,2.625,2.478,2.291,2.082,1.883,1.689,1.527,1.416,1.343,1.274,1.209,1.183,1.209,1.268,1.33,1.4,1.454,1.479,1.482,1.487,1.492,1.475,1.43,1.362,1.292,1.217,1.135,1.047,0.957,0.863,0.767,0.683,0.62,0.573,0.525,0.479,0.434,0.386,0.338,0.293,0.252,0.215,0.183,0.154,0.127,0.103,0.082,0.064,0.049,0.035,0.023,0.015,0.01,0.006,0.003,0.002,0.002,0.001,0,0,0,0,0
MDV,1997,6.56,7.007,7.363,7.703,7.977,8.185,8.328,8.41,8.437,8.39,8.261,8.065,7.837,7.588,7.265,6.848,6.375,5.9,5.403,5.002,4.758,4.62,4.473,4.339,4.213,4.08,3.947,3.833,3.73,3.631,3.532,3.433,3.336,3.238,3.133,3.015,2.888,2.761,2.642,2.494,2.305,2.095,1.894,1.698,1.533,1.418,1.342,1.269,1.201,1.172,1.197,1.254,1.315,1.384,1.438,1.46,1.46,1.464,1.466,1.447,1.4,1.333,1.261,1.186,1.103,1.015,0.925,0.832,0.736,0.653,0.589,0.54,0.492,0.446,0.401,0.355,0.308,0.267,0.228,0.194,0.164,0.137,0.113,0.092,0.073,0.056,0.043,0.03,0.02,0.013,0.008,0.005,0.002,0.002,0.002,0,0,0,0,0
MDV,1998,6.143,6.608,7.021,7.364,7.683,7.945,8.148,8.293,8.383,8.423,8.385,8.253,8.048,7.813,7.56,7.231,6.807,6.327,5.845,5.342,4.937,4.692,4.559,4.416,4.286,4.166,4.041,3.918,3.813,3.72,3.629,3.536,3.44,3.346,3.251,3.148,3.032,2.906,2.781,2.661,2.514,2.323,2.11,1.907,1.708,1.541,1.422,1.343,1.267,1.194,1.163,1.185,1.243,1.303,1.371,1.422,1.444,1.441,1.441,1.441,1.421,1.373,1.304,1.232,1.156,1.074,0.985,0.895,0.802,0.706,0.623,0.559,0.509,0.459,0.413,0.368,0.323,0.28,0.241,0.205,0.174,0.145,0.121,0.099,0.08,0.063,0.048,0.036,0.025,0.016,0.011,0.007,0.004,0.002,0.002,0.001,0,0,0,0
MDV,1999,5.803,6.26,6.679,7.057,7.382,7.682,7.933,8.133,8.279,8.377,8.431,8.402,8.268,8.051,7.81,7.552,7.216,6.783,6.295,5.805,5.292,4.883,4.639,4.509,4.37,4.244,4.129,4.013,3.899,3.803,3.719,3.637,3.548,3.456,3.364,3.273,3.172,3.058,2.932,2.807,2.688,2.539,2.347,2.131,1.925,1.723,1.552,1.431,1.347,1.267,1.191,1.156,1.178,1.233,1.293,1.361,1.412,1.43,1.425,1.424,1.422,1.4,1.349,1.28,1.207,1.131,1.046,0.958,0.867,0.774,0.679,0.594,0.531,0.48,0.429,0.381,0.336,0.293,0.252,0.216,0.182,0.153,0.128,0.105,0.085,0.068,0.054,0.041,0.03,0.02,0.013,0.009,0.005,0.003,0.002,0.001,0,0,0,0
MDV,2000,5.583,5.996,6.391,6.764,7.111,7.426,7.707,7.947,8.144,8.292,8.398,8.466,8.444,8.308,8.081,7.832,7.568,7.223,6.782,6.284,5.783,5.26,4.844,4.6,4.473,4.338,4.215,4.106,3.997,3.891,3.804,3.731,3.656,3.572,3.482,3.393,3.304,3.204,3.092,2.967,2.843,2.723,2.573,2.378,2.159,1.949,1.742,1.568,1.443,1.355,1.272,1.192,1.154,1.172,1.229,1.288,1.355,1.405,1.422,1.414,1.41,1.405,1.381,1.33,1.26,1.186,1.108,1.024,0.934,0.843,0.749,0.653,0.568,0.503,0.451,0.398,0.35,0.305,0.264,0.225,0.191,0.16,0.134,0.11,0.09,0.072,0.057,0.044,0.034,0.024,0.015,0.009,0.007,0.005,0.002,0,0,0,0,0
MDV,2001,5.429,5.631,6.007,6.377,6.736,7.076,7.395,7.687,7.938,8.138,8.286,8.395,8.471,8.457,8.333,8.123,7.889,7.639,7.309,6.877,6.387,5.893,5.378,4.965,4.72,4.59,4.45,4.322,4.206,4.091,3.979,3.886,3.806,3.724,3.634,3.539,3.444,3.35,3.245,3.129,3.001,2.872,2.75,2.597,2.4,2.177,1.965,1.757,1.58,1.453,1.364,1.278,1.196,1.156,1.172,1.226,1.281,1.346,1.392,1.406,1.395,1.389,1.382,1.355,1.301,1.228,1.152,1.072,0.987,0.897,0.806,0.713,0.618,0.535,0.471,0.422,0.372,0.326,0.283,0.243,0.207,0.175,0.145,0.121,0.099,0.08,0.064,0.051,0.039,0.029,0.02,0.012,0.008,0.006,0.004,0.002,0,0,0,0
MDV,2002,5.391,5.609,5.696,6.035,6.381,6.726,7.062,7.386,7.691,7.953,8.156,8.304,8.418,8.5,8.496,8.384,8.188,7.968,7.733,7.415,6.993,6.508,6.02,5.51,5.1,4.854,4.719,4.574,4.439,4.318,4.196,4.079,3.978,3.891,3.802,3.706,3.605,3.505,3.404,3.296,3.175,3.042,2.91,2.784,2.628,2.427,2.203,1.988,1.776,1.597,1.467,1.376,1.288,1.204,1.162,1.176,1.226,1.279,1.339,1.384,1.395,1.382,1.372,1.363,1.333,1.277,1.2,1.122,1.04,0.952,0.862,0.772,0.68,0.586,0.504,0.442,0.394,0.347,0.303,0.262,0.225,0.189,0.159,0.132,0.108,0.089,0.071,0.056,0.044,0.034,0.025,0.017,0.01,0.007,0.005,0.003,0.002,0.001,0,0
MDV,2003,5.466,5.551,5.702,5.771,6.073,6.396,6.728,7.06,7.389,7.708,7.981,8.188,8.336,8.454,8.542,8.548,8.449,8.267,8.061,7.841,7.535,7.12,6.641,6.157,5.652,5.243,4.995,4.856,4.706,4.565,4.437,4.309,4.185,4.078,3.983,3.887,3.785,3.678,3.572,3.466,3.351,3.226,3.089,2.953,2.823,2.663,2.459,2.23,2.013,1.799,1.616,1.484,1.391,1.301,1.214,1.17,1.181,1.228,1.278,1.336,1.378,1.386,1.369,1.357,1.346,1.313,1.255,1.175,1.094,1.01,0.92,0.83,0.739,0.647,0.553,0.473,0.412,0.366,0.321,0.28,0.243,0.206,0.173,0.144,0.118,0.096,0.078,0.062,0.048,0.037,0.029,0.022,0.014,0.008,0.005,0.004,0.003,0.001,0,0
MDV,2004,5.641,5.585,5.619,5.734,5.843,6.11,6.409,6.729,7.057,7.39,7.722,8.007,8.219,8.366,8.489,8.584,8.598,8.511,8.344,8.153,7.947,7.653,7.246,6.772,6.294,5.793,5.386,5.136,4.992,4.836,4.69,4.556,4.422,4.291,4.177,4.074,3.972,3.863,3.75,3.638,3.526,3.407,3.276,3.135,2.995,2.861,2.697,2.49,2.259,2.038,1.821,1.636,1.501,1.406,1.314,1.224,1.177,1.186,1.23,1.276,1.332,1.37,1.375,1.358,1.342,1.328,1.294,1.232,1.15,1.066,0.979,0.888,0.797,0.706,0.615,0.522,0.442,0.383,0.339,0.296,0.258,0.222,0.187,0.156,0.129,0.105,0.085,0.067,0.053,0.039,0.031,0.024,0.017,0.01,0.006,0.004,0.003,0.002,0,0
MDV,2005,5.902,5.705,5.621,5.637,5.736,5.908,6.139,6.414,6.72,7.043,7.381,7.726,8.022,8.237,8.384,8.512,8.613,8.636,8.563,8.41,8.233,8.041,7.759,7.362,6.894,6.423,5.927,5.521,5.27,5.122,4.961,4.809,4.668,4.528,4.391,4.27,4.16,4.05,3.935,3.817,3.699,3.581,3.457,3.321,3.177,3.034,2.896,2.729,2.518,2.284,2.06,1.84,1.652,1.516,1.418,1.323,1.233,1.183,1.189,1.23,1.274,1.326,1.362,1.364,1.343,1.326,1.31,1.272,1.207,1.123,1.036,0.946,0.854,0.762,0.672,0.581,0.488,0.41,0.353,0.311,0.271,0.234,0.201,0.169,0.139,0.112,0.091,0.072,0.056,0.043,0.031,0.024,0.019,0.014,0.007,0.004,0.003,0.002,0.002,0
MDV,2006,6.253,5.849,5.66,5.576,5.585,5.678,5.838,6.053,6.324,6.65,7.007,7.373,7.746,8.077,8.336,8.531,8.704,8.851,8.903,8.829,8.657,8.462,8.249,7.944,7.522,7.029,6.53,6.004,5.578,5.321,5.175,5.017,4.869,4.728,4.582,4.436,4.307,4.19,4.076,3.957,3.836,3.716,3.596,3.468,3.33,3.183,3.037,2.897,2.728,2.516,2.279,2.052,1.831,1.642,1.504,1.405,1.31,1.218,1.168,1.172,1.21,1.252,1.303,1.336,1.335,1.311,1.289,1.27,1.23,1.162,1.077,0.989,0.898,0.806,0.717,0.63,0.543,0.454,0.38,0.326,0.285,0.248,0.213,0.182,0.152,0.124,0.1,0.08,0.064,0.05,0.038,0.027,0.021,0.016,0.012,0.006,0.004,0.003,0.002,0
MDV,2007,6.682,6.21,5.788,5.605,5.52,5.525,5.609,5.758,5.957,6.226,6.569,6.958,7.354,7.753,8.118,8.419,8.66,8.878,9.071,9.151,9.077,8.886,8.673,8.44,8.112,7.667,7.151,6.626,6.071,5.626,5.361,5.22,5.064,4.919,4.779,4.628,4.473,4.338,4.214,4.094,3.972,3.848,3.726,3.603,3.473,3.332,3.183,3.035,2.893,2.723,2.508,2.27,2.043,1.818,1.628,1.489,1.39,1.294,1.202,1.15,1.152,1.189,1.229,1.278,1.308,1.305,1.276,1.251,1.229,1.186,1.117,1.03,0.94,0.848,0.757,0.67,0.588,0.504,0.42,0.349,0.297,0.259,0.223,0.192,0.163,0.135,0.109,0.087,0.069,0.055,0.043,0.031,0.022,0.017,0.014,0.009,0.005,0.003,0.002,0.001
MDV,2008,7.129,6.551,6.107,5.732,5.557,5.471,5.47,5.547,5.685,5.868,6.134,6.496,6.916,7.342,7.769,8.167,8.511,8.798,9.061,9.3,9.407,9.333,9.123,8.891,8.639,8.288,7.818,7.279,6.728,6.144,5.678,5.409,5.27,5.116,4.974,4.835,4.678,4.514,4.371,4.242,4.116,3.99,3.864,3.739,3.614,3.482,3.339,3.187,3.036,2.892,2.719,2.503,2.264,2.034,1.808,1.617,1.477,1.376,1.28,1.187,1.135,1.135,1.169,1.207,1.253,1.282,1.274,1.243,1.215,1.189,1.143,1.072,0.984,0.893,0.801,0.709,0.625,0.546,0.466,0.387,0.319,0.27,0.234,0.2,0.17,0.144,0.118,0.094,0.074,0.058,0.047,0.036,0.026,0.017,0.014,0.011,0.007,0.004,0.003,0.002
MDV,2009,7.523,6.895,6.389,5.998,5.704,5.533,5.448,5.441,5.51,5.637,5.805,6.071,6.452,6.908,7.365,7.821,8.255,8.643,8.979,9.288,9.573,9.709,9.634,9.405,9.153,8.88,8.504,8.009,7.443,6.862,6.247,5.758,5.481,5.345,5.192,5.053,4.914,4.751,4.577,4.426,4.289,4.157,4.028,3.899,3.77,3.642,3.507,3.361,3.205,3.052,2.905,2.73,2.51,2.267,2.035,1.807,1.613,1.471,1.369,1.272,1.177,1.124,1.122,1.155,1.191,1.236,1.262,1.251,1.215,1.184,1.155,1.108,1.034,0.943,0.851,0.757,0.666,0.583,0.507,0.431,0.355,0.291,0.243,0.209,0.177,0.15,0.125,0.102,0.08,0.062,0.047,0.038,0.029,0.019,0.012,0.01,0.008,0.005,0.003,0.002
MDV,2010,7.812,7.214,6.707,6.29,5.958,5.711,5.546,5.459,5.447,5.509,5.626,5.78,6.046,6.45,6.943,7.436,7.925,8.399,8.835,9.223,9.581,9.917,10.082,10.008,9.756,9.482,9.186,8.782,8.257,7.659,7.046,6.394,5.878,5.592,5.457,5.305,5.167,5.027,4.857,4.672,4.512,4.366,4.227,4.092,3.959,3.827,3.695,3.555,3.405,3.245,3.087,2.938,2.758,2.534,2.286,2.049,1.816,1.619,1.475,1.371,1.272,1.176,1.12,1.117,1.148,1.182,1.226,1.249,1.235,1.196,1.161,1.129,1.077,1.001,0.908,0.814,0.718,0.626,0.544,0.471,0.399,0.326,0.264,0.219,0.187,0.156,0.131,0.109,0.086,0.066,0.049,0.037,0.03,0.022,0.014,0.008,0.007,0.005,0.004,0.002
MDV,2011,7.788,7.648,7.113,6.64,6.234,5.897,5.627,5.42,5.313,5.323,5.433,5.589,5.779,6.09,6.552,7.111,7.667,8.22,8.748,9.221,9.63,10.009,10.363,10.536,10.457,10.191,9.902,9.583,9.157,8.61,7.991,7.354,6.676,6.136,5.83,5.676,5.505,5.35,5.192,5.008,4.809,4.636,4.479,4.328,4.183,4.041,3.9,3.759,3.613,3.455,3.289,3.126,2.97,2.785,2.554,2.3,2.056,1.817,1.614,1.465,1.357,1.253,1.153,1.093,1.087,1.114,1.146,1.187,1.209,1.191,1.146,1.108,1.072,1.019,0.943,0.851,0.759,0.665,0.576,0.499,0.43,0.362,0.294,0.237,0.196,0.166,0.138,0.115,0.095,0.076,0.058,0.041,0.032,0.026,0.019,0.011,0.007,0.006,0.004,0.002
MDV,2012,7.653,7.398,7.536,7.06,6.619,6.221,5.878,5.582,5.332,5.204,5.236,5.394,5.591,5.817,6.174,6.697,7.325,7.949,8.569,9.154,9.664,10.099,10.502,10.878,11.061,10.976,10.695,10.385,10.044,9.593,9.02,8.375,7.71,7.002,6.435,6.104,5.932,5.742,5.567,5.392,5.191,4.978,4.791,4.621,4.459,4.302,4.149,3.998,3.848,3.693,3.528,3.355,3.185,3.024,2.831,2.593,2.329,2.079,1.832,1.621,1.465,1.352,1.243,1.137,1.073,1.064,1.088,1.118,1.158,1.176,1.155,1.105,1.063,1.023,0.967,0.891,0.802,0.71,0.618,0.532,0.458,0.393,0.328,0.265,0.213,0.174,0.146,0.12,0.1,0.082,0.066,0.049,0.034,0.027,0.021,0.016,0.009,0.007,0.005,0.002
MDV,2013,7.445,7.436,7.332,7.455,7.038,6.626,6.236,5.882,5.561,5.267,5.118,5.17,5.379,5.617,5.879,6.285,6.871,7.571,8.264,8.957,9.601,10.154,10.616,11.044,11.444,11.638,11.547,11.249,10.918,10.552,10.074,9.473,8.799,8.101,7.359,6.763,6.408,6.216,6.005,5.81,5.616,5.399,5.17,4.968,4.785,4.609,4.44,4.276,4.115,3.955,3.79,3.617,3.435,3.258,3.089,2.89,2.642,2.37,2.109,1.853,1.634,1.472,1.353,1.237,1.127,1.058,1.045,1.068,1.095,1.133,1.149,1.123,1.07,1.023,0.979,0.92,0.843,0.754,0.666,0.574,0.489,0.419,0.358,0.297,0.238,0.189,0.153,0.127,0.103,0.086,0.07,0.055,0.04,0.028,0.022,0.018,0.013,0.007,0.005,0.002
MDV,2014,7.226,7.446,7.509,7.439,7.385,7.026,6.643,6.259,5.895,5.547,5.209,5.039,5.112,5.371,5.65,5.952,6.407,7.058,7.832,8.598,9.364,10.07,10.666,11.158,11.615,12.038,12.243,12.148,11.83,11.479,11.087,10.579,9.948,9.244,8.514,7.735,7.107,6.728,6.514,6.282,6.067,5.854,5.618,5.373,5.156,4.958,4.769,4.588,4.412,4.239,4.069,3.894,3.712,3.523,3.338,3.162,2.954,2.697,2.413,2.143,1.878,1.65,1.481,1.356,1.234,1.119,1.045,1.029,1.048,1.073,1.109,1.124,1.094,1.035,0.983,0.936,0.875,0.797,0.709,0.621,0.53,0.448,0.38,0.322,0.266,0.211,0.165,0.132,0.108,0.087,0.072,0.058,0.045,0.031,0.021,0.017,0.013,0.009,0.006,0.004
MDV,2015,7.051,7.434,7.623,7.648,7.536,7.314,7.012,6.659,6.281,5.907,5.532,5.149,4.958,5.053,5.363,5.685,6.024,6.531,7.248,8.098,8.938,9.778,10.547,11.188,11.71,12.194,12.643,12.859,12.758,12.424,12.05,11.63,11.094,10.433,9.698,8.934,8.119,7.458,7.053,6.818,6.565,6.329,6.096,5.842,5.579,5.347,5.134,4.932,4.738,4.55,4.366,4.185,4.001,3.81,3.611,3.418,3.234,3.019,2.752,2.458,2.178,1.903,1.666,1.49,1.359,1.232,1.11,1.031,1.011,1.028,1.051,1.085,1.097,1.063,0.999,0.944,0.892,0.828,0.75,0.662,0.576,0.486,0.406,0.341,0.287,0.234,0.183,0.141,0.111,0.089,0.07,0.057,0.047,0.035,0.022,0.014,0.012,0.01,0.006,0.004
MDV,2016,6.955,7.199,7.507,7.65,7.65,7.532,7.329,7.074,6.742,6.336,5.91,5.504,5.096,4.934,5.14,5.614,6.091,6.572,7.253,8.186,9.263,10.32,11.379,12.255,12.832,13.175,13.483,13.748,13.769,13.48,12.964,12.399,11.775,11.094,10.386,9.666,8.914,8.121,7.475,7.059,6.801,6.535,6.294,6.051,5.775,5.487,5.229,4.992,4.773,4.571,4.383,4.199,4.019,3.838,3.655,3.468,3.286,3.116,2.912,2.653,2.365,2.093,1.825,1.596,1.428,1.306,1.189,1.074,1.001,0.982,0.995,1.015,1.047,1.054,1.018,0.953,0.897,0.842,0.778,0.703,0.619,0.535,0.45,0.374,0.312,0.262,0.211,0.164,0.127,0.099,0.079,0.061,0.05,0.04,0.031,0.019,0.014,0.01,0.008,0.004
MDV,2017,6.894,7.38,7.342,7.575,7.67,7.646,7.522,7.336,7.13,6.821,6.387,5.907,5.469,5.036,4.904,5.222,5.865,6.5,7.129,7.987,9.139,10.45,11.725,13.009,13.992,14.503,14.662,14.793,14.866,14.69,14.207,13.508,12.748,11.914,11.087,10.329,9.625,8.887,8.118,7.486,7.061,6.778,6.5,6.255,6.001,5.704,5.387,5.105,4.844,4.606,4.397,4.208,4.024,3.844,3.669,3.493,3.317,3.147,2.991,2.798,2.55,2.27,2.004,1.743,1.522,1.364,1.253,1.143,1.038,0.971,0.951,0.962,0.978,1.006,1.011,0.973,0.906,0.848,0.792,0.727,0.654,0.574,0.494,0.413,0.341,0.283,0.236,0.187,0.144,0.113,0.088,0.068,0.052,0.042,0.035,0.025,0.016,0.012,0.008,0.004
MDV,2018,6.84,7.29,7.588,7.461,7.618,7.663,7.614,7.485,7.319,7.163,6.876,6.414,5.884,5.415,4.958,4.857,5.287,6.098,6.892,7.665,8.701,10.069,11.611,13.102,14.607,15.694,16.137,16.109,16.057,15.939,15.56,14.885,14.002,13.047,12.004,11.033,10.229,9.544,8.822,8.081,7.466,7.033,6.726,6.437,6.189,5.925,5.608,5.265,4.959,4.674,4.419,4.203,4.015,3.831,3.654,3.482,3.317,3.152,2.995,2.854,2.674,2.435,2.163,1.907,1.654,1.442,1.295,1.193,1.093,0.998,0.936,0.917,0.924,0.937,0.961,0.963,0.922,0.856,0.796,0.738,0.674,0.602,0.526,0.451,0.375,0.306,0.252,0.209,0.164,0.123,0.097,0.076,0.056,0.042,0.035,0.029,0.021,0.013,0.01,0.006
MDV,2019,6.75,7.141,7.42,7.598,7.533,7.611,7.609,7.535,7.4,7.255,7.148,6.888,6.403,5.824,5.329,4.852,4.781,5.319,6.288,7.23,8.142,9.342,10.914,12.669,14.363,16.072,17.254,17.624,17.411,17.179,16.871,16.295,15.435,14.378,13.239,11.999,10.892,10.048,9.388,8.688,7.979,7.387,6.95,6.622,6.325,6.075,5.804,5.47,5.103,4.777,4.472,4.201,3.981,3.795,3.613,3.438,3.274,3.119,2.966,2.824,2.698,2.533,2.306,2.044,1.798,1.555,1.353,1.216,1.126,1.036,0.951,0.896,0.877,0.881,0.891,0.911,0.909,0.868,0.8,0.738,0.679,0.615,0.547,0.476,0.405,0.333,0.27,0.22,0.18,0.138,0.102,0.082,0.062,0.044,0.033,0.028,0.022,0.016,0.01,0.006
MDV,2020,6.602,6.932,7.187,7.37,7.488,7.545,7.545,7.495,7.398,7.259,7.135,7.079,6.846,6.342,5.723,5.206,4.713,4.671,5.306,6.417,7.492,8.523,9.868,11.615,13.555,15.421,17.307,18.566,18.862,18.475,18.073,17.587,16.83,15.801,14.59,13.287,11.872,10.648,9.775,9.144,8.473,7.801,7.237,6.8,6.457,6.154,5.907,5.633,5.285,4.902,4.557,4.236,3.955,3.732,3.55,3.373,3.203,3.046,2.901,2.763,2.636,2.525,2.375,2.161,1.91,1.676,1.445,1.255,1.13,1.051,0.973,0.898,0.848,0.831,0.831,0.838,0.854,0.849,0.806,0.738,0.676,0.616,0.553,0.488,0.421,0.356,0.29,0.232,0.187,0.152,0.112,0.081,0.066,0.05,0.032,0.023,0.019,0.015,0.011,0.006
MDV,2021,6.592,6.715,7.013,7.247,7.421,7.538,7.602,7.618,7.579,7.48,7.333,7.201,7.134,6.905,6.426,5.842,5.355,4.887,4.847,5.441,6.485,7.497,8.473,9.736,11.369,13.179,14.922,16.681,17.873,18.193,17.891,17.571,17.17,16.506,15.566,14.439,13.225,11.908,10.749,9.891,9.241,8.552,7.857,7.276,6.837,6.5,6.198,5.948,5.671,5.32,4.934,4.587,4.262,3.978,3.753,3.569,3.39,3.218,3.059,2.911,2.77,2.639,2.526,2.373,2.156,1.905,1.668,1.434,1.242,1.116,1.035,0.954,0.878,0.827,0.805,0.802,0.805,0.818,0.81,0.765,0.697,0.636,0.576,0.514,0.451,0.389,0.324,0.263,0.211,0.169,0.133,0.098,0.071,0.058,0.043,0.028,0.021,0.017,0.013,0.007
MDV,2022,6.527,6.756,6.771,7.033,7.245,7.407,7.522,7.592,7.626,7.598,7.499,7.344,7.206,7.129,6.905,6.457,5.915,5.461,5.027,4.985,5.53,6.489,7.42,8.324,9.486,10.978,12.628,14.22,15.824,16.93,17.272,17.065,16.837,16.532,15.973,15.138,14.114,13.011,11.812,10.736,9.903,9.241,8.541,7.829,7.237,6.801,6.476,6.177,5.928,5.651,5.303,4.918,4.573,4.249,3.967,3.741,3.558,3.379,3.207,3.047,2.897,2.754,2.621,2.505,2.351,2.134,1.882,1.645,1.412,1.218,1.091,1.009,0.927,0.85,0.797,0.772,0.764,0.764,0.773,0.763,0.718,0.65,0.59,0.531,0.471,0.411,0.352,0.29,0.233,0.188,0.149,0.114,0.083,0.062,0.05,0.037,0.024,0.019,0.013,0.007
MDV,2023,6.418,6.596,6.77,6.79,7.015,7.203,7.352,7.464,7.54,7.592,7.575,7.475,7.314,7.171,7.083,6.865,6.451,5.956,5.538,5.139,5.096,5.585,6.451,7.294,8.118,9.168,10.506,11.982,13.409,14.844,15.855,16.217,16.108,15.973,15.769,15.32,14.598,13.686,12.703,11.635,10.65,9.849,9.178,8.472,7.748,7.147,6.719,6.407,6.116,5.868,5.595,5.251,4.871,4.532,4.211,3.932,3.709,3.527,3.349,3.179,3.019,2.869,2.724,2.59,2.472,2.316,2.1,1.849,1.613,1.38,1.189,1.06,0.977,0.896,0.817,0.763,0.734,0.724,0.718,0.725,0.712,0.666,0.6,0.54,0.483,0.425,0.368,0.314,0.255,0.202,0.164,0.129,0.094,0.067,0.051,0.042,0.03,0.019,0.015,0.009
MDV,2024,6.278,6.417,6.566,6.719,6.802,6.989,7.153,7.291,7.399,7.483,7.549,7.544,7.445,7.277,7.129,7.032,6.82,6.439,5.99,5.609,5.244,5.201,5.634,6.406,7.162,7.904,8.844,10.028,11.332,12.593,13.859,14.776,15.157,15.144,15.101,14.996,14.657,14.047,13.248,12.384,11.445,10.552,9.783,9.105,8.392,7.659,7.052,6.628,6.331,6.048,5.803,5.533,5.194,4.821,4.485,4.17,3.894,3.674,3.494,3.317,3.147,2.989,2.838,2.693,2.556,2.437,2.281,2.065,1.815,1.581,1.349,1.158,1.03,0.946,0.863,0.785,0.729,0.697,0.682,0.674,0.676,0.66,0.615,0.55,0.491,0.435,0.379,0.326,0.275,0.219,0.17,0.139,0.109,0.075,0.052,0.041,0.033,0.024,0.015,0.009
MDV,2025,6.123,6.24,6.374,6.522,6.676,6.831,6.983,7.124,7.249,7.354,7.444,7.527,7.534,7.433,7.259,7.107,6.998,6.793,6.443,6.039,5.693,5.361,5.316,5.699,6.382,7.054,7.721,8.555,9.592,10.731,11.836,12.94,13.767,14.168,14.25,14.298,14.289,14.056,13.554,12.861,12.111,11.296,10.489,9.749,9.061,8.342,7.595,6.979,6.561,6.278,5.999,5.757,5.489,5.154,4.784,4.453,4.14,3.867,3.648,3.468,3.293,3.124,2.966,2.815,2.667,2.53,2.407,2.251,2.035,1.786,1.553,1.321,1.13,1.001,0.917,0.833,0.755,0.696,0.661,0.642,0.631,0.629,0.611,0.565,0.501,0.443,0.388,0.335,0.284,0.238,0.183,0.139,0.117,0.088,0.056,0.036,0.031,0.024,0.017,0.01
MDV,2026,5.909,6.07,6.194,6.332,6.479,6.629,6.778,6.922,7.057,7.184,7.293,7.389,7.475,7.489,7.403,7.245,7.106,7.006,6.816,6.489,6.109,5.785,5.471,5.42,5.759,6.375,6.982,7.588,8.345,9.287,10.323,11.332,12.336,13.107,13.518,13.655,13.756,13.804,13.634,13.197,12.568,11.888,11.148,10.394,9.675,8.985,8.265,7.515,6.897,6.484,6.211,5.938,5.698,5.433,5.101,4.737,4.408,4.099,3.826,3.609,3.43,3.253,3.084,2.925,2.772,2.623,2.483,2.359,2.201,1.986,1.739,1.506,1.277,1.086,0.959,0.875,0.792,0.715,0.658,0.622,0.6,0.587,0.583,0.565,0.52,0.458,0.401,0.35,0.302,0.254,0.208,0.159,0.123,0.101,0.077,0.048,0.034,0.028,0.02,0.011
MDV,2027,5.685,5.818,6.039,6.169,6.31,6.456,6.604,6.748,6.882,7.013,7.142,7.257,7.357,7.448,7.471,7.396,7.252,7.127,7.037,6.86,6.556,6.2,5.892,5.598,5.541,5.84,6.392,6.938,7.485,8.171,9.025,9.966,10.882,11.794,12.513,12.935,13.125,13.278,13.383,13.275,12.9,12.331,11.716,11.045,10.342,9.639,8.945,8.222,7.464,6.842,6.434,6.168,5.9,5.662,5.398,5.069,4.706,4.379,4.07,3.8,3.582,3.401,3.223,3.053,2.893,2.737,2.586,2.445,2.318,2.159,1.943,1.697,1.465,1.236,1.046,0.92,0.837,0.755,0.679,0.621,0.584,0.561,0.545,0.539,0.521,0.477,0.417,0.361,0.314,0.27,0.225,0.178,0.136,0.105,0.087,0.065,0.041,0.032,0.022,0.013
MDV,2028,5.472,5.631,5.797,6.024,6.163,6.307,6.453,6.599,6.737,6.864,6.992,7.121,7.243,7.348,7.444,7.473,7.411,7.283,7.17,7.088,6.924,6.641,6.307,6.019,5.74,5.678,5.939,6.429,6.918,7.409,8.028,8.797,9.647,10.477,11.299,11.97,12.405,12.649,12.855,13.016,12.968,12.652,12.141,11.587,10.984,10.327,9.639,8.937,8.208,7.441,6.813,6.407,6.148,5.883,5.645,5.382,5.054,4.691,4.364,4.056,3.784,3.564,3.383,3.204,3.031,2.868,2.711,2.557,2.412,2.284,2.122,1.906,1.66,1.428,1.199,1.01,0.883,0.801,0.719,0.644,0.587,0.548,0.523,0.505,0.498,0.478,0.435,0.377,0.322,0.277,0.239,0.197,0.151,0.112,0.09,0.073,0.055,0.034,0.026,0.014
MDV,2029,5.304,5.478,5.654,5.828,6.022,6.169,6.317,6.463,6.606,6.74,6.859,6.982,7.115,7.243,7.354,7.454,7.492,7.442,7.327,7.227,7.153,7.003,6.74,6.429,6.158,5.896,5.828,6.051,6.482,6.913,7.351,7.903,8.589,9.35,10.095,10.829,11.454,11.903,12.202,12.462,12.679,12.692,12.435,11.981,11.487,10.95,10.338,9.663,8.952,8.215,7.437,6.8,6.396,6.143,5.879,5.642,5.379,5.049,4.687,4.358,4.049,3.776,3.555,3.37,3.19,3.015,2.85,2.689,2.532,2.385,2.254,2.089,1.872,1.626,1.393,1.164,0.975,0.848,0.766,0.685,0.611,0.553,0.513,0.485,0.466,0.456,0.436,0.393,0.338,0.284,0.242,0.208,0.168,0.122,0.089,0.073,0.059,0.044,0.026,0.016
MDV,2030,5.199,5.369,5.537,5.703,5.867,6.027,6.183,6.335,6.482,6.622,6.751,6.863,6.982,7.117,7.252,7.368,7.474,7.52,7.482,7.383,7.294,7.229,7.092,6.85,6.561,6.308,6.063,5.989,6.175,6.546,6.919,7.302,7.788,8.391,9.064,9.724,10.372,10.949,11.413,11.769,12.083,12.359,12.433,12.236,11.838,11.405,10.934,10.367,9.701,8.981,8.235,7.444,6.799,6.394,6.148,5.886,5.647,5.384,5.053,4.689,4.359,4.048,3.772,3.55,3.363,3.178,3.002,2.834,2.671,2.51,2.36,2.226,2.059,1.84,1.593,1.36,1.13,0.94,0.814,0.732,0.651,0.578,0.52,0.478,0.448,0.427,0.416,0.395,0.353,0.298,0.245,0.205,0.177,0.14,0.095,0.066,0.056,0.046,0.033,0.019
MDV,2031,5.133,5.204,5.357,5.513,5.673,5.832,5.993,6.153,6.308,6.455,6.596,6.727,6.843,6.968,7.111,7.257,7.384,7.501,7.557,7.529,7.439,7.359,7.302,7.168,6.922,6.627,6.366,6.113,6.028,6.198,6.552,6.907,7.272,7.742,8.336,9.001,9.655,10.297,10.87,11.334,11.692,12.009,12.289,12.367,12.171,11.775,11.344,10.875,10.311,9.649,8.932,8.191,7.403,6.76,6.357,6.111,5.849,5.611,5.346,5.016,4.651,4.322,4.01,3.734,3.51,3.32,3.135,2.957,2.787,2.621,2.456,2.302,2.163,1.995,1.779,1.535,1.305,1.08,0.894,0.77,0.69,0.612,0.541,0.485,0.443,0.413,0.392,0.38,0.358,0.317,0.264,0.215,0.181,0.156,0.122,0.081,0.062,0.051,0.036,0.021
MDV,2032,5.134,5.216,5.217,5.354,5.5,5.651,5.807,5.968,6.132,6.291,6.439,6.58,6.715,6.833,6.964,7.116,7.275,7.412,7.539,7.606,7.588,7.507,7.435,7.386,7.255,7.006,6.704,6.436,6.174,6.079,6.233,6.57,6.908,7.256,7.711,8.296,8.957,9.605,10.242,10.814,11.278,11.639,11.959,12.245,12.325,12.132,11.736,11.306,10.839,10.276,9.617,8.902,8.163,7.377,6.736,6.332,6.086,5.824,5.586,5.32,4.989,4.624,4.293,3.98,3.702,3.476,3.285,3.097,2.917,2.744,2.574,2.405,2.247,2.104,1.935,1.719,1.48,1.253,1.031,0.849,0.727,0.649,0.574,0.505,0.451,0.409,0.377,0.357,0.344,0.322,0.281,0.23,0.185,0.157,0.135,0.105,0.069,0.056,0.041,0.024
MDV,2033,5.185,5.202,5.245,5.236,5.356,5.49,5.635,5.789,5.95,6.118,6.281,6.431,6.572,6.708,6.831,6.967,7.13,7.299,7.448,7.586,7.663,7.655,7.584,7.52,7.477,7.349,7.099,6.789,6.513,6.242,6.136,6.277,6.596,6.917,7.249,7.69,8.267,8.924,9.568,10.201,10.772,11.237,11.602,11.926,12.216,12.301,12.109,11.713,11.284,10.816,10.255,9.597,8.884,8.145,7.361,6.72,6.317,6.069,5.806,5.567,5.301,4.968,4.601,4.269,3.954,3.674,3.445,3.251,3.062,2.88,2.705,2.53,2.357,2.195,2.048,1.876,1.661,1.425,1.202,0.984,0.804,0.685,0.609,0.535,0.47,0.418,0.375,0.342,0.323,0.309,0.286,0.247,0.197,0.157,0.133,0.114,0.088,0.057,0.045,0.026
MDV,2034,5.258,5.214,5.207,5.235,5.257,5.361,5.484,5.621,5.771,5.934,6.105,6.272,6.424,6.566,6.704,6.831,6.974,7.145,7.326,7.487,7.636,7.724,7.725,7.663,7.607,7.573,7.447,7.194,6.876,6.592,6.314,6.195,6.322,6.625,6.93,7.244,7.672,8.241,8.895,9.535,10.165,10.734,11.201,11.57,11.898,12.192,12.282,12.091,11.695,11.267,10.8,10.238,9.582,8.869,8.131,7.347,6.707,6.304,6.056,5.791,5.55,5.283,4.949,4.58,4.246,3.928,3.646,3.415,3.22,3.028,2.844,2.666,2.487,2.31,2.143,1.991,1.817,1.604,1.371,1.152,0.936,0.76,0.643,0.569,0.498,0.435,0.383,0.342,0.307,0.289,0.275,0.249,0.212,0.163,0.128,0.111,0.093,0.071,0.044,0.029
MDV,2035,5.331,5.241,5.195,5.188,5.216,5.276,5.364,5.475,5.606,5.753,5.915,6.092,6.263,6.415,6.558,6.7,6.829,6.978,7.16,7.352,7.523,7.683,7.782,7.794,7.74,7.693,7.665,7.545,7.287,6.963,6.67,6.383,6.253,6.365,6.652,6.941,7.237,7.652,8.213,8.862,9.499,10.125,10.692,11.161,11.533,11.866,12.165,12.258,12.069,11.674,11.246,10.779,10.219,9.563,8.852,8.116,7.332,6.692,6.288,6.039,5.774,5.532,5.263,4.928,4.558,4.221,3.902,3.618,3.386,3.187,2.993,2.807,2.626,2.443,2.261,2.091,1.935,1.759,1.547,1.317,1.101,0.888,0.715,0.601,0.529,0.459,0.399,0.35,0.308,0.272,0.254,0.239,0.213,0.177,0.13,0.098,0.087,0.072,0.053,0.032
MDV,2036,5.399,5.314,5.235,5.195,5.189,5.216,5.271,5.351,5.458,5.59,5.743,5.909,6.089,6.267,6.429,6.583,6.735,6.876,7.035,7.227,7.428,7.608,7.776,7.878,7.887,7.826,7.77,7.735,7.602,7.33,6.989,6.679,6.375,6.231,6.335,6.618,6.902,7.195,7.608,8.171,8.823,9.465,10.096,10.669,11.139,11.51,11.843,12.144,12.238,12.049,11.655,11.227,10.761,10.199,9.543,8.832,8.095,7.311,6.67,6.264,6.012,5.745,5.5,5.229,4.891,4.518,4.181,3.859,3.573,3.336,3.133,2.934,2.745,2.56,2.375,2.191,2.018,1.861,1.685,1.477,1.253,1.043,0.838,0.67,0.559,0.49,0.423,0.365,0.319,0.279,0.245,0.226,0.212,0.188,0.156,0.113,0.092,0.077,0.058,0.035
MDV,2037,5.464,5.337,5.294,5.227,5.191,5.187,5.214,5.263,5.336,5.438,5.572,5.729,5.901,6.085,6.267,6.439,6.604,6.768,6.919,7.089,7.291,7.502,7.69,7.864,7.97,7.976,7.908,7.845,7.801,7.657,7.37,7.012,6.685,6.364,6.207,6.302,6.58,6.861,7.149,7.561,8.124,8.781,9.426,10.062,10.639,11.11,11.482,11.816,12.116,12.211,12.022,11.629,11.201,10.736,10.175,9.519,8.808,8.07,7.286,6.645,6.236,5.983,5.713,5.464,5.19,4.85,4.477,4.137,3.814,3.525,3.284,3.077,2.875,2.681,2.494,2.306,2.119,1.944,1.785,1.61,1.406,1.189,0.985,0.786,0.625,0.518,0.45,0.386,0.332,0.288,0.25,0.216,0.199,0.185,0.163,0.133,0.096,0.081,0.062,0.038
MDV,2038,5.524,5.397,5.3,5.273,5.216,5.187,5.184,5.208,5.255,5.319,5.417,5.552,5.714,5.89,6.077,6.265,6.447,6.624,6.798,6.96,7.141,7.353,7.572,7.768,7.951,8.06,8.063,7.987,7.916,7.863,7.709,7.407,7.032,6.689,6.35,6.179,6.266,6.54,6.815,7.1,7.511,8.075,8.735,9.384,10.025,10.604,11.077,11.448,11.783,12.084,12.178,11.992,11.598,11.171,10.705,10.145,9.491,8.78,8.042,7.259,6.616,6.206,5.95,5.678,5.427,5.151,4.809,4.434,4.092,3.768,3.476,3.231,3.02,2.814,2.617,2.426,2.235,2.046,1.87,1.709,1.534,1.335,1.124,0.926,0.735,0.579,0.476,0.412,0.349,0.299,0.257,0.221,0.188,0.17,0.158,0.138,0.112,0.079,0.065,0.041
MDV,2039,5.577,5.459,5.362,5.286,5.252,5.206,5.182,5.181,5.204,5.244,5.301,5.394,5.53,5.699,5.878,6.069,6.263,6.453,6.642,6.828,7,7.191,7.413,7.642,7.846,8.036,8.148,8.148,8.064,7.985,7.924,7.759,7.443,7.051,6.692,6.335,6.15,6.229,6.499,6.769,7.05,7.458,8.025,8.686,9.339,9.985,10.568,11.042,11.413,11.747,12.048,12.144,11.957,11.564,11.14,10.673,10.114,9.46,8.75,8.013,7.23,6.586,6.176,5.917,5.642,5.388,5.11,4.766,4.39,4.046,3.721,3.427,3.178,2.963,2.753,2.552,2.358,2.164,1.974,1.796,1.633,1.459,1.263,1.06,0.868,0.683,0.533,0.434,0.372,0.312,0.265,0.228,0.192,0.161,0.142,0.131,0.114,0.091,0.062,0.043
MDV,2040,5.621,5.518,5.426,5.347,5.281,5.229,5.195,5.176,5.177,5.197,5.234,5.283,5.371,5.508,5.682,5.865,6.06,6.26,6.459,6.659,6.856,7.04,7.241,7.473,7.711,7.922,8.12,8.235,8.233,8.141,8.054,7.986,7.808,7.477,7.069,6.693,6.32,6.122,6.192,6.457,6.723,6.999,7.406,7.973,8.639,9.295,9.945,10.531,11.006,11.377,11.71,12.013,12.109,11.923,11.532,11.107,10.642,10.083,9.429,8.72,7.983,7.201,6.557,6.144,5.883,5.606,5.35,5.068,4.724,4.345,4.001,3.673,3.377,3.125,2.905,2.691,2.488,2.29,2.094,1.901,1.721,1.556,1.383,1.191,0.995,0.809,0.632,0.487,0.392,0.332,0.275,0.232,0.197,0.163,0.133,0.115,0.104,0.089,0.069,0.045
MDV,2041,5.659,5.609,5.513,5.423,5.343,5.276,5.22,5.179,5.159,5.16,5.185,5.225,5.278,5.372,5.519,5.705,5.899,6.104,6.316,6.525,6.733,6.939,7.13,7.334,7.563,7.793,7.998,8.187,8.291,8.273,8.165,8.062,7.975,7.784,7.445,7.033,6.653,6.275,6.075,6.147,6.416,6.687,6.968,7.379,7.948,8.614,9.27,9.922,10.509,10.984,11.354,11.689,11.99,12.085,11.898,11.504,11.078,10.611,10.05,9.394,8.683,7.945,7.16,6.515,6.099,5.834,5.553,5.293,5.008,4.659,4.278,3.929,3.598,3.299,3.044,2.822,2.606,2.401,2.202,2.006,1.814,1.636,1.472,1.303,1.118,0.928,0.747,0.576,0.449,0.36,0.298,0.245,0.206,0.174,0.144,0.116,0.104,0.089,0.069,0.046
MDV,2042,5.684,5.625,5.597,5.506,5.419,5.339,5.27,5.211,5.164,5.14,5.143,5.173,5.217,5.273,5.373,5.529,5.727,5.932,6.148,6.37,6.59,6.807,7.021,7.22,7.427,7.654,7.876,8.072,8.253,8.345,8.313,8.188,8.068,7.964,7.759,7.412,6.996,6.611,6.23,6.028,6.103,6.375,6.65,6.938,7.352,7.923,8.589,9.246,9.898,10.485,10.961,11.331,11.664,11.966,12.06,11.871,11.477,11.048,10.579,10.015,9.358,8.646,7.907,7.119,6.472,6.053,5.784,5.5,5.237,4.948,4.595,4.209,3.858,3.523,3.221,2.963,2.739,2.52,2.314,2.115,1.919,1.727,1.55,1.388,1.222,1.043,0.862,0.684,0.522,0.41,0.328,0.264,0.215,0.182,0.152,0.125,0.099,0.086,0.068,0.047
MDV,2043,5.693,5.663,5.617,5.583,5.498,5.415,5.335,5.263,5.201,5.148,5.121,5.126,5.16,5.208,5.267,5.373,5.539,5.748,5.964,6.191,6.424,6.654,6.881,7.101,7.308,7.52,7.742,7.958,8.145,8.317,8.399,8.352,8.21,8.073,7.952,7.733,7.378,6.957,6.568,6.183,5.98,6.056,6.332,6.612,6.904,7.323,7.895,8.562,9.219,9.872,10.459,10.935,11.305,11.638,11.939,12.032,11.842,11.446,11.016,10.544,9.979,9.32,8.607,7.865,7.077,6.427,6.005,5.734,5.446,5.179,4.887,4.53,4.141,3.785,3.447,3.142,2.881,2.654,2.434,2.226,2.026,1.83,1.641,1.464,1.304,1.14,0.968,0.795,0.621,0.467,0.372,0.296,0.231,0.185,0.156,0.13,0.106,0.082,0.067,0.047
MDV,2044,5.683,5.684,5.66,5.617,5.568,5.489,5.408,5.329,5.254,5.188,5.131,5.1,5.106,5.145,5.197,5.26,5.372,5.547,5.768,5.995,6.232,6.475,6.715,6.951,7.181,7.394,7.609,7.828,8.036,8.217,8.38,8.45,8.388,8.23,8.076,7.938,7.705,7.341,6.917,6.524,6.135,5.931,6.008,6.288,6.572,6.87,7.292,7.867,8.532,9.19,9.844,10.431,10.907,11.276,11.609,11.91,12.002,11.811,11.413,10.981,10.507,9.94,9.281,8.566,7.823,7.034,6.382,5.957,5.682,5.391,5.12,4.824,4.464,4.071,3.711,3.37,3.062,2.799,2.569,2.347,2.139,1.938,1.742,1.553,1.378,1.219,1.059,0.893,0.727,0.557,0.412,0.334,0.263,0.197,0.155,0.131,0.108,0.087,0.065,0.048
MDV,2045,5.653,5.684,5.685,5.659,5.614,5.552,5.479,5.4,5.321,5.245,5.175,5.112,5.078,5.086,5.129,5.184,5.251,5.369,5.554,5.785,6.023,6.272,6.526,6.775,7.02,7.258,7.479,7.696,7.913,8.113,8.285,8.441,8.499,8.423,8.248,8.077,7.922,7.674,7.304,6.874,6.477,6.085,5.879,5.958,6.243,6.531,6.833,7.259,7.835,8.5,9.159,9.812,10.4,10.875,11.246,11.577,11.877,11.968,11.776,11.376,10.942,10.467,9.899,9.238,8.523,7.778,6.988,6.334,5.907,5.628,5.334,5.059,4.76,4.396,4,3.637,3.293,2.981,2.716,2.484,2.26,2.05,1.849,1.654,1.465,1.292,1.133,0.977,0.818,0.661,0.495,0.357,0.295,0.23,0.163,0.126,0.105,0.087,0.068,0.049
MDV,2046,5.61,5.662,5.684,5.679,5.648,5.6,5.537,5.465,5.387,5.309,5.236,5.169,5.109,5.081,5.098,5.153,5.22,5.297,5.425,5.62,5.86,6.108,6.364,6.62,6.867,7.105,7.334,7.547,7.753,7.955,8.139,8.294,8.432,8.476,8.392,8.213,8.038,7.878,7.63,7.26,6.836,6.443,6.056,5.854,5.936,6.221,6.51,6.815,7.242,7.818,8.484,9.143,9.796,10.383,10.856,11.223,11.553,11.849,11.937,11.739,11.336,10.897,10.415,9.843,9.179,8.462,7.716,6.924,6.267,5.833,5.547,5.246,4.965,4.66,4.293,3.896,3.532,3.187,2.876,2.61,2.379,2.157,1.948,1.75,1.556,1.371,1.199,1.049,0.905,0.75,0.591,0.437,0.321,0.264,0.205,0.144,0.112,0.09,0.07,0.051
MDV,2047,5.548,5.637,5.669,5.683,5.671,5.636,5.584,5.521,5.45,5.373,5.296,5.224,5.161,5.104,5.083,5.109,5.175,5.253,5.341,5.48,5.686,5.935,6.19,6.454,6.713,6.958,7.187,7.409,7.614,7.809,7.996,8.163,8.302,8.422,8.453,8.359,8.176,7.997,7.833,7.583,7.216,6.795,6.407,6.025,5.829,5.912,6.198,6.488,6.793,7.222,7.799,8.466,9.124,9.777,10.363,10.835,11.199,11.525,11.817,11.902,11.7,11.291,10.848,10.362,9.785,9.119,8.4,7.651,6.857,6.197,5.758,5.465,5.157,4.869,4.559,4.19,3.791,3.426,3.081,2.77,2.504,2.273,2.052,1.846,1.649,1.459,1.277,1.105,0.964,0.83,0.681,0.521,0.38,0.284,0.233,0.18,0.125,0.097,0.074,0.053
MDV,2048,5.47,5.585,5.66,5.675,5.679,5.661,5.622,5.567,5.502,5.432,5.357,5.281,5.212,5.151,5.098,5.082,5.118,5.196,5.285,5.385,5.534,5.749,6.008,6.271,6.542,6.805,7.046,7.269,7.482,7.679,7.862,8.034,8.185,8.306,8.41,8.427,8.325,8.138,7.953,7.786,7.535,7.169,6.752,6.369,5.993,5.801,5.886,6.172,6.465,6.771,7.2,7.778,8.445,9.103,9.756,10.34,10.809,11.171,11.494,11.783,11.862,11.658,11.244,10.796,10.305,9.723,9.055,8.334,7.585,6.789,6.126,5.681,5.38,5.066,4.771,4.456,4.084,3.684,3.319,2.974,2.662,2.397,2.167,1.948,1.742,1.549,1.361,1.183,1.012,0.879,0.755,0.612,0.451,0.323,0.248,0.203,0.155,0.105,0.081,0.056
MDV,2049,5.382,5.519,5.614,5.671,5.678,5.675,5.65,5.606,5.549,5.483,5.413,5.34,5.266,5.198,5.14,5.091,5.08,5.126,5.216,5.316,5.425,5.586,5.811,6.078,6.349,6.628,6.894,7.132,7.348,7.553,7.741,7.913,8.07,8.204,8.309,8.394,8.398,8.288,8.095,7.907,7.736,7.484,7.12,6.707,6.329,5.959,5.771,5.859,6.146,6.438,6.746,7.176,7.754,8.421,9.079,9.732,10.315,10.782,11.14,11.459,11.745,11.821,11.612,11.194,10.741,10.245,9.66,8.988,8.266,7.515,6.718,6.052,5.603,5.295,4.974,4.673,4.353,3.978,3.577,3.212,2.866,2.554,2.289,2.06,1.841,1.639,1.448,1.263,1.088,0.919,0.793,0.681,0.544,0.381,0.265,0.211,0.171,0.129,0.086,0.061
MDV,2050,5.289,5.441,5.552,5.626,5.668,5.68,5.669,5.637,5.589,5.528,5.462,5.392,5.321,5.248,5.182,5.126,5.081,5.077,5.132,5.233,5.344,5.465,5.636,5.87,6.147,6.426,6.712,6.981,7.216,7.423,7.622,7.801,7.961,8.104,8.22,8.309,8.377,8.366,8.248,8.052,7.859,7.684,7.43,7.069,6.66,6.288,5.923,5.74,5.83,6.117,6.411,6.719,7.149,7.728,8.395,9.053,9.705,10.286,10.75,11.105,11.421,11.703,11.775,11.562,11.14,10.683,10.182,9.593,8.919,8.197,7.443,6.646,5.977,5.522,5.207,4.88,4.573,4.248,3.871,3.469,3.103,2.757,2.445,2.181,1.952,1.735,1.535,1.347,1.165,0.993,0.825,0.708,0.607,0.474,0.312,0.208,0.175,0.14,0.104,0.067
MDV,2051,5.202,5.31,5.444,5.542,5.61,5.648,5.661,5.655,5.627,5.58,5.52,5.456,5.39,5.325,5.261,5.206,5.162,5.127,5.134,5.199,5.31,5.429,5.557,5.731,5.963,6.233,6.504,6.782,7.039,7.26,7.451,7.632,7.793,7.941,8.075,8.187,8.271,8.336,8.323,8.207,8.014,7.826,7.656,7.406,7.047,6.64,6.269,5.906,5.723,5.815,6.104,6.399,6.707,7.138,7.716,8.381,9.037,9.686,10.264,10.722,11.07,11.379,11.654,11.719,11.498,11.069,10.604,10.095,9.5,8.821,8.093,7.336,6.534,5.861,5.4,5.08,4.748,4.436,4.109,3.732,3.333,2.97,2.627,2.319,2.059,1.833,1.617,1.425,1.247,1.07,0.897,0.738,0.636,0.543,0.422,0.274,0.203,0.163,0.121,0.075
MDV,2052,5.112,5.272,5.329,5.446,5.532,5.591,5.627,5.64,5.639,5.615,5.57,5.509,5.448,5.386,5.326,5.272,5.228,5.196,5.172,5.19,5.264,5.384,5.512,5.647,5.824,6.054,6.315,6.58,6.848,7.095,7.301,7.475,7.639,7.784,7.917,8.043,8.151,8.23,8.291,8.277,8.162,7.974,7.79,7.625,7.381,7.024,6.618,6.247,5.886,5.705,5.799,6.088,6.384,6.693,7.124,7.7,8.363,9.017,9.664,10.237,10.69,11.031,11.333,11.601,11.658,11.429,10.993,10.521,10.005,9.403,8.719,7.986,7.225,6.42,5.742,5.276,4.95,4.613,4.297,3.967,3.592,3.196,2.836,2.497,2.193,1.936,1.713,1.498,1.315,1.149,0.976,0.799,0.652,0.563,0.479,0.369,0.237,0.193,0.142,0.085
MDV,2053,5.021,5.177,5.305,5.346,5.446,5.519,5.572,5.602,5.617,5.621,5.602,5.557,5.498,5.438,5.38,5.326,5.281,5.25,5.229,5.215,5.243,5.328,5.456,5.593,5.736,5.916,6.142,6.397,6.653,6.913,7.148,7.339,7.496,7.644,7.771,7.89,8.008,8.111,8.186,8.244,8.228,8.115,7.93,7.751,7.592,7.352,6.997,6.592,6.223,5.864,5.684,5.78,6.072,6.369,6.678,7.108,7.682,8.344,8.995,9.638,10.208,10.655,10.988,11.283,11.543,11.593,11.358,10.914,10.435,9.912,9.303,8.614,7.876,7.11,6.302,5.621,5.15,4.819,4.477,4.157,3.826,3.451,3.057,2.7,2.366,2.066,1.812,1.593,1.379,1.204,1.049,0.881,0.701,0.565,0.491,0.414,0.317,0.199,0.165,0.098
MDV,2054,4.931,5.079,5.204,5.31,5.362,5.443,5.506,5.55,5.578,5.593,5.601,5.586,5.544,5.484,5.426,5.371,5.324,5.289,5.269,5.259,5.256,5.295,5.389,5.527,5.671,5.822,6.006,6.229,6.476,6.723,6.975,7.199,7.375,7.516,7.646,7.757,7.861,7.971,8.07,8.141,8.194,8.177,8.065,7.884,7.71,7.556,7.321,6.969,6.565,6.198,5.84,5.663,5.759,6.052,6.349,6.66,7.089,7.662,8.321,8.969,9.61,10.174,10.615,10.942,11.23,11.482,11.524,11.282,10.831,10.345,9.815,9.2,8.505,7.764,6.995,6.184,5.498,5.023,4.687,4.34,4.016,3.682,3.308,2.917,2.564,2.234,1.939,1.687,1.472,1.259,1.092,0.949,0.786,0.603,0.478,0.418,0.35,0.264,0.162,0.111
MDV,2055,4.846,4.982,5.102,5.208,5.299,5.376,5.44,5.489,5.527,5.551,5.567,5.579,5.569,5.528,5.468,5.413,5.362,5.32,5.295,5.286,5.286,5.296,5.344,5.45,5.596,5.748,5.906,6.093,6.313,6.553,6.791,7.035,7.248,7.409,7.532,7.646,7.739,7.83,7.931,8.025,8.092,8.14,8.122,8.013,7.836,7.666,7.518,7.288,6.939,6.536,6.171,5.814,5.638,5.736,6.03,6.329,6.639,7.068,7.64,8.296,8.941,9.578,10.138,10.572,10.892,11.171,11.416,11.451,11.202,10.744,10.252,9.715,9.094,8.395,7.65,6.876,6.062,5.374,4.893,4.552,4.201,3.873,3.537,3.164,2.777,2.427,2.101,1.81,1.563,1.35,1.139,0.981,0.848,0.69,0.506,0.391,0.345,0.285,0.212,0.124
MDV,2056,4.773,4.859,4.984,5.096,5.196,5.284,5.36,5.426,5.478,5.517,5.542,5.562,5.577,5.573,5.541,5.493,5.449,5.409,5.377,5.362,5.363,5.371,5.388,5.441,5.543,5.681,5.826,5.975,6.151,6.357,6.579,6.802,7.029,7.227,7.38,7.5,7.609,7.698,7.788,7.89,7.988,8.059,8.113,8.1,7.992,7.816,7.648,7.501,7.271,6.925,6.524,6.16,5.804,5.629,5.728,6.021,6.32,6.628,7.055,7.622,8.274,8.913,9.544,10.096,10.521,10.829,11.098,11.331,11.354,11.091,10.619,10.113,9.562,8.931,8.228,7.482,6.708,5.896,5.207,4.725,4.38,4.028,3.7,3.365,2.997,2.617,2.267,1.953,1.683,1.443,1.223,1.025,0.884,0.762,0.616,0.445,0.378,0.313,0.234,0.139
MDV,2057,4.705,4.814,4.87,4.983,5.088,5.182,5.268,5.343,5.411,5.465,5.505,5.532,5.554,5.573,5.575,5.553,5.517,5.484,5.454,5.434,5.428,5.437,5.455,5.478,5.534,5.634,5.765,5.902,6.043,6.208,6.398,6.604,6.811,7.019,7.204,7.348,7.464,7.569,7.654,7.742,7.846,7.949,8.023,8.083,8.074,7.969,7.794,7.626,7.481,7.253,6.908,6.509,6.146,5.792,5.618,5.716,6.011,6.308,6.615,7.039,7.603,8.248,8.881,9.505,10.049,10.465,10.761,11.019,11.241,11.251,10.974,10.489,9.969,9.405,8.764,8.056,7.311,6.538,5.725,5.038,4.553,4.207,3.854,3.524,3.193,2.828,2.455,2.107,1.803,1.555,1.321,1.096,0.909,0.788,0.676,0.541,0.385,0.338,0.254,0.154
MDV,2058,4.645,4.737,4.828,4.88,4.981,5.077,5.166,5.249,5.324,5.394,5.451,5.491,5.52,5.544,5.567,5.575,5.562,5.537,5.516,5.496,5.486,5.491,5.511,5.536,5.567,5.626,5.723,5.847,5.975,6.108,6.261,6.437,6.626,6.815,7.008,7.179,7.314,7.425,7.526,7.607,7.694,7.8,7.906,7.986,8.051,8.045,7.942,7.768,7.602,7.458,7.232,6.889,6.492,6.131,5.778,5.603,5.703,5.997,6.293,6.599,7.02,7.579,8.22,8.847,9.463,10,10.404,10.69,10.936,11.147,11.145,10.855,10.355,9.822,9.245,8.594,7.882,7.136,6.364,5.554,4.867,4.381,4.032,3.678,3.348,3.018,2.659,2.292,1.945,1.654,1.427,1.199,0.968,0.794,0.691,0.589,0.466,0.324,0.275,0.17
MDV,2059,4.593,4.667,4.745,4.825,4.886,4.977,5.065,5.148,5.228,5.303,5.375,5.433,5.476,5.506,5.533,5.56,5.572,5.569,5.556,5.546,5.538,5.538,5.553,5.581,5.615,5.654,5.716,5.809,5.925,6.046,6.171,6.312,6.474,6.646,6.818,6.993,7.15,7.278,7.383,7.48,7.557,7.643,7.749,7.859,7.944,8.014,8.014,7.914,7.74,7.576,7.433,7.208,6.867,6.472,6.114,5.761,5.588,5.687,5.981,6.276,6.58,6.999,7.554,8.188,8.809,9.419,9.946,10.34,10.614,10.849,11.048,11.034,10.731,10.217,9.671,9.08,8.42,7.705,6.959,6.188,5.38,4.693,4.207,3.855,3.5,3.17,2.842,2.488,2.128,1.782,1.503,1.297,1.077,0.839,0.678,0.594,0.501,0.391,0.263,0.186
MDV,2060,4.55,4.607,4.671,4.74,4.815,4.892,4.97,5.05,5.129,5.205,5.279,5.352,5.414,5.458,5.488,5.519,5.549,5.568,5.575,5.572,5.573,5.576,5.587,5.612,5.65,5.691,5.737,5.803,5.893,6.001,6.115,6.231,6.36,6.506,6.663,6.818,6.975,7.117,7.238,7.339,7.431,7.504,7.587,7.697,7.81,7.899,7.975,7.979,7.881,7.708,7.545,7.404,7.181,6.842,6.45,6.092,5.742,5.569,5.669,5.962,6.256,6.559,6.975,7.525,8.153,8.767,9.369,9.888,10.272,10.534,10.757,10.945,10.919,10.601,10.076,9.516,8.913,8.244,7.525,6.78,6.009,5.204,4.52,4.031,3.677,3.321,2.992,2.665,2.316,1.964,1.62,1.351,1.168,0.955,0.711,0.563,0.496,0.414,0.316,0.202
MDV,2061,4.527,4.553,4.606,4.667,4.733,4.805,4.881,4.958,5.037,5.117,5.196,5.274,5.35,5.417,5.472,5.514,5.556,5.596,5.626,5.642,5.649,5.658,5.669,5.683,5.705,5.735,5.768,5.807,5.861,5.937,6.029,6.125,6.224,6.34,6.477,6.629,6.78,6.934,7.075,7.197,7.302,7.399,7.477,7.565,7.677,7.792,7.882,7.958,7.964,7.867,7.696,7.534,7.394,7.172,6.833,6.442,6.085,5.732,5.56,5.657,5.949,6.24,6.538,6.948,7.492,8.111,8.715,9.308,9.814,10.18,10.42,10.622,10.79,10.744,10.41,9.871,9.297,8.681,8.005,7.286,6.546,5.782,4.985,4.307,3.823,3.469,3.112,2.795,2.482,2.14,1.781,1.457,1.223,1.052,0.855,0.629,0.53,0.443,0.339,0.22
MDV,2062,4.513,4.535,4.554,4.604,4.661,4.724,4.793,4.867,4.944,5.023,5.104,5.186,5.266,5.346,5.42,5.483,5.538,5.59,5.642,5.682,5.708,5.724,5.742,5.76,5.778,5.797,5.818,5.844,5.874,5.918,5.978,6.054,6.133,6.215,6.317,6.447,6.593,6.74,6.89,7.031,7.153,7.263,7.364,7.448,7.541,7.655,7.769,7.86,7.94,7.946,7.851,7.682,7.521,7.381,7.159,6.822,6.431,6.074,5.722,5.548,5.644,5.934,6.221,6.515,6.92,7.456,8.066,8.661,9.244,9.736,10.084,10.303,10.482,10.629,10.565,10.216,9.661,9.076,8.446,7.762,7.044,6.31,5.553,4.765,4.094,3.613,3.26,2.901,2.598,2.298,1.961,1.599,1.293,1.093,0.936,0.754,0.547,0.473,0.363,0.237
MDV,2063,4.506,4.514,4.535,4.553,4.599,4.652,4.713,4.78,4.851,4.927,5.005,5.089,5.172,5.257,5.341,5.42,5.493,5.558,5.622,5.685,5.736,5.773,5.798,5.823,5.849,5.869,5.886,5.9,5.919,5.94,5.971,6.017,6.076,6.139,6.203,6.291,6.412,6.555,6.698,6.844,6.983,7.107,7.22,7.326,7.416,7.513,7.629,7.745,7.836,7.917,7.925,7.831,7.663,7.504,7.365,7.144,6.807,6.418,6.061,5.709,5.534,5.628,5.916,6.2,6.49,6.888,7.416,8.018,8.602,9.176,9.655,9.983,10.18,10.34,10.466,10.381,10.016,9.449,8.849,8.207,7.517,6.799,6.071,5.32,4.542,3.88,3.4,3.05,2.689,2.4,2.113,1.782,1.415,1.129,0.963,0.82,0.654,0.464,0.389,0.255
MDV,2064,4.504,4.5,4.508,4.528,4.551,4.593,4.643,4.701,4.765,4.834,4.908,4.987,5.07,5.158,5.245,5.333,5.417,5.499,5.577,5.652,5.726,5.788,5.834,5.868,5.902,5.934,5.958,5.972,5.979,5.99,6.002,6.023,6.054,6.096,6.142,6.189,6.264,6.376,6.514,6.652,6.794,6.932,7.058,7.176,7.285,7.381,7.482,7.6,7.716,7.809,7.892,7.901,7.809,7.643,7.484,7.346,7.126,6.79,6.403,6.046,5.693,5.518,5.611,5.896,6.176,6.461,6.854,7.375,7.966,8.54,9.104,9.569,9.878,10.054,10.191,10.297,10.193,9.812,9.231,8.62,7.965,7.268,6.551,5.83,5.086,4.318,3.663,3.187,2.837,2.475,2.2,1.927,1.602,1.23,0.965,0.833,0.703,0.552,0.381,0.276
MDV,2065,4.504,4.491,4.489,4.497,4.516,4.546,4.584,4.631,4.685,4.747,4.815,4.887,4.965,5.051,5.141,5.232,5.322,5.414,5.505,5.593,5.679,5.764,5.836,5.893,5.936,5.977,6.018,6.046,6.055,6.056,6.058,6.062,6.071,6.088,6.113,6.142,6.172,6.232,6.337,6.47,6.605,6.742,6.877,7.006,7.127,7.241,7.342,7.448,7.568,7.685,7.779,7.862,7.873,7.782,7.618,7.461,7.323,7.104,6.77,6.384,6.028,5.676,5.499,5.59,5.872,6.15,6.43,6.817,7.329,7.911,8.475,9.028,9.479,9.77,9.923,10.04,10.124,10.002,9.604,9.011,8.387,7.72,7.017,6.301,5.586,4.851,4.091,3.444,2.973,2.625,2.261,2,1.74,1.423,1.046,0.801,0.702,0.586,0.451,0.298
MDV,2066,4.515,4.501,4.487,4.485,4.492,4.51,4.536,4.571,4.617,4.672,4.737,4.809,4.884,4.969,5.064,5.165,5.267,5.369,5.471,5.571,5.67,5.764,5.856,5.932,5.986,6.021,6.055,6.087,6.104,6.099,6.082,6.068,6.055,6.05,6.058,6.079,6.104,6.129,6.189,6.296,6.433,6.572,6.715,6.855,6.985,7.107,7.224,7.325,7.433,7.554,7.672,7.768,7.852,7.863,7.772,7.608,7.451,7.313,7.093,6.758,6.37,6.013,5.658,5.478,5.567,5.845,6.118,6.393,6.769,7.268,7.832,8.379,8.914,9.343,9.608,9.733,9.824,9.882,9.738,9.324,8.719,8.085,7.41,6.704,5.995,5.293,4.556,3.815,3.222,2.761,2.39,2.046,1.809,1.568,1.274,0.926,0.761,0.636,0.489,0.323
MDV,2067,4.527,4.504,4.496,4.484,4.48,4.486,4.5,4.525,4.557,4.6,4.658,4.727,4.801,4.881,4.971,5.076,5.189,5.301,5.414,5.527,5.638,5.745,5.848,5.948,6.026,6.077,6.106,6.131,6.155,6.159,6.141,6.107,6.075,6.046,6.027,6.027,6.043,6.064,6.086,6.144,6.252,6.394,6.537,6.686,6.83,6.964,7.086,7.204,7.307,7.416,7.538,7.658,7.755,7.84,7.852,7.761,7.596,7.439,7.3,7.079,6.744,6.355,5.997,5.638,5.457,5.542,5.817,6.084,6.353,6.721,7.205,7.751,8.28,8.796,9.204,9.443,9.541,9.605,9.636,9.469,9.039,8.424,7.781,7.097,6.389,5.687,4.997,4.258,3.536,2.997,2.547,2.154,1.83,1.619,1.396,1.125,0.805,0.693,0.534,0.351
MDV,2068,4.539,4.516,4.498,4.49,4.478,4.474,4.478,4.491,4.512,4.541,4.583,4.641,4.714,4.793,4.875,4.972,5.085,5.21,5.335,5.457,5.581,5.703,5.819,5.93,6.036,6.119,6.166,6.188,6.206,6.221,6.214,6.18,6.129,6.082,6.035,6.002,5.993,6.005,6.022,6.04,6.096,6.206,6.352,6.5,6.654,6.804,6.939,7.062,7.181,7.286,7.396,7.52,7.641,7.739,7.824,7.837,7.747,7.582,7.424,7.285,7.063,6.728,6.338,5.978,5.618,5.433,5.515,5.786,6.049,6.311,6.67,7.14,7.667,8.177,8.676,9.062,9.275,9.345,9.381,9.387,9.199,8.753,8.126,7.474,6.782,6.072,5.377,4.699,3.959,3.256,2.771,2.332,1.918,1.614,1.427,1.222,0.975,0.685,0.582,0.382
MDV,2069,4.547,4.528,4.51,4.493,4.482,4.471,4.466,4.468,4.479,4.497,4.523,4.564,4.624,4.699,4.781,4.867,4.97,5.093,5.23,5.365,5.499,5.632,5.764,5.889,6.008,6.123,6.208,6.252,6.266,6.277,6.283,6.266,6.217,6.15,6.086,6.021,5.975,5.958,5.966,5.977,5.992,6.047,6.159,6.309,6.461,6.62,6.774,6.911,7.035,7.156,7.261,7.373,7.498,7.62,7.719,7.806,7.819,7.73,7.565,7.406,7.266,7.043,6.708,6.319,5.958,5.594,5.407,5.486,5.753,6.01,6.268,6.616,7.071,7.581,8.072,8.552,8.916,9.104,9.146,9.155,9.135,8.924,8.463,7.825,7.163,6.464,5.753,5.064,4.4,3.66,2.975,2.544,2.116,1.681,1.396,1.235,1.048,0.826,0.564,0.412
MDV,2070,4.552,4.536,4.52,4.502,4.486,4.471,4.461,4.455,4.456,4.464,4.48,4.502,4.542,4.603,4.683,4.768,4.857,4.966,5.098,5.245,5.392,5.537,5.681,5.823,5.956,6.084,6.206,6.295,6.336,6.343,6.345,6.343,6.314,6.251,6.167,6.085,6.004,5.944,5.918,5.923,5.93,5.94,5.994,6.108,6.261,6.417,6.582,6.74,6.88,7.005,7.127,7.234,7.347,7.473,7.597,7.697,7.783,7.797,7.708,7.544,7.385,7.243,7.021,6.685,6.295,5.934,5.569,5.377,5.454,5.717,5.969,6.22,6.559,6.998,7.489,7.962,8.423,8.766,8.928,8.941,8.923,8.878,8.645,8.167,7.52,6.85,6.143,5.431,4.749,4.099,3.358,2.693,2.316,1.9,1.443,1.179,1.043,0.875,0.675,0.444
MDV,2071,4.561,4.552,4.535,4.515,4.495,4.477,4.46,4.448,4.442,4.443,4.454,4.474,4.499,4.545,4.615,4.707,4.803,4.904,5.023,5.165,5.322,5.477,5.629,5.777,5.916,6.043,6.162,6.276,6.353,6.38,6.37,6.355,6.336,6.293,6.221,6.133,6.048,5.962,5.9,5.877,5.885,5.898,5.913,5.971,6.087,6.242,6.4,6.567,6.726,6.867,6.993,7.117,7.225,7.338,7.465,7.588,7.688,7.773,7.787,7.696,7.529,7.368,7.223,6.998,6.661,6.27,5.906,5.537,5.341,5.411,5.667,5.909,6.149,6.473,6.892,7.357,7.804,8.241,8.556,8.686,8.667,8.619,8.544,8.288,7.798,7.144,6.454,5.761,5.095,4.418,3.729,3.027,2.451,2.099,1.709,1.282,1.113,0.931,0.718,0.474
MDV,2072,4.566,4.563,4.551,4.532,4.51,4.488,4.466,4.447,4.433,4.426,4.43,4.444,4.467,4.495,4.547,4.628,4.73,4.838,4.949,5.079,5.232,5.398,5.561,5.721,5.871,6.007,6.127,6.239,6.344,6.41,6.422,6.395,6.364,6.327,6.271,6.19,6.098,6.008,5.918,5.855,5.835,5.846,5.863,5.884,5.947,6.065,6.221,6.38,6.549,6.71,6.853,6.98,7.105,7.214,7.328,7.454,7.578,7.677,7.763,7.774,7.681,7.512,7.349,7.201,6.972,6.634,6.243,5.876,5.504,5.304,5.368,5.614,5.847,6.077,6.385,6.782,7.223,7.645,8.056,8.343,8.443,8.391,8.312,8.208,7.93,7.426,6.766,6.056,5.378,4.758,4.085,3.359,2.695,2.207,1.88,1.519,1.121,0.984,0.759,0.507
MDV,2073,4.564,4.571,4.567,4.549,4.527,4.503,4.478,4.454,4.433,4.417,4.409,4.414,4.432,4.458,4.491,4.548,4.638,4.752,4.871,4.993,5.134,5.296,5.471,5.642,5.81,5.964,6.096,6.209,6.312,6.41,6.464,6.461,6.418,6.37,6.316,6.246,6.157,6.06,5.967,5.873,5.809,5.789,5.805,5.826,5.853,5.921,6.041,6.198,6.359,6.528,6.69,6.834,6.964,7.089,7.2,7.315,7.442,7.564,7.663,7.747,7.758,7.663,7.494,7.327,7.176,6.944,6.605,6.214,5.845,5.469,5.265,5.322,5.56,5.783,6.002,6.295,6.671,7.085,7.482,7.869,8.128,8.195,8.111,8.001,7.868,7.568,7.05,6.385,5.656,4.992,4.419,3.75,2.986,2.361,1.962,1.661,1.327,0.959,0.805,0.543
MDV,2074,4.555,4.571,4.574,4.567,4.545,4.52,4.494,4.466,4.44,4.417,4.399,4.391,4.397,4.417,4.446,4.482,4.546,4.645,4.771,4.901,5.034,5.186,5.358,5.542,5.721,5.896,6.054,6.184,6.288,6.383,6.472,6.515,6.498,6.438,6.373,6.302,6.218,6.121,6.02,5.921,5.824,5.759,5.741,5.761,5.787,5.82,5.892,6.014,6.172,6.334,6.505,6.669,6.814,6.946,7.072,7.183,7.298,7.425,7.547,7.645,7.73,7.739,7.643,7.47,7.301,7.146,6.914,6.573,6.181,5.811,5.432,5.223,5.273,5.502,5.715,5.924,6.203,6.556,6.946,7.316,7.676,7.908,7.945,7.827,7.687,7.525,7.202,6.671,6.001,5.254,4.604,4.077,3.414,2.612,2.026,1.716,1.441,1.135,0.797,0.584
MDV,2075,4.537,4.563,4.573,4.571,4.559,4.538,4.511,4.482,4.452,4.424,4.398,4.378,4.369,4.377,4.401,4.433,4.473,4.542,4.651,4.787,4.929,5.073,5.234,5.417,5.61,5.797,5.98,6.14,6.266,6.364,6.451,6.531,6.563,6.531,6.454,6.372,6.285,6.187,6.082,5.976,5.874,5.773,5.706,5.691,5.714,5.745,5.783,5.86,5.984,6.142,6.306,6.478,6.644,6.791,6.923,7.05,7.162,7.277,7.405,7.526,7.624,7.707,7.716,7.618,7.444,7.273,7.114,6.879,6.538,6.146,5.773,5.392,5.178,5.222,5.443,5.646,5.844,6.107,6.439,6.801,7.146,7.481,7.685,7.69,7.54,7.37,7.179,6.834,6.289,5.614,4.849,4.213,3.735,3.076,2.238,1.691,1.471,1.221,0.942,0.635
MDV,2076,4.518,4.541,4.561,4.567,4.561,4.545,4.523,4.497,4.468,4.439,4.412,4.39,4.374,4.372,4.388,4.424,4.467,4.518,4.598,4.716,4.863,5.012,5.163,5.328,5.508,5.694,5.872,6.047,6.196,6.309,6.389,6.459,6.522,6.541,6.5,6.418,6.332,6.241,6.141,6.039,5.938,5.84,5.744,5.682,5.668,5.693,5.726,5.765,5.844,5.97,6.13,6.294,6.467,6.633,6.781,6.914,7.041,7.152,7.267,7.392,7.511,7.606,7.686,7.691,7.59,7.412,7.237,7.074,6.834,6.49,6.095,5.719,5.332,5.111,5.146,5.353,5.543,5.727,5.97,6.274,6.603,6.916,7.221,7.392,7.361,7.176,6.963,6.769,6.422,5.859,5.134,4.396,3.839,3.388,2.772,1.992,1.621,1.35,1.041,0.695
MDV,2077,4.491,4.537,4.545,4.558,4.559,4.549,4.532,4.508,4.481,4.453,4.426,4.401,4.382,4.369,4.373,4.399,4.446,4.5,4.562,4.653,4.782,4.937,5.095,5.254,5.421,5.598,5.776,5.948,6.115,6.252,6.349,6.413,6.467,6.513,6.517,6.468,6.382,6.293,6.196,6.096,5.995,5.898,5.804,5.715,5.657,5.646,5.672,5.705,5.747,5.826,5.955,6.116,6.282,6.456,6.623,6.771,6.903,7.03,7.141,7.255,7.378,7.495,7.587,7.664,7.665,7.562,7.38,7.201,7.033,6.789,6.441,6.044,5.664,5.272,5.043,5.068,5.263,5.44,5.61,5.832,6.109,6.404,6.685,6.96,7.098,7.031,6.81,6.556,6.359,6.01,5.429,4.653,3.942,3.464,3.039,2.467,1.746,1.5,1.157,0.763
MDV,2078,4.458,4.514,4.55,4.549,4.556,4.551,4.537,4.517,4.491,4.465,4.438,4.411,4.389,4.374,4.364,4.373,4.409,4.468,4.534,4.606,4.708,4.846,5.011,5.177,5.344,5.515,5.689,5.859,6.023,6.181,6.307,6.389,6.437,6.474,6.502,6.492,6.436,6.346,6.251,6.151,6.049,5.95,5.857,5.768,5.684,5.631,5.623,5.649,5.685,5.728,5.81,5.939,6.102,6.269,6.444,6.612,6.76,6.893,7.019,7.13,7.242,7.363,7.478,7.567,7.641,7.639,7.532,7.347,7.164,6.991,6.742,6.392,5.992,5.608,5.21,4.975,4.989,5.172,5.336,5.492,5.694,5.942,6.205,6.452,6.696,6.802,6.7,6.444,6.149,5.948,5.598,4.997,4.171,3.487,3.089,2.691,2.162,1.501,1.285,0.838
MDV,2079,4.419,4.483,4.528,4.554,4.551,4.552,4.542,4.524,4.501,4.474,4.448,4.421,4.396,4.377,4.364,4.358,4.373,4.418,4.489,4.566,4.649,4.761,4.91,5.084,5.257,5.431,5.606,5.776,5.94,6.096,6.245,6.36,6.428,6.458,6.479,6.489,6.466,6.401,6.306,6.208,6.104,6.001,5.903,5.815,5.731,5.653,5.604,5.598,5.626,5.662,5.708,5.79,5.921,6.086,6.255,6.431,6.598,6.747,6.879,7.006,7.116,7.227,7.347,7.459,7.545,7.616,7.611,7.5,7.312,7.125,6.947,6.695,6.341,5.939,5.551,5.147,4.904,4.909,5.08,5.229,5.372,5.554,5.775,6.003,6.218,6.432,6.504,6.366,6.074,5.739,5.535,5.184,4.564,3.688,3.032,2.711,2.341,1.856,1.253,0.921
MDV,2080,4.374,4.445,4.496,4.529,4.547,4.551,4.545,4.53,4.508,4.482,4.454,4.427,4.401,4.379,4.361,4.351,4.348,4.37,4.424,4.506,4.594,4.689,4.811,4.97,5.152,5.334,5.516,5.693,5.862,6.016,6.165,6.305,6.409,6.462,6.475,6.48,6.473,6.436,6.362,6.264,6.161,6.053,5.949,5.854,5.769,5.689,5.617,5.574,5.57,5.599,5.637,5.683,5.767,5.9,6.066,6.236,6.413,6.581,6.73,6.863,6.988,7.098,7.208,7.325,7.434,7.518,7.586,7.578,7.463,7.272,7.081,6.898,6.642,6.287,5.881,5.489,5.082,4.831,4.826,4.985,5.121,5.249,5.411,5.604,5.798,5.981,6.163,6.203,6.03,5.703,5.326,5.118,4.766,4.128,3.203,2.574,2.334,1.992,1.549,1.006
MDV,2081,4.331,4.383,4.444,4.488,4.516,4.53,4.535,4.529,4.515,4.496,4.471,4.446,4.422,4.404,4.389,4.384,4.385,4.393,4.426,4.49,4.58,4.678,4.779,4.904,5.06,5.235,5.41,5.582,5.749,5.903,6.041,6.172,6.295,6.386,6.43,6.439,6.439,6.429,6.391,6.319,6.224,6.125,6.025,5.924,5.831,5.748,5.67,5.599,5.557,5.555,5.586,5.625,5.672,5.758,5.892,6.057,6.227,6.404,6.571,6.719,6.85,6.973,7.08,7.186,7.301,7.405,7.484,7.547,7.533,7.413,7.215,7.017,6.825,6.562,6.201,5.795,5.399,4.985,4.726,4.707,4.849,4.968,5.08,5.219,5.375,5.528,5.669,5.836,5.842,5.631,5.25,4.869,4.675,4.331,3.724,2.854,2.493,2.144,1.68,1.098
MDV,2082,4.286,4.364,4.391,4.442,4.48,4.503,4.515,4.518,4.514,4.502,4.483,4.46,4.438,4.419,4.405,4.401,4.406,4.419,4.438,4.48,4.555,4.656,4.76,4.87,4.998,5.151,5.319,5.485,5.65,5.805,5.944,6.065,6.18,6.286,6.363,6.399,6.404,6.399,6.385,6.345,6.275,6.185,6.091,5.996,5.9,5.809,5.727,5.651,5.581,5.541,5.54,5.573,5.615,5.663,5.748,5.883,6.049,6.219,6.395,6.562,6.708,6.837,6.958,7.062,7.165,7.275,7.376,7.451,7.508,7.489,7.363,7.158,6.951,6.751,6.48,6.117,5.707,5.307,4.888,4.62,4.589,4.715,4.816,4.911,5.025,5.146,5.258,5.356,5.509,5.481,5.232,4.796,4.413,4.231,3.895,3.32,2.504,2.289,1.808,1.194
MDV,2083,4.239,4.319,4.381,4.399,4.441,4.471,4.49,4.499,4.501,4.498,4.488,4.47,4.45,4.43,4.414,4.407,4.412,4.429,4.453,4.482,4.536,4.621,4.729,4.842,4.96,5.091,5.241,5.402,5.56,5.717,5.86,5.984,6.09,6.187,6.277,6.339,6.367,6.367,6.359,6.34,6.3,6.232,6.145,6.056,5.966,5.875,5.787,5.705,5.63,5.563,5.524,5.526,5.56,5.603,5.652,5.74,5.874,6.041,6.211,6.386,6.553,6.697,6.823,6.942,7.043,7.144,7.25,7.347,7.417,7.47,7.445,7.312,7.101,6.886,6.677,6.399,6.032,5.62,5.215,4.791,4.514,4.47,4.578,4.662,4.742,4.833,4.918,4.986,5.044,5.181,5.119,4.833,4.343,3.957,3.788,3.459,2.915,2.154,1.926,1.288
MDV,2084,4.19,4.27,4.334,4.385,4.406,4.438,4.461,4.474,4.48,4.482,4.481,4.472,4.456,4.437,4.42,4.407,4.406,4.421,4.449,4.485,4.525,4.589,4.685,4.802,4.923,5.048,5.183,5.33,5.483,5.634,5.781,5.915,6.023,6.111,6.193,6.264,6.313,6.333,6.329,6.316,6.294,6.252,6.186,6.103,6.019,5.934,5.849,5.762,5.682,5.609,5.542,5.506,5.509,5.545,5.589,5.64,5.728,5.863,6.03,6.2,6.375,6.54,6.682,6.807,6.924,7.022,7.119,7.222,7.314,7.38,7.428,7.398,7.259,7.04,6.818,6.601,6.316,5.945,5.53,5.122,4.691,4.406,4.349,4.44,4.508,4.572,4.638,4.687,4.714,4.729,4.851,4.757,4.431,3.887,3.498,3.342,3.021,2.509,1.804,1.376
MDV,2085,4.141,4.218,4.283,4.335,4.376,4.408,4.431,4.447,4.456,4.46,4.46,4.46,4.453,4.439,4.421,4.408,4.399,4.403,4.426,4.467,4.513,4.565,4.639,4.745,4.871,5.001,5.133,5.271,5.415,5.56,5.703,5.843,5.963,6.057,6.129,6.194,6.248,6.282,6.294,6.286,6.268,6.242,6.2,6.135,6.057,5.977,5.899,5.817,5.733,5.655,5.583,5.518,5.483,5.488,5.525,5.571,5.624,5.712,5.848,6.014,6.184,6.36,6.523,6.664,6.787,6.9,6.996,7.09,7.188,7.276,7.338,7.381,7.345,7.2,6.974,6.745,6.519,6.227,5.853,5.436,5.024,4.589,4.296,4.226,4.3,4.35,4.397,4.439,4.454,4.439,4.412,4.518,4.39,4.027,3.43,3.038,2.895,2.582,2.102,1.453
MDV,2086,4.098,4.148,4.217,4.275,4.323,4.361,4.393,4.417,4.433,4.445,4.449,4.453,4.456,4.456,4.45,4.444,4.442,4.443,4.458,4.493,4.542,4.597,4.656,4.733,4.835,4.955,5.076,5.199,5.327,5.456,5.585,5.711,5.833,5.941,6.026,6.095,6.154,6.204,6.238,6.251,6.248,6.234,6.215,6.176,6.114,6.037,5.959,5.881,5.801,5.72,5.642,5.573,5.509,5.475,5.481,5.519,5.565,5.617,5.705,5.84,6.006,6.172,6.345,6.506,6.645,6.763,6.874,6.965,7.053,7.145,7.225,7.276,7.311,7.266,7.112,6.877,6.638,6.4,6.099,5.721,5.302,4.886,4.449,4.146,4.058,4.109,4.153,4.177,4.186,4.163,4.106,4.063,4.139,3.999,3.642,3.07,2.906,2.615,2.152,1.518
MDV,2087,4.058,4.127,4.156,4.216,4.268,4.311,4.347,4.377,4.402,4.421,4.432,4.439,4.445,4.453,4.458,4.462,4.467,4.476,4.489,4.515,4.559,4.617,4.68,4.747,4.828,4.928,5.04,5.153,5.268,5.384,5.498,5.61,5.719,5.825,5.918,5.996,6.059,6.115,6.161,6.194,6.209,6.209,6.201,6.186,6.152,6.093,6.016,5.94,5.865,5.786,5.706,5.631,5.563,5.5,5.467,5.474,5.513,5.559,5.611,5.699,5.832,5.996,6.162,6.331,6.489,6.625,6.74,6.848,6.934,7.017,7.102,7.173,7.216,7.242,7.188,7.024,6.779,6.531,6.281,5.972,5.589,5.168,4.749,4.307,3.996,3.891,3.92,3.956,3.956,3.932,3.871,3.772,3.715,3.761,3.608,3.259,2.709,2.614,2.179,1.57
MDV,2088,4.02,4.084,4.14,4.163,4.215,4.259,4.298,4.332,4.36,4.386,4.406,4.419,4.428,4.437,4.447,4.459,4.473,4.49,4.51,4.534,4.57,4.623,4.692,4.762,4.837,4.921,5.017,5.122,5.228,5.334,5.44,5.54,5.635,5.727,5.815,5.895,5.964,6.023,6.074,6.117,6.148,6.165,6.169,6.166,6.157,6.127,6.07,5.995,5.92,5.846,5.77,5.692,5.618,5.551,5.49,5.458,5.466,5.505,5.552,5.603,5.69,5.823,5.985,6.148,6.316,6.471,6.604,6.716,6.818,6.902,6.979,7.056,7.119,7.153,7.17,7.108,6.934,6.68,6.422,6.161,5.844,5.456,5.033,4.61,4.165,3.845,3.723,3.729,3.758,3.735,3.677,3.579,3.438,3.365,3.381,3.217,2.873,2.348,2.176,1.607
MDV,2089,3.985,4.042,4.094,4.141,4.167,4.21,4.249,4.283,4.313,4.341,4.368,4.39,4.404,4.415,4.427,4.441,4.459,4.481,4.509,4.541,4.576,4.622,4.687,4.764,4.843,4.924,5.012,5.106,5.203,5.301,5.399,5.492,5.577,5.656,5.731,5.802,5.868,5.929,5.984,6.031,6.07,6.099,6.118,6.126,6.128,6.124,6.1,6.045,5.97,5.897,5.825,5.75,5.674,5.603,5.537,5.477,5.447,5.455,5.495,5.541,5.594,5.68,5.812,5.972,6.133,6.297,6.449,6.579,6.688,6.787,6.865,6.938,7.007,7.061,7.088,7.096,7.023,6.841,6.578,6.31,6.038,5.712,5.32,4.895,4.469,4.021,3.692,3.553,3.537,3.559,3.51,3.42,3.285,3.102,3.014,2.999,2.824,2.486,1.987,1.625
MDV,2090,3.952,4.002,4.049,4.092,4.132,4.169,4.204,4.236,4.266,4.293,4.32,4.347,4.37,4.386,4.398,4.413,4.431,4.454,4.486,4.527,4.569,4.614,4.672,4.746,4.832,4.92,5.009,5.099,5.19,5.28,5.369,5.459,5.541,5.612,5.674,5.732,5.785,5.837,5.89,5.941,5.983,6.018,6.046,6.066,6.079,6.085,6.088,6.068,6.016,5.942,5.87,5.8,5.727,5.653,5.583,5.519,5.461,5.431,5.441,5.481,5.528,5.579,5.666,5.796,5.954,6.113,6.274,6.424,6.55,6.656,6.75,6.826,6.892,6.954,7,7.017,7.016,6.934,6.743,6.471,6.194,5.911,5.577,5.181,4.754,4.325,3.875,3.538,3.381,3.342,3.357,3.285,3.162,2.989,2.764,2.661,2.617,2.429,2.098,1.623
MDV,2091,3.932,3.957,4.001,4.043,4.082,4.12,4.156,4.19,4.222,4.253,4.284,4.313,4.344,4.373,4.398,4.422,4.449,4.477,4.511,4.554,4.603,4.655,4.706,4.768,4.839,4.918,4.997,5.078,5.157,5.233,5.306,5.379,5.451,5.52,5.582,5.64,5.694,5.743,5.795,5.849,5.903,5.95,5.991,6.024,6.047,6.061,6.068,6.073,6.054,6.004,5.932,5.862,5.793,5.721,5.647,5.578,5.515,5.457,5.427,5.435,5.475,5.52,5.569,5.654,5.781,5.937,6.092,6.25,6.395,6.515,6.615,6.702,6.769,6.826,6.877,6.91,6.915,6.902,6.808,6.604,6.321,6.031,5.735,5.392,4.991,4.563,4.128,3.671,3.348,3.177,3.109,3.101,3.019,2.89,2.714,2.493,2.494,2.324,2.029,1.606
MDV,2092,3.915,3.95,3.961,3.999,4.037,4.073,4.107,4.141,4.175,4.209,4.241,4.273,4.307,4.341,4.376,4.411,4.446,4.484,4.523,4.568,4.62,4.679,4.738,4.798,4.862,4.93,5.002,5.073,5.146,5.214,5.276,5.332,5.388,5.444,5.498,5.552,5.605,5.655,5.701,5.75,5.807,5.865,5.918,5.964,6.001,6.027,6.041,6.05,6.057,6.039,5.991,5.921,5.853,5.785,5.714,5.642,5.572,5.51,5.453,5.422,5.43,5.468,5.512,5.559,5.641,5.766,5.919,6.071,6.225,6.366,6.48,6.571,6.652,6.712,6.76,6.799,6.82,6.812,6.786,6.68,6.465,6.169,5.866,5.558,5.206,4.8,4.371,3.929,3.467,3.157,2.973,2.875,2.844,2.751,2.616,2.44,2.222,2.203,1.94,1.573
MDV,2093,3.901,3.929,3.957,3.964,3.996,4.029,4.061,4.093,4.126,4.159,4.193,4.226,4.261,4.298,4.336,4.377,4.421,4.468,4.517,4.567,4.622,4.685,4.752,4.82,4.888,4.955,5.021,5.085,5.149,5.213,5.269,5.316,5.355,5.395,5.433,5.473,5.52,5.569,5.614,5.656,5.704,5.762,5.825,5.882,5.934,5.976,6.005,6.02,6.031,6.038,6.023,5.975,5.908,5.841,5.774,5.704,5.633,5.565,5.502,5.445,5.414,5.422,5.459,5.501,5.547,5.626,5.748,5.899,6.047,6.198,6.333,6.441,6.527,6.599,6.651,6.69,6.719,6.727,6.706,6.668,6.549,6.321,6.014,5.7,5.38,5.017,4.609,4.177,3.728,3.26,2.964,2.767,2.641,2.585,2.482,2.342,2.164,1.951,1.837,1.526
MDV,2094,3.887,3.909,3.931,3.954,3.964,3.991,4.018,4.047,4.076,4.108,4.141,4.174,4.211,4.247,4.287,4.328,4.375,4.428,4.487,4.548,4.608,4.674,4.747,4.824,4.9,4.975,5.045,5.108,5.164,5.22,5.276,5.322,5.353,5.376,5.398,5.42,5.447,5.483,5.528,5.569,5.607,5.654,5.715,5.782,5.843,5.9,5.948,5.978,5.994,6.007,6.016,6.003,5.957,5.891,5.825,5.761,5.692,5.621,5.554,5.493,5.435,5.404,5.411,5.446,5.487,5.53,5.607,5.728,5.875,6.02,6.166,6.297,6.399,6.478,6.543,6.587,6.616,6.634,6.63,6.597,6.546,6.414,6.175,5.856,5.53,5.197,4.826,4.413,3.98,3.526,3.053,2.771,2.559,2.404,2.325,2.212,2.066,1.887,1.676,1.468
MDV,2095,3.875,3.89,3.907,3.925,3.943,3.962,3.983,4.007,4.031,4.058,4.088,4.12,4.154,4.192,4.231,4.273,4.318,4.37,4.434,4.504,4.576,4.648,4.724,4.807,4.892,4.976,5.059,5.132,5.192,5.241,5.289,5.336,5.37,5.387,5.393,5.399,5.403,5.416,5.445,5.485,5.523,5.557,5.602,5.664,5.735,5.801,5.864,5.915,5.949,5.966,5.979,5.991,5.979,5.935,5.871,5.807,5.743,5.675,5.607,5.54,5.478,5.421,5.391,5.396,5.431,5.471,5.511,5.586,5.704,5.849,5.99,6.132,6.258,6.353,6.425,6.483,6.519,6.539,6.546,6.529,6.484,6.42,6.277,6.025,5.695,5.358,5.013,4.632,4.216,3.781,3.322,2.844,2.576,2.351,2.167,2.064,1.94,1.789,1.609,1.403
MDV,2096,3.87,3.877,3.89,3.903,3.918,3.934,3.952,3.971,3.994,4.02,4.05,4.082,4.118,4.158,4.205,4.256,4.31,4.366,4.429,4.502,4.583,4.662,4.741,4.821,4.9,4.979,5.054,5.129,5.192,5.236,5.269,5.3,5.33,5.351,5.36,5.361,5.363,5.363,5.374,5.405,5.449,5.492,5.531,5.582,5.647,5.717,5.785,5.851,5.904,5.939,5.958,5.973,5.986,5.975,5.933,5.869,5.805,5.742,5.674,5.604,5.536,5.473,5.414,5.381,5.386,5.418,5.456,5.494,5.565,5.677,5.816,5.953,6.087,6.204,6.291,6.352,6.399,6.425,6.432,6.422,6.387,6.325,6.246,6.086,5.82,5.477,5.119,4.772,4.402,3.977,3.514,3.055,2.621,2.363,2.148,1.975,1.822,1.664,1.504,1.339
MDV,2097,3.864,3.872,3.877,3.886,3.897,3.91,3.922,3.938,3.956,3.978,4.006,4.038,4.075,4.114,4.161,4.216,4.279,4.344,4.41,4.485,4.568,4.657,4.745,4.832,4.915,4.992,5.063,5.13,5.197,5.248,5.278,5.294,5.308,5.321,5.328,5.328,5.325,5.323,5.319,5.329,5.362,5.411,5.458,5.504,5.559,5.625,5.698,5.768,5.834,5.889,5.925,5.946,5.963,5.977,5.967,5.926,5.862,5.799,5.736,5.668,5.598,5.53,5.465,5.405,5.369,5.373,5.403,5.438,5.473,5.54,5.649,5.782,5.911,6.038,6.147,6.225,6.276,6.312,6.326,6.319,6.294,6.242,6.163,6.067,5.892,5.611,5.254,4.877,4.528,4.168,3.736,3.244,2.786,2.396,2.149,1.944,1.78,1.56,1.412,1.281
MDV,2098,3.854,3.862,3.87,3.874,3.881,3.889,3.898,3.909,3.923,3.939,3.961,3.989,4.026,4.065,4.108,4.161,4.226,4.3,4.376,4.453,4.538,4.632,4.73,4.825,4.92,5.006,5.08,5.144,5.204,5.262,5.302,5.317,5.316,5.314,5.309,5.302,5.294,5.287,5.28,5.273,5.281,5.316,5.369,5.42,5.472,5.532,5.601,5.675,5.746,5.814,5.87,5.909,5.931,5.949,5.965,5.956,5.915,5.853,5.791,5.728,5.659,5.589,5.519,5.453,5.391,5.354,5.356,5.385,5.417,5.449,5.512,5.615,5.743,5.865,5.986,6.087,6.155,6.195,6.22,6.223,6.204,6.163,6.092,5.997,5.885,5.694,5.398,5.028,4.632,4.282,3.932,3.493,2.972,2.515,2.17,1.934,1.738,1.585,1.345,1.232
MDV,2099,3.84,3.851,3.86,3.865,3.87,3.875,3.88,3.886,3.894,3.906,3.92,3.941,3.972,4.01,4.054,4.1,4.158,4.233,4.318,4.406,4.495,4.59,4.693,4.8,4.905,5.007,5.096,5.167,5.223,5.276,5.324,5.353,5.354,5.336,5.316,5.295,5.274,5.257,5.247,5.236,5.224,5.232,5.269,5.325,5.381,5.439,5.503,5.575,5.649,5.722,5.792,5.85,5.89,5.914,5.934,5.951,5.943,5.903,5.842,5.779,5.717,5.649,5.578,5.507,5.441,5.376,5.337,5.337,5.364,5.394,5.424,5.483,5.581,5.703,5.818,5.931,6.024,6.083,6.112,6.126,6.119,6.086,6.028,5.941,5.828,5.7,5.495,5.184,4.801,4.385,4.033,3.695,3.249,2.699,2.244,1.944,1.717,1.532,1.389,1.201
MDV,2100,3.823,3.84,3.851,3.859,3.863,3.866,3.868,3.869,3.872,3.879,3.888,3.901,3.922,3.954,3.996,4.041,4.092,4.156,4.24,4.337,4.435,4.535,4.64,4.753,4.87,4.982,5.092,5.184,5.252,5.301,5.345,5.387,5.404,5.389,5.354,5.319,5.28,5.245,5.221,5.206,5.19,5.174,5.181,5.22,5.28,5.342,5.405,5.473,5.548,5.623,5.696,5.768,5.828,5.869,5.895,5.918,5.935,5.929,5.891,5.83,5.768,5.705,5.637,5.565,5.494,5.425,5.36,5.32,5.317,5.343,5.37,5.397,5.451,5.545,5.661,5.771,5.877,5.961,6.01,6.028,6.031,6.013,5.967,5.894,5.789,5.659,5.515,5.294,4.969,4.574,4.138,3.784,3.457,3.004,2.425,1.972,1.717,1.501,1.326,1.192
