GNQ,1950,6.703,6.325,5.993,5.703,5.454,5.241,5.061,4.908,4.782,4.677,4.592,4.524,4.463,4.405,4.349,4.302,4.262,4.211,4.138,4.05,3.967,3.884,3.804,3.73,3.659,3.588,3.515,3.447,3.386,3.328,3.271,3.215,3.151,3.076,2.992,2.912,2.83,2.754,2.687,2.627,2.567,2.509,2.451,2.39,2.331,2.273,2.214,2.163,2.122,2.088,2.053,2.018,1.98,1.934,1.882,1.83,1.778,1.725,1.673,1.621,1.566,1.51,1.452,1.394,1.334,1.273,1.212,1.146,1.072,0.994,0.917,0.839,0.764,0.69,0.619,0.548,0.48,0.417,0.356,0.301,0.248,0.199,0.156,0.124,0.098,0.075,0.055,0.04,0.027,0.019,0.012,0.009,0.007,0.004,0.003,0.001,0.001,0,0,0
GNQ,1951,7.943,6.554,6.178,5.858,5.588,5.362,5.178,5.031,4.905,4.787,4.679,4.594,4.525,4.464,4.405,4.35,4.301,4.26,4.206,4.132,4.044,3.96,3.875,3.794,3.719,3.649,3.577,3.503,3.435,3.373,3.314,3.257,3.2,3.137,3.06,2.976,2.895,2.813,2.736,2.669,2.609,2.549,2.491,2.433,2.372,2.312,2.252,2.195,2.143,2.101,2.065,2.029,1.995,1.955,1.907,1.853,1.8,1.746,1.692,1.638,1.583,1.527,1.469,1.41,1.35,1.287,1.224,1.162,1.093,1.02,0.942,0.865,0.788,0.713,0.64,0.571,0.504,0.438,0.376,0.321,0.269,0.22,0.176,0.137,0.107,0.084,0.064,0.047,0.033,0.024,0.016,0.01,0.007,0.006,0.004,0.002,0.001,0.001,0,0
GNQ,1952,8.703,7.698,6.326,5.957,5.654,5.406,5.206,5.053,4.943,4.844,4.735,4.627,4.542,4.474,4.413,4.355,4.3,4.251,4.208,4.153,4.078,3.99,3.905,3.82,3.739,3.665,3.595,3.523,3.451,3.382,3.32,3.263,3.204,3.148,3.085,3.008,2.925,2.844,2.762,2.687,2.62,2.561,2.501,2.443,2.385,2.325,2.266,2.207,2.149,2.097,2.055,2.019,1.982,1.946,1.905,1.857,1.803,1.749,1.694,1.64,1.584,1.528,1.471,1.412,1.351,1.289,1.226,1.161,1.097,1.029,0.955,0.879,0.802,0.727,0.654,0.584,0.517,0.452,0.391,0.333,0.28,0.234,0.19,0.149,0.115,0.089,0.069,0.051,0.038,0.028,0.019,0.012,0.008,0.006,0.004,0.003,0.001,0.001,0,0
GNQ,1953,9.101,7.986,7.065,6.086,5.727,5.439,5.213,5.041,4.919,4.846,4.773,4.675,4.565,4.481,4.413,4.352,4.295,4.241,4.192,4.147,4.091,4.016,3.928,3.843,3.758,3.677,3.603,3.533,3.463,3.39,3.323,3.261,3.203,3.145,3.09,3.026,2.951,2.868,2.787,2.707,2.631,2.566,2.507,2.449,2.391,2.333,2.274,2.215,2.157,2.099,2.047,2.004,1.968,1.931,1.894,1.853,1.803,1.749,1.694,1.639,1.584,1.526,1.47,1.411,1.351,1.289,1.226,1.162,1.096,1.032,0.964,0.89,0.814,0.739,0.664,0.593,0.526,0.462,0.401,0.342,0.288,0.24,0.198,0.159,0.123,0.094,0.071,0.054,0.04,0.029,0.021,0.014,0.009,0.006,0.004,0.003,0.002,0.001,0,0
GNQ,1954,9.24,8.135,7.216,6.469,5.86,5.507,5.235,5.031,4.884,4.794,4.758,4.712,4.622,4.511,4.428,4.361,4.299,4.244,4.191,4.141,4.094,4.037,3.961,3.874,3.789,3.703,3.622,3.548,3.479,3.409,3.337,3.27,3.209,3.15,3.092,3.037,2.973,2.899,2.816,2.736,2.656,2.581,2.517,2.459,2.4,2.344,2.286,2.228,2.168,2.111,2.053,2.002,1.959,1.922,1.883,1.846,1.804,1.754,1.699,1.643,1.587,1.53,1.473,1.414,1.354,1.293,1.23,1.166,1.1,1.033,0.968,0.899,0.826,0.751,0.676,0.603,0.534,0.469,0.408,0.35,0.294,0.244,0.201,0.163,0.129,0.097,0.072,0.053,0.039,0.028,0.02,0.015,0.011,0.006,0.003,0.003,0.002,0.001,0,0
GNQ,1955,9.194,8.197,7.358,6.662,6.098,5.649,5.303,5.046,4.864,4.743,4.683,4.682,4.663,4.583,4.47,4.387,4.321,4.259,4.203,4.151,4.101,4.052,3.994,3.917,3.83,3.744,3.658,3.577,3.503,3.435,3.364,3.294,3.226,3.164,3.107,3.049,2.992,2.93,2.854,2.773,2.693,2.613,2.539,2.474,2.417,2.358,2.303,2.245,2.187,2.128,2.07,2.013,1.962,1.918,1.88,1.841,1.803,1.76,1.709,1.653,1.597,1.54,1.482,1.423,1.363,1.301,1.239,1.174,1.109,1.041,0.974,0.907,0.838,0.765,0.689,0.617,0.544,0.476,0.414,0.356,0.301,0.248,0.201,0.162,0.128,0.099,0.072,0.051,0.036,0.025,0.016,0.011,0.009,0.006,0.003,0.001,0.001,0.001,0,0
GNQ,1956,8.93,8.719,7.861,7.124,6.498,5.978,5.548,5.197,4.936,4.765,4.664,4.61,4.607,4.586,4.508,4.398,4.316,4.247,4.184,4.129,4.077,4.026,3.976,3.918,3.843,3.756,3.672,3.586,3.505,3.432,3.364,3.295,3.225,3.158,3.097,3.039,2.981,2.926,2.863,2.789,2.708,2.63,2.551,2.478,2.414,2.357,2.3,2.244,2.188,2.13,2.071,2.013,1.956,1.904,1.86,1.821,1.781,1.742,1.698,1.646,1.588,1.532,1.473,1.414,1.355,1.293,1.231,1.168,1.103,1.037,0.97,0.903,0.837,0.769,0.698,0.626,0.556,0.488,0.424,0.366,0.312,0.262,0.215,0.173,0.137,0.108,0.083,0.06,0.043,0.03,0.021,0.013,0.009,0.007,0.005,0.003,0.001,0.001,0,0
GNQ,1957,8.656,8.081,8.309,7.581,6.94,6.381,5.901,5.487,5.127,4.861,4.701,4.618,4.57,4.565,4.541,4.464,4.356,4.273,4.204,4.139,4.084,4.031,3.979,3.929,3.87,3.794,3.708,3.624,3.54,3.46,3.386,3.319,3.249,3.179,3.113,3.051,2.993,2.936,2.88,2.817,2.744,2.664,2.586,2.508,2.435,2.372,2.315,2.258,2.202,2.146,2.087,2.028,1.97,1.913,1.86,1.815,1.775,1.734,1.693,1.647,1.594,1.536,1.477,1.418,1.357,1.296,1.234,1.17,1.106,1.041,0.973,0.906,0.839,0.773,0.706,0.637,0.568,0.5,0.435,0.374,0.32,0.272,0.226,0.183,0.145,0.115,0.09,0.067,0.048,0.034,0.023,0.016,0.01,0.008,0.006,0.003,0.002,0.001,0,0
GNQ,1958,8.41,8.06,7.7,7.929,7.331,6.783,6.287,5.845,5.445,5.076,4.804,4.653,4.588,4.546,4.54,4.514,4.438,4.331,4.247,4.176,4.111,4.053,4,3.947,3.897,3.836,3.76,3.675,3.591,3.507,3.427,3.354,3.285,3.216,3.145,3.078,3.017,2.958,2.9,2.844,2.782,2.709,2.629,2.551,2.474,2.401,2.338,2.281,2.224,2.168,2.111,2.052,1.992,1.935,1.876,1.823,1.777,1.735,1.693,1.65,1.604,1.549,1.489,1.429,1.367,1.305,1.242,1.178,1.113,1.048,0.981,0.914,0.845,0.778,0.712,0.645,0.578,0.511,0.446,0.384,0.326,0.276,0.232,0.19,0.151,0.119,0.092,0.071,0.052,0.036,0.027,0.018,0.012,0.007,0.005,0.005,0.003,0.001,0,0
GNQ,1959,8.229,8.063,7.84,7.571,7.553,7.084,6.629,6.197,5.793,5.407,5.03,4.75,4.609,4.562,4.527,4.518,4.491,4.414,4.308,4.224,4.152,4.084,4.026,3.972,3.919,3.866,3.805,3.729,3.643,3.56,3.476,3.396,3.322,3.253,3.184,3.113,3.046,2.984,2.925,2.868,2.81,2.749,2.676,2.596,2.519,2.441,2.37,2.306,2.249,2.191,2.134,2.078,2.019,1.959,1.9,1.841,1.787,1.74,1.697,1.653,1.609,1.56,1.504,1.442,1.38,1.317,1.254,1.189,1.123,1.056,0.989,0.922,0.853,0.785,0.716,0.651,0.584,0.519,0.454,0.392,0.332,0.278,0.232,0.192,0.154,0.12,0.091,0.069,0.052,0.037,0.025,0.018,0.012,0.008,0.005,0.003,0.003,0.002,0.001,0
GNQ,1960,8.159,8.094,7.951,7.741,7.478,7.17,6.831,6.471,6.103,5.739,5.367,4.979,4.693,4.562,4.534,4.504,4.493,4.464,4.388,4.283,4.199,4.125,4.056,3.996,3.942,3.887,3.834,3.772,3.695,3.61,3.526,3.443,3.362,3.289,3.22,3.15,3.08,3.012,2.95,2.891,2.833,2.776,2.713,2.64,2.561,2.485,2.407,2.335,2.272,2.214,2.157,2.101,2.043,1.984,1.924,1.864,1.805,1.75,1.701,1.657,1.612,1.567,1.516,1.458,1.394,1.331,1.267,1.202,1.134,1.067,0.999,0.931,0.862,0.793,0.723,0.656,0.589,0.523,0.459,0.397,0.337,0.28,0.23,0.186,0.151,0.118,0.088,0.064,0.046,0.033,0.021,0.014,0.01,0.007,0.003,0.002,0.002,0.001,0,0
GNQ,1961,8.197,7.969,7.871,7.719,7.521,7.283,7.017,6.735,6.419,6.064,5.694,5.324,4.94,4.658,4.531,4.507,4.481,4.471,4.443,4.366,4.262,4.177,4.101,4.03,3.969,3.913,3.856,3.8,3.737,3.66,3.574,3.49,3.406,3.325,3.252,3.181,3.111,3.039,2.971,2.909,2.85,2.791,2.734,2.671,2.599,2.52,2.443,2.366,2.293,2.23,2.171,2.114,2.056,1.999,1.938,1.877,1.817,1.757,1.701,1.65,1.604,1.557,1.51,1.458,1.399,1.333,1.268,1.202,1.136,1.068,1.001,0.933,0.865,0.797,0.728,0.661,0.594,0.531,0.469,0.408,0.35,0.295,0.243,0.198,0.16,0.128,0.1,0.074,0.053,0.038,0.027,0.017,0.011,0.009,0.005,0.003,0.002,0.001,0,0
GNQ,1962,8.376,8.211,7.771,7.641,7.481,7.294,7.082,6.858,6.634,6.361,6.02,5.644,5.277,4.897,4.618,4.496,4.478,4.453,4.445,4.417,4.341,4.237,4.15,4.073,4.001,3.938,3.881,3.821,3.764,3.699,3.621,3.535,3.451,3.366,3.286,3.211,3.14,3.069,2.997,2.928,2.866,2.806,2.747,2.69,2.627,2.555,2.476,2.398,2.322,2.249,2.185,2.127,2.069,2.011,1.952,1.891,1.829,1.768,1.708,1.65,1.598,1.55,1.501,1.453,1.398,1.337,1.27,1.205,1.137,1.071,1.002,0.934,0.866,0.798,0.73,0.664,0.598,0.534,0.473,0.413,0.357,0.304,0.254,0.207,0.166,0.132,0.106,0.08,0.059,0.044,0.031,0.021,0.013,0.009,0.007,0.005,0.002,0.001,0,0
GNQ,1963,8.676,8.352,8.044,7.582,7.42,7.251,7.075,6.89,6.707,6.54,6.31,5.981,5.6,5.234,4.858,4.583,4.465,4.451,4.43,4.423,4.396,4.32,4.215,4.129,4.05,3.976,3.911,3.852,3.791,3.731,3.664,3.585,3.499,3.415,3.331,3.249,3.174,3.102,3.03,2.958,2.888,2.825,2.766,2.707,2.649,2.586,2.513,2.435,2.358,2.28,2.209,2.143,2.085,2.025,1.967,1.908,1.846,1.784,1.722,1.66,1.601,1.548,1.498,1.447,1.396,1.341,1.277,1.209,1.142,1.074,1.005,0.937,0.868,0.799,0.732,0.666,0.599,0.536,0.474,0.415,0.359,0.307,0.258,0.213,0.171,0.134,0.105,0.083,0.061,0.045,0.033,0.024,0.016,0.009,0.007,0.005,0.003,0.002,0,0
GNQ,1964,9.062,8.572,8.148,7.783,7.419,7.223,7.046,6.881,6.72,6.578,6.468,6.279,5.963,5.576,5.21,4.837,4.564,4.45,4.44,4.422,4.417,4.389,4.314,4.208,4.12,4.04,3.965,3.898,3.836,3.773,3.711,3.642,3.563,3.475,3.39,3.305,3.224,3.147,3.075,3.002,2.928,2.859,2.795,2.734,2.674,2.617,2.553,2.48,2.402,2.325,2.247,2.174,2.109,2.05,1.99,1.93,1.87,1.807,1.744,1.681,1.618,1.558,1.502,1.451,1.398,1.344,1.287,1.222,1.152,1.083,1.014,0.945,0.875,0.805,0.736,0.669,0.603,0.538,0.476,0.416,0.359,0.305,0.257,0.213,0.172,0.135,0.102,0.079,0.061,0.043,0.03,0.023,0.016,0.01,0.005,0.004,0.003,0.002,0.001,0
GNQ,1965,9.492,8.871,8.35,7.921,7.569,7.284,7.055,6.868,6.712,6.577,6.475,6.421,6.274,5.969,5.573,5.207,4.835,4.562,4.452,4.447,4.431,4.428,4.401,4.325,4.218,4.128,4.047,3.969,3.9,3.835,3.77,3.706,3.634,3.553,3.466,3.38,3.294,3.211,3.133,3.059,2.985,2.91,2.84,2.774,2.714,2.653,2.595,2.531,2.457,2.377,2.3,2.222,2.148,2.083,2.022,1.961,1.901,1.839,1.776,1.711,1.647,1.582,1.52,1.464,1.409,1.354,1.298,1.239,1.171,1.1,1.028,0.958,0.886,0.816,0.746,0.676,0.608,0.541,0.478,0.417,0.359,0.303,0.253,0.208,0.169,0.132,0.099,0.072,0.052,0.038,0.024,0.017,0.013,0.009,0.004,0.002,0.002,0.001,0,0
GNQ,1966,9.946,9.243,8.677,8.205,7.812,7.491,7.228,7.015,6.84,6.695,6.568,6.471,6.419,6.274,5.975,5.587,5.226,4.859,4.59,4.48,4.473,4.454,4.448,4.419,4.339,4.229,4.136,4.05,3.969,3.898,3.833,3.765,3.7,3.627,3.544,3.454,3.367,3.28,3.195,3.116,3.042,2.966,2.89,2.819,2.753,2.691,2.629,2.57,2.504,2.43,2.35,2.271,2.192,2.117,2.051,1.989,1.926,1.864,1.801,1.736,1.669,1.603,1.537,1.473,1.413,1.356,1.299,1.241,1.18,1.112,1.038,0.967,0.896,0.824,0.755,0.685,0.618,0.552,0.488,0.428,0.371,0.317,0.265,0.219,0.178,0.144,0.112,0.083,0.061,0.044,0.032,0.021,0.014,0.01,0.007,0.003,0.002,0.001,0,0
GNQ,1967,10.466,9.682,9.019,8.51,8.082,7.727,7.435,7.195,6.995,6.833,6.699,6.581,6.488,6.437,6.294,6,5.618,5.262,4.899,4.632,4.521,4.513,4.492,4.483,4.452,4.368,4.254,4.157,4.067,3.982,3.908,3.841,3.773,3.705,3.631,3.546,3.454,3.365,3.274,3.188,3.108,3.033,2.956,2.879,2.806,2.739,2.676,2.614,2.553,2.486,2.41,2.329,2.249,2.169,2.093,2.024,1.961,1.896,1.833,1.768,1.701,1.631,1.563,1.494,1.429,1.367,1.307,1.247,1.188,1.124,1.054,0.98,0.908,0.835,0.765,0.695,0.628,0.56,0.496,0.435,0.378,0.324,0.275,0.227,0.185,0.149,0.12,0.091,0.067,0.049,0.035,0.025,0.016,0.011,0.008,0.005,0.003,0.001,0,0
GNQ,1968,10.883,10.074,9.388,8.772,8.32,7.939,7.622,7.36,7.143,6.961,6.811,6.688,6.578,6.49,6.44,6.299,6.011,5.636,5.286,4.928,4.663,4.553,4.542,4.52,4.508,4.474,4.387,4.269,4.168,4.073,3.986,3.91,3.841,3.771,3.703,3.626,3.54,3.445,3.354,3.262,3.175,3.094,3.017,2.939,2.861,2.788,2.72,2.656,2.592,2.529,2.462,2.385,2.303,2.221,2.14,2.063,1.993,1.928,1.861,1.796,1.73,1.661,1.59,1.52,1.449,1.381,1.316,1.255,1.192,1.13,1.065,0.994,0.919,0.846,0.773,0.702,0.633,0.567,0.502,0.439,0.38,0.327,0.277,0.232,0.188,0.151,0.12,0.094,0.07,0.051,0.037,0.027,0.018,0.012,0.008,0.007,0.004,0.002,0,0
GNQ,1969,10.985,10.21,9.544,8.977,8.453,8.062,7.731,7.455,7.225,7.033,6.869,6.733,6.621,6.521,6.438,6.39,6.252,5.973,5.61,5.267,4.916,4.657,4.548,4.535,4.511,4.496,4.459,4.369,4.25,4.145,4.047,3.956,3.88,3.81,3.739,3.669,3.592,3.504,3.409,3.316,3.223,3.135,3.053,2.976,2.898,2.82,2.746,2.678,2.612,2.548,2.485,2.417,2.34,2.256,2.175,2.093,2.016,1.945,1.879,1.813,1.746,1.678,1.608,1.535,1.463,1.391,1.322,1.256,1.192,1.127,1.064,0.997,0.925,0.849,0.776,0.704,0.634,0.566,0.501,0.439,0.379,0.323,0.272,0.228,0.186,0.147,0.114,0.088,0.068,0.049,0.034,0.025,0.018,0.012,0.007,0.005,0.004,0.002,0.001,0
GNQ,1970,10.651,9.979,9.389,8.874,8.428,8.045,7.719,7.442,7.209,7.013,6.847,6.702,6.581,6.483,6.393,6.317,6.271,6.138,5.869,5.521,5.191,4.851,4.599,4.492,4.478,4.451,4.435,4.396,4.305,4.183,4.078,3.976,3.885,3.806,3.737,3.665,3.596,3.519,3.43,3.335,3.242,3.149,3.061,2.979,2.903,2.826,2.748,2.674,2.607,2.542,2.477,2.414,2.346,2.27,2.187,2.106,2.024,1.948,1.877,1.81,1.743,1.677,1.608,1.537,1.464,1.392,1.319,1.25,1.182,1.116,1.051,0.986,0.919,0.847,0.772,0.699,0.628,0.559,0.493,0.432,0.371,0.315,0.262,0.217,0.177,0.139,0.106,0.078,0.057,0.042,0.027,0.017,0.014,0.009,0.005,0.002,0.002,0.002,0.001,0
GNQ,1971,10.154,9.997,9.427,8.916,8.459,8.055,7.699,7.383,7.116,6.896,6.716,6.557,6.413,6.296,6.206,6.13,6.065,6.028,5.902,5.637,5.29,4.962,4.622,4.372,4.268,4.259,4.238,4.226,4.19,4.103,3.984,3.881,3.783,3.694,3.62,3.555,3.487,3.421,3.349,3.264,3.172,3.083,2.994,2.908,2.83,2.755,2.681,2.606,2.535,2.47,2.408,2.347,2.287,2.222,2.148,2.068,1.989,1.91,1.835,1.766,1.701,1.636,1.57,1.503,1.434,1.363,1.292,1.222,1.153,1.088,1.024,0.961,0.899,0.835,0.766,0.694,0.626,0.558,0.494,0.435,0.378,0.325,0.274,0.229,0.188,0.152,0.119,0.088,0.065,0.048,0.035,0.022,0.014,0.011,0.007,0.004,0.002,0.002,0.001,0
GNQ,1972,9.276,9.007,9.267,8.802,8.374,7.981,7.622,7.294,6.992,6.735,6.531,6.368,6.218,6.076,5.962,5.883,5.821,5.767,5.739,5.622,5.363,5.019,4.694,4.358,4.112,4.012,4.009,3.992,3.985,3.953,3.87,3.755,3.656,3.562,3.476,3.406,3.346,3.283,3.221,3.152,3.072,2.985,2.9,2.815,2.734,2.658,2.588,2.517,2.445,2.377,2.315,2.257,2.199,2.143,2.081,2.01,1.932,1.857,1.781,1.708,1.642,1.579,1.516,1.452,1.388,1.321,1.251,1.182,1.115,1.048,0.985,0.924,0.863,0.804,0.744,0.678,0.612,0.547,0.484,0.426,0.372,0.322,0.276,0.232,0.192,0.157,0.126,0.096,0.071,0.052,0.039,0.027,0.018,0.011,0.009,0.006,0.003,0.002,0.001,0
GNQ,1973,8.267,8.236,8.153,8.512,8.155,7.809,7.48,7.167,6.868,6.581,6.336,6.148,6.002,5.86,5.721,5.613,5.544,5.495,5.452,5.434,5.325,5.072,4.734,4.413,4.081,3.839,3.746,3.747,3.735,3.733,3.706,3.626,3.515,3.421,3.33,3.249,3.184,3.127,3.069,3.012,2.948,2.872,2.789,2.709,2.629,2.552,2.48,2.413,2.345,2.277,2.213,2.155,2.1,2.046,1.993,1.935,1.867,1.793,1.72,1.647,1.577,1.513,1.453,1.392,1.331,1.269,1.204,1.136,1.07,1.004,0.94,0.88,0.821,0.764,0.708,0.651,0.589,0.527,0.467,0.409,0.355,0.308,0.266,0.226,0.189,0.155,0.125,0.099,0.074,0.053,0.039,0.028,0.02,0.012,0.008,0.007,0.004,0.002,0.001,0
GNQ,1974,7.446,7.575,7.622,7.599,7.784,7.532,7.269,7,6.733,6.463,6.189,5.955,5.782,5.654,5.52,5.383,5.278,5.221,5.185,5.153,5.145,5.045,4.797,4.461,4.146,3.818,3.578,3.489,3.496,3.489,3.491,3.469,3.393,3.286,3.195,3.108,3.031,2.969,2.918,2.864,2.812,2.752,2.68,2.602,2.526,2.45,2.377,2.309,2.245,2.18,2.115,2.055,1.999,1.949,1.898,1.848,1.794,1.729,1.658,1.588,1.518,1.451,1.388,1.331,1.272,1.213,1.153,1.09,1.025,0.96,0.897,0.836,0.778,0.722,0.667,0.614,0.56,0.502,0.445,0.389,0.335,0.287,0.246,0.211,0.177,0.147,0.119,0.095,0.073,0.052,0.035,0.026,0.019,0.012,0.007,0.005,0.004,0.002,0.002,0
GNQ,1975,7.04,7.192,7.267,7.272,7.219,7.113,6.965,6.783,6.575,6.35,6.106,5.843,5.618,5.461,5.347,5.222,5.085,4.985,4.936,4.914,4.892,4.894,4.801,4.557,4.223,3.909,3.582,3.345,3.26,3.272,3.269,3.276,3.258,3.186,3.082,2.993,2.91,2.836,2.778,2.731,2.682,2.632,2.577,2.509,2.435,2.361,2.289,2.22,2.155,2.094,2.032,1.97,1.911,1.859,1.812,1.765,1.719,1.666,1.604,1.536,1.468,1.4,1.335,1.275,1.218,1.162,1.105,1.046,0.985,0.921,0.859,0.797,0.737,0.682,0.628,0.575,0.525,0.473,0.419,0.365,0.314,0.264,0.221,0.186,0.157,0.13,0.106,0.084,0.065,0.048,0.03,0.018,0.014,0.009,0.005,0.002,0.002,0.002,0.001,0
GNQ,1976,6.845,6.681,6.755,6.791,6.791,6.755,6.693,6.614,6.485,6.29,6.055,5.814,5.56,5.342,5.192,5.087,4.97,4.839,4.743,4.697,4.675,4.653,4.655,4.564,4.329,4.008,3.704,3.389,3.161,3.08,3.091,3.09,3.097,3.08,3.011,2.912,2.827,2.747,2.677,2.623,2.578,2.531,2.485,2.431,2.367,2.296,2.225,2.157,2.09,2.028,1.969,1.91,1.85,1.795,1.744,1.699,1.652,1.608,1.557,1.496,1.43,1.365,1.298,1.235,1.176,1.122,1.067,1.011,0.954,0.895,0.834,0.775,0.715,0.658,0.606,0.554,0.505,0.457,0.411,0.361,0.314,0.268,0.225,0.187,0.156,0.131,0.107,0.087,0.069,0.053,0.039,0.023,0.014,0.011,0.007,0.004,0.002,0.002,0.001,0
GNQ,1977,7.031,6.789,6.372,6.373,6.372,6.365,6.346,6.327,6.314,6.234,6.052,5.806,5.567,5.317,5.107,4.963,4.866,4.754,4.629,4.538,4.493,4.471,4.449,4.449,4.362,4.134,3.822,3.528,3.222,3.002,2.923,2.935,2.935,2.942,2.927,2.861,2.765,2.684,2.607,2.54,2.488,2.446,2.401,2.356,2.306,2.243,2.174,2.107,2.04,1.975,1.916,1.86,1.803,1.746,1.691,1.644,1.598,1.553,1.51,1.461,1.402,1.336,1.273,1.208,1.146,1.089,1.035,0.98,0.926,0.871,0.813,0.754,0.697,0.64,0.586,0.536,0.487,0.44,0.396,0.352,0.308,0.266,0.225,0.187,0.154,0.127,0.105,0.086,0.068,0.055,0.041,0.03,0.018,0.011,0.009,0.006,0.003,0.002,0.001,0
GNQ,1978,7.583,7.018,6.566,6.145,6.073,6.037,6.023,6.022,6.043,6.095,6.061,5.889,5.63,5.389,5.143,4.936,4.797,4.706,4.599,4.479,4.391,4.346,4.324,4.302,4.301,4.214,3.99,3.686,3.397,3.096,2.881,2.804,2.817,2.816,2.825,2.81,2.747,2.654,2.575,2.501,2.435,2.385,2.345,2.301,2.259,2.21,2.149,2.081,2.016,1.951,1.887,1.83,1.775,1.72,1.663,1.611,1.564,1.52,1.475,1.432,1.383,1.325,1.261,1.198,1.134,1.073,1.015,0.962,0.907,0.855,0.8,0.743,0.686,0.629,0.575,0.522,0.474,0.428,0.383,0.34,0.3,0.26,0.221,0.186,0.153,0.124,0.101,0.082,0.065,0.051,0.041,0.03,0.021,0.013,0.007,0.006,0.004,0.002,0.001,0
GNQ,1979,8.488,7.598,6.894,6.357,6.03,5.884,5.81,5.79,5.806,5.868,5.985,5.999,5.834,5.557,5.31,5.062,4.854,4.718,4.632,4.528,4.41,4.322,4.278,4.256,4.233,4.231,4.144,3.92,3.616,3.328,3.027,2.812,2.736,2.75,2.75,2.759,2.746,2.683,2.59,2.512,2.439,2.375,2.326,2.285,2.243,2.201,2.153,2.093,2.026,1.961,1.896,1.834,1.776,1.722,1.668,1.612,1.559,1.513,1.468,1.423,1.38,1.331,1.272,1.208,1.144,1.08,1.018,0.96,0.906,0.852,0.797,0.742,0.686,0.629,0.574,0.519,0.468,0.42,0.375,0.331,0.291,0.251,0.215,0.181,0.15,0.121,0.096,0.076,0.061,0.045,0.035,0.028,0.021,0.014,0.007,0.005,0.004,0.002,0.002,0
GNQ,1980,9.737,8.566,7.635,6.919,6.391,6.028,5.802,5.687,5.66,5.694,5.799,5.989,6.053,5.891,5.59,5.332,5.077,4.864,4.729,4.645,4.542,4.424,4.337,4.292,4.268,4.244,4.242,4.152,3.923,3.614,3.32,3.015,2.796,2.719,2.733,2.734,2.744,2.731,2.668,2.575,2.497,2.423,2.359,2.309,2.269,2.227,2.186,2.136,2.076,2.009,1.942,1.876,1.814,1.755,1.701,1.646,1.589,1.536,1.488,1.442,1.397,1.352,1.302,1.242,1.175,1.11,1.045,0.981,0.922,0.866,0.809,0.754,0.697,0.64,0.582,0.526,0.472,0.42,0.372,0.327,0.284,0.244,0.207,0.174,0.143,0.115,0.09,0.069,0.052,0.039,0.027,0.019,0.014,0.01,0.005,0.002,0.002,0.002,0.001,0
GNQ,1981,10.705,9.658,8.595,7.741,7.072,6.569,6.208,5.961,5.832,5.805,5.848,5.953,6.134,6.189,6.021,5.713,5.448,5.184,4.965,4.828,4.743,4.64,4.523,4.434,4.384,4.355,4.327,4.319,4.226,3.999,3.693,3.402,3.1,2.882,2.802,2.811,2.807,2.812,2.794,2.728,2.634,2.554,2.478,2.41,2.358,2.315,2.27,2.227,2.175,2.112,2.041,1.972,1.903,1.837,1.775,1.718,1.66,1.6,1.544,1.492,1.442,1.393,1.344,1.289,1.225,1.156,1.088,1.019,0.953,0.891,0.831,0.772,0.714,0.656,0.597,0.54,0.484,0.43,0.38,0.333,0.289,0.248,0.209,0.174,0.145,0.119,0.095,0.074,0.056,0.043,0.032,0.021,0.015,0.012,0.008,0.004,0.002,0.002,0,0
GNQ,1982,12.008,10.589,9.757,8.784,7.987,7.353,6.867,6.5,6.231,6.082,6.055,6.109,6.214,6.39,6.438,6.26,5.941,5.663,5.387,5.157,5.015,4.928,4.823,4.703,4.611,4.557,4.522,4.488,4.475,4.378,4.147,3.839,3.546,3.241,3.021,2.936,2.94,2.931,2.931,2.908,2.839,2.74,2.657,2.577,2.507,2.451,2.404,2.357,2.309,2.254,2.186,2.111,2.037,1.964,1.894,1.828,1.767,1.704,1.64,1.58,1.523,1.468,1.414,1.359,1.3,1.231,1.158,1.086,1.013,0.942,0.877,0.813,0.75,0.688,0.628,0.567,0.508,0.452,0.397,0.347,0.3,0.256,0.216,0.179,0.146,0.118,0.096,0.076,0.059,0.045,0.034,0.025,0.016,0.012,0.009,0.007,0.003,0.002,0,0
GNQ,1983,13.388,11.938,10.703,9.92,9.028,8.288,7.686,7.21,6.838,6.541,6.374,6.347,6.412,6.518,6.69,6.731,6.542,6.21,5.916,5.626,5.384,5.235,5.147,5.038,4.915,4.82,4.761,4.72,4.681,4.662,4.56,4.325,4.011,3.714,3.405,3.179,3.09,3.088,3.074,3.069,3.042,2.968,2.866,2.777,2.695,2.62,2.56,2.511,2.458,2.407,2.348,2.276,2.195,2.117,2.038,1.963,1.893,1.828,1.76,1.692,1.627,1.565,1.504,1.443,1.384,1.319,1.245,1.167,1.09,1.013,0.938,0.868,0.799,0.732,0.667,0.602,0.54,0.479,0.421,0.366,0.314,0.268,0.225,0.186,0.148,0.117,0.093,0.075,0.058,0.046,0.034,0.025,0.018,0.012,0.008,0.007,0.005,0.002,0,0
GNQ,1984,14.492,13.11,11.895,10.837,10.039,9.236,8.555,7.988,7.527,7.148,6.827,6.642,6.615,6.69,6.796,6.964,6.998,6.798,6.453,6.147,5.842,5.589,5.435,5.345,5.233,5.109,5.01,4.947,4.899,4.853,4.829,4.723,4.484,4.168,3.867,3.555,3.327,3.232,3.226,3.206,3.195,3.164,3.085,2.98,2.888,2.801,2.723,2.66,2.607,2.55,2.495,2.432,2.356,2.271,2.188,2.105,2.025,1.951,1.88,1.809,1.736,1.666,1.599,1.533,1.467,1.402,1.332,1.254,1.171,1.09,1.009,0.929,0.854,0.782,0.711,0.641,0.575,0.51,0.447,0.388,0.332,0.281,0.234,0.192,0.153,0.117,0.088,0.067,0.052,0.039,0.031,0.023,0.017,0.011,0.007,0.005,0.004,0.002,0.002,0
GNQ,1985,15.094,13.88,12.774,11.772,10.87,10.068,9.36,8.744,8.217,7.775,7.395,7.052,6.849,6.822,6.908,7.014,7.175,7.202,6.993,6.638,6.322,6.006,5.745,5.586,5.495,5.381,5.256,5.155,5.086,5.033,4.983,4.954,4.843,4.603,4.286,3.986,3.674,3.443,3.345,3.334,3.309,3.294,3.257,3.175,3.067,2.973,2.883,2.801,2.735,2.678,2.619,2.561,2.495,2.415,2.326,2.239,2.152,2.068,1.991,1.916,1.842,1.766,1.691,1.619,1.548,1.478,1.408,1.334,1.251,1.165,1.079,0.995,0.911,0.833,0.757,0.683,0.611,0.541,0.474,0.412,0.352,0.296,0.245,0.198,0.157,0.12,0.085,0.058,0.041,0.029,0.02,0.016,0.012,0.008,0.004,0.002,0.002,0.001,0,0
GNQ,1986,15.4,14.931,13.84,12.82,11.872,10.999,10.199,9.468,8.836,8.312,7.886,7.507,7.159,6.95,6.919,7.001,7.103,7.258,7.28,7.067,6.71,6.392,6.073,5.809,5.648,5.554,5.439,5.311,5.208,5.138,5.082,5.03,4.999,4.885,4.644,4.325,4.022,3.709,3.476,3.376,3.362,3.336,3.319,3.281,3.198,3.087,2.99,2.898,2.815,2.747,2.687,2.625,2.564,2.496,2.413,2.322,2.233,2.143,2.056,1.976,1.898,1.82,1.741,1.663,1.587,1.513,1.439,1.367,1.289,1.204,1.115,1.028,0.942,0.858,0.779,0.704,0.63,0.559,0.491,0.427,0.367,0.312,0.259,0.212,0.171,0.134,0.1,0.071,0.049,0.033,0.025,0.017,0.012,0.01,0.007,0.003,0.002,0.001,0,0
GNQ,1987,15.223,14.651,14.68,13.721,12.792,11.905,11.065,10.272,9.523,8.876,8.36,7.951,7.577,7.225,7.011,6.977,7.055,7.151,7.3,7.316,7.101,6.744,6.425,6.105,5.841,5.678,5.582,5.465,5.336,5.232,5.159,5.101,5.048,5.014,4.9,4.657,4.338,4.036,3.722,3.489,3.388,3.372,3.344,3.325,3.285,3.201,3.089,2.991,2.898,2.813,2.743,2.68,2.616,2.553,2.483,2.398,2.305,2.214,2.122,2.033,1.95,1.87,1.788,1.706,1.625,1.547,1.469,1.392,1.316,1.237,1.149,1.059,0.971,0.884,0.799,0.721,0.646,0.574,0.504,0.438,0.377,0.321,0.269,0.22,0.177,0.14,0.11,0.081,0.057,0.04,0.027,0.019,0.013,0.009,0.007,0.005,0.002,0.001,0,0
GNQ,1988,14.798,14.614,14.292,14.375,13.548,12.717,11.893,11.09,10.307,9.543,8.885,8.376,7.986,7.618,7.264,7.047,7.008,7.082,7.173,7.315,7.325,7.109,6.753,6.435,6.115,5.851,5.687,5.589,5.471,5.341,5.236,5.162,5.102,5.046,5.012,4.896,4.654,4.336,4.035,3.722,3.489,3.386,3.368,3.34,3.319,3.278,3.191,3.079,2.981,2.886,2.8,2.729,2.664,2.598,2.533,2.459,2.374,2.279,2.186,2.093,2.002,1.916,1.833,1.75,1.664,1.582,1.5,1.419,1.339,1.261,1.179,1.091,0.999,0.91,0.822,0.738,0.659,0.586,0.515,0.447,0.384,0.327,0.274,0.225,0.181,0.142,0.111,0.084,0.061,0.042,0.029,0.02,0.014,0.009,0.007,0.005,0.004,0.002,0,0
GNQ,1989,14.456,14.561,14.473,14.216,14.049,13.359,12.623,11.864,11.098,10.326,9.548,8.879,8.38,8.01,7.649,7.293,7.072,7.03,7.099,7.184,7.318,7.324,7.106,6.752,6.434,6.116,5.852,5.688,5.589,5.469,5.338,5.232,5.157,5.095,5.038,5.001,4.885,4.643,4.327,4.026,3.715,3.482,3.38,3.36,3.33,3.307,3.265,3.178,3.066,2.966,2.871,2.783,2.71,2.644,2.576,2.508,2.433,2.346,2.25,2.156,2.061,1.968,1.88,1.795,1.708,1.621,1.535,1.451,1.367,1.285,1.204,1.12,1.03,0.938,0.848,0.759,0.675,0.597,0.525,0.455,0.389,0.329,0.275,0.226,0.182,0.141,0.107,0.08,0.06,0.041,0.028,0.019,0.013,0.008,0.005,0.004,0.003,0.002,0.001,0
GNQ,1990,14.434,14.654,14.67,14.505,14.185,13.734,13.176,12.537,11.84,11.112,10.351,9.557,8.878,8.388,8.038,7.682,7.324,7.1,7.054,7.119,7.197,7.325,7.325,7.107,6.754,6.436,6.119,5.855,5.691,5.59,5.47,5.338,5.231,5.153,5.091,5.032,4.994,4.876,4.636,4.32,4.02,3.711,3.478,3.375,3.354,3.322,3.298,3.254,3.166,3.053,2.952,2.856,2.768,2.693,2.625,2.555,2.485,2.408,2.319,2.222,2.126,2.03,1.936,1.844,1.757,1.668,1.578,1.49,1.402,1.317,1.232,1.149,1.062,0.971,0.877,0.786,0.697,0.614,0.536,0.465,0.397,0.333,0.275,0.223,0.179,0.138,0.101,0.071,0.05,0.035,0.021,0.013,0.009,0.007,0.003,0.002,0.002,0,0,0
GNQ,1991,14.83,14.418,14.514,14.461,14.275,13.97,13.572,13.105,12.535,11.855,11.112,10.354,9.571,8.907,8.44,8.117,7.785,7.451,7.242,7.199,7.259,7.332,7.452,7.443,7.214,6.85,6.52,6.188,5.913,5.742,5.637,5.513,5.378,5.266,5.182,5.112,5.047,5.002,4.88,4.636,4.319,4.019,3.708,3.473,3.367,3.343,3.307,3.28,3.233,3.143,3.027,2.925,2.827,2.736,2.658,2.588,2.516,2.443,2.364,2.273,2.173,2.074,1.975,1.879,1.786,1.696,1.604,1.513,1.423,1.334,1.246,1.16,1.076,0.989,0.899,0.807,0.719,0.633,0.552,0.479,0.412,0.349,0.289,0.236,0.189,0.15,0.115,0.084,0.06,0.042,0.028,0.017,0.011,0.008,0.005,0.002,0.002,0,0,0
GNQ,1992,15.519,15.378,14.387,14.358,14.237,14.028,13.74,13.395,13.02,12.519,11.857,11.1,10.346,9.574,8.927,8.483,8.186,7.879,7.569,7.377,7.337,7.391,7.458,7.57,7.552,7.314,6.938,6.596,6.25,5.964,5.786,5.679,5.55,5.411,5.294,5.205,5.128,5.056,5.005,4.877,4.631,4.314,4.011,3.7,3.465,3.356,3.327,3.288,3.257,3.207,3.115,2.998,2.894,2.794,2.701,2.621,2.548,2.473,2.399,2.316,2.222,2.121,2.021,1.92,1.821,1.726,1.632,1.539,1.447,1.355,1.264,1.174,1.087,1.002,0.916,0.826,0.737,0.651,0.568,0.49,0.42,0.358,0.3,0.245,0.197,0.156,0.123,0.092,0.067,0.048,0.033,0.023,0.013,0.008,0.006,0.004,0.002,0,0,0
GNQ,1993,16.424,15.915,15.434,14.36,14.207,14.018,13.788,13.515,13.224,12.94,12.508,11.862,11.091,10.341,9.58,8.948,8.527,8.258,7.977,7.691,7.512,7.476,7.524,7.585,7.69,7.663,7.415,7.029,6.674,6.314,6.017,5.832,5.721,5.589,5.446,5.325,5.23,5.145,5.067,5.009,4.877,4.627,4.31,4.006,3.694,3.457,3.345,3.313,3.27,3.237,3.184,3.089,2.97,2.864,2.761,2.667,2.584,2.508,2.432,2.354,2.271,2.174,2.069,1.968,1.864,1.762,1.665,1.57,1.474,1.38,1.286,1.194,1.103,1.015,0.929,0.843,0.754,0.667,0.583,0.503,0.429,0.363,0.305,0.251,0.201,0.157,0.123,0.095,0.07,0.049,0.035,0.025,0.016,0.009,0.006,0.004,0.003,0.002,0,0
GNQ,1994,17.417,16.548,15.805,15.174,14.36,14.083,13.826,13.574,13.316,13.077,12.884,12.519,11.89,11.103,10.357,9.605,8.987,8.589,8.347,8.089,7.826,7.664,7.629,7.672,7.727,7.825,7.79,7.53,7.132,6.765,6.39,6.081,5.889,5.774,5.638,5.491,5.366,5.264,5.172,5.087,5.022,4.886,4.633,4.314,4.009,3.694,3.456,3.341,3.305,3.259,3.221,3.166,3.069,2.948,2.839,2.735,2.637,2.552,2.475,2.395,2.315,2.229,2.13,2.023,1.918,1.812,1.708,1.608,1.511,1.413,1.316,1.22,1.126,1.035,0.944,0.857,0.771,0.683,0.599,0.517,0.439,0.368,0.307,0.253,0.203,0.158,0.119,0.09,0.068,0.047,0.032,0.023,0.016,0.01,0.005,0.004,0.002,0.002,0,0
GNQ,1995,18.398,17.253,16.305,15.528,14.899,14.394,13.99,13.663,13.39,13.147,12.96,12.857,12.561,11.946,11.141,10.395,9.652,9.046,8.67,8.454,8.22,7.98,7.832,7.801,7.839,7.888,7.98,7.935,7.664,7.252,6.871,6.481,6.159,5.96,5.841,5.701,5.55,5.42,5.31,5.211,5.119,5.048,4.905,4.65,4.327,4.02,3.704,3.463,3.344,3.304,3.256,3.214,3.156,3.055,2.932,2.82,2.714,2.614,2.526,2.446,2.363,2.281,2.191,2.089,1.98,1.872,1.764,1.657,1.555,1.454,1.354,1.255,1.158,1.061,0.967,0.876,0.787,0.7,0.615,0.531,0.451,0.375,0.308,0.25,0.2,0.155,0.114,0.081,0.056,0.04,0.024,0.016,0.012,0.007,0.004,0.002,0.002,0,0,0
GNQ,1996,19.175,18.054,16.993,16.107,15.375,14.776,14.29,13.895,13.574,13.305,13.068,12.882,12.768,12.496,11.963,11.271,10.628,9.99,9.458,9.099,8.864,8.613,8.351,8.179,8.124,8.136,8.156,8.216,8.133,7.818,7.36,6.933,6.495,6.14,5.929,5.813,5.673,5.527,5.397,5.284,5.175,5.077,5.002,4.856,4.6,4.279,3.972,3.658,3.417,3.297,3.256,3.204,3.162,3.101,3,2.876,2.764,2.657,2.555,2.465,2.381,2.296,2.212,2.12,2.016,1.904,1.795,1.685,1.578,1.474,1.372,1.273,1.173,1.076,0.98,0.887,0.798,0.712,0.628,0.547,0.469,0.395,0.325,0.264,0.212,0.169,0.129,0.095,0.067,0.047,0.032,0.019,0.012,0.009,0.007,0.003,0.002,0,0,0
GNQ,1997,19.962,18.592,17.76,16.78,15.954,15.264,14.693,14.224,13.838,13.52,13.255,13.023,12.838,12.714,12.467,12.011,11.428,10.888,10.355,9.892,9.551,9.296,9.027,8.743,8.545,8.467,8.455,8.445,8.472,8.352,7.993,7.487,7.014,6.527,6.138,5.914,5.799,5.661,5.518,5.39,5.271,5.155,5.05,4.97,4.821,4.563,4.242,3.936,3.622,3.382,3.26,3.217,3.163,3.118,3.055,2.954,2.827,2.715,2.606,2.504,2.411,2.325,2.236,2.148,2.055,1.948,1.835,1.723,1.611,1.503,1.396,1.295,1.194,1.094,0.996,0.902,0.811,0.723,0.639,0.558,0.482,0.409,0.34,0.276,0.221,0.175,0.138,0.104,0.075,0.053,0.037,0.025,0.015,0.009,0.007,0.005,0.002,0,0,0
GNQ,1998,20.762,19.385,18.202,17.502,16.6,15.833,15.184,14.641,14.188,13.808,13.494,13.232,13.005,12.819,12.685,12.462,12.083,11.61,11.17,10.74,10.348,10.022,9.746,9.459,9.153,8.93,8.827,8.791,8.751,8.746,8.588,8.183,7.63,7.108,6.573,6.148,5.911,5.797,5.661,5.521,5.394,5.269,5.144,5.033,4.948,4.796,4.536,4.214,3.908,3.593,3.352,3.229,3.183,3.128,3.08,3.016,2.913,2.786,2.671,2.561,2.457,2.361,2.272,2.181,2.09,1.992,1.883,1.768,1.654,1.541,1.429,1.323,1.22,1.117,1.018,0.92,0.826,0.736,0.649,0.567,0.489,0.417,0.349,0.286,0.228,0.177,0.138,0.108,0.078,0.056,0.04,0.027,0.019,0.01,0.007,0.005,0.004,0.002,0,0
GNQ,1999,21.587,20.23,19.036,17.994,17.262,16.438,15.728,15.12,14.604,14.165,13.793,13.482,13.223,13.001,12.815,12.67,12.47,12.169,11.803,11.464,11.137,10.815,10.505,10.209,9.903,9.573,9.324,9.197,9.138,9.068,9.03,8.833,8.384,7.781,7.211,6.626,6.164,5.914,5.802,5.665,5.53,5.404,5.274,5.138,5.021,4.931,4.775,4.513,4.191,3.883,3.569,3.326,3.201,3.152,3.095,3.046,2.979,2.875,2.746,2.63,2.519,2.412,2.315,2.221,2.127,2.033,1.933,1.821,1.704,1.587,1.472,1.359,1.251,1.145,1.042,0.941,0.843,0.75,0.661,0.576,0.496,0.421,0.352,0.29,0.231,0.178,0.134,0.101,0.077,0.053,0.036,0.027,0.018,0.012,0.006,0.004,0.003,0.002,0,0
GNQ,2000,22.449,21.112,19.911,18.835,17.878,17.031,16.284,15.631,15.064,14.573,14.15,13.785,13.477,13.221,13.003,12.817,12.662,12.486,12.261,12.005,11.767,11.543,11.291,10.997,10.679,10.355,10.002,9.726,9.575,9.491,9.391,9.321,9.086,8.589,7.936,7.317,6.682,6.185,5.921,5.809,5.674,5.542,5.417,5.281,5.135,5.012,4.917,4.758,4.493,4.169,3.861,3.546,3.303,3.175,3.124,3.064,3.013,2.945,2.838,2.708,2.59,2.478,2.37,2.269,2.173,2.074,1.978,1.874,1.76,1.639,1.521,1.403,1.288,1.178,1.072,0.967,0.865,0.767,0.674,0.586,0.503,0.425,0.352,0.288,0.23,0.177,0.13,0.091,0.064,0.046,0.028,0.017,0.013,0.009,0.004,0.002,0.002,0,0,0
GNQ,2001,23.2,22.124,20.859,19.712,18.677,17.75,16.925,16.197,15.556,14.993,14.506,14.083,13.705,13.433,13.286,13.223,13.18,13.171,13.094,12.892,12.606,12.342,12.085,11.797,11.471,11.122,10.759,10.363,10.034,9.818,9.662,9.492,9.349,9.063,8.551,7.907,7.294,6.669,6.179,5.908,5.785,5.641,5.504,5.374,5.234,5.085,4.959,4.861,4.699,4.436,4.114,3.807,3.494,3.25,3.122,3.069,3.007,2.954,2.883,2.774,2.642,2.522,2.407,2.296,2.193,2.092,1.992,1.893,1.787,1.671,1.551,1.431,1.313,1.2,1.09,0.986,0.884,0.784,0.69,0.602,0.519,0.441,0.367,0.302,0.244,0.194,0.148,0.108,0.076,0.053,0.037,0.022,0.014,0.01,0.007,0.003,0.002,0,0,0
GNQ,2002,23.989,22.72,21.834,20.638,19.544,18.549,17.65,16.846,16.136,15.505,14.945,14.461,14.037,13.647,13.409,13.373,13.461,13.561,13.697,13.719,13.539,13.224,12.934,12.644,12.319,11.961,11.581,11.176,10.738,10.357,10.075,9.848,9.607,9.392,9.055,8.527,7.889,7.283,6.667,6.181,5.906,5.77,5.618,5.475,5.34,5.196,5.044,4.914,4.812,4.649,4.386,4.064,3.759,3.447,3.204,3.075,3.02,2.955,2.899,2.826,2.715,2.581,2.458,2.34,2.227,2.12,2.017,1.914,1.811,1.703,1.586,1.464,1.345,1.227,1.113,1.004,0.901,0.801,0.705,0.614,0.53,0.453,0.38,0.312,0.252,0.201,0.159,0.119,0.086,0.061,0.042,0.028,0.017,0.01,0.008,0.005,0.002,0,0,0
GNQ,2003,24.839,23.606,22.435,21.578,20.448,19.405,18.448,17.576,16.792,16.098,15.476,14.92,14.437,14.012,13.608,13.406,13.477,13.72,13.96,14.242,14.364,14.206,13.861,13.544,13.221,12.859,12.468,12.055,11.611,11.129,10.695,10.348,10.048,9.738,9.447,9.06,8.516,7.884,7.282,6.675,6.193,5.911,5.763,5.603,5.454,5.314,5.166,5.01,4.876,4.771,4.606,4.342,4.021,3.716,3.406,3.163,3.033,2.974,2.908,2.85,2.773,2.66,2.522,2.397,2.276,2.16,2.05,1.944,1.837,1.732,1.622,1.503,1.379,1.259,1.141,1.028,0.92,0.819,0.72,0.626,0.539,0.46,0.386,0.319,0.257,0.203,0.159,0.123,0.09,0.063,0.045,0.032,0.021,0.012,0.008,0.005,0.004,0.002,0,0
GNQ,2004,25.789,24.575,23.407,22.287,21.355,20.289,19.296,18.376,17.529,16.764,16.086,15.473,14.917,14.435,14.008,13.591,13.422,13.604,14,14.383,14.812,15.032,14.896,14.521,14.176,13.82,13.421,12.997,12.55,12.066,11.54,11.052,10.638,10.266,9.884,9.52,9.081,8.519,7.892,7.293,6.693,6.215,5.926,5.765,5.597,5.442,5.296,5.143,4.983,4.846,4.737,4.57,4.305,3.984,3.68,3.369,3.127,2.994,2.933,2.865,2.804,2.726,2.609,2.468,2.341,2.217,2.098,1.984,1.874,1.765,1.657,1.543,1.423,1.297,1.176,1.057,0.943,0.837,0.736,0.64,0.548,0.464,0.389,0.321,0.259,0.201,0.154,0.116,0.088,0.06,0.041,0.03,0.021,0.012,0.007,0.005,0.003,0.002,0.001,0
GNQ,2005,26.861,25.643,24.46,23.317,22.217,21.163,20.162,19.217,18.332,17.511,16.763,16.098,15.493,14.939,14.456,14.027,13.595,13.461,13.753,14.304,14.831,15.409,15.728,15.615,15.208,14.837,14.446,14.01,13.551,13.071,12.544,11.972,11.429,10.947,10.502,10.047,9.609,9.117,8.535,7.912,7.316,6.723,6.247,5.951,5.776,5.599,5.438,5.287,5.129,4.965,4.824,4.711,4.54,4.275,3.954,3.649,3.338,3.095,2.96,2.898,2.826,2.762,2.681,2.562,2.418,2.287,2.16,2.037,1.92,1.807,1.694,1.582,1.466,1.343,1.217,1.094,0.974,0.86,0.754,0.656,0.562,0.472,0.391,0.319,0.256,0.198,0.147,0.105,0.074,0.052,0.031,0.019,0.014,0.01,0.005,0.002,0.002,0.001,0,0
GNQ,2006,27.873,26.612,25.407,24.242,23.12,22.046,21.027,20.073,19.16,18.276,17.446,16.694,16.014,15.467,15.091,14.855,14.656,14.462,14.488,14.813,15.31,15.791,16.311,16.568,16.4,15.942,15.506,15.045,14.524,13.963,13.371,12.736,12.051,11.429,10.92,10.481,10.031,9.604,9.118,8.53,7.893,7.289,6.691,6.212,5.911,5.732,5.551,5.386,5.232,5.07,4.904,4.76,4.645,4.473,4.207,3.889,3.586,3.277,3.034,2.898,2.829,2.753,2.686,2.601,2.478,2.332,2.199,2.069,1.944,1.824,1.709,1.594,1.482,1.365,1.244,1.12,1,0.883,0.773,0.673,0.579,0.491,0.409,0.334,0.271,0.216,0.165,0.121,0.087,0.061,0.042,0.025,0.016,0.012,0.007,0.004,0.002,0.001,0,0
GNQ,2007,29.003,27.703,26.408,25.215,24.066,22.964,21.913,20.926,20.018,19.134,18.252,17.411,16.654,15.954,15.467,15.266,15.278,15.308,15.35,15.535,15.893,16.34,16.774,17.238,17.434,17.212,16.702,16.2,15.668,15.062,14.399,13.695,12.95,12.152,11.45,10.912,10.478,10.033,9.616,9.135,8.54,7.887,7.275,6.672,6.188,5.882,5.697,5.512,5.343,5.186,5.021,4.851,4.705,4.586,4.413,4.148,3.831,3.529,3.223,2.98,2.84,2.767,2.686,2.614,2.525,2.398,2.25,2.113,1.982,1.854,1.731,1.614,1.497,1.383,1.267,1.145,1.024,0.907,0.793,0.688,0.592,0.505,0.423,0.346,0.278,0.222,0.176,0.132,0.096,0.069,0.049,0.033,0.019,0.012,0.009,0.006,0.003,0.001,0,0
GNQ,2008,30.204,28.84,27.521,26.236,25.053,23.918,22.835,21.805,20.849,19.986,19.131,18.249,17.397,16.635,15.916,15.485,15.462,15.718,15.978,16.256,16.6,16.993,17.388,17.778,18.186,18.32,18.045,17.482,16.915,16.311,15.62,14.853,14.037,13.181,12.27,11.486,10.918,10.49,10.048,9.64,9.164,8.56,7.891,7.269,6.661,6.171,5.859,5.67,5.48,5.307,5.146,4.978,4.804,4.655,4.533,4.358,4.093,3.777,3.477,3.171,2.928,2.785,2.707,2.622,2.545,2.452,2.323,2.171,2.031,1.897,1.766,1.641,1.521,1.402,1.286,1.169,1.05,0.93,0.815,0.705,0.603,0.512,0.431,0.355,0.284,0.223,0.174,0.136,0.099,0.071,0.051,0.035,0.024,0.014,0.009,0.007,0.004,0.002,0,0
GNQ,2009,31.418,30.001,28.638,27.328,26.083,24.91,23.789,22.724,21.715,20.789,19.97,19.142,18.26,17.396,16.627,15.888,15.516,15.669,16.172,16.663,17.178,17.681,18.109,18.454,18.798,19.15,19.224,18.895,18.278,17.645,16.97,16.192,15.32,14.391,13.423,12.396,11.531,10.935,10.51,10.071,9.672,9.2,8.587,7.901,7.269,6.655,6.159,5.842,5.646,5.453,5.276,5.11,4.938,4.761,4.608,4.484,4.307,4.042,3.726,3.427,3.122,2.879,2.733,2.65,2.56,2.478,2.381,2.247,2.093,1.95,1.813,1.68,1.553,1.43,1.308,1.19,1.073,0.953,0.836,0.724,0.616,0.518,0.432,0.357,0.286,0.222,0.168,0.127,0.096,0.066,0.046,0.034,0.023,0.014,0.007,0.005,0.004,0.002,0.001,0
GNQ,2010,32.597,31.159,29.774,28.441,27.164,25.942,24.777,23.67,22.622,21.633,20.737,19.962,19.163,18.279,17.403,16.627,15.868,15.554,15.884,16.635,17.356,18.109,18.774,19.236,19.529,19.83,20.126,20.139,19.755,19.085,18.383,17.636,16.773,15.795,14.751,13.672,12.53,11.582,10.954,10.534,10.099,9.708,9.24,8.618,7.915,7.273,6.652,6.15,5.826,5.626,5.426,5.246,5.076,4.9,4.72,4.564,4.437,4.256,3.992,3.677,3.379,3.075,2.831,2.681,2.593,2.499,2.412,2.311,2.173,2.015,1.87,1.73,1.594,1.463,1.338,1.215,1.095,0.977,0.858,0.742,0.633,0.528,0.434,0.353,0.283,0.218,0.16,0.113,0.079,0.056,0.033,0.021,0.016,0.011,0.005,0.002,0.002,0.001,0,0
GNQ,2011,33.649,32.36,30.965,29.615,28.311,27.057,25.862,24.733,23.645,22.589,21.585,20.675,19.867,19.138,18.485,17.933,17.46,17.014,16.91,17.286,17.969,18.631,19.308,19.894,20.29,20.522,20.741,20.953,20.849,20.302,19.446,18.563,17.627,16.634,15.621,14.603,13.545,12.434,11.508,10.878,10.441,10,9.609,9.143,8.521,7.82,7.181,6.563,6.064,5.741,5.541,5.342,5.162,4.992,4.815,4.634,4.477,4.348,4.168,3.902,3.589,3.29,2.989,2.743,2.591,2.499,2.4,2.31,2.204,2.065,1.906,1.76,1.619,1.483,1.354,1.229,1.108,0.991,0.877,0.764,0.656,0.554,0.457,0.372,0.3,0.238,0.182,0.132,0.094,0.065,0.046,0.027,0.017,0.013,0.009,0.004,0.002,0.001,0,0
GNQ,2012,34.663,33.297,32.139,30.786,29.469,28.194,26.964,25.794,24.702,23.633,22.568,21.546,20.623,19.781,19.122,18.7,18.472,18.301,18.168,18.274,18.695,19.313,19.915,20.518,21.023,21.353,21.523,21.662,21.789,21.567,20.858,19.815,18.75,17.626,16.504,15.454,14.461,13.425,12.345,11.441,10.808,10.353,9.905,9.514,9.048,8.429,7.73,7.093,6.478,5.98,5.659,5.458,5.259,5.079,4.909,4.732,4.55,4.391,4.261,4.08,3.815,3.503,3.205,2.903,2.657,2.502,2.405,2.302,2.208,2.098,1.957,1.798,1.65,1.509,1.373,1.244,1.121,1.002,0.887,0.778,0.672,0.571,0.477,0.388,0.31,0.246,0.194,0.146,0.104,0.075,0.052,0.035,0.021,0.013,0.01,0.007,0.003,0.001,0,0
GNQ,2013,35.639,34.34,33.046,31.923,30.611,29.328,28.081,26.874,25.731,24.675,23.624,22.55,21.511,20.573,19.698,19.109,18.916,19.012,19.146,19.324,19.642,20.108,20.659,21.202,21.729,22.156,22.421,22.528,22.587,22.629,22.29,21.418,20.187,18.94,17.628,16.375,15.289,14.322,13.307,12.256,11.374,10.738,10.266,9.812,9.42,8.955,8.338,7.64,7.006,6.393,5.898,5.577,5.376,5.177,4.998,4.827,4.649,4.466,4.306,4.174,3.992,3.729,3.416,3.119,2.818,2.572,2.413,2.311,2.205,2.106,1.994,1.85,1.69,1.541,1.399,1.263,1.135,1.014,0.896,0.785,0.678,0.578,0.485,0.398,0.318,0.249,0.193,0.15,0.109,0.077,0.055,0.038,0.025,0.014,0.009,0.007,0.005,0.002,0,0
GNQ,2014,36.581,35.356,34.114,32.864,31.7,30.431,29.183,27.963,26.779,25.662,24.641,23.609,22.528,21.472,20.52,19.612,19.092,19.13,19.551,19.986,20.477,21.006,21.518,22.002,22.486,22.937,23.284,23.483,23.528,23.507,23.465,23.008,21.972,20.555,19.127,17.625,16.244,15.12,14.179,13.186,12.166,11.305,10.666,10.177,9.716,9.326,8.861,8.244,7.549,6.917,6.307,5.813,5.494,5.294,5.095,4.915,4.745,4.566,4.382,4.221,4.088,3.905,3.641,3.33,3.033,2.733,2.486,2.323,2.217,2.106,2.004,1.888,1.743,1.581,1.431,1.289,1.153,1.026,0.906,0.79,0.681,0.578,0.484,0.399,0.32,0.247,0.186,0.14,0.106,0.072,0.049,0.036,0.024,0.015,0.008,0.005,0.004,0.003,0.001,0
GNQ,2015,37.499,36.335,35.142,33.927,32.699,31.466,30.24,29.026,27.835,26.675,25.585,24.601,23.587,22.497,21.425,20.459,19.517,19.069,19.337,20.081,20.82,21.623,22.362,22.92,23.337,23.761,24.136,24.404,24.537,24.519,24.418,24.291,23.718,22.519,20.915,19.306,17.616,16.106,14.947,14.031,13.059,12.071,11.233,10.59,10.084,9.618,9.226,8.763,8.148,7.455,6.826,6.219,5.727,5.409,5.209,5.011,4.83,4.66,4.482,4.296,4.134,3.999,3.815,3.552,3.241,2.945,2.646,2.398,2.234,2.123,2.008,1.901,1.782,1.635,1.471,1.321,1.179,1.043,0.916,0.798,0.684,0.577,0.478,0.39,0.313,0.242,0.178,0.125,0.087,0.061,0.036,0.021,0.017,0.011,0.005,0.002,0.002,0.001,0,0
GNQ,2016,38.447,37.371,36.213,35.028,33.827,32.616,31.416,30.244,29.057,27.844,26.644,25.523,24.485,23.558,22.769,22.126,21.562,21.034,20.868,21.198,21.855,22.515,23.213,23.851,24.338,24.696,25.032,25.321,25.421,25.273,24.907,24.471,23.998,23.181,21.901,20.325,18.737,17.084,15.607,14.46,13.542,12.59,11.631,10.827,10.221,9.751,9.324,8.974,8.542,7.946,7.263,6.642,6.043,5.559,5.248,5.056,4.864,4.689,4.523,4.344,4.16,3.997,3.86,3.676,3.414,3.108,2.815,2.52,2.273,2.108,1.997,1.88,1.773,1.654,1.509,1.349,1.202,1.063,0.933,0.813,0.705,0.601,0.503,0.415,0.336,0.267,0.203,0.147,0.104,0.073,0.051,0.029,0.018,0.014,0.009,0.004,0.002,0.001,0,0
GNQ,2017,39.361,38.286,37.226,36.073,34.899,33.712,32.519,31.351,30.235,29.076,27.841,26.601,25.45,24.358,23.519,23.032,22.819,22.657,22.545,22.66,23.051,23.623,24.203,24.795,25.331,25.748,26.046,26.295,26.495,26.428,25.996,25.283,24.513,23.693,22.63,21.272,19.725,18.159,16.542,15.101,13.964,13.046,12.113,11.185,10.415,9.845,9.414,9.026,8.717,8.318,7.74,7.066,6.455,5.863,5.386,5.084,4.901,4.715,4.546,4.382,4.206,4.02,3.857,3.718,3.533,3.275,2.973,2.683,2.391,2.148,1.982,1.869,1.752,1.644,1.526,1.382,1.225,1.082,0.947,0.822,0.711,0.611,0.517,0.429,0.351,0.281,0.221,0.165,0.117,0.084,0.058,0.04,0.023,0.014,0.01,0.007,0.003,0.001,0,0
GNQ,2018,40.251,39.206,38.122,37.063,35.916,34.752,33.58,32.407,31.271,30.211,29.08,27.825,26.545,25.364,24.22,23.468,23.285,23.502,23.742,24.046,24.442,24.895,25.38,25.879,26.366,26.798,27.145,27.382,27.544,27.655,27.422,26.707,25.646,24.541,23.374,22.068,20.629,19.113,17.571,15.992,14.585,13.46,12.544,11.629,10.733,9.997,9.465,9.07,8.722,8.455,8.089,7.531,6.866,6.264,5.68,5.211,4.917,4.742,4.564,4.4,4.239,4.065,3.879,3.715,3.574,3.391,3.134,2.836,2.55,2.262,2.021,1.856,1.741,1.622,1.513,1.395,1.254,1.101,0.962,0.83,0.712,0.608,0.517,0.433,0.355,0.286,0.226,0.174,0.125,0.088,0.062,0.044,0.028,0.016,0.009,0.007,0.005,0.002,0,0
GNQ,2019,41.126,40.109,39.051,37.959,36.88,35.74,34.587,33.43,32.277,31.174,30.171,29.069,27.793,26.475,25.264,24.068,23.404,23.524,24.171,24.813,25.532,26.209,26.723,27.12,27.54,27.919,28.248,28.524,28.701,28.776,28.799,28.397,27.401,25.993,24.554,23.041,21.493,19.976,18.491,16.973,15.432,14.061,12.948,12.033,11.14,10.275,9.574,9.079,8.723,8.414,8.188,7.855,7.317,6.661,6.07,5.495,5.034,4.748,4.582,4.41,4.252,4.095,3.921,3.735,3.571,3.429,3.245,2.991,2.698,2.416,2.132,1.894,1.728,1.611,1.493,1.383,1.266,1.126,0.976,0.841,0.713,0.6,0.505,0.424,0.349,0.28,0.221,0.17,0.128,0.087,0.057,0.042,0.028,0.017,0.009,0.006,0.004,0.003,0.002,0
GNQ,2020,41.997,41.002,39.965,38.894,37.795,36.676,35.543,34.402,33.262,32.127,31.059,30.113,29.04,27.745,26.389,25.15,23.903,23.326,23.748,24.824,25.866,27,27.956,28.53,28.84,29.179,29.452,29.678,29.884,30,29.987,29.922,29.354,28.077,26.323,24.552,22.695,20.904,19.309,17.858,16.364,14.863,13.529,12.43,11.516,10.643,9.811,9.146,8.689,8.371,8.101,7.917,7.618,7.098,6.453,5.873,5.307,4.853,4.577,4.42,4.254,4.101,3.948,3.775,3.59,3.425,3.282,3.098,2.848,2.558,2.28,2,1.764,1.599,1.481,1.361,1.252,1.135,0.997,0.852,0.72,0.597,0.488,0.401,0.33,0.264,0.206,0.157,0.115,0.081,0.047,0.027,0.021,0.014,0.006,0.002,0.002,0.002,0,0
GNQ,2021,42.991,41.955,40.934,39.88,38.802,37.706,36.601,35.495,34.399,33.321,32.269,31.284,30.414,29.476,28.402,27.312,26.326,25.333,24.929,25.397,26.429,27.423,28.486,29.357,29.844,30.057,30.279,30.43,30.484,30.45,30.288,30.004,29.664,28.874,27.462,25.635,23.794,21.879,20.054,18.445,17,15.527,14.056,12.772,11.745,10.914,10.13,9.392,8.806,8.398,8.108,7.87,7.715,7.439,6.938,6.307,5.736,5.174,4.723,4.447,4.286,4.116,3.956,3.798,3.623,3.436,3.27,3.125,2.942,2.694,2.41,2.139,1.865,1.635,1.471,1.354,1.236,1.128,1.015,0.887,0.753,0.632,0.521,0.424,0.345,0.282,0.223,0.172,0.131,0.096,0.067,0.038,0.023,0.017,0.011,0.005,0.002,0.002,0,0
GNQ,2022,43.972,42.999,41.879,40.834,39.764,38.679,37.587,36.498,35.42,34.368,33.354,32.385,31.485,30.692,29.888,29.037,28.216,27.483,26.745,26.516,27.03,28.016,28.96,29.951,30.737,31.136,31.251,31.356,31.384,31.266,30.992,30.551,29.996,29.379,28.369,26.824,24.926,23.015,21.044,19.185,17.564,16.125,14.674,13.237,12.004,11.048,10.303,9.607,8.966,8.458,8.099,7.839,7.632,7.507,7.254,6.772,6.155,5.593,5.039,4.591,4.313,4.15,3.975,3.809,3.645,3.467,3.281,3.113,2.967,2.783,2.54,2.261,1.995,1.729,1.504,1.343,1.226,1.11,1.003,0.895,0.776,0.654,0.545,0.445,0.359,0.289,0.233,0.181,0.138,0.105,0.076,0.052,0.029,0.018,0.013,0.009,0.004,0.002,0,0
GNQ,2023,44.922,43.958,42.941,41.777,40.708,39.623,38.531,37.445,36.372,35.323,34.316,33.367,32.48,31.667,30.95,30.284,29.653,29.102,28.623,28.142,28.086,28.645,29.585,30.479,31.397,32.097,32.407,32.424,32.412,32.317,32.026,31.514,30.794,29.967,29.076,27.844,26.166,24.198,22.221,20.194,18.303,16.671,15.24,13.811,12.408,11.227,10.344,9.684,9.079,8.532,8.104,7.794,7.565,7.39,7.293,7.064,6.6,5.998,5.447,4.9,4.454,4.176,4.01,3.831,3.658,3.49,3.31,3.122,2.953,2.805,2.623,2.383,2.11,1.85,1.591,1.371,1.213,1.097,0.983,0.878,0.775,0.664,0.554,0.457,0.369,0.294,0.233,0.185,0.138,0.103,0.079,0.057,0.037,0.02,0.012,0.009,0.006,0.002,0,0
GNQ,2024,45.817,44.871,43.865,42.812,41.659,40.566,39.465,38.368,37.287,36.231,35.211,34.251,33.365,32.562,31.835,31.196,30.666,30.257,29.975,29.75,29.525,29.644,30.246,31.14,31.982,32.828,33.441,33.663,33.583,33.453,33.234,32.772,32.019,31.023,29.926,28.759,27.307,25.497,23.461,21.416,19.336,17.413,15.77,14.348,12.943,11.574,10.447,9.636,9.062,8.546,8.096,7.747,7.488,7.288,7.144,7.077,6.873,6.427,5.84,5.299,4.758,4.317,4.038,3.869,3.685,3.507,3.333,3.151,2.963,2.793,2.643,2.461,2.224,1.959,1.704,1.452,1.238,1.082,0.968,0.855,0.752,0.654,0.552,0.455,0.369,0.293,0.228,0.176,0.136,0.097,0.069,0.053,0.037,0.022,0.011,0.007,0.005,0.004,0.002,0
GNQ,2025,46.642,45.726,44.744,43.708,42.632,41.53,40.414,39.298,38.197,37.121,36.082,35.091,34.176,33.357,32.637,31.997,31.434,31.039,30.853,30.84,30.869,30.899,31.191,31.837,32.685,33.475,34.248,34.774,34.908,34.73,34.482,34.141,33.507,32.516,31.242,29.875,28.435,26.764,24.823,22.719,20.608,18.474,16.52,14.868,13.455,12.074,10.739,9.664,8.927,8.439,8.013,7.659,7.39,7.18,7.009,6.897,6.859,6.679,6.253,5.68,5.149,4.616,4.178,3.899,3.728,3.54,3.354,3.176,2.991,2.803,2.632,2.481,2.299,2.067,1.806,1.559,1.315,1.106,0.953,0.839,0.728,0.626,0.532,0.441,0.355,0.281,0.217,0.163,0.12,0.087,0.054,0.034,0.026,0.018,0.008,0.002,0.002,0.002,0.002,0
GNQ,2026,47.472,46.559,45.625,44.633,43.597,42.529,41.444,40.356,39.279,38.226,37.211,36.235,35.3,34.486,33.83,33.309,32.856,32.481,32.214,32.061,32.015,32.007,31.984,32.21,32.789,33.562,34.261,34.939,35.334,35.286,34.897,34.446,33.897,33.096,32,30.668,29.245,27.758,26.06,24.111,22.014,19.923,17.817,15.905,14.31,12.964,11.654,10.394,9.381,8.685,8.22,7.819,7.49,7.236,7.035,6.866,6.753,6.711,6.527,6.103,5.533,5.004,4.47,4.031,3.753,3.581,3.391,3.206,3.027,2.84,2.649,2.476,2.323,2.142,1.915,1.663,1.426,1.191,0.992,0.848,0.742,0.641,0.548,0.463,0.381,0.303,0.237,0.181,0.136,0.1,0.072,0.044,0.027,0.022,0.015,0.006,0.002,0.002,0.002,0
GNQ,2027,48.229,47.417,46.462,45.511,44.509,43.471,42.412,41.345,40.286,39.248,38.243,37.289,36.377,35.499,34.785,34.293,33.972,33.705,33.519,33.38,33.261,33.181,33.136,33.06,33.221,33.731,34.427,35.036,35.619,35.882,35.653,35.053,34.398,33.641,32.671,31.472,30.082,28.604,27.071,25.346,23.389,21.301,19.23,17.153,15.283,13.747,12.47,11.23,10.046,9.096,8.439,7.998,7.622,7.318,7.081,6.888,6.721,6.606,6.561,6.373,5.95,5.384,4.855,4.323,3.883,3.605,3.431,3.241,3.057,2.877,2.688,2.494,2.319,2.163,1.984,1.763,1.521,1.291,1.067,0.877,0.742,0.646,0.553,0.469,0.394,0.32,0.252,0.193,0.145,0.109,0.08,0.056,0.034,0.022,0.017,0.011,0.005,0.002,0.002,0
GNQ,2028,48.919,48.172,47.329,46.349,45.381,44.369,43.332,42.28,41.232,40.201,39.202,38.248,37.355,36.506,35.686,35.072,34.745,34.623,34.544,34.546,34.536,34.45,34.337,34.254,34.124,34.22,34.663,35.282,35.8,36.286,36.417,36.006,35.197,34.336,33.371,32.235,30.932,29.485,27.952,26.373,24.623,22.658,20.58,18.531,16.482,14.655,13.178,11.969,10.801,9.694,8.807,8.189,7.773,7.424,7.143,6.923,6.738,6.573,6.458,6.407,6.217,5.796,5.233,4.706,4.173,3.734,3.456,3.282,3.092,2.907,2.725,2.534,2.338,2.161,2.003,1.826,1.61,1.377,1.157,0.942,0.762,0.636,0.548,0.464,0.391,0.324,0.259,0.2,0.148,0.109,0.082,0.06,0.04,0.024,0.015,0.011,0.008,0.004,0.002,0
GNQ,2029,49.551,48.866,48.078,47.204,46.218,45.232,44.213,43.174,42.132,41.103,40.101,39.142,38.237,37.406,36.622,35.859,35.345,35.183,35.26,35.369,35.56,35.677,35.625,35.478,35.358,35.175,35.205,35.579,36.121,36.547,36.938,36.936,36.344,35.325,34.259,33.087,31.783,30.378,28.874,27.287,25.665,23.889,21.919,19.852,17.822,15.804,14.022,12.605,11.465,10.368,9.338,8.515,7.938,7.546,7.221,6.965,6.763,6.585,6.422,6.306,6.251,6.058,5.638,5.08,4.555,4.022,3.584,3.305,3.13,2.94,2.755,2.573,2.38,2.181,2.002,1.843,1.666,1.457,1.233,1.022,0.816,0.647,0.53,0.451,0.376,0.311,0.254,0.199,0.149,0.104,0.073,0.055,0.04,0.025,0.013,0.009,0.007,0.004,0.002,0
GNQ,2030,50.135,49.501,48.761,47.931,47.029,46.069,45.066,44.039,43,41.967,40.957,39.986,39.066,38.212,37.442,36.722,36.017,35.604,35.606,35.882,36.178,36.557,36.802,36.782,36.603,36.445,36.208,36.174,36.478,36.943,37.277,37.571,37.438,36.664,35.436,34.166,32.788,31.318,29.811,28.252,26.613,24.945,23.144,21.17,19.114,17.108,15.12,13.384,12.026,10.956,9.932,8.978,8.219,7.683,7.315,7.016,6.785,6.6,6.431,6.27,6.152,6.093,5.898,5.479,4.925,4.403,3.871,3.433,3.153,2.978,2.787,2.603,2.42,2.224,2.024,1.843,1.682,1.506,1.303,1.088,0.887,0.692,0.532,0.424,0.353,0.288,0.233,0.185,0.138,0.097,0.06,0.037,0.029,0.02,0.009,0.004,0.002,0.002,0.002,0
GNQ,2031,50.757,50.059,49.393,48.636,47.804,46.912,45.974,45.01,44.02,43.016,42.019,41.049,40.114,39.259,38.513,37.875,37.277,36.695,36.365,36.388,36.638,36.907,37.247,37.447,37.381,37.152,36.934,36.634,36.51,36.691,37.01,37.205,37.356,37.106,36.26,34.991,33.682,32.27,30.779,29.263,27.706,26.076,24.426,22.651,20.717,18.71,16.755,14.821,13.131,11.804,10.755,9.753,8.821,8.077,7.549,7.185,6.887,6.655,6.465,6.29,6.119,5.993,5.922,5.72,5.303,4.754,4.238,3.713,3.279,2.999,2.823,2.631,2.446,2.264,2.069,1.869,1.69,1.53,1.361,1.17,0.97,0.785,0.607,0.461,0.364,0.301,0.243,0.194,0.154,0.116,0.08,0.048,0.03,0.023,0.016,0.007,0.002,0.002,0.002,0
GNQ,2032,51.329,50.759,49.96,49.261,48.489,47.655,46.773,45.861,44.933,43.983,43.014,42.052,41.122,40.224,39.435,38.798,38.291,37.817,37.358,37.111,37.153,37.379,37.619,37.921,38.075,37.964,37.685,37.406,37.043,36.831,36.886,37.061,37.113,37.122,36.756,35.838,34.528,33.18,31.735,30.225,28.701,27.147,25.527,23.893,22.147,20.253,18.297,16.393,14.515,12.871,11.577,10.551,9.571,8.659,7.931,7.412,7.051,6.753,6.522,6.328,6.146,5.967,5.83,5.748,5.539,5.123,4.582,4.072,3.554,3.124,2.844,2.666,2.473,2.289,2.107,1.913,1.714,1.536,1.377,1.213,1.035,0.852,0.684,0.522,0.391,0.303,0.248,0.196,0.157,0.124,0.092,0.063,0.038,0.023,0.018,0.012,0.006,0.002,0.002,0
GNQ,2033,51.866,51.314,50.673,49.849,49.118,48.329,47.494,46.623,45.734,44.844,43.933,42.999,42.073,41.184,40.323,39.6,39.071,38.696,38.346,38.012,37.848,37.909,38.11,38.322,38.585,38.692,38.536,38.205,37.867,37.441,37.14,37.072,37.101,37.012,36.877,36.396,35.406,34.054,32.668,31.192,29.662,28.13,26.579,24.971,23.353,21.636,19.785,17.878,16.027,14.204,12.608,11.347,10.342,9.385,8.496,7.783,7.272,6.914,6.619,6.386,6.19,5.999,5.812,5.666,5.571,5.356,4.943,4.409,3.904,3.393,2.968,2.689,2.508,2.315,2.131,1.95,1.756,1.558,1.382,1.225,1.066,0.9,0.734,0.582,0.437,0.32,0.243,0.195,0.151,0.119,0.095,0.07,0.046,0.026,0.017,0.013,0.009,0.004,0.002,0
GNQ,2034,52.39,51.846,51.224,50.535,49.732,48.97,48.166,47.329,46.469,45.603,44.751,43.88,42.982,42.091,41.243,40.419,39.763,39.343,39.098,38.872,38.66,38.58,38.661,38.837,39.021,39.244,39.306,39.104,38.723,38.325,37.837,37.447,37.254,37.137,36.907,36.629,36.032,34.969,33.579,32.153,30.645,29.096,27.557,26.01,24.412,22.811,21.124,19.314,17.459,15.66,13.893,12.344,11.116,10.132,9.199,8.331,7.634,7.132,6.778,6.483,6.251,6.05,5.854,5.657,5.501,5.396,5.174,4.761,4.235,3.737,3.233,2.813,2.534,2.35,2.156,1.973,1.791,1.599,1.402,1.228,1.072,0.92,0.766,0.616,0.48,0.351,0.249,0.183,0.142,0.105,0.082,0.064,0.046,0.029,0.015,0.01,0.007,0.005,0.002,0
GNQ,2035,52.911,52.37,51.762,51.094,50.378,49.618,48.825,48.004,47.165,46.316,45.475,44.661,43.828,42.965,42.11,41.302,40.516,39.926,39.615,39.502,39.399,39.311,39.314,39.414,39.564,39.72,39.905,39.921,39.673,39.243,38.783,38.232,37.754,37.437,37.175,36.803,36.383,35.67,34.535,33.104,31.64,30.101,28.532,26.985,25.44,23.855,22.271,20.612,18.845,17.04,15.293,13.582,12.081,10.885,9.924,9.014,8.167,7.486,6.993,6.641,6.348,6.115,5.911,5.707,5.503,5.337,5.219,4.991,4.581,4.061,3.57,3.072,2.656,2.379,2.192,1.998,1.814,1.634,1.442,1.246,1.073,0.92,0.773,0.632,0.498,0.378,0.267,0.179,0.123,0.089,0.059,0.044,0.034,0.023,0.01,0.004,0.003,0.002,0.002,0
GNQ,2036,53.451,52.816,52.249,51.628,50.961,50.253,49.514,48.752,47.966,47.163,46.35,45.55,44.773,44.006,43.251,42.528,41.842,41.18,40.673,40.381,40.245,40.114,39.989,39.947,40.001,40.101,40.196,40.315,40.244,39.874,39.303,38.706,38.015,37.423,37.03,36.723,36.308,35.848,35.11,33.963,32.532,31.076,29.549,28.002,26.49,24.988,23.446,21.91,20.293,18.558,16.777,15.057,13.37,11.889,10.708,9.758,8.855,8.015,7.336,6.842,6.487,6.189,5.95,5.738,5.527,5.313,5.138,5.012,4.778,4.372,3.862,3.378,2.892,2.485,2.21,2.026,1.835,1.655,1.479,1.296,1.112,0.951,0.807,0.673,0.545,0.428,0.319,0.222,0.15,0.103,0.073,0.049,0.036,0.028,0.019,0.009,0.003,0.002,0.002,0
GNQ,2037,53.988,53.431,52.717,52.126,51.493,50.825,50.126,49.407,48.677,47.928,47.158,46.382,45.623,44.883,44.182,43.536,42.943,42.38,41.842,41.417,41.147,40.986,40.829,40.666,40.579,40.587,40.635,40.669,40.724,40.564,40.072,39.361,38.626,37.796,37.088,36.621,36.269,35.81,35.312,34.549,33.39,31.959,30.509,28.996,27.473,25.995,24.534,23.036,21.548,19.973,18.27,16.514,14.819,13.158,11.697,10.53,9.591,8.696,7.863,7.186,6.691,6.331,6.028,5.783,5.565,5.345,5.123,4.939,4.803,4.565,4.163,3.662,3.188,2.711,2.313,2.042,1.859,1.67,1.495,1.326,1.15,0.978,0.827,0.694,0.572,0.459,0.356,0.259,0.178,0.121,0.083,0.058,0.038,0.028,0.022,0.015,0.007,0.003,0.002,0
GNQ,2038,54.518,53.948,53.342,52.616,52,51.355,50.685,49.996,49.299,48.601,47.886,47.15,46.411,45.694,44.991,44.356,43.818,43.356,42.917,42.502,42.161,41.909,41.725,41.541,41.341,41.209,41.17,41.168,41.141,41.132,40.883,40.268,39.416,38.544,37.575,36.753,36.211,35.812,35.309,34.774,33.985,32.816,31.383,29.94,28.441,26.942,25.497,24.077,22.624,21.184,19.652,17.98,16.251,14.581,12.944,11.504,10.353,9.423,8.537,7.709,7.036,6.539,6.176,5.868,5.617,5.392,5.164,4.932,4.74,4.593,4.352,3.953,3.461,2.996,2.531,2.14,1.874,1.693,1.507,1.334,1.171,1.005,0.844,0.704,0.582,0.472,0.372,0.285,0.2,0.134,0.092,0.063,0.042,0.027,0.02,0.015,0.01,0.005,0.002,0
GNQ,2039,55.039,54.455,53.843,53.208,52.509,51.869,51.211,50.541,49.861,49.184,48.519,47.839,47.137,46.437,45.759,45.093,44.524,44.094,43.764,43.448,43.156,42.898,42.668,42.46,42.249,42.011,41.835,41.75,41.696,41.607,41.533,41.196,40.461,39.467,38.458,37.349,36.412,35.796,35.352,34.805,34.231,33.418,32.236,30.804,29.369,27.883,26.406,24.998,23.619,22.211,20.817,19.328,17.689,15.985,14.341,12.73,11.31,10.174,9.254,8.376,7.556,6.884,6.387,6.02,5.707,5.45,5.217,4.981,4.742,4.539,4.384,4.138,3.743,3.26,2.806,2.35,1.967,1.705,1.525,1.343,1.174,1.017,0.86,0.709,0.58,0.469,0.371,0.286,0.213,0.142,0.089,0.064,0.043,0.026,0.016,0.012,0.009,0.007,0.003,0
GNQ,2040,55.545,54.949,54.332,53.699,53.052,52.394,51.729,51.059,50.388,49.719,49.063,48.429,47.784,47.117,46.454,45.818,45.19,44.687,44.365,44.165,43.973,43.805,43.63,43.42,43.187,42.95,42.675,42.453,42.322,42.216,42.067,41.929,41.503,40.646,39.512,38.365,37.117,36.066,35.375,34.886,34.294,33.683,32.844,31.651,30.219,28.791,27.32,25.868,24.492,23.157,21.792,20.448,19.001,17.396,15.716,14.099,12.513,11.114,9.993,9.084,8.214,7.4,6.732,6.234,5.863,5.545,5.282,5.043,4.798,4.55,4.34,4.174,3.923,3.533,3.06,2.614,2.169,1.795,1.537,1.359,1.179,1.014,0.862,0.714,0.575,0.456,0.356,0.271,0.2,0.142,0.082,0.045,0.034,0.023,0.011,0.005,0.004,0.003,0.002,0
GNQ,2041,56.077,55.439,54.839,54.223,53.595,52.959,52.317,51.673,51.03,50.388,49.752,49.129,48.527,47.936,47.359,46.802,46.267,45.741,45.306,45,44.78,44.564,44.363,44.15,43.902,43.626,43.338,43.01,42.714,42.48,42.254,41.988,41.731,41.208,40.29,39.12,37.939,36.662,35.589,34.884,34.388,33.796,33.19,32.365,31.195,29.793,28.397,26.961,25.539,24.183,22.859,21.509,20.177,18.743,17.15,15.483,13.876,12.3,10.909,9.795,8.889,8.024,7.212,6.544,6.044,5.671,5.349,5.084,4.84,4.587,4.328,4.109,3.935,3.683,3.3,2.842,2.412,1.983,1.626,1.379,1.212,1.045,0.892,0.753,0.618,0.493,0.386,0.299,0.228,0.168,0.117,0.067,0.037,0.028,0.019,0.009,0.004,0.003,0.002,0
GNQ,2042,56.592,55.98,55.321,54.718,54.103,53.481,52.856,52.23,51.609,50.991,50.377,49.776,49.188,48.615,48.079,47.59,47.142,46.709,46.284,45.917,45.626,45.386,45.146,44.913,44.662,44.375,44.058,43.719,43.337,42.967,42.629,42.285,41.901,41.525,40.904,39.926,38.721,37.504,36.198,35.105,34.387,33.883,33.291,32.689,31.877,30.731,29.359,27.996,26.596,25.204,23.868,22.556,21.219,19.901,18.479,16.9,15.247,13.652,12.084,10.702,9.594,8.694,7.831,7.022,6.356,5.854,5.477,5.153,4.885,4.635,4.375,4.106,3.878,3.695,3.441,3.066,2.625,2.21,1.798,1.456,1.222,1.066,0.911,0.77,0.643,0.522,0.411,0.316,0.241,0.184,0.134,0.091,0.051,0.029,0.023,0.015,0.007,0.003,0.002,0
GNQ,2043,57.082,56.469,55.848,55.195,54.587,53.974,53.357,52.743,52.134,51.535,50.942,50.359,49.79,49.237,48.695,48.213,47.814,47.474,47.141,46.818,46.519,46.245,45.983,45.721,45.455,45.166,44.84,44.481,44.091,43.656,43.212,42.772,42.307,41.807,41.311,40.594,39.554,38.314,37.064,35.728,34.614,33.882,33.372,32.78,32.183,31.384,30.261,28.92,27.591,26.226,24.865,23.548,22.249,20.925,19.621,18.213,16.648,15.007,13.423,11.866,10.492,9.39,8.496,7.637,6.831,6.165,5.663,5.282,4.955,4.685,4.43,4.161,3.883,3.647,3.454,3.197,2.832,2.406,2.007,1.612,1.286,1.065,0.919,0.776,0.648,0.534,0.426,0.329,0.245,0.185,0.141,0.102,0.066,0.036,0.021,0.016,0.01,0.005,0.002,0
GNQ,2044,57.534,56.93,56.315,55.694,55.06,54.449,53.835,53.226,52.622,52.029,51.452,50.886,50.332,49.797,49.279,48.768,48.341,48.03,47.799,47.567,47.345,47.115,46.855,46.573,46.288,45.99,45.663,45.298,44.896,44.456,43.968,43.449,42.906,42.322,41.704,41.09,40.277,39.176,37.901,36.616,35.252,34.116,33.371,32.855,32.263,31.671,30.885,29.787,28.476,27.179,25.851,24.52,23.224,21.937,20.629,19.339,17.944,16.392,14.765,13.193,11.647,10.281,9.186,8.296,7.442,6.639,5.974,5.47,5.087,4.757,4.484,4.224,3.947,3.66,3.415,3.213,2.954,2.598,2.188,1.804,1.427,1.116,0.908,0.772,0.641,0.525,0.424,0.33,0.247,0.175,0.127,0.097,0.069,0.042,0.021,0.013,0.01,0.007,0.003,0
GNQ,2045,57.939,57.353,56.754,56.147,55.532,54.916,54.301,53.69,53.086,52.494,51.917,51.362,50.823,50.297,49.796,49.313,48.833,48.46,48.238,48.115,47.985,47.865,47.702,47.459,47.156,46.847,46.517,46.152,45.75,45.305,44.814,44.273,43.68,43.034,42.33,41.596,40.862,39.952,38.792,37.482,36.163,34.77,33.614,32.855,32.333,31.74,31.153,30.382,29.308,28.028,26.764,25.473,24.172,22.895,21.622,20.329,19.053,17.673,16.134,14.521,12.961,11.425,10.069,8.98,8.096,7.246,6.445,5.783,5.278,4.891,4.558,4.283,4.018,3.733,3.436,3.183,2.971,2.711,2.364,1.969,1.602,1.241,0.946,0.75,0.626,0.506,0.402,0.315,0.235,0.164,0.104,0.07,0.053,0.037,0.017,0.005,0.005,0.003,0.002,0
GNQ,2046,58.338,57.817,57.241,56.651,56.053,55.451,54.848,54.249,53.657,53.076,52.512,51.964,51.434,50.936,50.481,50.065,49.661,49.26,48.94,48.731,48.59,48.439,48.292,48.098,47.823,47.486,47.135,46.761,46.336,45.851,45.31,44.725,44.088,43.417,42.72,41.985,41.219,40.458,39.529,38.358,37.046,35.73,34.341,33.196,32.451,31.944,31.37,30.802,30.048,28.983,27.708,26.45,25.164,23.868,22.593,21.319,20.025,18.747,17.368,15.835,14.23,12.678,11.149,9.8,8.721,7.844,7.003,6.211,5.553,5.048,4.659,4.324,4.048,3.781,3.492,3.192,2.935,2.722,2.466,2.137,1.769,1.428,1.094,0.824,0.646,0.536,0.429,0.339,0.265,0.196,0.136,0.084,0.057,0.045,0.03,0.013,0.005,0.004,0.002,0
GNQ,2047,58.691,58.174,57.687,57.119,56.539,55.951,55.361,54.772,54.188,53.615,53.059,52.523,52.003,51.496,51.041,50.657,50.326,50.002,49.681,49.413,49.215,49.056,48.886,48.712,48.485,48.18,47.807,47.415,46.998,46.513,45.944,45.308,44.628,43.897,43.148,42.4,41.632,40.835,40.046,39.099,37.918,36.604,35.289,33.908,32.773,32.041,31.55,30.993,30.446,29.708,28.653,27.383,26.131,24.852,23.56,22.285,21.011,19.717,18.439,17.06,15.534,13.936,12.392,10.87,9.53,8.459,7.591,6.758,5.975,5.323,4.819,4.427,4.089,3.812,3.544,3.251,2.948,2.689,2.471,2.221,1.91,1.569,1.254,0.948,0.701,0.542,0.444,0.35,0.276,0.215,0.158,0.107,0.066,0.045,0.035,0.023,0.01,0.004,0.003,0.001
GNQ,2048,59.006,58.535,58.032,57.549,56.989,56.419,55.841,55.263,54.687,54.12,53.567,53.034,52.526,52.035,51.552,51.14,50.825,50.579,50.336,50.094,49.88,49.693,49.517,49.327,49.125,48.867,48.53,48.122,47.688,47.227,46.682,46.031,45.299,44.526,43.699,42.872,42.072,41.272,40.445,39.628,38.662,37.473,36.155,34.844,33.469,32.344,31.627,31.151,30.613,30.085,29.364,28.318,27.054,25.807,24.535,23.247,21.975,20.701,19.406,18.127,16.75,15.23,13.641,12.104,10.591,9.258,8.196,7.337,6.512,5.739,5.092,4.588,4.194,3.853,3.575,3.305,3.009,2.702,2.441,2.219,1.975,1.683,1.369,1.079,0.801,0.578,0.437,0.353,0.272,0.211,0.165,0.121,0.078,0.047,0.032,0.025,0.017,0.007,0.003,0.001
GNQ,2049,59.296,58.868,58.401,57.903,57.403,56.853,56.292,55.725,55.159,54.596,54.044,53.511,53.002,52.523,52.059,51.601,51.232,50.988,50.827,50.662,50.501,50.34,50.164,49.97,49.761,49.532,49.243,48.872,48.431,47.956,47.451,46.846,46.112,45.284,44.418,43.496,42.589,41.739,40.908,40.05,39.206,38.221,37.022,35.703,34.393,33.025,31.911,31.207,30.749,30.228,29.721,29.016,27.98,26.72,25.481,24.215,22.932,21.661,20.388,19.093,17.812,16.438,14.924,13.344,11.815,10.309,8.985,7.931,7.081,6.265,5.501,4.861,4.357,3.959,3.618,3.339,3.067,2.767,2.457,2.192,1.968,1.729,1.455,1.168,0.905,0.655,0.455,0.332,0.262,0.193,0.148,0.115,0.083,0.05,0.028,0.02,0.015,0.01,0.005,0.001
GNQ,2050,59.572,59.178,58.744,58.273,57.774,57.25,56.71,56.158,55.602,55.047,54.499,53.963,53.449,52.965,52.515,52.079,51.645,51.319,51.145,51.069,50.985,50.902,50.795,50.631,50.418,50.189,49.933,49.612,49.211,48.734,48.218,47.67,47.004,46.189,45.265,44.304,43.288,42.303,41.402,40.539,39.65,38.779,37.775,36.566,35.246,33.94,32.578,31.475,30.785,30.342,29.839,29.353,28.664,27.638,26.384,25.151,23.893,22.614,21.345,20.073,18.777,17.497,16.124,14.616,13.045,11.525,10.027,8.711,7.666,6.826,6.019,5.264,4.629,4.126,3.725,3.382,3.102,2.827,2.524,2.211,1.944,1.717,1.483,1.228,0.968,0.731,0.507,0.333,0.227,0.169,0.114,0.085,0.066,0.045,0.021,0.008,0.007,0.005,0.003,0.001
GNQ,2051,59.871,59.483,59.08,58.643,58.177,57.686,57.178,56.658,56.13,55.597,55.068,54.546,54.035,53.564,53.149,52.784,52.428,52.073,51.799,51.637,51.544,51.44,51.331,51.191,50.995,50.748,50.477,50.177,49.797,49.313,48.739,48.129,47.486,46.742,45.875,44.92,43.93,42.886,41.883,40.969,40.1,39.21,38.341,37.345,36.154,34.854,33.569,32.232,31.146,30.46,30.013,29.508,29.017,28.323,27.291,26.032,24.792,23.526,22.24,20.962,19.68,18.378,17.088,15.714,14.213,12.658,11.152,9.67,8.369,7.339,6.512,5.72,4.98,4.358,3.861,3.463,3.124,2.848,2.58,2.287,1.986,1.732,1.515,1.298,1.067,0.834,0.619,0.425,0.281,0.192,0.141,0.094,0.069,0.053,0.036,0.017,0.007,0.005,0.003,0.002
GNQ,2052,60.154,59.806,59.385,58.975,58.536,58.072,57.591,57.097,56.6,56.095,55.586,55.081,54.588,54.1,53.671,53.327,53.047,52.77,52.495,52.274,52.124,52.013,51.889,51.753,51.581,51.353,51.071,50.759,50.416,49.975,49.408,48.739,48.035,47.296,46.474,45.556,44.57,43.549,42.479,41.456,40.53,39.657,38.764,37.898,36.911,35.735,34.456,33.195,31.882,30.812,30.131,29.68,29.171,28.676,27.978,26.941,25.675,24.428,23.156,21.863,20.576,19.285,17.975,16.677,15.301,13.809,12.269,10.778,9.311,8.026,7.011,6.197,5.419,4.695,4.084,3.594,3.2,2.865,2.594,2.332,2.049,1.76,1.518,1.312,1.112,0.905,0.701,0.508,0.342,0.228,0.155,0.111,0.073,0.053,0.042,0.028,0.013,0.005,0.003,0.002
GNQ,2053,60.423,60.087,59.713,59.28,58.862,58.419,57.961,57.488,57.011,56.534,56.053,55.566,55.087,54.621,54.158,53.772,53.498,53.303,53.106,52.911,52.743,52.604,52.475,52.331,52.168,51.965,51.706,51.388,51.035,50.648,50.147,49.497,48.732,47.934,47.099,46.199,45.23,44.214,43.163,42.066,41.025,40.086,39.207,38.314,37.449,36.471,35.312,34.055,32.815,31.528,30.475,29.797,29.343,28.831,28.333,27.629,26.586,25.315,24.062,22.784,21.483,20.188,18.888,17.569,16.264,14.887,13.403,11.878,10.402,8.951,7.682,6.681,5.881,5.118,4.41,3.812,3.329,2.937,2.607,2.339,2.085,1.811,1.534,1.304,1.11,0.925,0.742,0.567,0.396,0.26,0.177,0.12,0.082,0.052,0.038,0.03,0.02,0.01,0.003,0.002
GNQ,2054,60.68,60.353,59.99,59.598,59.167,58.741,58.296,57.841,57.378,56.916,56.46,56.003,55.54,55.087,54.648,54.209,53.865,53.662,53.552,53.434,53.319,53.204,53.077,52.931,52.766,52.577,52.342,52.05,51.699,51.303,50.873,50.312,49.579,48.718,47.826,46.896,45.919,44.899,43.852,42.771,41.647,40.587,39.638,38.753,37.858,36.995,36.027,34.884,33.648,32.432,31.169,30.134,29.461,29.001,28.487,27.985,27.276,26.228,24.952,23.692,22.408,21.1,19.796,18.487,17.161,15.849,14.47,12.995,11.485,10.024,8.59,7.337,6.351,5.564,4.816,4.125,3.538,3.062,2.674,2.347,2.085,1.836,1.572,1.308,1.09,0.907,0.739,0.58,0.433,0.285,0.177,0.125,0.084,0.053,0.032,0.023,0.018,0.012,0.005,0.002
GNQ,2055,60.927,60.604,60.25,59.871,59.468,59.047,58.611,58.165,57.714,57.26,56.813,56.38,55.945,55.506,55.079,54.667,54.252,53.951,53.818,53.793,53.756,53.72,53.659,53.542,53.377,53.195,52.977,52.711,52.388,52.001,51.565,51.09,50.469,49.654,48.698,47.712,46.687,45.631,44.562,43.483,42.372,41.223,40.144,39.182,38.292,37.397,36.536,35.577,34.451,33.237,32.043,30.806,29.788,29.12,28.656,28.138,27.633,26.92,25.867,24.585,23.319,22.029,20.714,19.402,18.085,16.751,15.43,14.051,12.586,11.091,9.646,8.227,6.991,6.02,5.247,4.514,3.838,3.265,2.795,2.409,2.087,1.83,1.588,1.333,1.082,0.875,0.704,0.553,0.418,0.3,0.173,0.094,0.072,0.049,0.023,0.01,0.008,0.006,0.004,0.002
GNQ,2056,61.209,60.851,60.52,60.164,59.787,59.392,58.985,58.568,58.144,57.716,57.287,56.867,56.458,56.066,55.698,55.355,55.021,54.686,54.439,54.318,54.275,54.217,54.154,54.061,53.913,53.714,53.489,53.228,52.902,52.496,52.013,51.482,50.913,50.212,49.345,48.357,47.341,46.289,45.213,44.131,43.048,41.936,40.79,39.718,38.77,37.897,37.02,36.178,35.232,34.115,32.903,31.71,30.474,29.452,28.772,28.291,27.755,27.23,26.497,25.425,24.125,22.843,21.536,20.207,18.885,17.559,16.22,14.895,13.521,12.071,10.601,9.181,7.791,6.582,5.636,4.887,4.179,3.53,2.982,2.532,2.163,1.859,1.618,1.394,1.161,0.933,0.744,0.594,0.467,0.351,0.248,0.142,0.078,0.059,0.041,0.019,0.008,0.006,0.005,0.002
GNQ,2057,61.478,61.156,60.765,60.426,60.068,59.693,59.306,58.912,58.514,58.113,57.707,57.305,56.911,56.526,56.177,55.878,55.62,55.367,55.111,54.916,54.807,54.746,54.669,54.579,54.455,54.274,54.041,53.775,53.47,53.083,52.595,52.015,51.39,50.725,49.947,49.028,48.009,46.961,45.882,44.786,43.693,42.605,41.493,40.349,39.285,38.351,37.494,36.634,35.811,34.88,33.771,32.562,31.372,30.137,29.111,28.419,27.92,27.365,26.822,26.07,24.98,23.661,22.361,21.039,19.697,18.363,17.031,15.686,14.358,12.987,11.554,10.109,8.716,7.353,6.171,5.251,4.526,3.843,3.222,2.697,2.267,1.917,1.631,1.407,1.201,0.989,0.783,0.613,0.485,0.381,0.284,0.196,0.11,0.061,0.046,0.031,0.015,0.007,0.005,0.002
GNQ,2058,61.726,61.403,61.061,60.668,60.322,59.961,59.59,59.21,58.829,58.451,58.07,57.688,57.311,56.945,56.585,56.279,56.05,55.877,55.702,55.527,55.385,55.287,55.209,55.112,54.995,54.839,54.627,54.358,54.05,53.703,53.256,52.684,52.008,51.29,50.528,49.671,48.702,47.652,46.574,45.467,44.352,43.248,42.155,41.041,39.902,38.846,37.925,37.085,36.243,35.439,34.523,33.422,32.215,31.028,29.796,28.766,28.061,27.544,26.971,26.409,25.637,24.529,23.193,21.876,20.538,19.182,17.839,16.499,15.149,13.817,12.452,11.036,9.615,8.248,6.913,5.76,4.864,4.164,3.507,2.913,2.412,2.003,1.671,1.402,1.194,1.007,0.817,0.634,0.483,0.375,0.295,0.217,0.143,0.078,0.044,0.034,0.023,0.011,0.005,0.002
GNQ,2059,61.941,61.623,61.288,60.938,60.563,60.208,59.845,59.476,59.105,58.737,58.378,58.02,57.66,57.309,56.971,56.635,56.371,56.213,56.125,56.03,55.933,55.845,55.758,55.663,55.546,55.402,55.215,54.971,54.668,54.319,53.926,53.42,52.765,51.994,51.18,50.324,49.389,48.369,47.287,46.179,45.045,43.911,42.796,41.697,40.584,39.447,38.4,37.493,36.67,35.846,35.061,34.16,33.067,31.863,30.679,29.449,28.415,27.699,27.164,26.573,25.992,25.201,24.074,22.72,21.387,20.034,18.665,17.311,15.965,14.61,13.274,11.914,10.515,9.12,7.779,6.473,5.348,4.478,3.801,3.171,2.603,2.127,1.738,1.423,1.172,0.982,0.814,0.645,0.485,0.351,0.265,0.208,0.15,0.091,0.046,0.028,0.021,0.013,0.007,0.002
GNQ,2060,62.113,61.81,61.489,61.152,60.804,60.448,60.086,59.72,59.354,58.991,58.637,58.297,57.96,57.623,57.298,56.988,56.676,56.455,56.367,56.363,56.348,56.332,56.296,56.22,56.107,55.971,55.801,55.582,55.306,54.968,54.577,54.142,53.575,52.838,51.971,51.064,50.113,49.099,48.029,46.916,45.777,44.616,43.464,42.336,41.234,40.121,38.988,37.949,37.056,36.249,35.443,34.677,33.793,32.707,31.506,30.326,29.098,28.061,27.331,26.78,26.171,25.571,24.761,23.615,22.245,20.894,19.526,18.145,16.78,15.428,14.069,12.729,11.374,9.993,8.624,7.309,6.032,4.935,4.091,3.439,2.834,2.293,1.842,1.473,1.177,0.942,0.77,0.62,0.472,0.335,0.22,0.156,0.122,0.083,0.038,0.013,0.011,0.008,0.005,0.002
GNQ,2061,62.291,62.034,61.733,61.416,61.085,60.745,60.397,60.046,59.698,59.355,59.019,58.693,58.378,58.083,57.817,57.576,57.345,57.112,56.945,56.868,56.846,56.812,56.769,56.701,56.595,56.447,56.269,56.055,55.775,55.417,54.983,54.498,53.967,53.321,52.532,51.633,50.695,49.715,48.68,47.598,46.479,45.339,44.18,43.035,41.921,40.836,39.741,38.627,37.603,36.713,35.903,35.093,34.323,33.43,32.337,31.128,29.934,28.695,27.639,26.882,26.295,25.653,25.019,24.18,23.01,21.62,20.254,18.872,17.481,16.11,14.756,13.4,12.067,10.728,9.38,8.054,6.785,5.555,4.505,3.705,3.093,2.53,2.032,1.619,1.282,1.012,0.801,0.653,0.525,0.397,0.277,0.18,0.128,0.101,0.069,0.031,0.012,0.009,0.005,0.002
GNQ,2062,62.427,62.182,61.944,61.646,61.332,61.007,60.674,60.336,59.998,59.666,59.346,59.039,58.741,58.45,58.197,58.001,57.845,57.692,57.54,57.425,57.359,57.321,57.266,57.196,57.097,56.96,56.776,56.557,56.3,55.96,55.519,54.988,54.409,53.782,53.058,52.218,51.287,50.316,49.308,48.255,47.16,46.035,44.893,43.736,42.597,41.497,40.43,39.353,38.259,37.25,36.364,35.551,34.737,33.961,33.062,31.961,30.742,29.539,28.288,27.213,26.427,25.806,25.131,24.463,23.593,22.4,20.992,19.609,18.213,16.812,15.437,14.082,12.729,11.4,10.081,8.764,7.483,6.259,5.077,4.074,3.317,2.747,2.227,1.771,1.396,1.09,0.847,0.66,0.535,0.429,0.323,0.221,0.141,0.101,0.078,0.053,0.024,0.01,0.007,0.003
GNQ,2063,62.524,62.32,62.082,61.842,61.548,61.239,60.919,60.593,60.265,59.94,59.625,59.326,59.048,58.777,58.511,58.302,58.175,58.104,58.031,57.957,57.894,57.841,57.785,57.711,57.614,57.484,57.314,57.096,56.836,56.534,56.135,55.611,54.984,54.311,53.588,52.785,51.894,50.93,49.929,48.894,47.819,46.711,45.582,44.439,43.284,42.153,41.067,40.017,38.96,37.886,36.89,36.007,35.192,34.375,33.593,32.687,31.579,30.352,29.136,27.874,26.781,25.968,25.313,24.603,23.903,23.004,21.787,20.36,18.96,17.552,16.14,14.76,13.405,12.055,10.732,9.43,8.147,6.91,5.732,4.598,3.643,2.93,2.401,1.922,1.51,1.173,0.899,0.682,0.518,0.418,0.334,0.248,0.164,0.101,0.072,0.057,0.039,0.017,0.007,0.003
GNQ,2064,62.594,62.427,62.223,61.985,61.73,61.439,61.134,60.819,60.502,60.184,59.871,59.572,59.296,59.046,58.803,58.561,58.395,58.339,58.352,58.358,58.363,58.355,58.312,58.239,58.145,58.02,57.86,57.658,57.406,57.104,56.759,56.3,55.693,54.97,54.202,53.385,52.503,51.559,50.565,49.533,48.469,47.376,46.256,45.121,43.978,42.824,41.701,40.63,39.597,38.558,37.504,36.523,35.646,34.826,34.006,33.219,32.307,31.191,29.955,28.729,27.456,26.346,25.503,24.813,24.071,23.338,22.41,21.17,19.724,18.309,16.886,15.467,14.081,12.726,11.38,10.062,8.778,7.529,6.336,5.204,4.118,3.21,2.541,2.054,1.618,1.248,0.949,0.707,0.516,0.376,0.3,0.238,0.173,0.106,0.061,0.045,0.035,0.023,0.01,0.003
GNQ,2065,62.641,62.508,62.331,62.119,61.875,61.607,61.319,61.018,60.709,60.399,60.09,59.789,59.508,59.255,59.032,58.819,58.6,58.477,58.491,58.589,58.674,58.759,58.802,58.772,58.681,58.568,58.417,58.224,57.991,57.704,57.36,56.972,56.453,55.764,54.946,54.084,53.171,52.211,51.216,50.191,49.127,48.036,46.923,45.792,44.652,43.507,42.357,41.243,40.185,39.169,38.149,37.117,36.15,35.277,34.454,33.632,32.839,31.92,30.799,29.554,28.317,27.034,25.904,25.035,24.311,23.535,22.769,21.81,20.547,19.086,17.653,16.218,14.79,13.399,12.045,10.702,9.391,8.125,6.91,5.762,4.675,3.638,2.777,2.154,1.707,1.313,0.986,0.726,0.515,0.35,0.235,0.182,0.142,0.098,0.049,0.021,0.017,0.014,0.009,0.003
GNQ,2066,62.725,62.592,62.447,62.265,62.053,61.814,61.556,61.285,61.004,60.718,60.432,60.151,59.874,59.636,59.452,59.315,59.18,59.041,58.971,58.995,59.075,59.141,59.2,59.213,59.15,59.024,58.87,58.676,58.423,58.106,57.723,57.286,56.803,56.205,55.463,54.611,53.719,52.777,51.796,50.788,49.755,48.689,47.599,46.493,45.374,44.249,43.121,41.989,40.888,39.833,38.817,37.794,36.757,35.782,34.895,34.057,33.214,32.401,31.46,30.315,29.047,27.786,26.478,25.32,24.412,23.647,22.833,22.03,21.041,19.757,18.28,16.838,15.397,13.972,12.594,11.26,9.943,8.66,7.435,6.281,5.206,4.192,3.23,2.439,1.869,1.468,1.116,0.834,0.616,0.436,0.293,0.193,0.15,0.117,0.081,0.04,0.019,0.014,0.009,0.004
GNQ,2067,62.786,62.699,62.531,62.374,62.186,61.974,61.74,61.494,61.239,60.978,60.714,60.454,60.201,59.947,59.752,59.639,59.585,59.529,59.469,59.452,59.489,59.551,59.597,59.629,59.61,59.517,59.357,59.161,58.923,58.61,58.211,57.732,57.201,56.621,55.943,55.15,54.266,53.342,52.372,51.37,50.349,49.31,48.242,47.152,46.052,44.946,43.838,42.727,41.613,40.525,39.475,38.456,37.43,36.389,35.407,34.507,33.652,32.791,31.956,30.993,29.825,28.533,27.248,25.917,24.729,23.784,22.978,22.126,21.286,20.266,18.96,17.47,16.018,14.573,13.15,11.785,10.472,9.182,7.927,6.743,5.651,4.648,3.708,2.821,2.097,1.584,1.229,0.918,0.684,0.506,0.357,0.234,0.151,0.117,0.092,0.063,0.032,0.014,0.009,0.004
GNQ,2068,62.828,62.756,62.641,62.458,62.289,62.096,61.882,61.655,61.419,61.182,60.941,60.699,60.464,60.238,60.009,59.856,59.814,59.844,59.867,59.887,59.922,59.971,60.016,60.042,60.047,59.997,59.872,59.677,59.44,59.158,58.786,58.304,57.728,57.103,56.428,55.672,54.827,53.911,52.955,51.957,50.934,49.901,48.855,47.784,46.696,45.603,44.509,43.418,42.324,41.229,40.154,39.108,38.087,37.059,36.015,35.024,34.112,33.24,32.361,31.505,30.519,29.329,28.015,26.705,25.351,24.133,23.152,22.305,21.413,20.537,19.487,18.161,16.657,15.197,13.745,12.326,10.974,9.683,8.418,7.192,6.051,5.019,4.09,3.223,2.412,1.757,1.299,0.991,0.721,0.532,0.396,0.278,0.176,0.11,0.085,0.067,0.046,0.023,0.01,0.004
GNQ,2069,62.856,62.794,62.694,62.557,62.373,62.193,61.994,61.781,61.558,61.333,61.113,60.892,60.672,60.463,60.264,60.061,59.95,59.976,60.091,60.194,60.293,60.382,60.441,60.469,60.476,60.453,60.373,60.215,59.986,59.709,59.383,58.951,58.386,57.715,56.996,56.225,55.39,54.494,53.546,52.558,51.532,50.49,49.443,48.391,47.319,46.232,45.145,44.065,42.99,41.913,40.838,39.776,38.735,37.712,36.681,35.634,34.635,33.711,32.823,31.925,31.048,30.04,28.827,27.49,26.158,24.779,23.534,22.516,21.627,20.697,19.785,18.705,17.357,15.842,14.371,12.916,11.5,10.162,8.892,7.653,6.455,5.357,4.387,3.53,2.737,2.002,1.416,1.014,0.751,0.522,0.38,0.286,0.198,0.117,0.068,0.053,0.041,0.028,0.014,0.004
GNQ,2070,62.875,62.818,62.726,62.603,62.45,62.277,62.085,61.881,61.668,61.451,61.237,61.033,60.833,60.635,60.452,60.28,60.101,60.033,60.13,60.329,60.51,60.689,60.83,60.901,60.911,60.898,60.849,60.737,60.548,60.285,59.966,59.597,59.106,58.458,57.691,56.878,56.011,55.098,54.151,53.171,52.153,51.098,50.035,48.977,47.919,46.844,45.76,44.68,43.612,42.554,41.495,40.439,39.39,38.355,37.329,36.297,35.247,34.24,33.304,32.399,31.484,30.586,29.556,28.322,26.961,25.605,24.204,22.931,21.875,20.946,19.979,19.03,17.92,16.551,15.023,13.544,12.084,10.672,9.347,8.1,6.887,5.718,4.663,3.754,2.971,2.252,1.592,1.075,0.729,0.512,0.324,0.229,0.176,0.12,0.058,0.026,0.021,0.015,0.01,0.005
GNQ,2071,62.943,62.836,62.767,62.666,62.54,62.393,62.23,62.054,61.869,61.677,61.485,61.298,61.119,60.961,60.834,60.734,60.641,60.541,60.526,60.635,60.817,60.978,61.13,61.24,61.28,61.256,61.202,61.11,60.937,60.666,60.306,59.893,59.429,58.858,58.159,57.359,56.513,55.619,54.684,53.723,52.736,51.714,50.66,49.602,48.554,47.511,46.452,45.384,44.316,43.251,42.19,41.126,40.063,39.006,37.958,36.917,35.866,34.797,33.766,32.8,31.861,30.909,29.974,28.909,27.645,26.257,24.874,23.449,22.146,21.052,20.08,19.074,18.091,16.96,15.589,14.07,12.604,11.164,9.786,8.512,7.329,6.183,5.083,4.103,3.273,2.573,1.92,1.345,0.915,0.62,0.427,0.267,0.188,0.145,0.099,0.048,0.022,0.017,0.01,0.005
GNQ,2072,63.001,62.942,62.785,62.701,62.594,62.466,62.322,62.168,62.009,61.843,61.674,61.507,61.348,61.193,61.078,61.019,61.005,60.99,60.97,61.008,61.128,61.292,61.434,61.56,61.638,61.647,61.588,61.493,61.357,61.125,60.771,60.315,59.807,59.248,58.598,57.847,57.015,56.138,55.214,54.259,53.284,52.29,51.264,50.21,49.159,48.122,47.094,46.05,44.999,43.942,42.881,41.815,40.748,39.678,38.612,37.552,36.496,35.428,34.339,33.285,32.288,31.315,30.328,29.356,28.256,26.961,25.546,24.137,22.69,21.357,20.224,19.208,18.166,17.15,15.997,14.621,13.113,11.663,10.242,8.897,7.674,6.555,5.477,4.447,3.541,2.793,2.174,1.588,1.096,0.754,0.511,0.342,0.209,0.148,0.114,0.077,0.037,0.017,0.011,0.005
GNQ,2073,63.041,62.975,62.888,62.723,62.625,62.51,62.379,62.241,62.096,61.954,61.808,61.659,61.518,61.386,61.255,61.183,61.195,61.264,61.328,61.388,61.479,61.61,61.757,61.88,61.979,62.026,62.003,61.909,61.772,61.593,61.301,60.865,60.313,59.712,59.057,58.328,57.525,56.66,55.751,54.799,53.823,52.835,51.834,50.805,49.752,48.706,47.682,46.667,45.64,44.606,43.562,42.503,41.433,40.363,39.288,38.212,37.14,36.069,34.984,33.877,32.798,31.771,30.763,29.741,28.732,27.597,26.273,24.831,23.396,21.925,20.564,19.392,18.334,17.254,16.204,15.031,13.651,12.155,10.719,9.317,8.006,6.834,5.781,4.77,3.81,2.979,2.311,1.775,1.256,0.849,0.593,0.401,0.257,0.151,0.108,0.083,0.056,0.027,0.012,0.005
GNQ,2074,63.048,62.984,62.9,62.797,62.652,62.539,62.416,62.284,62.148,62.015,61.888,61.762,61.636,61.52,61.414,61.308,61.279,61.36,61.513,61.658,61.795,61.94,62.083,62.212,62.315,62.388,62.404,62.348,62.221,62.043,61.82,61.468,60.949,60.302,59.607,58.856,58.048,57.194,56.298,55.356,54.375,53.379,52.377,51.37,50.339,49.286,48.246,47.233,46.234,45.223,44.206,43.173,42.117,41.045,39.971,38.89,37.806,36.722,35.636,34.534,33.408,32.306,31.25,30.207,29.15,28.103,26.934,25.581,24.112,22.651,21.157,19.769,18.557,17.456,16.339,15.257,14.063,12.68,11.193,9.773,8.391,7.114,5.994,5.006,4.062,3.171,2.417,1.829,1.375,0.924,0.601,0.433,0.292,0.171,0.093,0.069,0.052,0.035,0.016,0.005
GNQ,2075,63.015,62.962,62.888,62.796,62.689,62.571,62.444,62.313,62.18,62.049,61.925,61.815,61.707,61.604,61.512,61.434,61.353,61.366,61.517,61.755,61.977,62.195,62.392,62.546,62.658,62.742,62.787,62.772,62.686,62.523,62.304,62.038,61.626,61.025,60.282,59.493,58.647,57.761,56.856,55.927,54.954,53.946,52.928,51.913,50.899,49.866,48.814,47.779,46.778,45.794,44.799,43.8,42.78,41.727,40.652,39.573,38.488,37.395,36.299,35.198,34.08,32.935,31.81,30.723,29.647,28.555,27.471,26.268,24.885,23.391,21.904,20.387,18.969,17.72,16.576,15.422,14.307,13.093,11.707,10.231,8.826,7.465,6.221,5.154,4.23,3.355,2.533,1.855,1.347,0.976,0.591,0.352,0.271,0.182,0.085,0.035,0.028,0.021,0.014,0.005
GNQ,2076,62.984,62.965,62.91,62.835,62.744,62.64,62.528,62.411,62.294,62.183,62.079,61.983,61.896,61.833,61.799,61.791,61.792,61.79,61.856,62.019,62.24,62.443,62.634,62.799,62.923,63,63.043,63.045,62.971,62.801,62.543,62.23,61.868,61.377,60.724,59.948,59.128,58.252,57.344,56.425,55.489,54.512,53.503,52.49,51.485,50.485,49.466,48.43,47.406,46.406,45.417,44.415,43.408,42.377,41.31,40.218,39.119,38.012,36.894,35.768,34.634,33.48,32.3,31.138,30.011,28.892,27.758,26.635,25.394,23.981,22.46,20.95,19.419,17.982,16.709,15.541,14.37,13.242,12.036,10.692,9.281,7.942,6.649,5.485,4.504,3.673,2.872,2.149,1.579,1.143,0.812,0.485,0.291,0.224,0.15,0.071,0.031,0.023,0.015,0.007
GNQ,2077,62.912,62.915,62.906,62.848,62.772,62.682,62.582,62.477,62.37,62.268,62.177,62.101,62.032,61.971,61.95,61.985,62.062,62.142,62.219,62.338,62.512,62.715,62.9,63.065,63.199,63.291,63.334,63.336,63.294,63.159,62.908,62.554,62.147,61.69,61.119,60.414,59.606,58.753,57.849,56.921,55.987,55.043,54.063,53.053,52.045,51.051,50.065,49.06,48.04,47.026,46.027,45.033,44.025,43.01,41.968,40.888,39.778,38.661,37.531,36.387,35.232,34.064,32.876,31.662,30.462,29.293,28.133,26.958,25.793,24.516,23.072,21.526,19.994,18.446,16.992,15.695,14.502,13.315,12.175,10.979,9.675,8.329,7.057,5.832,4.746,3.854,3.115,2.39,1.764,1.304,0.939,0.647,0.378,0.231,0.177,0.118,0.055,0.026,0.016,0.007
GNQ,2078,62.813,62.852,62.855,62.839,62.779,62.701,62.612,62.516,62.417,62.319,62.232,62.163,62.114,62.074,62.036,62.058,62.163,62.324,62.483,62.64,62.812,62.998,63.184,63.349,63.486,63.59,63.65,63.659,63.619,63.535,63.34,63.006,62.556,62.055,61.503,60.853,60.096,59.257,58.371,57.438,56.489,55.541,54.589,53.607,52.596,51.593,50.61,49.637,48.647,47.643,46.64,45.642,44.643,43.629,42.607,41.553,40.459,39.333,38.196,37.045,35.877,34.691,33.49,32.267,31.018,29.781,28.572,27.37,26.154,24.948,23.634,22.16,20.588,19.035,17.472,16,14.678,13.462,12.258,11.105,9.92,8.658,7.376,6.169,5.014,4.008,3.202,2.556,1.907,1.379,1.028,0.734,0.482,0.273,0.17,0.13,0.087,0.04,0.018,0.007
GNQ,2079,62.701,62.773,62.803,62.798,62.763,62.7,62.622,62.533,62.441,62.348,62.259,62.188,62.14,62.119,62.106,62.093,62.159,62.333,62.578,62.815,63.052,63.277,63.475,63.643,63.788,63.9,63.973,64.001,63.975,63.895,63.767,63.513,63.095,62.55,61.955,61.307,60.579,59.771,58.897,57.981,57.02,56.049,55.087,54.128,53.142,52.132,51.134,50.161,49.202,48.228,47.24,46.247,45.25,44.245,43.227,42.197,41.133,40.026,38.883,37.727,36.554,35.36,34.145,32.911,31.654,30.371,29.096,27.848,26.604,25.347,24.1,22.75,21.245,19.648,18.073,16.494,15.005,13.66,12.42,11.2,10.035,8.86,7.639,6.421,5.282,4.196,3.268,2.551,1.997,1.423,0.993,0.752,0.529,0.318,0.167,0.109,0.083,0.055,0.025,0.009
GNQ,2080,62.592,62.685,62.734,62.745,62.725,62.679,62.613,62.534,62.446,62.357,62.272,62.192,62.135,62.109,62.115,62.13,62.142,62.249,62.493,62.823,63.14,63.456,63.733,63.942,64.094,64.22,64.304,64.345,64.343,64.283,64.162,63.99,63.676,63.177,62.535,61.847,61.103,60.297,59.437,58.532,57.583,56.594,55.602,54.627,53.66,52.67,51.661,50.668,49.706,48.762,47.802,46.83,45.848,44.854,43.844,42.819,41.782,40.707,39.587,38.427,37.252,36.058,34.839,33.594,32.328,31.038,29.719,28.408,27.119,25.834,24.535,23.249,21.863,20.328,18.705,17.109,15.515,14.009,12.641,11.377,10.141,8.964,7.799,6.62,5.466,4.394,3.378,2.528,1.899,1.439,0.94,0.608,0.476,0.324,0.153,0.061,0.049,0.036,0.023,0.009
GNQ,2081,62.53,62.57,62.644,62.681,62.687,62.669,62.631,62.58,62.52,62.454,62.39,62.33,62.276,62.261,62.305,62.395,62.489,62.58,62.741,62.996,63.309,63.606,63.896,64.143,64.321,64.438,64.523,64.564,64.546,64.461,64.305,64.09,63.823,63.43,62.879,62.204,61.484,60.71,59.882,59.008,58.095,57.142,56.152,55.164,54.199,53.246,52.269,51.274,50.289,49.328,48.377,47.41,46.428,45.435,44.424,43.394,42.348,41.287,40.184,39.03,37.834,36.62,35.387,34.128,32.843,31.535,30.205,28.847,27.495,26.162,24.833,23.494,22.17,20.756,19.205,17.579,15.983,14.397,12.907,11.563,10.334,9.137,8.002,6.898,5.81,4.765,3.775,2.873,2.157,1.612,1.198,0.773,0.504,0.394,0.268,0.126,0.055,0.041,0.027,0.011
GNQ,2082,62.469,62.567,62.54,62.594,62.619,62.62,62.602,62.574,62.539,62.498,62.453,62.413,62.38,62.35,62.379,62.491,62.666,62.84,63.01,63.224,63.491,63.786,64.064,64.327,64.543,64.689,64.772,64.816,64.815,64.737,64.57,64.318,64.009,63.646,63.175,62.571,61.864,61.111,60.309,59.459,58.571,57.65,56.693,55.702,54.718,53.762,52.823,51.86,50.879,49.904,48.943,47.985,47.011,46.021,45.013,43.987,42.939,41.871,40.784,39.655,38.467,37.235,35.983,34.711,33.411,32.085,30.736,29.366,27.971,26.579,25.201,23.827,22.448,21.088,19.646,18.079,16.448,14.854,13.277,11.802,10.485,9.289,8.131,7.038,5.997,4.999,4.061,3.156,2.366,1.785,1.325,0.955,0.606,0.4,0.312,0.212,0.099,0.047,0.029,0.012
GNQ,2083,62.402,62.492,62.548,62.501,62.534,62.547,62.543,62.528,62.508,62.489,62.467,62.444,62.428,62.421,62.416,62.487,62.67,62.928,63.18,63.431,63.697,63.977,64.254,64.513,64.749,64.935,65.051,65.099,65.102,65.058,64.92,64.67,64.322,63.92,63.462,62.91,62.255,61.516,60.731,59.899,59.028,58.126,57.197,56.236,55.245,54.265,53.32,52.393,51.443,50.477,49.512,48.551,47.587,46.606,45.606,44.587,43.545,42.477,41.387,40.278,39.119,37.899,36.63,35.341,34.03,32.69,31.324,29.934,28.525,27.092,25.659,24.238,22.818,21.399,20.002,18.533,16.951,15.316,13.723,12.154,10.697,9.404,8.242,7.125,6.073,5.095,4.188,3.358,2.537,1.859,1.412,1.038,0.714,0.44,0.295,0.229,0.155,0.071,0.033,0.014
GNQ,2084,62.318,62.4,62.455,62.484,62.455,62.469,62.469,62.461,62.447,62.435,62.431,62.429,62.426,62.435,62.456,62.475,62.59,62.841,63.184,63.515,63.844,64.164,64.455,64.716,64.955,65.165,65.319,65.404,65.417,65.38,65.292,65.095,64.762,64.32,63.823,63.27,62.64,61.933,61.161,60.344,59.484,58.591,57.674,56.738,55.774,54.781,53.806,52.87,51.956,51.021,50.07,49.114,48.154,47.183,46.195,45.187,44.156,43.098,42.01,40.899,39.766,38.58,37.327,36.022,34.696,33.345,31.965,30.559,29.129,27.679,26.208,24.736,23.271,21.807,20.348,18.914,17.418,15.822,14.181,12.591,11.031,9.59,8.323,7.194,6.116,5.108,4.193,3.377,2.654,1.917,1.352,1.04,0.75,0.472,0.274,0.191,0.147,0.099,0.045,0.015
GNQ,2085,62.209,62.291,62.347,62.382,62.399,62.403,62.397,62.385,62.372,62.359,62.356,62.368,62.385,62.403,62.436,62.484,62.527,62.685,63.007,63.433,63.842,64.252,64.624,64.927,65.17,65.39,65.573,65.697,65.749,65.73,65.651,65.521,65.263,64.849,64.31,63.72,63.071,62.363,61.604,60.8,59.95,59.062,58.147,57.217,56.272,55.304,54.312,53.341,52.416,51.515,50.594,49.658,48.711,47.751,46.775,45.779,44.763,43.719,42.645,41.54,40.408,39.25,38.037,36.752,35.411,34.047,32.657,31.237,29.791,28.32,26.831,25.323,23.812,22.302,20.795,19.296,17.825,16.302,14.691,13.047,11.457,9.907,8.483,7.241,6.147,5.109,4.142,3.29,2.564,1.95,1.298,0.845,0.668,0.463,0.231,0.107,0.086,0.065,0.041,0.017
GNQ,2086,62.111,62.179,62.25,62.3,62.332,62.352,62.361,62.365,62.369,62.375,62.39,62.413,62.451,62.51,62.598,62.715,62.842,62.965,63.176,63.509,63.918,64.309,64.692,65.033,65.305,65.515,65.694,65.834,65.898,65.868,65.753,65.58,65.354,65.019,64.552,63.981,63.358,62.68,61.951,61.177,60.364,59.51,58.619,57.709,56.788,55.855,54.901,53.922,52.959,52.034,51.125,50.195,49.249,48.288,47.311,46.313,45.295,44.252,43.178,42.068,40.922,39.747,38.547,37.288,35.958,34.572,33.163,31.729,30.265,28.774,27.26,25.731,24.19,22.645,21.106,19.572,18.054,16.571,15.054,13.477,11.887,10.357,8.871,7.522,6.367,5.365,4.404,3.539,2.812,2.179,1.627,1.07,0.701,0.553,0.383,0.19,0.095,0.071,0.045,0.019
GNQ,2087,61.988,62.091,62.142,62.203,62.247,62.276,62.297,62.312,62.326,62.345,62.372,62.413,62.464,62.525,62.628,62.786,62.987,63.193,63.396,63.659,64.005,64.397,64.769,65.125,65.435,65.676,65.851,65.99,66.087,66.091,65.98,65.769,65.504,65.181,64.768,64.249,63.645,62.989,62.282,61.53,60.743,59.922,59.063,58.171,57.264,56.351,55.432,54.49,53.525,52.572,51.645,50.729,49.79,48.833,47.859,46.865,45.847,44.805,43.736,42.632,41.485,40.298,39.081,37.838,36.536,35.16,33.729,32.275,30.799,29.291,27.755,26.197,24.628,23.052,21.476,19.907,18.347,16.81,15.314,13.804,12.261,10.727,9.255,7.834,6.561,5.491,4.584,3.699,2.936,2.334,1.792,1.302,0.841,0.557,0.439,0.303,0.149,0.077,0.05,0.021
GNQ,2088,61.848,61.967,62.056,62.097,62.15,62.186,62.213,62.235,62.256,62.28,62.314,62.362,62.43,62.509,62.595,62.739,62.967,63.252,63.538,63.819,64.136,64.494,64.868,65.221,65.551,65.831,66.041,66.182,66.279,66.333,66.278,66.084,65.778,65.418,65.002,64.508,63.939,63.302,62.614,61.878,61.104,60.302,59.472,58.609,57.717,56.813,55.91,55.003,54.074,53.123,52.179,51.25,50.326,49.38,48.413,47.426,46.414,45.375,44.309,43.216,42.081,40.898,39.671,38.412,37.125,35.778,34.359,32.883,31.384,29.864,28.312,26.732,25.13,23.522,21.913,20.305,18.706,17.12,15.565,14.055,12.552,11.044,9.564,8.153,6.796,5.598,4.615,3.801,2.992,2.333,1.855,1.406,0.976,0.613,0.414,0.325,0.222,0.108,0.054,0.023
GNQ,2089,61.694,61.83,61.932,62.008,62.046,62.088,62.119,62.143,62.166,62.193,62.227,62.276,62.345,62.439,62.546,62.656,62.844,63.14,63.511,63.874,64.236,64.605,64.974,65.333,65.666,65.969,66.219,66.398,66.504,66.561,66.572,66.458,66.181,65.78,65.327,64.815,64.243,63.621,62.952,62.232,61.467,60.671,59.854,59.016,58.149,57.255,56.356,55.462,54.568,53.652,52.715,51.779,50.851,49.919,48.965,47.988,46.987,45.958,44.898,43.81,42.69,41.525,40.307,39.04,37.739,36.408,35.018,33.554,32.033,30.49,28.927,27.331,25.706,24.061,22.413,20.771,19.132,17.502,15.891,14.317,12.794,11.299,9.826,8.402,7.05,5.757,4.636,3.737,3.018,2.286,1.729,1.377,1.019,0.65,0.384,0.27,0.209,0.142,0.067,0.025
GNQ,2090,61.534,61.681,61.795,61.881,61.943,61.988,62.02,62.044,62.067,62.091,62.124,62.168,62.231,62.322,62.441,62.575,62.711,62.941,63.308,63.761,64.204,64.645,65.067,65.449,65.789,66.104,66.381,66.599,66.747,66.819,66.835,66.804,66.629,66.271,65.775,65.228,64.621,63.97,63.297,62.595,61.843,61.049,60.231,59.401,58.555,57.683,56.788,55.892,55.009,54.127,53.224,52.302,51.373,50.445,49.507,48.544,47.557,46.542,45.496,44.416,43.305,42.16,40.965,39.71,38.403,37.062,35.688,34.253,32.744,31.18,29.592,27.986,26.347,24.677,22.989,21.302,19.627,17.957,16.297,14.66,13.069,11.533,10.045,8.606,7.238,5.946,4.719,3.672,2.861,2.235,1.58,1.124,0.898,0.632,0.325,0.155,0.126,0.095,0.062,0.027
GNQ,2091,61.402,61.518,61.65,61.752,61.833,61.895,61.947,61.991,62.031,62.074,62.124,62.183,62.252,62.359,62.519,62.722,62.936,63.151,63.434,63.813,64.249,64.674,65.089,65.48,65.83,66.137,66.412,66.645,66.804,66.869,66.846,66.77,66.643,66.389,65.98,65.451,64.871,64.235,63.563,62.875,62.165,61.408,60.611,59.798,58.975,58.14,57.281,56.398,55.51,54.624,53.734,52.823,51.889,50.946,49.999,49.039,48.052,47.037,45.99,44.905,43.782,42.625,41.433,40.189,38.885,37.527,36.135,34.711,33.226,31.667,30.051,28.419,26.772,25.097,23.394,21.68,19.975,18.289,16.622,14.985,13.387,11.84,10.352,8.935,7.595,6.342,5.141,4.039,3.148,2.439,1.869,1.306,0.934,0.745,0.523,0.268,0.135,0.102,0.067,0.029
GNQ,2092,61.263,61.423,61.496,61.609,61.702,61.777,61.841,61.898,61.953,62.01,62.073,62.148,62.235,62.328,62.478,62.708,62.996,63.288,63.582,63.92,64.31,64.73,65.135,65.524,65.885,66.205,66.477,66.711,66.902,67.002,66.985,66.867,66.696,66.474,66.142,65.681,65.119,64.508,63.842,63.148,62.445,61.726,60.965,60.167,59.356,58.542,57.719,56.872,56.002,55.122,54.235,53.336,52.415,51.47,50.513,49.547,48.564,47.552,46.51,45.431,44.307,43.141,41.939,40.701,39.409,38.056,36.646,35.202,33.731,32.196,30.585,28.92,27.242,25.554,23.842,22.108,20.368,18.645,16.947,15.285,13.671,12.111,10.609,9.17,7.822,6.581,5.445,4.335,3.358,2.623,2.015,1.501,1.033,0.744,0.592,0.414,0.211,0.11,0.072,0.031
GNQ,2093,61.12,61.281,61.412,61.465,61.563,61.645,61.714,61.779,61.841,61.908,61.982,62.066,62.167,62.28,62.398,62.591,62.89,63.262,63.634,64.008,64.398,64.801,65.203,65.589,65.952,66.282,66.571,66.809,67.002,67.151,67.19,67.092,66.879,66.615,66.297,65.887,65.375,64.78,64.137,63.442,62.726,62.009,61.281,60.516,59.715,58.909,58.103,57.292,56.456,55.6,54.726,53.838,52.932,52.001,51.045,50.072,49.089,48.085,47.048,45.978,44.867,43.705,42.495,41.248,39.964,38.624,37.22,35.761,34.267,32.746,31.161,29.501,27.785,26.061,24.334,22.586,20.82,19.053,17.313,15.604,13.946,12.354,10.834,9.377,7.986,6.709,5.566,4.548,3.529,2.677,2.099,1.592,1.134,0.759,0.554,0.438,0.305,0.153,0.077,0.033
GNQ,2094,60.97,61.133,61.265,61.371,61.429,61.51,61.581,61.646,61.71,61.778,61.857,61.947,62.052,62.178,62.318,62.462,62.697,63.065,63.521,63.972,64.425,64.869,65.284,65.669,66.037,66.373,66.672,66.93,67.135,67.287,67.392,67.374,67.193,66.884,66.527,66.114,65.625,65.061,64.434,63.758,63.035,62.297,61.566,60.829,60.059,59.258,58.454,57.656,56.857,56.034,55.191,54.325,53.436,52.522,51.583,50.615,49.628,48.626,47.601,46.539,45.442,44.297,43.098,41.845,40.554,39.224,37.835,36.381,34.871,33.328,31.757,30.123,28.412,26.647,24.879,23.111,21.327,19.529,17.737,15.979,14.259,12.605,11.037,9.555,8.142,6.802,5.595,4.552,3.65,2.722,1.995,1.574,1.168,0.767,0.486,0.363,0.285,0.196,0.095,0.035
GNQ,2095,60.817,60.979,61.113,61.221,61.311,61.386,61.451,61.51,61.57,61.634,61.709,61.8,61.907,62.031,62.183,62.351,62.518,62.796,63.234,63.775,64.303,64.837,65.334,65.76,66.128,66.477,66.787,67.057,67.283,67.454,67.565,67.628,67.549,67.286,66.882,66.432,65.924,65.356,64.741,64.081,63.374,62.622,61.863,61.116,60.372,59.597,58.795,57.993,57.205,56.417,55.607,54.776,53.919,53.029,52.106,51.158,50.18,49.179,48.158,47.112,46.025,44.901,43.724,42.486,41.191,39.855,38.478,37.042,35.539,33.979,32.385,30.766,29.083,27.321,25.508,23.694,21.886,20.065,18.236,16.42,14.643,12.914,11.265,9.718,8.276,6.909,5.617,4.482,3.536,2.752,1.915,1.314,1.049,0.744,0.399,0.211,0.174,0.132,0.086,0.038
GNQ,2096,60.694,60.81,60.954,61.074,61.177,61.266,61.347,61.423,61.5,61.579,61.669,61.771,61.886,62.036,62.23,62.465,62.712,62.959,63.291,63.742,64.266,64.776,65.283,65.749,66.145,66.48,66.788,67.056,67.265,67.411,67.486,67.504,67.472,67.315,67.001,66.565,66.081,65.544,64.955,64.325,63.657,62.946,62.191,61.434,60.696,59.963,59.2,58.409,57.615,56.825,56.027,55.207,54.363,53.49,52.58,51.635,50.661,49.653,48.618,47.557,46.465,45.33,44.157,42.929,41.637,40.287,38.896,37.465,35.973,34.412,32.793,31.146,29.477,27.749,25.948,24.102,22.263,20.437,18.616,16.808,15.032,13.303,11.626,10.049,8.6,7.272,5.993,4.827,3.853,3.02,2.304,1.587,1.096,0.873,0.618,0.329,0.183,0.139,0.092,0.04
GNQ,2097,60.571,60.731,60.796,60.922,61.03,61.126,61.214,61.301,61.389,61.482,61.582,61.696,61.825,61.965,62.158,62.422,62.742,63.068,63.394,63.779,64.242,64.748,65.241,65.721,66.157,66.523,66.824,67.092,67.316,67.468,67.53,67.512,67.436,67.308,67.074,66.708,66.239,65.724,65.158,64.547,63.902,63.225,62.509,61.752,60.999,60.269,59.546,58.795,58.017,57.23,56.437,55.63,54.8,53.944,53.054,52.125,51.158,50.158,49.122,48.053,46.951,45.812,44.631,43.408,42.127,40.782,39.377,37.931,36.447,34.9,33.28,31.603,29.901,28.185,26.413,24.572,22.692,20.828,18.985,17.164,15.379,13.642,11.96,10.336,8.832,7.481,6.266,5.076,4.036,3.224,2.504,1.857,1.257,0.877,0.697,0.491,0.259,0.146,0.096,0.043
GNQ,2098,60.453,60.607,60.736,60.776,60.882,60.978,61.068,61.155,61.247,61.347,61.456,61.577,61.716,61.872,62.037,62.273,62.607,63.01,63.414,63.821,64.26,64.735,65.225,65.697,66.153,66.558,66.892,67.16,67.387,67.569,67.662,67.642,67.529,67.359,67.138,66.824,66.407,65.906,65.358,64.764,64.131,63.471,62.786,62.065,61.306,60.556,59.835,59.123,58.383,57.617,56.838,56.042,55.227,54.386,53.517,52.613,51.664,50.674,49.649,48.584,47.481,46.339,45.155,43.926,42.653,41.321,39.923,38.463,36.962,35.425,33.821,32.145,30.409,28.654,26.889,25.072,23.192,21.28,19.391,17.531,15.711,13.946,12.251,10.616,9.044,7.613,6.36,5.26,4.159,3.244,2.595,1.987,1.409,0.927,0.658,0.52,0.364,0.189,0.101,0.045
GNQ,2099,60.346,60.489,60.608,60.707,60.748,60.836,60.919,61.001,61.089,61.186,61.298,61.423,61.564,61.728,61.912,62.101,62.379,62.783,63.271,63.755,64.241,64.733,65.221,65.693,66.147,66.576,66.951,67.255,67.488,67.675,67.815,67.847,67.747,67.537,67.276,66.958,66.566,66.098,65.565,64.985,64.362,63.707,63.033,62.339,61.614,60.853,60.107,59.393,58.694,57.965,57.212,56.439,55.641,54.817,53.965,53.085,52.165,51.197,50.185,49.134,48.04,46.903,45.722,44.491,43.215,41.894,40.51,39.058,37.544,35.989,34.398,32.74,31.005,29.211,27.403,25.59,23.728,21.81,19.864,17.952,16.074,14.254,12.513,10.857,9.271,7.753,6.394,5.238,4.252,3.241,2.452,1.965,1.47,0.961,0.597,0.439,0.343,0.237,0.119,0.047
GNQ,2100,60.26,60.379,60.48,60.566,60.642,60.713,60.782,60.852,60.929,61.016,61.118,61.242,61.384,61.545,61.734,61.943,62.158,62.479,62.952,63.524,64.087,64.653,65.199,65.698,66.153,66.588,66.992,67.336,67.609,67.809,67.955,68.052,68.025,67.843,67.539,67.184,66.772,66.301,65.781,65.216,64.605,63.952,63.276,62.587,61.886,61.156,60.395,59.65,58.945,58.257,57.539,56.799,56.033,55.234,54.401,53.539,52.647,51.71,50.724,49.689,48.613,47.492,46.321,45.099,43.824,42.501,41.129,39.695,38.189,36.621,35.012,33.367,31.654,29.862,28.011,26.149,24.288,22.383,20.425,18.448,16.511,14.617,12.797,11.078,9.464,7.925,6.46,5.174,4.117,3.246,2.324,1.66,1.335,0.953,0.513,0.268,0.22,0.166,0.11,0.049
