GNB,1950,17.808,17.085,16.369,15.664,14.975,14.306,13.665,13.055,12.482,11.951,11.453,10.976,10.601,10.364,10.223,10.105,10.021,9.937,9.825,9.702,9.602,9.511,9.441,9.4,9.373,9.341,9.313,9.241,9.102,8.916,8.728,8.526,8.332,8.161,7.999,7.819,7.628,7.411,7.159,6.881,6.603,6.337,6.025,5.653,5.247,4.851,4.441,4.132,3.98,3.929,3.87,3.835,3.743,3.55,3.297,3.068,2.842,2.657,2.541,2.469,2.39,2.315,2.233,2.137,2.031,1.93,1.835,1.73,1.614,1.49,1.368,1.247,1.128,1.015,0.908,0.803,0.703,0.606,0.511,0.421,0.337,0.257,0.192,0.151,0.125,0.103,0.087,0.073,0.056,0.04,0.026,0.018,0.014,0.01,0.005,0.003,0.002,0.002,0.001,0
GNB,1951,20.182,17.288,16.542,15.838,15.176,14.55,13.97,13.439,12.911,12.364,11.824,11.325,10.852,10.478,10.243,10.105,9.985,9.898,9.81,9.698,9.573,9.471,9.378,9.306,9.263,9.235,9.202,9.173,9.101,8.961,8.776,8.589,8.387,8.193,8.024,7.862,7.683,7.492,7.277,7.028,6.754,6.48,6.217,5.91,5.542,5.144,4.753,4.349,4.043,3.892,3.839,3.781,3.743,3.652,3.46,3.209,2.983,2.759,2.576,2.459,2.384,2.304,2.226,2.143,2.045,1.937,1.835,1.739,1.634,1.519,1.396,1.276,1.157,1.042,0.932,0.829,0.729,0.633,0.542,0.454,0.372,0.296,0.224,0.166,0.129,0.106,0.087,0.074,0.061,0.047,0.033,0.021,0.014,0.011,0.008,0.005,0.002,0.002,0.001,0
GNB,1952,21.839,19.695,16.703,15.936,15.249,14.631,14.072,13.58,13.163,12.718,12.199,11.651,11.155,10.685,10.314,10.082,9.949,9.829,9.737,9.646,9.532,9.407,9.303,9.208,9.135,9.091,9.062,9.028,8.997,8.925,8.787,8.603,8.417,8.217,8.025,7.855,7.695,7.518,7.329,7.116,6.871,6.601,6.332,6.073,5.771,5.41,5.019,4.636,4.239,3.939,3.79,3.736,3.676,3.638,3.547,3.357,3.11,2.886,2.666,2.484,2.367,2.291,2.208,2.13,2.046,1.946,1.837,1.734,1.637,1.532,1.417,1.297,1.179,1.063,0.951,0.846,0.748,0.652,0.562,0.476,0.396,0.323,0.254,0.19,0.14,0.107,0.087,0.07,0.06,0.049,0.037,0.025,0.016,0.011,0.009,0.006,0.003,0.002,0.001,0
GNB,1953,22.881,20.42,18.364,16.147,15.358,14.687,14.112,13.619,13.214,12.908,12.546,12.054,11.496,11.002,10.536,10.167,9.938,9.808,9.688,9.593,9.498,9.382,9.257,9.152,9.055,8.979,8.934,8.904,8.87,8.838,8.765,8.626,8.443,8.258,8.06,7.869,7.701,7.541,7.364,7.177,6.967,6.725,6.459,6.195,5.94,5.643,5.288,4.904,4.527,4.137,3.841,3.693,3.639,3.578,3.538,3.446,3.26,3.015,2.795,2.577,2.397,2.278,2.201,2.117,2.037,1.951,1.85,1.74,1.636,1.537,1.432,1.319,1.2,1.085,0.971,0.863,0.762,0.667,0.577,0.491,0.411,0.339,0.273,0.212,0.157,0.112,0.084,0.067,0.055,0.045,0.038,0.028,0.018,0.012,0.008,0.006,0.005,0.002,0.001,0
GNB,1954,23.39,20.884,18.79,17.071,15.644,14.832,14.172,13.641,13.21,12.892,12.697,12.415,11.948,11.381,10.887,10.422,10.054,9.828,9.7,9.578,9.479,9.382,9.264,9.137,9.031,8.931,8.854,8.806,8.775,8.74,8.707,8.634,8.495,8.312,8.127,7.929,7.739,7.571,7.412,7.236,7.05,6.841,6.601,6.339,6.078,5.827,5.534,5.184,4.804,4.433,4.049,3.756,3.609,3.554,3.492,3.451,3.358,3.173,2.931,2.713,2.497,2.318,2.199,2.118,2.033,1.951,1.863,1.761,1.648,1.544,1.443,1.338,1.225,1.108,0.995,0.883,0.776,0.679,0.589,0.504,0.422,0.348,0.282,0.224,0.172,0.124,0.086,0.062,0.048,0.038,0.032,0.026,0.02,0.012,0.007,0.005,0.005,0.003,0.001,0
GNB,1955,23.426,21.125,19.183,17.568,16.245,15.181,14.342,13.693,13.202,12.834,12.602,12.517,12.316,11.874,11.294,10.799,10.336,9.966,9.742,9.617,9.493,9.391,9.289,9.168,9.041,8.932,8.83,8.75,8.702,8.668,8.632,8.599,8.524,8.385,8.202,8.017,7.82,7.63,7.461,7.302,7.126,6.939,6.732,6.495,6.235,5.976,5.728,5.439,5.092,4.717,4.35,3.97,3.681,3.534,3.477,3.415,3.372,3.279,3.094,2.855,2.637,2.423,2.245,2.124,2.041,1.953,1.87,1.78,1.675,1.562,1.455,1.352,1.247,1.134,1.018,0.905,0.796,0.693,0.598,0.513,0.431,0.354,0.286,0.227,0.176,0.132,0.091,0.06,0.041,0.029,0.022,0.019,0.015,0.01,0.005,0.003,0.002,0.002,0.001,0
GNB,1956,22.836,22.286,20.304,18.598,17.148,15.929,14.911,14.062,13.407,12.946,12.624,12.408,12.321,12.119,11.683,11.113,10.623,10.162,9.794,9.57,9.446,9.323,9.218,9.116,8.996,8.869,8.761,8.659,8.579,8.53,8.496,8.458,8.423,8.348,8.209,8.027,7.844,7.648,7.46,7.293,7.135,6.962,6.779,6.574,6.341,6.084,5.83,5.584,5.3,4.959,4.592,4.231,3.858,3.574,3.427,3.369,3.304,3.259,3.165,2.982,2.746,2.532,2.321,2.144,2.022,1.938,1.849,1.764,1.674,1.569,1.456,1.35,1.25,1.146,1.036,0.926,0.818,0.714,0.617,0.529,0.451,0.376,0.306,0.245,0.193,0.15,0.11,0.076,0.05,0.034,0.024,0.018,0.015,0.012,0.008,0.005,0.002,0.002,0.001,0
GNB,1957,22.107,20.769,21.264,19.591,18.112,16.817,15.695,14.717,13.855,13.191,12.755,12.48,12.28,12.189,11.985,11.553,10.991,10.503,10.04,9.672,9.447,9.324,9.198,9.094,8.99,8.869,8.743,8.635,8.532,8.453,8.402,8.366,8.327,8.291,8.215,8.076,7.895,7.711,7.516,7.329,7.163,7.007,6.835,6.654,6.45,6.219,5.965,5.714,5.47,5.189,4.852,4.49,4.134,3.766,3.485,3.338,3.277,3.211,3.163,3.068,2.886,2.652,2.439,2.23,2.054,1.932,1.845,1.755,1.668,1.577,1.472,1.359,1.253,1.153,1.05,0.945,0.838,0.736,0.636,0.544,0.464,0.391,0.324,0.261,0.206,0.161,0.123,0.089,0.061,0.041,0.028,0.019,0.014,0.012,0.01,0.006,0.003,0.002,0.001,0
GNB,1958,21.355,20.563,19.751,20.287,18.919,17.664,16.522,15.495,14.557,13.678,13.004,12.593,12.361,12.177,12.083,11.876,11.447,10.891,10.405,9.941,9.57,9.346,9.22,9.095,8.988,8.883,8.763,8.636,8.528,8.425,8.344,8.292,8.255,8.214,8.177,8.099,7.96,7.778,7.595,7.399,7.213,7.048,6.893,6.723,6.541,6.341,6.111,5.859,5.609,5.368,5.089,4.757,4.398,4.046,3.682,3.403,3.255,3.192,3.124,3.074,2.977,2.795,2.564,2.352,2.144,1.968,1.845,1.757,1.665,1.576,1.483,1.377,1.264,1.158,1.059,0.958,0.855,0.753,0.654,0.559,0.473,0.399,0.332,0.272,0.216,0.167,0.128,0.097,0.069,0.047,0.032,0.021,0.014,0.01,0.008,0.007,0.005,0.002,0.001,0
GNB,1959,20.733,20.381,19.903,19.316,19.298,18.238,17.207,16.22,15.29,14.39,13.496,12.811,12.426,12.239,12.07,11.972,11.763,11.338,10.788,10.304,9.838,9.465,9.24,9.115,8.988,8.88,8.773,8.651,8.525,8.416,8.314,8.233,8.179,8.14,8.098,8.059,7.981,7.841,7.659,7.476,7.281,7.094,6.931,6.776,6.607,6.428,6.228,6.001,5.751,5.503,5.263,4.986,4.658,4.303,3.956,3.597,3.32,3.172,3.107,3.036,2.982,2.885,2.704,2.474,2.264,2.057,1.882,1.758,1.667,1.572,1.483,1.389,1.282,1.168,1.063,0.964,0.865,0.765,0.666,0.572,0.482,0.401,0.332,0.274,0.22,0.17,0.128,0.096,0.071,0.048,0.031,0.022,0.015,0.01,0.006,0.005,0.005,0.003,0.002,0
GNB,1960,20.402,20.278,19.979,19.53,18.957,18.281,17.53,16.727,15.896,15.063,14.204,13.294,12.599,12.241,12.099,11.947,11.845,11.634,11.212,10.67,10.188,9.721,9.347,9.121,8.996,8.869,8.758,8.65,8.529,8.403,8.294,8.192,8.11,8.055,8.014,7.97,7.93,7.851,7.711,7.529,7.346,7.152,6.966,6.803,6.651,6.482,6.305,6.108,5.882,5.634,5.388,5.151,4.877,4.553,4.204,3.86,3.506,3.232,3.084,3.016,2.943,2.888,2.788,2.609,2.381,2.172,1.967,1.793,1.667,1.574,1.478,1.387,1.292,1.185,1.071,0.966,0.867,0.769,0.672,0.579,0.489,0.404,0.329,0.266,0.214,0.167,0.124,0.09,0.063,0.044,0.026,0.016,0.013,0.008,0.005,0.003,0.002,0.002,0.001,0
GNB,1961,20.482,19.856,19.654,19.337,18.917,18.409,17.836,17.227,16.527,15.727,14.876,14.018,13.114,12.423,12.071,11.933,11.781,11.677,11.464,11.045,10.509,10.03,9.566,9.195,8.971,8.847,8.722,8.612,8.506,8.384,8.257,8.149,8.047,7.963,7.908,7.866,7.82,7.779,7.699,7.559,7.38,7.198,7.006,6.821,6.66,6.508,6.341,6.164,5.968,5.744,5.499,5.256,5.019,4.75,4.43,4.085,3.747,3.397,3.127,2.979,2.908,2.832,2.774,2.673,2.494,2.269,2.064,1.862,1.69,1.565,1.472,1.377,1.286,1.192,1.087,0.977,0.875,0.78,0.688,0.598,0.511,0.428,0.351,0.283,0.227,0.182,0.14,0.104,0.075,0.053,0.036,0.021,0.013,0.01,0.007,0.003,0.002,0.002,0.001,0
GNB,1962,20.942,20.48,19.278,18.999,18.665,18.275,17.832,17.363,16.895,16.301,15.532,14.666,13.809,12.913,12.228,11.88,11.747,11.596,11.49,11.276,10.861,10.331,9.856,9.396,9.028,8.807,8.685,8.56,8.452,8.346,8.226,8.1,7.99,7.888,7.805,7.749,7.705,7.658,7.615,7.535,7.397,7.218,7.039,6.848,6.666,6.506,6.354,6.189,6.015,5.821,5.598,5.356,5.115,4.881,4.614,4.299,3.96,3.627,3.285,3.017,2.868,2.795,2.717,2.655,2.553,2.376,2.155,1.952,1.755,1.584,1.46,1.367,1.272,1.183,1.09,0.988,0.882,0.784,0.693,0.605,0.521,0.442,0.368,0.297,0.237,0.188,0.15,0.114,0.084,0.061,0.043,0.028,0.016,0.01,0.008,0.005,0.003,0.002,0.001,0
GNB,1963,21.663,20.765,19.949,18.7,18.345,17.993,17.633,17.256,16.89,16.564,16.075,15.337,14.454,13.6,12.713,12.032,11.689,11.562,11.411,11.302,11.087,10.676,10.151,9.682,9.225,8.861,8.642,8.522,8.399,8.292,8.188,8.068,7.941,7.832,7.73,7.647,7.588,7.543,7.495,7.451,7.37,7.233,7.057,6.879,6.69,6.511,6.351,6.202,6.037,5.865,5.672,5.453,5.212,4.973,4.742,4.478,4.168,3.836,3.508,3.17,2.907,2.758,2.682,2.601,2.536,2.434,2.258,2.041,1.842,1.647,1.48,1.356,1.264,1.169,1.08,0.988,0.89,0.787,0.692,0.605,0.523,0.445,0.374,0.307,0.245,0.191,0.15,0.117,0.086,0.063,0.046,0.032,0.021,0.011,0.008,0.006,0.003,0.002,0.001,0
GNB,1964,22.461,21.143,20.032,19.103,18.165,17.733,17.362,17.031,16.718,16.454,16.268,15.883,15.175,14.275,13.421,12.539,11.863,11.524,11.401,11.251,11.14,10.924,10.515,9.996,9.529,9.076,8.713,8.496,8.378,8.256,8.151,8.047,7.926,7.801,7.691,7.589,7.505,7.446,7.399,7.349,7.303,7.222,7.085,6.91,6.735,6.548,6.369,6.211,6.061,5.899,5.727,5.536,5.319,5.081,4.844,4.614,4.353,4.047,3.719,3.396,3.064,2.804,2.654,2.575,2.491,2.423,2.319,2.146,1.931,1.734,1.543,1.378,1.256,1.162,1.068,0.979,0.89,0.793,0.694,0.603,0.519,0.442,0.371,0.306,0.247,0.192,0.146,0.111,0.085,0.06,0.042,0.032,0.022,0.013,0.007,0.005,0.003,0.002,0.001,0
GNB,1965,23.195,21.589,20.267,19.198,18.347,17.683,17.171,16.781,16.478,16.23,16.067,16.022,15.74,15.059,14.139,13.282,12.404,11.729,11.395,11.275,11.126,11.01,10.793,10.386,9.869,9.405,8.953,8.592,8.376,8.259,8.137,8.033,7.93,7.809,7.683,7.573,7.47,7.385,7.325,7.277,7.225,7.177,7.096,6.959,6.786,6.611,6.425,6.247,6.089,5.94,5.778,5.607,5.417,5.201,4.964,4.729,4.5,4.24,3.938,3.614,3.295,2.968,2.709,2.557,2.475,2.389,2.318,2.211,2.039,1.827,1.633,1.444,1.28,1.158,1.064,0.97,0.881,0.793,0.698,0.603,0.515,0.434,0.361,0.296,0.24,0.187,0.14,0.101,0.073,0.053,0.034,0.023,0.018,0.012,0.005,0.002,0.002,0.001,0.001,0
GNB,1966,23.571,22.327,20.898,19.717,18.755,17.985,17.375,16.895,16.527,16.246,16.02,15.866,15.818,15.535,14.862,13.954,13.104,12.23,11.558,11.225,11.106,10.956,10.84,10.623,10.221,9.71,9.253,8.806,8.45,8.235,8.118,7.998,7.893,7.789,7.67,7.543,7.433,7.329,7.243,7.182,7.134,7.081,7.033,6.95,6.814,6.641,6.467,6.282,6.105,5.947,5.798,5.635,5.465,5.275,5.06,4.823,4.589,4.36,4.103,3.805,3.485,3.172,2.849,2.593,2.44,2.354,2.265,2.191,2.084,1.914,1.708,1.519,1.336,1.178,1.059,0.967,0.876,0.791,0.707,0.619,0.529,0.449,0.376,0.31,0.252,0.202,0.156,0.116,0.084,0.061,0.044,0.027,0.018,0.015,0.01,0.005,0.002,0.001,0.001,0
GNB,1967,23.906,22.206,21.534,20.275,19.231,18.374,17.681,17.124,16.672,16.325,16.068,15.862,15.715,15.664,15.38,14.712,13.813,12.967,12.095,11.425,11.092,10.973,10.822,10.705,10.488,10.088,9.583,9.129,8.688,8.334,8.121,8.003,7.883,7.779,7.674,7.554,7.426,7.315,7.211,7.124,7.063,7.013,6.96,6.91,6.827,6.69,6.518,6.345,6.16,5.983,5.825,5.675,5.511,5.341,5.15,4.935,4.698,4.465,4.236,3.979,3.684,3.368,3.059,2.741,2.486,2.332,2.243,2.15,2.072,1.963,1.797,1.595,1.412,1.234,1.079,0.964,0.874,0.786,0.704,0.624,0.541,0.459,0.386,0.319,0.259,0.209,0.166,0.127,0.093,0.068,0.049,0.034,0.022,0.015,0.011,0.008,0.003,0.001,0.001,0
GNB,1968,24.243,22.633,21.267,20.791,19.701,18.789,18.036,17.419,16.912,16.489,16.161,15.926,15.74,15.602,15.547,15.261,14.596,13.703,12.86,11.988,11.318,10.984,10.864,10.713,10.594,10.378,9.98,9.479,9.028,8.59,8.238,8.026,7.908,7.787,7.682,7.577,7.456,7.328,7.216,7.111,7.023,6.96,6.909,6.855,6.805,6.72,6.583,6.412,6.237,6.053,5.876,5.716,5.565,5.4,5.229,5.038,4.821,4.585,4.35,4.121,3.865,3.571,3.259,2.952,2.638,2.386,2.229,2.135,2.04,1.958,1.848,1.683,1.487,1.306,1.133,0.984,0.87,0.783,0.698,0.618,0.542,0.465,0.389,0.323,0.262,0.21,0.167,0.13,0.097,0.07,0.051,0.037,0.025,0.015,0.01,0.008,0.005,0.002,0.001,0
GNB,1969,24.648,23.131,21.811,20.674,20.07,19.149,18.37,17.717,17.177,16.721,16.324,16.017,15.803,15.638,15.506,15.448,15.159,14.497,13.61,12.769,11.896,11.224,10.889,10.769,10.616,10.496,10.279,9.884,9.385,8.937,8.501,8.152,7.939,7.821,7.699,7.594,7.489,7.367,7.238,7.125,7.018,6.929,6.865,6.813,6.758,6.706,6.621,6.484,6.311,6.137,5.952,5.774,5.614,5.461,5.295,5.122,4.93,4.713,4.477,4.241,4.01,3.755,3.464,3.154,2.849,2.539,2.287,2.129,2.031,1.931,1.846,1.734,1.571,1.379,1.203,1.034,0.888,0.778,0.693,0.609,0.533,0.461,0.389,0.32,0.26,0.206,0.161,0.124,0.094,0.067,0.047,0.036,0.025,0.015,0.009,0.006,0.005,0.003,0.002,0
GNB,1970,25.175,23.697,22.388,21.237,20.229,19.355,18.601,17.955,17.406,16.94,16.535,16.166,15.879,15.686,15.542,15.417,15.356,15.064,14.405,13.523,12.682,11.807,11.134,10.799,10.678,10.524,10.402,10.185,9.791,9.295,8.849,8.415,8.068,7.857,7.737,7.615,7.509,7.403,7.28,7.15,7.036,6.927,6.838,6.772,6.719,6.663,6.611,6.525,6.387,6.213,6.038,5.853,5.674,5.513,5.359,5.192,5.018,4.825,4.607,4.369,4.133,3.902,3.646,3.356,3.049,2.747,2.44,2.189,2.029,1.927,1.824,1.734,1.621,1.459,1.271,1.1,0.936,0.794,0.685,0.602,0.522,0.448,0.379,0.313,0.251,0.197,0.149,0.111,0.081,0.059,0.038,0.024,0.019,0.013,0.006,0.003,0.002,0.002,0.001,0
GNB,1971,25.795,24.476,23.1,21.884,20.817,19.885,19.078,18.385,17.785,17.259,16.801,16.4,16.029,15.739,15.547,15.404,15.276,15.21,14.917,14.259,13.382,12.546,11.674,11.005,10.672,10.552,10.399,10.278,10.063,9.671,9.179,8.737,8.306,7.961,7.75,7.63,7.508,7.402,7.294,7.172,7.041,6.927,6.819,6.728,6.661,6.607,6.548,6.493,6.406,6.267,6.092,5.916,5.731,5.55,5.388,5.231,5.062,4.886,4.692,4.471,4.233,3.995,3.763,3.508,3.221,2.919,2.621,2.319,2.072,1.911,1.807,1.702,1.611,1.5,1.343,1.163,1,0.844,0.709,0.608,0.53,0.456,0.389,0.327,0.268,0.213,0.165,0.125,0.092,0.067,0.049,0.031,0.02,0.015,0.01,0.005,0.002,0.002,0.001,0
GNB,1972,26.545,24.975,23.804,22.529,21.405,20.422,19.564,18.823,18.191,17.634,17.132,16.683,16.284,15.91,15.617,15.426,15.285,15.155,15.084,14.786,14.13,13.258,12.424,11.556,10.888,10.557,10.438,10.288,10.167,9.953,9.564,9.074,8.634,8.206,7.863,7.652,7.531,7.41,7.302,7.195,7.071,6.941,6.826,6.718,6.626,6.558,6.502,6.441,6.384,6.295,6.154,5.978,5.802,5.615,5.433,5.268,5.109,4.938,4.76,4.563,4.341,4.101,3.862,3.628,3.373,3.088,2.789,2.497,2.2,1.956,1.795,1.689,1.582,1.49,1.38,1.228,1.056,0.901,0.753,0.626,0.532,0.46,0.392,0.33,0.275,0.224,0.175,0.134,0.1,0.074,0.055,0.038,0.024,0.015,0.012,0.008,0.004,0.002,0.001,0
GNB,1973,27.344,25.681,24.202,23.113,21.941,20.911,20.012,19.229,18.556,17.986,17.473,16.994,16.552,16.157,15.782,15.486,15.295,15.155,15.023,14.947,14.647,13.991,13.124,12.294,11.43,10.765,10.435,10.318,10.167,10.049,9.837,9.45,8.964,8.526,8.1,7.759,7.549,7.429,7.305,7.198,7.089,6.966,6.836,6.721,6.612,6.519,6.45,6.392,6.33,6.271,6.18,6.037,5.86,5.683,5.494,5.311,5.144,4.983,4.81,4.63,4.432,4.208,3.966,3.725,3.49,3.235,2.953,2.66,2.372,2.08,1.839,1.678,1.569,1.461,1.368,1.257,1.112,0.948,0.801,0.661,0.543,0.455,0.388,0.326,0.271,0.223,0.178,0.138,0.102,0.075,0.056,0.041,0.028,0.017,0.011,0.008,0.005,0.003,0.001,0
GNB,1974,28.075,26.333,24.783,23.414,22.359,21.292,20.359,19.547,18.841,18.237,17.73,17.263,16.809,16.377,15.987,15.61,15.311,15.121,14.984,14.85,14.769,14.467,13.815,12.954,12.13,11.271,10.612,10.284,10.168,10.02,9.903,9.693,9.31,8.828,8.394,7.973,7.634,7.425,7.305,7.182,7.074,6.965,6.842,6.713,6.598,6.489,6.395,6.324,6.264,6.2,6.14,6.047,5.903,5.726,5.548,5.359,5.176,5.006,4.843,4.669,4.487,4.289,4.063,3.82,3.579,3.342,3.088,2.81,2.522,2.239,1.953,1.717,1.556,1.445,1.336,1.242,1.133,0.993,0.838,0.698,0.567,0.457,0.375,0.315,0.26,0.212,0.17,0.132,0.099,0.07,0.051,0.038,0.028,0.017,0.01,0.007,0.005,0.003,0.002,0
GNB,1975,28.665,26.875,25.281,23.867,22.617,21.521,20.563,19.73,19.007,18.381,17.848,17.405,16.987,16.559,16.137,15.753,15.376,15.078,14.889,14.754,14.619,14.533,14.23,13.585,12.734,11.92,11.07,10.418,10.095,9.98,9.834,9.719,9.512,9.134,8.659,8.23,7.814,7.48,7.272,7.153,7.031,6.922,6.814,6.692,6.562,6.448,6.339,6.247,6.175,6.113,6.048,5.986,5.891,5.748,5.571,5.392,5.204,5.02,4.85,4.686,4.511,4.328,4.129,3.903,3.661,3.42,3.183,2.93,2.657,2.375,2.098,1.82,1.589,1.428,1.316,1.206,1.111,1.004,0.871,0.725,0.593,0.472,0.37,0.296,0.243,0.194,0.152,0.116,0.086,0.061,0.039,0.026,0.02,0.014,0.007,0.003,0.002,0.002,0.001,0
GNB,1976,29.363,27.806,26.114,24.598,23.247,22.049,20.989,20.056,19.249,18.561,17.972,17.471,17.053,16.658,16.253,15.853,15.488,15.126,14.841,14.662,14.534,14.404,14.321,14.016,13.362,12.5,11.672,10.808,10.143,9.808,9.683,9.526,9.399,9.187,8.81,8.34,7.918,7.509,7.179,6.974,6.854,6.731,6.623,6.515,6.392,6.262,6.147,6.039,5.94,5.852,5.77,5.687,5.605,5.5,5.363,5.202,5.04,4.868,4.699,4.541,4.386,4.222,4.052,3.864,3.647,3.412,3.177,2.948,2.706,2.448,2.185,1.927,1.667,1.451,1.3,1.192,1.088,0.997,0.897,0.774,0.64,0.521,0.41,0.317,0.252,0.205,0.163,0.127,0.097,0.071,0.05,0.032,0.021,0.016,0.011,0.005,0.002,0.002,0.001,0
GNB,1977,29.921,28.133,26.855,25.265,23.833,22.551,21.406,20.388,19.483,18.704,18.053,17.506,17.036,16.644,16.274,15.893,15.516,15.171,14.826,14.554,14.386,14.265,14.14,14.061,13.756,13.097,12.224,11.386,10.512,9.835,9.488,9.354,9.187,9.049,8.831,8.457,7.994,7.579,7.178,6.854,6.652,6.533,6.411,6.303,6.194,6.071,5.941,5.825,5.718,5.613,5.511,5.409,5.307,5.205,5.091,4.961,4.818,4.671,4.517,4.365,4.219,4.073,3.92,3.763,3.586,3.379,3.151,2.926,2.704,2.472,2.231,1.988,1.749,1.508,1.308,1.166,1.064,0.966,0.88,0.787,0.675,0.553,0.446,0.346,0.264,0.207,0.167,0.13,0.101,0.078,0.057,0.039,0.024,0.016,0.012,0.009,0.004,0.002,0.001,0
GNB,1978,30.473,28.711,27.079,25.886,24.401,23.053,21.839,20.75,19.774,18.897,18.148,17.533,17.026,16.589,16.224,15.879,15.523,15.169,14.842,14.515,14.258,14.1,13.987,13.867,13.791,13.486,12.822,11.94,11.092,10.208,9.52,9.163,9.019,8.842,8.693,8.469,8.098,7.643,7.236,6.844,6.527,6.327,6.207,6.086,5.978,5.87,5.747,5.617,5.501,5.394,5.285,5.168,5.045,4.925,4.804,4.681,4.557,4.431,4.3,4.164,4.028,3.894,3.757,3.615,3.473,3.307,3.109,2.89,2.673,2.458,2.239,2.014,1.79,1.57,1.351,1.166,1.032,0.935,0.844,0.763,0.677,0.575,0.467,0.371,0.283,0.211,0.161,0.129,0.099,0.076,0.059,0.042,0.028,0.017,0.012,0.009,0.006,0.003,0.001,0
GNB,1979,31.216,29.448,27.792,26.247,24.992,23.605,22.339,21.189,20.152,19.214,18.364,17.642,17.062,16.595,16.189,15.85,15.529,15.195,14.862,14.556,14.244,14,13.852,13.746,13.632,13.561,13.254,12.582,11.689,10.83,9.933,9.233,8.865,8.71,8.522,8.362,8.132,7.762,7.315,6.915,6.528,6.217,6.02,5.901,5.78,5.671,5.563,5.44,5.309,5.192,5.086,4.971,4.839,4.697,4.557,4.417,4.284,4.167,4.057,3.942,3.824,3.703,3.58,3.454,3.323,3.192,3.038,2.849,2.637,2.428,2.22,2.011,1.803,1.598,1.396,1.196,1.026,0.903,0.811,0.724,0.648,0.57,0.479,0.383,0.298,0.221,0.159,0.117,0.091,0.067,0.051,0.039,0.028,0.017,0.01,0.007,0.005,0.003,0.002,0
GNB,1980,32.292,30.46,28.739,27.127,25.621,24.223,22.928,21.736,20.646,19.656,18.752,17.924,17.225,16.678,16.246,15.87,15.555,15.256,14.944,14.632,14.342,14.046,13.813,13.675,13.575,13.465,13.397,13.087,12.405,11.496,10.621,9.708,8.991,8.61,8.444,8.244,8.072,7.835,7.465,7.022,6.626,6.245,5.938,5.743,5.623,5.502,5.393,5.283,5.159,5.026,4.908,4.803,4.682,4.534,4.37,4.211,4.05,3.908,3.796,3.702,3.603,3.501,3.396,3.284,3.165,3.046,2.927,2.783,2.601,2.397,2.195,1.994,1.793,1.6,1.414,1.229,1.047,0.891,0.776,0.689,0.608,0.537,0.464,0.383,0.299,0.226,0.159,0.107,0.074,0.055,0.036,0.026,0.02,0.013,0.007,0.003,0.002,0.002,0.001,0
GNB,1981,33.188,31.244,29.504,27.877,26.361,24.95,23.645,22.448,21.328,20.276,19.298,18.407,17.585,16.892,16.354,15.932,15.559,15.245,14.948,14.639,14.331,14.044,13.751,13.521,13.384,13.286,13.179,13.112,12.808,12.137,11.243,10.381,9.482,8.777,8.403,8.239,8.043,7.874,7.641,7.278,6.844,6.455,6.082,5.78,5.587,5.468,5.349,5.241,5.131,5.008,4.875,4.757,4.651,4.53,4.382,4.22,4.061,3.899,3.757,3.643,3.546,3.445,3.34,3.233,3.118,2.997,2.874,2.754,2.609,2.43,2.229,2.031,1.834,1.641,1.456,1.28,1.106,0.934,0.79,0.682,0.601,0.526,0.461,0.397,0.325,0.251,0.187,0.131,0.088,0.06,0.045,0.03,0.021,0.017,0.011,0.005,0.002,0.002,0.001,0
GNB,1982,34.414,32.308,30.37,28.709,27.168,25.739,24.413,23.196,22.088,21.036,20.015,19.045,18.16,17.341,16.65,16.117,15.702,15.332,15.018,14.72,14.412,14.107,13.822,13.53,13.301,13.166,13.069,12.963,12.897,12.597,11.934,11.048,10.197,9.308,8.612,8.24,8.08,7.886,7.718,7.488,7.13,6.702,6.318,5.95,5.652,5.461,5.343,5.224,5.116,5.008,4.884,4.751,4.632,4.525,4.403,4.255,4.091,3.932,3.771,3.626,3.509,3.411,3.306,3.199,3.087,2.969,2.844,2.719,2.595,2.45,2.272,2.073,1.879,1.687,1.499,1.321,1.154,0.99,0.828,0.692,0.591,0.517,0.448,0.389,0.331,0.269,0.207,0.15,0.104,0.071,0.048,0.035,0.023,0.017,0.013,0.008,0.004,0.002,0.001,0
GNB,1983,35.781,33.504,31.425,29.609,28.023,26.561,25.213,23.97,22.834,21.812,20.822,19.828,18.862,17.981,17.162,16.47,15.941,15.531,15.163,14.846,14.546,14.239,13.934,13.65,13.358,13.13,12.995,12.899,12.795,12.729,12.431,11.773,10.895,10.05,9.168,8.476,8.108,7.949,7.757,7.591,7.364,7.009,6.584,6.205,5.84,5.545,5.356,5.238,5.119,5.01,4.902,4.777,4.644,4.524,4.415,4.292,4.143,3.978,3.818,3.656,3.51,3.39,3.287,3.179,3.068,2.954,2.832,2.703,2.573,2.446,2.299,2.122,1.926,1.735,1.545,1.362,1.192,1.033,0.877,0.726,0.598,0.504,0.434,0.372,0.318,0.268,0.214,0.161,0.114,0.077,0.054,0.037,0.025,0.016,0.012,0.009,0.006,0.003,0.001,0
GNB,1984,37.028,34.652,32.496,30.544,28.897,27.383,25.998,24.731,23.565,22.511,21.573,20.644,19.677,18.713,17.835,17.013,16.319,15.793,15.389,15.02,14.699,14.399,14.091,13.787,13.503,13.21,12.982,12.847,12.752,12.648,12.584,12.287,11.633,10.76,9.919,9.043,8.356,7.99,7.831,7.641,7.477,7.251,6.899,6.478,6.102,5.74,5.448,5.259,5.141,5.022,4.914,4.804,4.679,4.545,4.423,4.313,4.187,4.037,3.871,3.71,3.546,3.398,3.275,3.168,3.057,2.943,2.826,2.699,2.565,2.433,2.302,2.152,1.975,1.782,1.592,1.405,1.226,1.062,0.911,0.766,0.622,0.504,0.417,0.353,0.295,0.248,0.204,0.159,0.117,0.078,0.051,0.035,0.025,0.015,0.01,0.007,0.005,0.003,0.002,0
GNB,1985,37.962,35.615,33.479,31.541,29.783,28.191,26.749,25.441,24.253,23.167,22.194,21.341,20.473,19.532,18.57,17.693,16.869,16.172,15.649,15.25,14.881,14.558,14.254,13.946,13.644,13.359,13.066,12.838,12.703,12.609,12.506,12.441,12.148,11.496,10.627,9.792,8.921,8.238,7.875,7.717,7.527,7.364,7.14,6.791,6.374,6,5.643,5.352,5.164,5.046,4.927,4.818,4.708,4.582,4.446,4.323,4.211,4.084,3.932,3.765,3.602,3.437,3.286,3.161,3.05,2.935,2.818,2.697,2.566,2.427,2.29,2.157,2.005,1.828,1.636,1.449,1.264,1.09,0.934,0.791,0.653,0.52,0.409,0.328,0.27,0.219,0.177,0.139,0.104,0.072,0.042,0.023,0.018,0.012,0.006,0.003,0.002,0.002,0.001,0
GNB,1986,38.239,36.824,34.701,32.744,30.943,29.288,27.766,26.364,25.088,23.934,22.882,21.924,21.072,20.208,19.275,18.325,17.454,16.633,15.939,15.419,15.024,14.659,14.338,14.036,13.73,13.431,13.15,12.861,12.635,12.501,12.406,12.303,12.239,11.948,11.303,10.444,9.619,8.756,8.082,7.722,7.567,7.38,7.219,6.996,6.653,6.241,5.872,5.517,5.23,5.044,4.925,4.805,4.696,4.585,4.458,4.321,4.196,4.082,3.953,3.801,3.633,3.468,3.301,3.147,3.019,2.905,2.786,2.667,2.543,2.409,2.27,2.131,1.997,1.847,1.675,1.49,1.311,1.135,0.97,0.825,0.694,0.57,0.449,0.351,0.279,0.227,0.182,0.147,0.117,0.087,0.059,0.034,0.02,0.015,0.01,0.005,0.002,0.002,0.001,0
GNB,1987,38.249,36.432,35.761,33.855,32.072,30.405,28.85,27.396,26.03,24.783,23.66,22.639,21.696,20.844,19.981,19.055,18.114,17.249,16.429,15.736,15.219,14.827,14.464,14.145,13.845,13.542,13.245,12.967,12.68,12.455,12.322,12.228,12.124,12.06,11.77,11.132,10.282,9.463,8.609,7.941,7.585,7.431,7.246,7.087,6.867,6.528,6.119,5.754,5.403,5.118,4.932,4.814,4.694,4.584,4.472,4.343,4.205,4.078,3.963,3.831,3.676,3.506,3.339,3.171,3.015,2.883,2.766,2.644,2.522,2.395,2.259,2.117,1.977,1.842,1.693,1.525,1.348,1.176,1.008,0.852,0.718,0.6,0.488,0.38,0.293,0.23,0.185,0.147,0.118,0.093,0.068,0.046,0.025,0.015,0.011,0.008,0.003,0.002,0.001,0
GNB,1988,38.144,36.696,35.259,34.743,33.054,31.442,29.907,28.449,27.06,25.731,24.509,23.417,22.427,21.496,20.644,19.78,18.86,17.928,17.067,16.245,15.554,15.038,14.649,14.288,13.971,13.672,13.371,13.076,12.799,12.515,12.292,12.16,12.065,11.961,11.897,11.609,10.976,10.131,9.319,8.473,7.809,7.457,7.306,7.123,6.965,6.747,6.41,6.006,5.645,5.296,5.013,4.828,4.709,4.588,4.477,4.364,4.234,4.093,3.965,3.847,3.714,3.556,3.384,3.216,3.045,2.887,2.751,2.63,2.504,2.38,2.25,2.111,1.966,1.825,1.689,1.541,1.378,1.208,1.043,0.882,0.736,0.612,0.507,0.406,0.311,0.235,0.181,0.143,0.111,0.089,0.07,0.051,0.033,0.018,0.01,0.008,0.005,0.003,0.001,0
GNB,1989,38.152,36.998,35.793,34.547,33.745,32.272,30.83,29.426,28.065,26.741,25.446,24.251,23.189,22.227,21.307,20.455,19.591,18.677,17.753,16.894,16.072,15.38,14.866,14.481,14.121,13.804,13.507,13.208,12.915,12.64,12.358,12.137,12.005,11.91,11.805,11.741,11.455,10.826,9.988,9.182,8.341,7.683,7.334,7.184,7.003,6.847,6.631,6.297,5.896,5.538,5.192,4.91,4.726,4.606,4.486,4.373,4.258,4.127,3.985,3.855,3.734,3.599,3.439,3.264,3.093,2.92,2.76,2.62,2.494,2.366,2.238,2.105,1.964,1.817,1.674,1.536,1.39,1.231,1.067,0.909,0.756,0.619,0.506,0.413,0.324,0.243,0.177,0.131,0.1,0.075,0.059,0.046,0.034,0.02,0.01,0.007,0.005,0.003,0.002,0
GNB,1990,38.444,37.423,36.334,35.185,33.988,32.756,31.498,30.228,28.954,27.69,26.43,25.169,24,22.968,22.034,21.128,20.273,19.409,18.499,17.583,16.727,15.905,15.212,14.7,14.316,13.958,13.642,13.347,13.049,12.757,12.485,12.205,11.985,11.853,11.757,11.653,11.588,11.304,10.679,9.846,9.047,8.213,7.559,7.213,7.065,6.885,6.73,6.518,6.186,5.788,5.432,5.09,4.81,4.625,4.506,4.383,4.27,4.154,4.021,3.878,3.745,3.622,3.484,3.322,3.146,2.972,2.797,2.634,2.491,2.36,2.229,2.098,1.962,1.817,1.668,1.523,1.384,1.239,1.085,0.927,0.776,0.63,0.502,0.401,0.319,0.244,0.174,0.12,0.082,0.058,0.038,0.03,0.023,0.015,0.007,0.002,0.002,0.002,0.001,0
GNB,1991,39,37.678,36.655,35.598,34.51,33.393,32.263,31.131,29.952,28.71,27.439,26.181,24.923,23.757,22.731,21.807,20.905,20.051,19.189,18.283,17.374,16.524,15.706,15.018,14.51,14.13,13.776,13.463,13.17,12.874,12.585,12.314,12.035,11.817,11.684,11.587,11.482,11.416,11.133,10.514,9.691,8.899,8.073,7.426,7.083,6.935,6.757,6.603,6.391,6.062,5.668,5.315,4.976,4.697,4.514,4.392,4.268,4.154,4.036,3.899,3.753,3.617,3.491,3.349,3.185,3.007,2.832,2.655,2.49,2.346,2.214,2.081,1.949,1.813,1.67,1.523,1.381,1.246,1.107,0.962,0.817,0.679,0.546,0.431,0.34,0.27,0.203,0.144,0.099,0.068,0.048,0.032,0.025,0.019,0.013,0.005,0.002,0.002,0.001,0
GNB,1992,39.84,38.538,36.92,35.893,34.869,33.841,32.805,31.776,30.769,29.683,28.472,27.193,25.937,24.681,23.518,22.5,21.584,20.685,19.833,18.972,18.072,17.169,16.323,15.51,14.827,14.323,13.947,13.596,13.287,12.996,12.703,12.414,12.145,11.868,11.65,11.516,11.42,11.314,11.247,10.965,10.352,9.537,8.753,7.936,7.295,6.954,6.808,6.63,6.476,6.266,5.94,5.55,5.2,4.863,4.586,4.402,4.279,4.154,4.038,3.917,3.779,3.629,3.49,3.359,3.216,3.049,2.87,2.692,2.514,2.348,2.202,2.067,1.932,1.8,1.665,1.524,1.378,1.24,1.108,0.975,0.84,0.708,0.582,0.462,0.359,0.28,0.22,0.163,0.115,0.08,0.055,0.038,0.025,0.019,0.015,0.01,0.005,0.002,0.001,0
GNB,1993,40.828,39.223,37.745,36.17,35.141,34.148,33.179,32.224,31.296,30.416,29.42,28.24,26.952,25.698,24.445,23.285,22.272,21.366,20.471,19.619,18.76,17.864,16.968,16.127,15.319,14.64,14.139,13.767,13.42,13.114,12.826,12.534,12.247,11.978,11.703,11.486,11.353,11.254,11.148,11.079,10.799,10.192,9.384,8.609,7.799,7.166,6.827,6.681,6.504,6.352,6.142,5.819,5.432,5.085,4.75,4.475,4.291,4.167,4.04,3.923,3.8,3.659,3.505,3.363,3.23,3.082,2.913,2.732,2.553,2.374,2.206,2.057,1.921,1.784,1.652,1.518,1.377,1.235,1.099,0.969,0.843,0.719,0.599,0.486,0.378,0.288,0.22,0.17,0.123,0.086,0.06,0.041,0.027,0.017,0.013,0.01,0.007,0.003,0.001,0
GNB,1994,41.768,39.902,38.241,36.764,35.435,34.402,33.441,32.532,31.656,30.829,30.073,29.17,28.021,26.724,25.47,24.22,23.061,22.055,21.156,20.264,19.412,18.555,17.663,16.773,15.938,15.134,14.459,13.961,13.592,13.248,12.946,12.66,12.37,12.084,11.817,11.543,11.327,11.193,11.094,10.987,10.916,10.638,10.036,9.236,8.468,7.666,7.039,6.704,6.557,6.382,6.23,6.021,5.701,5.318,4.973,4.641,4.367,4.182,4.057,3.928,3.81,3.684,3.54,3.384,3.239,3.101,2.951,2.78,2.596,2.415,2.234,2.065,1.914,1.776,1.638,1.504,1.37,1.231,1.091,0.958,0.832,0.712,0.598,0.489,0.389,0.295,0.216,0.161,0.121,0.082,0.055,0.04,0.027,0.017,0.01,0.008,0.006,0.004,0.002,0
GNB,1995,42.514,40.51,38.756,37.223,35.884,34.71,33.672,32.743,31.894,31.097,30.372,29.74,28.928,27.809,26.502,25.25,24.002,22.843,21.844,20.952,20.064,19.212,18.355,17.468,16.583,15.753,14.952,14.281,13.787,13.422,13.082,12.781,12.499,12.21,11.925,11.658,11.387,11.171,11.036,10.936,10.828,10.757,10.479,9.883,9.092,8.33,7.536,6.914,6.582,6.436,6.261,6.108,5.902,5.584,5.204,4.862,4.532,4.259,4.074,3.948,3.818,3.697,3.57,3.423,3.263,3.114,2.973,2.819,2.646,2.46,2.278,2.096,1.925,1.772,1.631,1.492,1.357,1.222,1.085,0.948,0.817,0.695,0.58,0.475,0.381,0.292,0.211,0.145,0.1,0.071,0.043,0.026,0.02,0.013,0.006,0.003,0.002,0.002,0.001,0
GNB,1996,42.908,41.538,39.73,38.132,36.72,35.468,34.354,33.349,32.44,31.603,30.812,30.079,29.427,28.6,27.478,26.176,24.924,23.671,22.514,21.52,20.639,19.76,18.916,18.068,17.187,16.308,15.482,14.687,14.019,13.524,13.155,12.81,12.508,12.219,11.918,11.619,11.339,11.054,10.833,10.703,10.617,10.522,10.465,10.203,9.625,8.852,8.112,7.339,6.733,6.411,6.271,6.101,5.952,5.751,5.441,5.069,4.734,4.411,4.142,3.955,3.825,3.692,3.566,3.435,3.285,3.122,2.969,2.825,2.67,2.495,2.31,2.129,1.948,1.779,1.628,1.489,1.352,1.221,1.092,0.962,0.834,0.714,0.601,0.498,0.404,0.322,0.244,0.174,0.12,0.083,0.058,0.034,0.021,0.016,0.011,0.005,0.002,0.002,0.001,0
GNB,1997,43.156,41.323,40.603,38.989,37.544,36.25,35.086,34.029,33.057,32.165,31.342,30.556,29.815,29.143,28.299,27.173,25.875,24.621,23.364,22.206,21.216,20.344,19.473,18.639,17.798,16.923,16.048,15.227,14.436,13.77,13.273,12.9,12.551,12.246,11.951,11.638,11.324,11.031,10.732,10.505,10.381,10.308,10.226,10.182,9.936,9.376,8.622,7.901,7.149,6.56,6.247,6.112,5.947,5.802,5.606,5.303,4.939,4.611,4.294,4.028,3.84,3.706,3.569,3.439,3.303,3.15,2.984,2.829,2.681,2.523,2.347,2.162,1.982,1.802,1.634,1.485,1.349,1.215,1.087,0.963,0.841,0.722,0.611,0.508,0.414,0.334,0.263,0.196,0.138,0.096,0.066,0.045,0.026,0.016,0.013,0.008,0.004,0.002,0.001,0
GNB,1998,43.356,41.726,40.249,39.703,38.281,36.99,35.812,34.733,33.734,32.793,31.92,31.107,30.327,29.577,28.883,28.023,26.892,25.596,24.339,23.076,21.916,20.931,20.067,19.204,18.377,17.543,16.674,15.802,14.985,14.198,13.533,13.034,12.657,12.305,11.995,11.693,11.368,11.039,10.733,10.421,10.186,10.068,10.007,9.939,9.909,9.679,9.135,8.4,7.697,6.965,6.392,6.088,5.958,5.799,5.658,5.466,5.169,4.813,4.491,4.18,3.917,3.729,3.591,3.45,3.315,3.176,3.017,2.849,2.69,2.539,2.378,2.202,2.017,1.836,1.658,1.493,1.344,1.209,1.078,0.953,0.835,0.72,0.61,0.509,0.415,0.332,0.263,0.204,0.147,0.102,0.072,0.05,0.033,0.018,0.012,0.008,0.006,0.003,0.001,0
GNB,1999,43.658,42.198,40.842,39.583,38.834,37.603,36.463,35.402,34.408,33.465,32.555,31.698,30.897,30.121,29.361,28.646,27.769,26.631,25.336,24.076,22.807,21.644,20.663,19.806,18.95,18.129,17.302,16.436,15.57,14.755,13.971,13.306,12.805,12.423,12.066,11.753,11.444,11.107,10.763,10.442,10.116,9.875,9.762,9.715,9.66,9.643,9.429,8.902,8.184,7.5,6.787,6.229,5.935,5.808,5.654,5.517,5.329,5.039,4.691,4.376,4.07,3.81,3.62,3.478,3.333,3.194,3.05,2.888,2.716,2.553,2.399,2.236,2.057,1.872,1.693,1.516,1.351,1.204,1.071,0.943,0.821,0.707,0.6,0.499,0.407,0.323,0.251,0.193,0.145,0.1,0.066,0.048,0.033,0.02,0.01,0.007,0.005,0.003,0.002,0
GNB,2000,44.174,42.786,41.48,40.251,39.092,37.996,36.957,35.968,35.022,34.112,33.225,32.345,31.506,30.714,29.942,29.171,28.434,27.538,26.394,25.1,23.834,22.558,21.391,20.412,19.561,18.712,17.897,17.075,16.214,15.349,14.537,13.755,13.09,12.587,12.2,11.838,11.522,11.204,10.855,10.496,10.162,9.82,9.572,9.465,9.432,9.389,9.385,9.186,8.675,7.976,7.308,6.614,6.072,5.786,5.665,5.514,5.381,5.198,4.914,4.573,4.264,3.964,3.706,3.514,3.368,3.219,3.075,2.927,2.761,2.585,2.419,2.26,2.094,1.915,1.729,1.551,1.374,1.211,1.064,0.933,0.808,0.689,0.579,0.479,0.388,0.306,0.231,0.169,0.122,0.087,0.051,0.03,0.023,0.015,0.007,0.002,0.002,0.002,0.001,0
GNB,2001,44.716,43.361,42.036,40.803,39.653,38.573,37.56,36.609,35.683,34.764,33.854,32.968,32.086,31.239,30.436,29.648,28.859,28.102,27.192,26.045,24.755,23.495,22.222,21.066,20.11,19.286,18.464,17.678,16.878,16.026,15.161,14.351,13.57,12.906,12.406,12.022,11.663,11.347,11.032,10.685,10.328,9.996,9.658,9.412,9.303,9.265,9.22,9.214,9.015,8.509,7.817,7.157,6.472,5.933,5.649,5.525,5.374,5.239,5.054,4.772,4.432,4.124,3.825,3.567,3.373,3.223,3.071,2.925,2.773,2.606,2.428,2.261,2.103,1.938,1.762,1.582,1.408,1.238,1.081,0.944,0.821,0.705,0.595,0.497,0.407,0.328,0.254,0.192,0.14,0.101,0.071,0.042,0.024,0.019,0.013,0.005,0.002,0.002,0.001,0
GNB,2002,45.477,43.921,42.606,41.343,40.182,39.107,38.106,37.175,36.31,35.446,34.551,33.641,32.754,31.87,31.014,30.198,29.393,28.587,27.807,26.882,25.731,24.446,23.188,21.916,20.771,19.833,19.037,18.239,17.483,16.702,15.858,14.993,14.183,13.403,12.739,12.241,11.86,11.503,11.188,10.873,10.528,10.173,9.844,9.508,9.264,9.152,9.112,9.065,9.055,8.855,8.354,7.669,7.016,6.337,5.804,5.519,5.394,5.241,5.103,4.917,4.635,4.297,3.99,3.691,3.433,3.237,3.084,2.928,2.779,2.624,2.454,2.276,2.108,1.948,1.784,1.611,1.436,1.267,1.103,0.954,0.824,0.711,0.603,0.504,0.415,0.336,0.268,0.204,0.152,0.112,0.08,0.056,0.032,0.019,0.014,0.01,0.005,0.002,0.001,0
GNB,2003,46.434,44.694,43.129,41.899,40.697,39.605,38.605,37.681,36.83,36.051,35.249,34.378,33.465,32.577,31.69,30.823,29.994,29.173,28.346,27.544,26.602,25.446,24.163,22.906,21.636,20.499,19.579,18.808,18.037,17.307,16.547,15.709,14.843,14.032,13.251,12.587,12.091,11.713,11.356,11.041,10.728,10.383,10.032,9.704,9.37,9.125,9.013,8.97,8.919,8.906,8.706,8.208,7.53,6.882,6.21,5.681,5.396,5.269,5.113,4.974,4.786,4.503,4.167,3.859,3.562,3.303,3.104,2.947,2.788,2.636,2.478,2.306,2.126,1.956,1.796,1.632,1.463,1.291,1.129,0.97,0.827,0.705,0.601,0.503,0.413,0.333,0.265,0.207,0.154,0.113,0.083,0.059,0.04,0.022,0.013,0.01,0.007,0.003,0.001,0
GNB,2004,47.548,45.616,43.905,42.393,41.23,40.087,39.064,38.138,37.29,36.518,35.824,35.083,34.234,33.318,32.429,31.537,30.661,29.816,28.977,28.13,27.305,26.345,25.183,23.901,22.645,21.374,20.244,19.343,18.597,17.85,17.147,16.405,15.574,14.704,13.894,13.111,12.445,11.951,11.574,11.219,10.905,10.592,10.248,9.898,9.571,9.239,8.995,8.88,8.835,8.781,8.765,8.564,8.07,7.397,6.755,6.088,5.562,5.278,5.148,4.991,4.847,4.659,4.376,4.04,3.733,3.436,3.175,2.975,2.813,2.65,2.495,2.335,2.16,1.978,1.807,1.645,1.482,1.315,1.149,0.99,0.837,0.701,0.587,0.492,0.402,0.322,0.252,0.194,0.148,0.104,0.073,0.055,0.038,0.024,0.013,0.008,0.006,0.003,0.002,0
GNB,2005,48.771,46.682,44.843,43.229,41.817,40.581,39.498,38.542,37.691,36.918,36.226,35.616,34.935,34.109,33.189,32.298,31.401,30.514,29.653,28.797,27.929,27.079,26.102,24.933,23.652,22.396,21.123,19.999,19.117,18.394,17.672,16.995,16.272,15.447,14.574,13.762,12.977,12.31,11.816,11.443,11.088,10.774,10.46,10.118,9.769,9.444,9.113,8.87,8.753,8.704,8.647,8.627,8.425,7.935,7.267,6.63,5.969,5.447,5.162,5.029,4.869,4.725,4.534,4.25,3.915,3.609,3.311,3.05,2.846,2.68,2.514,2.355,2.192,2.014,1.83,1.658,1.495,1.332,1.168,1.006,0.852,0.705,0.575,0.469,0.382,0.302,0.23,0.17,0.125,0.088,0.054,0.034,0.026,0.017,0.008,0.003,0.002,0.002,0.001,0
GNB,2006,49.927,48.055,46.093,44.355,42.821,41.469,40.275,39.215,38.279,37.445,36.689,36.003,35.392,34.709,33.883,32.964,32.069,31.168,30.277,29.414,28.558,27.689,26.837,25.861,24.696,23.42,22.17,20.904,19.786,18.907,18.186,17.466,16.793,16.073,15.252,14.385,13.577,12.797,12.135,11.644,11.273,10.921,10.609,10.297,9.957,9.608,9.284,8.955,8.711,8.591,8.538,8.477,8.452,8.249,7.761,7.102,6.472,5.817,5.299,5.014,4.876,4.712,4.562,4.369,4.086,3.753,3.447,3.151,2.892,2.687,2.519,2.352,2.193,2.03,1.854,1.674,1.505,1.346,1.19,1.036,0.885,0.744,0.609,0.492,0.397,0.321,0.251,0.19,0.141,0.102,0.072,0.044,0.028,0.022,0.014,0.006,0.002,0.002,0.001,0
GNB,2007,51.195,48.917,47.378,45.541,43.903,42.446,41.153,40,38.965,38.046,37.23,36.489,35.809,35.195,34.51,33.682,32.763,31.865,30.958,30.063,29.198,28.34,27.469,26.616,25.64,24.477,23.207,21.962,20.701,19.588,18.711,17.993,17.274,16.603,15.886,15.069,14.208,13.404,12.628,11.969,11.482,11.113,10.762,10.452,10.142,9.803,9.455,9.132,8.804,8.559,8.436,8.379,8.313,8.282,8.078,7.595,6.941,6.318,5.672,5.157,4.869,4.727,4.558,4.405,4.208,3.925,3.593,3.289,2.996,2.736,2.53,2.361,2.192,2.032,1.87,1.696,1.518,1.354,1.199,1.049,0.905,0.766,0.637,0.514,0.409,0.326,0.262,0.201,0.151,0.112,0.081,0.056,0.034,0.022,0.017,0.011,0.005,0.002,0.001,0
GNB,2008,52.525,50.205,48.127,46.733,45.019,43.48,42.101,40.865,39.752,38.74,37.838,37.04,36.313,35.638,35.022,34.334,33.505,32.585,31.683,30.769,29.869,29.001,28.141,27.268,26.413,25.436,24.276,23.009,21.768,20.513,19.404,18.529,17.812,17.095,16.425,15.71,14.896,14.039,13.24,12.468,11.812,11.326,10.96,10.612,10.303,9.993,9.655,9.308,8.985,8.658,8.413,8.287,8.225,8.154,8.119,7.912,7.432,6.786,6.169,5.528,5.018,4.728,4.581,4.408,4.249,4.049,3.767,3.436,3.134,2.842,2.582,2.375,2.203,2.033,1.872,1.711,1.539,1.364,1.203,1.052,0.909,0.773,0.647,0.529,0.42,0.327,0.255,0.201,0.151,0.111,0.083,0.059,0.04,0.023,0.015,0.012,0.008,0.003,0.001,0
GNB,2009,53.855,51.541,49.441,47.539,46.117,44.526,43.085,41.782,40.603,39.529,38.541,37.656,36.872,36.161,35.49,34.873,34.179,33.348,32.426,31.52,30.6,29.694,28.822,27.961,27.084,26.227,25.248,24.09,22.826,21.589,20.337,19.231,18.358,17.641,16.925,16.256,15.544,14.733,13.879,13.084,12.314,11.662,11.179,10.814,10.467,10.159,9.852,9.514,9.167,8.845,8.518,8.271,8.142,8.076,8.001,7.961,7.751,7.275,6.635,6.023,5.388,4.881,4.589,4.437,4.26,4.097,3.894,3.611,3.281,2.98,2.689,2.43,2.221,2.047,1.875,1.714,1.552,1.382,1.211,1.053,0.906,0.769,0.644,0.528,0.423,0.325,0.244,0.185,0.141,0.1,0.072,0.054,0.039,0.023,0.014,0.009,0.006,0.005,0.002,0
GNB,2010,55.138,52.879,50.799,48.889,47.134,45.528,44.059,42.715,41.488,40.365,39.33,38.363,37.494,36.727,36.029,35.364,34.742,34.045,33.211,32.287,31.376,30.45,29.538,28.661,27.796,26.917,26.055,25.076,23.917,22.656,21.422,20.173,19.069,18.198,17.48,16.766,16.098,15.387,14.579,13.728,12.934,12.169,11.52,11.037,10.674,10.329,10.022,9.715,9.378,9.032,8.709,8.383,8.135,8.003,7.931,7.852,7.807,7.595,7.121,6.486,5.881,5.252,4.747,4.454,4.296,4.115,3.947,3.741,3.457,3.128,2.827,2.537,2.278,2.069,1.892,1.719,1.556,1.396,1.227,1.059,0.904,0.76,0.63,0.514,0.411,0.316,0.231,0.162,0.114,0.081,0.05,0.033,0.025,0.017,0.008,0.003,0.003,0.002,0.001,0
GNB,2011,56.185,54.525,52.407,50.433,48.598,46.894,45.313,43.845,42.503,41.291,40.19,39.163,38.197,37.326,36.556,35.853,35.183,34.554,33.85,33.012,32.086,31.172,30.243,29.329,28.452,27.588,26.709,25.848,24.871,23.715,22.46,21.229,19.986,18.885,18.016,17.3,16.589,15.921,15.213,14.409,13.564,12.777,12.016,11.37,10.89,10.527,10.181,9.873,9.565,9.229,8.882,8.559,8.232,7.982,7.844,7.766,7.679,7.626,7.41,6.938,6.31,5.708,5.085,4.583,4.286,4.123,3.936,3.762,3.554,3.272,2.947,2.65,2.365,2.112,1.904,1.731,1.562,1.403,1.247,1.089,0.932,0.789,0.657,0.538,0.435,0.345,0.263,0.191,0.134,0.094,0.066,0.041,0.027,0.021,0.013,0.006,0.003,0.002,0.001,0
GNB,2012,57.194,55.219,53.967,51.989,50.119,48.357,46.701,45.144,43.676,42.335,41.136,40.056,39.037,38.069,37.194,36.422,35.716,35.037,34.399,33.689,32.846,31.918,31,30.067,29.151,28.273,27.408,26.529,25.668,24.692,23.538,22.285,21.058,19.818,18.721,17.853,17.139,16.427,15.761,15.054,14.255,13.414,12.631,11.876,11.232,10.753,10.39,10.044,9.735,9.426,9.088,8.742,8.417,8.091,7.838,7.694,7.608,7.515,7.453,7.234,6.763,6.138,5.541,4.923,4.423,4.124,3.954,3.762,3.583,3.371,3.09,2.769,2.477,2.197,1.947,1.742,1.571,1.406,1.251,1.102,0.952,0.807,0.675,0.554,0.447,0.357,0.28,0.21,0.151,0.106,0.074,0.051,0.031,0.021,0.015,0.01,0.005,0.002,0.001,0
GNB,2013,58.139,56.362,54.611,53.439,51.599,49.832,48.143,46.534,45,43.53,42.189,41.004,39.944,38.931,37.963,37.085,36.307,35.597,34.911,34.265,33.547,32.699,31.766,30.845,29.908,28.988,28.108,27.242,26.363,25.503,24.527,23.375,22.124,20.899,19.662,18.567,17.7,16.986,16.275,15.61,14.905,14.108,13.272,12.493,11.741,11.102,10.624,10.259,9.911,9.602,9.292,8.953,8.606,8.28,7.953,7.697,7.548,7.455,7.354,7.285,7.061,6.591,5.971,5.378,4.765,4.266,3.963,3.786,3.589,3.405,3.19,2.91,2.593,2.304,2.029,1.783,1.582,1.412,1.25,1.099,0.956,0.816,0.681,0.561,0.452,0.358,0.28,0.216,0.157,0.11,0.078,0.055,0.036,0.021,0.014,0.011,0.007,0.003,0.001,0
GNB,2014,59.008,57.435,55.84,54.232,52.919,51.216,49.552,47.936,46.374,44.862,43.391,42.049,40.878,39.837,38.832,37.862,36.979,36.198,35.482,34.79,34.134,33.408,32.556,31.619,30.694,29.753,28.83,27.948,27.081,26.201,25.339,24.364,23.214,21.965,20.742,19.508,18.415,17.55,16.836,16.125,15.46,14.756,13.963,13.132,12.357,11.609,10.972,10.494,10.129,9.78,9.469,9.158,8.819,8.471,8.145,7.817,7.558,7.403,7.303,7.194,7.117,6.888,6.419,5.804,5.215,4.606,4.109,3.803,3.62,3.417,3.227,3.01,2.73,2.417,2.132,1.861,1.62,1.421,1.255,1.095,0.948,0.811,0.679,0.557,0.447,0.349,0.267,0.203,0.151,0.104,0.07,0.05,0.035,0.021,0.012,0.008,0.006,0.004,0.002,0
GNB,2015,59.797,58.417,56.973,55.479,53.948,52.394,50.83,49.268,47.724,46.211,44.721,43.249,41.908,40.75,39.728,38.729,37.758,36.872,36.086,35.366,34.667,34.002,33.268,32.41,31.47,30.541,29.596,28.669,27.786,26.917,26.037,25.176,24.2,23.051,21.805,20.584,19.352,18.262,17.398,16.684,15.975,15.308,14.607,13.817,12.991,12.219,11.475,10.842,10.364,9.998,9.649,9.337,9.024,8.684,8.335,8.008,7.68,7.419,7.257,7.149,7.034,6.948,6.715,6.247,5.637,5.051,4.448,3.953,3.643,3.453,3.244,3.05,2.829,2.55,2.241,1.96,1.694,1.456,1.26,1.096,0.94,0.796,0.665,0.543,0.431,0.334,0.247,0.177,0.124,0.087,0.051,0.03,0.023,0.015,0.007,0.003,0.002,0.001,0.001,0
GNB,2016,60.463,59.418,58.074,56.667,55.208,53.711,52.191,50.66,49.124,47.591,46.08,44.592,43.12,41.776,40.614,39.588,38.582,37.603,36.71,35.919,35.193,34.49,33.821,33.083,32.222,31.281,30.351,29.406,28.48,27.594,26.725,25.844,24.981,24.007,22.861,21.617,20.4,19.172,18.085,17.223,16.511,15.804,15.141,14.442,13.655,12.83,12.062,11.321,10.689,10.211,9.844,9.494,9.179,8.865,8.522,8.172,7.843,7.512,7.247,7.077,6.957,6.831,6.733,6.493,6.027,5.423,4.844,4.249,3.759,3.448,3.254,3.044,2.847,2.629,2.356,2.058,1.787,1.531,1.305,1.12,0.967,0.823,0.691,0.572,0.463,0.365,0.278,0.204,0.147,0.103,0.071,0.041,0.025,0.019,0.012,0.006,0.002,0.001,0.001,0
GNB,2017,61.063,60.018,59.05,57.742,56.371,54.947,53.484,51.997,50.499,48.987,47.467,45.958,44.471,42.999,41.651,40.486,39.456,38.443,37.455,36.554,35.758,35.028,34.32,33.644,32.903,32.04,31.098,30.168,29.222,28.296,27.409,26.539,25.656,24.792,23.819,22.673,21.433,20.219,18.995,17.911,17.052,16.343,15.637,14.975,14.278,13.494,12.673,11.908,11.169,10.537,10.061,9.692,9.34,9.023,8.706,8.363,8.01,7.68,7.348,7.078,6.898,6.766,6.629,6.52,6.273,5.808,5.211,4.639,4.051,3.566,3.254,3.057,2.844,2.646,2.428,2.164,1.876,1.615,1.369,1.155,0.981,0.839,0.705,0.586,0.478,0.383,0.298,0.223,0.162,0.116,0.082,0.055,0.032,0.019,0.015,0.009,0.004,0.001,0.001,0
GNB,2018,61.619,60.707,59.674,58.688,57.415,56.079,54.692,53.262,51.808,50.343,48.855,47.346,45.84,44.354,42.882,41.531,40.361,39.326,38.307,37.31,36.403,35.6,34.866,34.152,33.473,32.727,31.861,30.918,29.987,29.041,28.114,27.225,26.353,25.469,24.606,23.631,22.489,21.251,20.04,18.819,17.739,16.882,16.174,15.471,14.811,14.116,13.336,12.518,11.755,11.018,10.387,9.91,9.541,9.187,8.868,8.549,8.204,7.849,7.517,7.183,6.909,6.72,6.576,6.427,6.306,6.052,5.59,4.999,4.433,3.854,3.373,3.062,2.86,2.644,2.445,2.229,1.97,1.693,1.442,1.208,1.004,0.842,0.71,0.589,0.48,0.385,0.302,0.231,0.168,0.12,0.086,0.061,0.039,0.022,0.013,0.01,0.007,0.003,0.001,0
GNB,2019,62.172,61.355,60.421,59.381,58.327,57.089,55.789,54.437,53.042,51.621,50.189,48.725,47.227,45.723,44.239,42.765,41.413,40.239,39.197,38.172,37.167,36.251,35.443,34.705,33.986,33.301,32.551,31.684,30.739,29.807,28.861,27.932,27.043,26.169,25.284,24.419,23.445,22.305,21.07,19.863,18.644,17.567,16.712,16.007,15.306,14.648,13.955,13.177,12.361,11.602,10.867,10.238,9.76,9.39,9.034,8.713,8.391,8.044,7.689,7.353,7.019,6.74,6.541,6.385,6.226,6.093,5.832,5.371,4.787,4.227,3.656,3.181,2.868,2.663,2.446,2.244,2.029,1.777,1.509,1.27,1.046,0.854,0.702,0.582,0.471,0.374,0.292,0.222,0.164,0.113,0.078,0.057,0.039,0.023,0.012,0.007,0.006,0.004,0.001,0
GNB,2020,62.751,61.988,61.119,60.153,59.1,57.967,56.765,55.501,54.183,52.822,51.433,50.034,48.595,47.109,45.607,44.124,42.649,41.294,40.115,39.069,38.038,37.023,36.1,35.286,34.544,33.82,33.13,32.376,31.506,30.561,29.626,28.681,27.752,26.861,25.985,25.099,24.233,23.26,22.12,20.889,19.684,18.47,17.396,16.543,15.839,15.14,14.485,13.794,13.018,12.206,11.448,10.715,10.088,9.611,9.239,8.881,8.559,8.235,7.885,7.527,7.191,6.855,6.571,6.363,6.195,6.024,5.879,5.612,5.151,4.575,4.022,3.459,2.988,2.675,2.465,2.246,2.041,1.829,1.585,1.327,1.097,0.885,0.703,0.563,0.453,0.354,0.269,0.199,0.142,0.098,0.057,0.035,0.027,0.018,0.007,0.003,0.002,0.001,0.001,0
GNB,2021,63.361,62.476,61.693,60.824,59.874,58.847,57.754,56.603,55.377,54.07,52.702,51.311,49.911,48.469,46.979,45.472,43.983,42.5,41.138,39.955,38.906,37.87,36.852,35.926,35.108,34.363,33.637,32.945,32.189,31.317,30.369,29.434,28.486,27.556,26.664,25.787,24.9,24.032,23.059,21.924,20.696,19.497,18.288,17.217,16.365,15.662,14.962,14.306,13.616,12.842,12.033,11.278,10.547,9.92,9.442,9.067,8.707,8.38,8.053,7.7,7.336,6.995,6.655,6.363,6.144,5.964,5.779,5.622,5.348,4.892,4.328,3.787,3.238,2.778,2.47,2.263,2.048,1.848,1.644,1.414,1.176,0.963,0.769,0.604,0.479,0.382,0.296,0.223,0.165,0.117,0.079,0.047,0.028,0.021,0.014,0.006,0.002,0.001,0.001,0
GNB,2022,64.001,63.204,62.198,61.394,60.524,59.59,58.591,57.537,56.439,55.251,53.954,52.578,51.185,49.785,48.341,46.846,45.336,43.84,42.349,40.98,39.793,38.741,37.7,36.679,35.748,34.928,34.18,33.452,32.758,31.999,31.126,30.176,29.239,28.291,27.359,26.465,25.587,24.698,23.83,22.858,21.725,20.504,19.309,18.105,17.038,16.187,15.483,14.784,14.127,13.437,12.666,11.86,11.107,10.378,9.752,9.272,8.895,8.533,8.202,7.871,7.512,7.144,6.798,6.454,6.156,5.926,5.731,5.535,5.363,5.084,4.634,4.08,3.552,3.016,2.568,2.265,2.06,1.85,1.654,1.459,1.244,1.023,0.83,0.654,0.505,0.394,0.312,0.237,0.178,0.132,0.093,0.062,0.035,0.022,0.017,0.011,0.004,0.001,0.001,0
GNB,2023,64.667,63.801,62.922,61.921,61.096,60.226,59.307,58.335,57.322,56.276,55.127,53.84,52.456,51.061,49.659,48.213,46.715,45.199,43.698,42.2,40.824,39.631,38.576,37.531,36.505,35.571,34.748,33.998,33.267,32.571,31.811,30.935,29.984,29.045,28.095,27.163,26.268,25.387,24.498,23.629,22.657,21.528,20.311,19.121,17.923,16.859,16.01,15.306,14.605,13.948,13.259,12.49,11.686,10.936,10.21,9.584,9.103,8.723,8.358,8.025,7.689,7.326,6.953,6.602,6.254,5.948,5.707,5.498,5.289,5.105,4.821,4.375,3.834,3.316,2.795,2.357,2.06,1.857,1.651,1.461,1.275,1.074,0.872,0.695,0.537,0.407,0.31,0.241,0.178,0.132,0.098,0.069,0.044,0.024,0.016,0.011,0.007,0.003,0.001,0
GNB,2024,65.349,64.406,63.486,62.58,61.649,60.805,59.933,59.03,58.085,57.111,56.118,55.007,53.73,52.338,50.941,49.539,48.088,46.588,45.067,43.56,42.053,40.67,39.473,38.414,37.366,36.336,35.398,34.572,33.819,33.085,32.388,31.626,30.747,29.794,28.854,27.903,26.968,26.072,25.19,24.3,23.429,22.458,21.332,20.12,18.935,17.741,16.681,15.834,15.129,14.429,13.771,13.082,12.314,11.515,10.766,10.042,9.417,8.935,8.552,8.184,7.847,7.508,7.141,6.762,6.406,6.053,5.742,5.488,5.267,5.045,4.848,4.557,4.116,3.586,3.082,2.573,2.147,1.855,1.656,1.453,1.268,1.089,0.903,0.72,0.561,0.421,0.308,0.227,0.17,0.119,0.086,0.064,0.045,0.027,0.014,0.009,0.007,0.004,0.002,0
GNB,2025,66.036,65.023,64.063,63.144,62.254,61.383,60.518,59.646,58.758,57.84,56.906,55.966,54.891,53.625,52.224,50.825,49.422,47.969,46.465,44.939,43.425,41.91,40.52,39.318,38.256,37.203,36.169,35.228,34.399,33.643,32.907,32.207,31.443,30.563,29.607,28.665,27.712,26.777,25.878,24.996,24.104,23.231,22.261,21.138,19.93,18.75,17.562,16.506,15.659,14.954,14.253,13.595,12.906,12.14,11.343,10.597,9.875,9.251,8.768,8.382,8.012,7.67,7.327,6.955,6.571,6.21,5.853,5.535,5.271,5.034,4.801,4.591,4.294,3.858,3.34,2.847,2.352,1.937,1.651,1.453,1.255,1.074,0.905,0.733,0.568,0.428,0.306,0.209,0.142,0.099,0.061,0.04,0.031,0.02,0.009,0.003,0.003,0.001,0.001,0
GNB,2026,66.703,65.691,64.718,63.793,62.907,62.047,61.2,60.359,59.504,58.625,57.71,56.776,55.835,54.758,53.487,52.081,50.675,49.263,47.804,46.294,44.767,43.249,41.732,40.339,39.136,38.072,37.019,35.984,35.041,34.208,33.449,32.71,32.006,31.241,30.358,29.399,28.456,27.502,26.566,25.667,24.783,23.893,23.02,22.05,20.93,19.726,18.547,17.361,16.307,15.461,14.755,14.053,13.394,12.705,11.941,11.145,10.4,9.68,9.055,8.568,8.177,7.799,7.452,7.102,6.724,6.336,5.969,5.609,5.284,5.01,4.763,4.519,4.3,4.003,3.577,3.08,2.608,2.136,1.741,1.47,1.285,1.101,0.935,0.78,0.627,0.481,0.358,0.253,0.174,0.118,0.082,0.049,0.033,0.026,0.017,0.007,0.003,0.001,0.001,0
GNB,2027,67.378,66.264,65.352,64.417,63.529,62.674,61.843,61.023,60.204,59.367,58.496,57.585,56.653,55.709,54.629,53.353,51.941,50.528,49.108,47.641,46.127,44.597,43.077,41.556,40.161,38.956,37.89,36.836,35.8,34.856,34.021,33.259,32.516,31.809,31.04,30.154,29.195,28.25,27.294,26.356,25.457,24.574,23.683,22.812,21.843,20.724,19.522,18.346,17.162,16.11,15.264,14.558,13.855,13.194,12.503,11.741,10.948,10.205,9.485,8.86,8.369,7.971,7.588,7.234,6.878,6.495,6.1,5.728,5.364,5.034,4.749,4.491,4.239,4.01,3.711,3.298,2.821,2.369,1.919,1.544,1.289,1.117,0.948,0.795,0.657,0.522,0.395,0.287,0.201,0.138,0.094,0.064,0.037,0.026,0.02,0.013,0.006,0.001,0.001,0
GNB,2028,68.06,66.911,65.859,65.017,64.121,63.269,62.448,61.645,60.85,60.054,59.234,58.373,57.464,56.532,55.589,54.505,53.224,51.807,50.385,48.957,47.481,45.963,44.431,42.908,41.384,39.986,38.778,37.712,36.657,35.62,34.674,33.837,33.07,32.325,31.614,30.842,29.955,28.993,28.046,27.088,26.149,25.25,24.367,23.476,22.604,21.636,20.52,19.32,18.145,16.965,15.914,15.068,14.36,13.657,12.994,12.305,11.542,10.752,10.009,9.291,8.665,8.17,7.767,7.378,7.017,6.654,6.265,5.865,5.488,5.12,4.784,4.49,4.221,3.958,3.72,3.42,3.019,2.563,2.131,1.703,1.348,1.108,0.949,0.794,0.656,0.533,0.415,0.308,0.217,0.149,0.104,0.07,0.046,0.026,0.018,0.014,0.009,0.004,0.001,0
GNB,2029,68.747,67.575,66.5,65.512,64.686,63.83,63.014,62.225,61.45,60.682,59.909,59.104,58.252,57.346,56.417,55.471,54.383,53.098,51.674,50.246,48.808,47.326,45.804,44.268,42.742,41.214,39.814,38.604,37.536,36.48,35.441,34.494,33.654,32.883,32.135,31.421,30.646,29.757,28.792,27.843,26.884,25.943,25.043,24.161,23.269,22.399,21.431,20.316,19.118,17.947,16.77,15.719,14.874,14.165,13.461,12.796,12.105,11.345,10.556,9.815,9.098,8.472,7.972,7.563,7.167,6.801,6.431,6.036,5.63,5.248,4.876,4.535,4.231,3.95,3.678,3.43,3.129,2.74,2.304,1.893,1.486,1.152,0.928,0.781,0.64,0.516,0.408,0.31,0.222,0.147,0.097,0.069,0.046,0.028,0.015,0.01,0.008,0.006,0.003,0
GNB,2030,69.44,68.249,67.158,66.154,65.226,64.359,63.54,62.759,62.003,61.257,60.514,59.764,58.977,58.134,57.231,56.302,55.355,54.264,52.974,51.544,50.108,48.661,47.172,45.644,44.106,42.577,41.045,39.642,38.431,37.362,36.304,35.265,34.315,33.472,32.699,31.946,31.23,30.451,29.559,28.594,27.642,26.68,25.739,24.838,23.955,23.065,22.193,21.227,20.113,18.918,17.748,16.573,15.526,14.68,13.97,13.265,12.599,11.907,11.147,10.361,9.621,8.906,8.278,7.775,7.358,6.957,6.584,6.208,5.807,5.396,5.009,4.634,4.285,3.971,3.679,3.398,3.141,2.839,2.462,2.045,1.654,1.27,0.956,0.747,0.613,0.486,0.376,0.285,0.204,0.136,0.076,0.044,0.034,0.022,0.01,0.003,0.003,0.002,0.001,0
GNB,2031,70.119,69.08,67.952,66.91,65.946,65.045,64.198,63.39,62.617,61.868,61.131,60.39,59.64,58.849,58,57.09,56.152,55.196,54.096,52.801,51.367,49.928,48.477,46.984,45.456,43.918,42.388,40.857,39.453,38.241,37.169,36.108,35.068,34.116,33.269,32.492,31.736,31.016,30.234,29.34,28.373,27.421,26.46,25.518,24.614,23.728,22.834,21.96,20.991,19.878,18.686,17.518,16.345,15.298,14.451,13.738,13.031,12.362,11.669,10.908,10.12,9.379,8.663,8.032,7.524,7.102,6.694,6.314,5.933,5.528,5.114,4.726,4.351,4.002,3.686,3.393,3.112,2.853,2.56,2.206,1.821,1.46,1.109,0.823,0.636,0.518,0.406,0.314,0.237,0.169,0.111,0.062,0.036,0.028,0.018,0.008,0.003,0.002,0.001,0
GNB,2032,70.806,69.607,68.727,67.662,66.671,65.744,64.872,64.045,63.247,62.481,61.742,61.011,60.273,59.521,58.727,57.872,56.955,56.009,55.042,53.935,52.634,51.197,49.752,48.296,46.801,45.271,43.733,42.204,40.672,39.269,38.054,36.98,35.918,34.875,33.921,33.071,32.288,31.529,30.804,30.02,29.124,28.157,27.203,26.242,25.299,24.393,23.503,22.606,21.728,20.759,19.646,18.456,17.291,16.12,15.073,14.224,13.509,12.799,12.127,11.43,10.668,9.88,9.138,8.42,7.788,7.274,6.845,6.43,6.046,5.659,5.25,4.834,4.443,4.069,3.72,3.403,3.107,2.825,2.566,2.282,1.95,1.597,1.267,0.947,0.69,0.523,0.422,0.327,0.251,0.19,0.136,0.087,0.047,0.028,0.022,0.014,0.006,0.003,0.001,0
GNB,2033,71.491,70.303,69.199,68.379,67.376,66.435,65.547,64.703,63.894,63.107,62.349,61.618,60.895,60.159,59.406,58.608,57.747,56.823,55.868,54.892,53.776,52.469,51.029,49.58,48.121,46.621,45.09,43.552,42.021,40.491,39.086,37.871,36.794,35.728,34.684,33.727,32.873,32.088,31.324,30.595,29.807,28.91,27.942,26.989,26.026,25.081,24.172,23.28,22.379,21.498,20.526,19.415,18.226,17.063,15.894,14.849,13.999,13.28,12.567,11.892,11.194,10.43,9.641,8.898,8.179,7.543,7.024,6.589,6.168,5.777,5.386,4.973,4.554,4.162,3.788,3.439,3.118,2.821,2.539,2.28,2.005,1.695,1.373,1.074,0.786,0.557,0.412,0.327,0.247,0.188,0.144,0.101,0.063,0.033,0.019,0.015,0.01,0.004,0.001,0
GNB,2034,72.16,70.992,69.898,68.871,68.032,67.091,66.2,65.35,64.536,63.745,62.969,62.218,61.495,60.78,60.047,59.292,58.491,57.624,56.693,55.729,54.743,53.619,52.306,50.862,49.409,47.945,46.442,44.91,43.371,41.84,40.31,38.904,37.686,36.608,35.541,34.494,33.534,32.676,31.887,31.119,30.387,29.595,28.696,27.727,26.773,25.811,24.864,23.953,23.056,22.153,21.268,20.295,19.184,17.998,16.836,15.669,14.625,13.773,13.052,12.336,11.658,10.957,10.191,9.402,8.657,7.937,7.299,6.775,6.332,5.906,5.508,5.112,4.695,4.274,3.88,3.507,3.157,2.835,2.535,2.252,1.993,1.726,1.439,1.148,0.881,0.625,0.424,0.3,0.232,0.167,0.126,0.096,0.067,0.038,0.019,0.011,0.008,0.006,0.003,0
GNB,2035,72.806,71.666,70.589,69.57,68.604,67.684,66.806,65.965,65.154,64.368,63.597,62.83,62.087,61.372,60.665,59.934,59.178,58.373,57.5,56.562,55.59,54.593,53.461,52.142,50.695,49.238,47.769,46.263,44.73,43.19,41.659,40.128,38.722,37.503,36.421,35.353,34.304,33.342,32.48,31.686,30.915,30.177,29.382,28.482,27.513,26.557,25.595,24.647,23.733,22.833,21.926,21.039,20.064,18.953,17.768,16.609,15.444,14.4,13.547,12.824,12.104,11.424,10.72,9.953,9.162,8.417,7.696,7.055,6.526,6.076,5.643,5.24,4.838,4.418,3.993,3.599,3.225,2.875,2.55,2.249,1.966,1.707,1.449,1.184,0.924,0.687,0.463,0.29,0.188,0.135,0.087,0.063,0.049,0.032,0.014,0.004,0.004,0.003,0.001,0
GNB,2036,73.411,72.476,71.389,70.356,69.371,68.431,67.531,66.666,65.833,65.03,64.25,63.482,62.714,61.967,61.246,60.532,59.792,59.026,58.213,57.334,56.39,55.412,54.411,53.274,51.953,50.503,49.044,47.575,46.069,44.533,42.993,41.461,39.929,38.521,37.3,36.215,35.143,34.091,33.125,32.261,31.465,30.69,29.95,29.151,28.247,27.273,26.313,25.346,24.395,23.476,22.571,21.66,20.768,19.789,18.678,17.493,16.335,15.171,14.126,13.268,12.537,11.811,11.123,10.414,9.646,8.856,8.11,7.391,6.749,6.218,5.766,5.331,4.926,4.525,4.109,3.69,3.302,2.938,2.599,2.288,2.002,1.735,1.491,1.254,1.016,0.788,0.576,0.384,0.242,0.157,0.112,0.071,0.052,0.039,0.026,0.011,0.004,0.003,0.001,0
GNB,2037,73.993,72.937,72.152,71.118,70.128,69.177,68.264,67.384,66.53,65.707,64.912,64.138,63.372,62.602,61.852,61.125,60.404,59.656,58.88,58.058,57.172,56.223,55.24,54.233,53.091,51.767,50.316,48.856,47.385,45.878,44.341,42.8,41.265,39.733,38.324,37.1,36.012,34.937,33.882,32.913,32.046,31.246,30.468,29.724,28.923,28.013,27.036,26.071,25.1,24.143,23.22,22.311,21.395,20.497,19.515,18.404,17.22,16.062,14.899,13.852,12.99,12.252,11.519,10.824,10.11,9.34,8.55,7.805,7.086,6.446,5.912,5.455,5.018,4.612,4.212,3.799,3.388,3.007,2.652,2.323,2.025,1.754,1.503,1.274,1.058,0.848,0.652,0.466,0.305,0.195,0.127,0.087,0.054,0.04,0.031,0.021,0.008,0.003,0.001,0
GNB,2038,74.57,73.561,72.58,71.831,70.85,69.903,68.987,68.1,67.239,66.397,65.582,64.796,64.029,63.264,62.493,61.739,61.007,60.278,59.522,58.736,57.905,57.012,56.059,55.069,54.055,52.909,51.582,50.13,48.669,47.196,45.688,44.15,42.607,41.072,39.538,38.127,36.9,35.81,34.731,33.673,32.701,31.83,31.028,30.247,29.5,28.695,27.781,26.798,25.83,24.854,23.893,22.966,22.051,21.131,20.229,19.243,18.13,16.947,15.789,14.628,13.579,12.712,11.966,11.227,10.524,9.806,9.034,8.244,7.5,6.783,6.141,5.605,5.145,4.705,4.299,3.9,3.491,3.085,2.712,2.365,2.047,1.762,1.506,1.271,1.058,0.862,0.681,0.515,0.355,0.226,0.147,0.096,0.064,0.038,0.028,0.022,0.014,0.006,0.001,0
GNB,2039,75.168,74.194,73.241,72.307,71.508,70.58,69.675,68.795,67.934,67.092,66.263,65.458,64.678,63.917,63.154,62.382,61.625,60.888,60.151,59.386,58.592,57.751,56.851,55.892,54.897,53.878,52.727,51.398,49.944,48.481,47.007,45.498,43.958,42.413,40.877,39.342,37.93,36.701,35.607,34.525,33.464,32.489,31.615,30.81,30.025,29.275,28.466,27.549,26.561,25.588,24.608,23.643,22.71,21.791,20.867,19.959,18.97,17.857,16.674,15.516,14.355,13.307,12.434,11.68,10.935,10.225,9.501,8.728,7.938,7.194,6.478,5.837,5.298,4.835,4.393,3.985,3.587,3.182,2.782,2.417,2.079,1.772,1.5,1.259,1.039,0.842,0.667,0.513,0.38,0.244,0.148,0.1,0.065,0.04,0.022,0.017,0.012,0.008,0.003,0.001
GNB,2040,75.803,74.844,73.904,72.981,72.074,71.182,70.307,69.446,68.599,67.766,66.943,66.126,65.329,64.558,63.803,63.042,62.269,61.508,60.765,60.022,59.248,58.443,57.594,56.689,55.724,54.723,53.698,52.542,51.21,49.755,48.291,46.817,45.306,43.765,42.219,40.682,39.145,37.731,36.5,35.403,34.318,33.254,32.275,31.399,30.59,29.802,29.049,28.237,27.314,26.322,25.346,24.361,23.392,22.454,21.53,20.601,19.688,18.697,17.582,16.4,15.244,14.084,13.034,12.155,11.394,10.641,9.925,9.197,8.421,7.631,6.889,6.174,5.532,4.991,4.524,4.081,3.672,3.275,2.873,2.479,2.122,1.792,1.496,1.237,1.012,0.808,0.626,0.472,0.345,0.243,0.133,0.069,0.052,0.034,0.015,0.005,0.005,0.004,0.003,0.001
GNB,2041,76.501,75.538,74.601,73.684,72.784,71.9,71.033,70.18,69.335,68.496,67.664,66.841,66.023,65.223,64.447,63.685,62.916,62.134,61.364,60.614,59.865,59.086,58.275,57.42,56.51,55.542,54.538,53.51,52.352,51.016,49.558,48.091,46.614,45.101,43.557,42.009,40.47,38.93,37.514,36.28,35.181,34.094,33.026,32.045,31.162,30.345,29.551,28.789,27.969,27.041,26.043,25.059,24.069,23.092,22.147,21.216,20.279,19.357,18.359,17.239,16.054,14.894,13.731,12.678,11.792,11.024,10.265,9.543,8.812,8.039,7.255,6.519,5.812,5.18,4.645,4.186,3.75,3.35,2.965,2.582,2.212,1.876,1.57,1.298,1.063,0.862,0.68,0.523,0.394,0.288,0.2,0.108,0.057,0.043,0.028,0.012,0.005,0.004,0.003,0.001
GNB,2042,77.234,76.233,75.269,74.355,73.461,72.584,71.724,70.879,70.05,69.222,68.391,67.559,66.736,65.918,65.115,64.333,63.564,62.787,61.996,61.217,60.46,59.706,58.921,58.103,57.244,56.329,55.358,54.351,53.32,52.158,50.82,49.359,47.889,46.409,44.893,43.348,41.797,40.255,38.713,37.294,36.058,34.958,33.868,32.798,31.812,30.923,30.1,29.297,28.528,27.7,26.765,25.761,24.771,23.775,22.791,21.839,20.899,19.955,19.026,18.021,16.896,15.708,14.543,13.378,12.32,11.429,10.653,9.888,9.16,8.426,7.657,6.879,6.15,5.452,4.827,4.299,3.846,3.419,3.028,2.656,2.292,1.944,1.63,1.347,1.098,0.888,0.712,0.552,0.42,0.317,0.23,0.156,0.084,0.044,0.033,0.022,0.01,0.004,0.003,0.001
GNB,2043,77.96,76.923,75.928,74.996,74.105,73.234,72.382,71.544,70.722,69.916,69.106,68.282,67.452,66.629,65.809,65.002,64.216,63.44,62.655,61.853,61.067,60.304,59.544,58.753,57.929,57.064,56.146,55.171,54.161,53.127,51.962,50.622,49.157,47.685,46.202,44.684,43.136,41.583,40.039,38.495,37.073,35.836,34.733,33.641,32.568,31.579,30.685,29.853,29.042,28.266,27.431,26.489,25.479,24.483,23.48,22.49,21.53,20.583,19.63,18.694,17.682,16.553,15.359,14.192,13.025,11.963,11.065,10.282,9.511,8.776,8.041,7.273,6.502,5.78,5.091,4.475,3.954,3.507,3.088,2.706,2.348,2.001,1.675,1.385,1.124,0.899,0.714,0.563,0.423,0.317,0.241,0.173,0.112,0.058,0.032,0.023,0.015,0.007,0.003,0.001
GNB,2044,78.622,77.57,76.566,75.606,74.721,73.853,73.006,72.178,71.363,70.564,69.782,68.988,68.171,67.341,66.52,65.699,64.889,64.097,63.315,62.521,61.711,60.916,60.146,59.38,58.584,57.754,56.884,55.961,54.984,53.97,52.934,51.766,50.422,48.954,47.48,45.994,44.473,42.924,41.368,39.822,38.276,36.851,35.612,34.506,33.413,32.338,31.344,30.444,29.605,28.787,28.002,27.16,26.212,25.196,24.193,23.184,22.188,21.22,20.266,19.305,18.361,17.343,16.208,15.011,13.84,12.671,11.605,10.701,9.91,9.133,8.394,7.655,6.89,6.126,5.41,4.73,4.123,3.608,3.167,2.756,2.384,2.038,1.711,1.407,1.139,0.901,0.7,0.54,0.414,0.295,0.214,0.163,0.115,0.069,0.033,0.019,0.014,0.009,0.004,0.001
GNB,2045,79.176,78.148,77.167,76.224,75.319,74.446,73.6,72.776,71.971,71.181,70.404,69.645,68.869,68.06,67.231,66.41,65.587,64.774,63.977,63.187,62.386,61.567,60.764,59.987,59.216,58.413,57.577,56.702,55.775,54.795,53.778,52.738,51.568,50.222,48.752,47.273,45.785,44.263,42.711,41.153,39.604,38.055,36.629,35.387,34.28,33.183,32.107,31.109,30.203,29.357,28.532,27.739,26.889,25.935,24.913,23.904,22.889,21.885,20.91,19.948,18.98,18.028,17.003,15.864,14.664,13.489,12.316,11.247,10.337,9.539,8.755,8.01,7.269,6.507,5.748,5.04,4.369,3.769,3.262,2.828,2.425,2.061,1.729,1.42,1.138,0.893,0.678,0.501,0.366,0.264,0.168,0.111,0.086,0.058,0.025,0.008,0.007,0.004,0.003,0.001
GNB,2046,79.612,78.868,77.901,76.965,76.057,75.177,74.318,73.476,72.657,71.859,71.076,70.303,69.542,68.762,67.949,67.113,66.283,65.453,64.632,63.828,63.034,62.227,61.402,60.592,59.811,59.037,58.231,57.392,56.512,55.581,54.594,53.573,52.529,51.354,50.003,48.528,47.046,45.553,44.026,42.472,40.914,39.364,37.813,36.384,35.137,34.023,32.92,31.835,30.83,29.915,29.059,28.224,27.421,26.56,25.595,24.564,23.546,22.522,21.507,20.518,19.539,18.557,17.59,16.554,15.409,14.206,13.029,11.858,10.788,9.876,9.077,8.293,7.55,6.816,6.069,5.329,4.642,3.993,3.417,2.933,2.523,2.146,1.808,1.503,1.224,0.972,0.752,0.567,0.42,0.305,0.217,0.137,0.09,0.07,0.047,0.021,0.007,0.005,0.003,0.001
GNB,2047,79.945,79.097,78.565,77.657,76.768,75.896,75.038,74.194,73.357,72.541,71.75,70.975,70.205,69.442,68.66,67.84,66.999,66.162,65.321,64.492,63.683,62.883,62.071,61.24,60.425,59.64,58.862,58.051,57.209,56.325,55.39,54.397,53.372,52.322,51.142,49.787,48.308,46.821,45.324,43.793,42.236,40.677,39.125,37.572,36.14,34.887,33.766,32.657,31.566,30.552,29.628,28.763,27.917,27.104,26.232,25.258,24.217,23.189,22.155,21.129,20.126,19.132,18.134,17.153,16.105,14.954,13.748,12.571,11.399,10.329,9.416,8.615,7.832,7.091,6.363,5.63,4.911,4.244,3.617,3.064,2.605,2.219,1.867,1.554,1.276,1.027,0.807,0.612,0.457,0.339,0.245,0.17,0.105,0.071,0.054,0.036,0.016,0.005,0.004,0.001
GNB,2048,80.215,79.49,78.752,78.26,77.413,76.571,75.733,74.9,74.069,73.237,72.425,71.641,70.874,70.106,69.343,68.557,67.733,66.884,66.039,65.191,64.353,63.536,62.732,61.913,61.076,60.257,59.468,58.685,57.871,57.025,56.138,55.198,54.2,53.169,52.115,50.931,49.571,48.087,46.596,45.094,43.56,42.001,40.44,38.886,37.331,35.896,34.638,33.511,32.394,31.296,30.275,29.342,28.466,27.61,26.786,25.904,24.921,23.869,22.832,21.789,20.752,19.735,18.724,17.712,16.715,15.657,14.499,13.291,12.111,10.941,9.872,8.956,8.153,7.37,6.631,5.911,5.193,4.493,3.846,3.241,2.712,2.277,1.915,1.589,1.301,1.05,0.83,0.64,0.472,0.345,0.257,0.185,0.124,0.075,0.05,0.039,0.026,0.011,0.004,0.001
GNB,2049,80.476,79.86,79.208,78.524,77.95,77.163,76.367,75.563,74.755,73.938,73.112,72.303,71.526,70.767,70.002,69.238,68.448,67.619,66.764,65.911,65.053,64.208,63.384,62.575,61.751,60.908,60.084,59.29,58.504,57.687,56.838,55.946,55.001,53.999,52.962,51.904,50.715,49.35,47.862,46.366,44.86,43.322,41.761,40.199,38.644,37.088,35.649,34.386,33.253,32.129,31.024,29.994,29.052,28.167,27.302,26.467,25.575,24.581,23.52,22.472,21.42,20.373,19.341,18.314,17.287,16.277,15.207,14.042,12.832,11.652,10.482,9.412,8.496,7.69,6.909,6.172,5.459,4.754,4.073,3.448,2.865,2.359,1.948,1.611,1.309,1.047,0.824,0.633,0.474,0.331,0.234,0.176,0.124,0.077,0.043,0.03,0.023,0.015,0.007,0.001
GNB,2050,80.771,80.222,79.63,78.997,78.329,77.63,76.903,76.154,75.385,74.602,73.799,72.977,72.172,71.403,70.652,69.889,69.125,68.332,67.497,66.636,65.776,64.908,64.055,63.226,62.412,61.583,60.734,59.904,59.105,58.317,57.496,56.643,55.748,54.798,53.79,52.749,51.686,50.493,49.123,47.632,46.132,44.621,43.08,41.517,39.954,38.397,36.84,35.398,34.13,32.99,31.86,30.748,29.71,28.759,27.865,26.99,26.144,25.241,24.238,23.168,22.111,21.05,19.992,18.945,17.903,16.861,15.836,14.755,13.585,12.373,11.19,10.021,8.952,8.034,7.227,6.446,5.71,5.005,4.315,3.655,3.049,2.489,2.007,1.618,1.306,1.03,0.794,0.597,0.436,0.307,0.19,0.123,0.095,0.065,0.03,0.012,0.01,0.007,0.004,0.001
GNB,2051,81.155,80.574,80.023,79.437,78.819,78.169,77.494,76.797,76.068,75.306,74.518,73.714,72.892,72.083,71.309,70.551,69.781,69.006,68.206,67.365,66.499,65.633,64.76,63.902,63.069,62.251,61.417,60.566,59.731,58.928,58.133,57.307,56.448,55.546,54.59,53.575,52.527,51.455,50.255,48.881,47.385,45.881,44.365,42.819,41.25,39.682,38.117,36.552,35.103,33.828,32.679,31.539,30.417,29.368,28.405,27.497,26.606,25.746,24.827,23.806,22.716,21.64,20.562,19.486,18.421,17.361,16.303,15.264,14.173,13.003,11.796,10.622,9.464,8.407,7.501,6.709,5.945,5.227,4.548,3.891,3.272,2.707,2.189,1.746,1.394,1.115,0.869,0.666,0.502,0.365,0.254,0.156,0.101,0.078,0.052,0.025,0.01,0.008,0.005,0.001
GNB,2052,81.574,81.021,80.366,79.814,79.235,78.63,78,77.348,76.68,75.973,75.216,74.425,73.621,72.797,71.985,71.206,70.441,69.663,68.88,68.071,67.225,66.353,65.482,64.604,63.74,62.903,62.082,61.245,60.389,59.551,58.743,57.942,57.11,56.246,55.339,54.375,53.353,52.297,51.218,50.012,48.632,47.133,45.624,44.105,42.553,40.979,39.404,37.833,36.262,34.805,33.521,32.364,31.216,30.083,29.023,28.047,27.124,26.219,25.344,24.41,23.369,22.261,21.167,20.072,18.978,17.895,16.818,15.743,14.689,13.59,12.42,11.219,10.053,8.906,7.862,6.969,6.191,5.443,4.744,4.089,3.468,2.888,2.364,1.887,1.485,1.169,0.925,0.708,0.538,0.406,0.294,0.199,0.12,0.078,0.061,0.041,0.019,0.008,0.005,0.001
GNB,2053,81.999,81.402,80.803,80.151,79.596,79.024,78.433,77.821,77.193,76.554,75.868,75.119,74.325,73.519,72.694,71.88,71.094,70.324,69.538,68.746,67.929,67.076,66.2,65.324,64.44,63.572,62.73,61.906,61.066,60.207,59.364,58.551,57.745,56.907,56.038,55.125,54.154,53.125,52.061,50.975,49.762,48.379,46.875,45.363,43.839,42.282,40.703,39.121,37.545,35.966,34.502,33.211,32.045,30.887,29.746,28.674,27.686,26.749,25.83,24.939,23.989,22.931,21.804,20.692,19.58,18.468,17.367,16.272,15.181,14.113,13.006,11.834,10.639,9.482,8.347,7.316,6.436,5.672,4.941,4.26,3.63,3.044,2.505,2.022,1.586,1.223,0.944,0.733,0.546,0.409,0.31,0.223,0.145,0.085,0.056,0.043,0.029,0.014,0.005,0.002
GNB,2054,82.389,81.753,81.134,80.53,79.928,79.372,78.807,78.229,77.637,77.032,76.423,75.758,75.016,74.218,73.412,72.587,71.769,70.978,70.201,69.408,68.607,67.782,66.923,66.043,65.161,64.271,63.398,62.553,61.726,60.882,60.02,59.173,58.355,57.543,56.7,55.826,54.906,53.929,52.893,51.823,50.729,49.509,48.12,46.613,45.098,43.569,42.009,40.424,38.837,37.254,35.668,34.197,32.898,31.723,30.557,29.406,28.324,27.323,26.372,25.438,24.533,23.566,22.491,21.344,20.215,19.086,17.957,16.837,15.725,14.619,13.536,12.42,11.249,10.06,8.911,7.788,6.769,5.902,5.151,4.438,3.775,3.171,2.619,2.121,1.679,1.284,0.962,0.72,0.542,0.385,0.281,0.215,0.151,0.092,0.049,0.034,0.025,0.017,0.008,0.002
GNB,2055,82.713,82.062,81.44,80.844,80.266,79.7,79.142,78.584,78.021,77.447,76.867,76.287,75.644,74.907,74.107,73.3,72.473,71.653,70.858,70.074,69.272,68.462,67.63,66.766,65.88,64.993,64.099,63.221,62.371,61.541,60.694,59.828,58.978,58.155,57.338,56.489,55.61,54.684,53.7,52.657,51.579,50.478,49.252,47.859,46.349,44.829,43.297,41.732,40.142,38.549,36.96,35.367,33.89,32.583,31.401,30.225,29.065,27.972,26.958,25.992,25.044,24.126,23.143,22.049,20.885,19.737,18.591,17.445,16.307,15.178,14.055,12.957,11.833,10.662,9.48,8.339,7.227,6.222,5.368,4.631,3.935,3.291,2.712,2.194,1.738,1.337,0.984,0.7,0.495,0.35,0.223,0.153,0.119,0.08,0.037,0.014,0.011,0.008,0.005,0.002
GNB,2056,82.991,82.472,81.858,81.269,80.697,80.139,79.588,79.039,78.488,77.93,77.36,76.781,76.2,75.554,74.812,74.005,73.19,72.355,71.527,70.725,69.936,69.129,68.313,67.476,66.608,65.72,64.83,63.931,63.049,62.195,61.359,60.507,59.636,58.779,57.948,57.123,56.266,55.377,54.443,53.452,52.401,51.316,50.207,48.972,47.57,46.05,44.52,42.977,41.402,39.804,38.202,36.605,35.002,33.515,32.196,31.001,29.812,28.638,27.528,26.491,25.501,24.528,23.583,22.576,21.46,20.273,19.104,17.94,16.778,15.627,14.485,13.355,12.252,11.132,9.978,8.822,7.711,6.631,5.662,4.846,4.151,3.498,2.899,2.366,1.896,1.489,1.13,0.825,0.589,0.415,0.29,0.182,0.125,0.097,0.066,0.03,0.012,0.008,0.005,0.003
GNB,2057,83.206,82.611,82.226,81.651,81.092,80.545,80.008,79.471,78.932,78.387,77.836,77.27,76.692,76.109,75.459,74.712,73.9,73.076,72.232,71.396,70.588,69.795,68.983,68.162,67.319,66.447,65.556,64.662,63.761,62.875,62.016,61.174,60.316,59.439,58.577,57.739,56.905,56.039,55.142,54.2,53.201,52.142,51.049,49.933,48.689,47.278,45.748,44.208,42.654,41.07,39.463,37.854,36.247,34.637,33.138,31.808,30.599,29.397,28.209,27.083,26.023,25.007,24.008,23.04,22.008,20.867,19.659,18.47,17.289,16.111,14.945,13.791,12.654,11.546,10.429,9.293,8.164,7.081,6.033,5.1,4.324,3.671,3.061,2.506,2.019,1.599,1.241,0.922,0.666,0.478,0.336,0.229,0.141,0.098,0.076,0.051,0.024,0.01,0.006,0.003
GNB,2058,83.388,82.844,82.319,81.975,81.437,80.91,80.389,79.87,79.348,78.818,78.281,77.735,77.173,76.597,76.013,75.36,74.609,73.788,72.957,72.104,71.26,70.447,69.649,68.832,68.004,67.157,66.282,65.387,64.49,63.586,62.696,61.832,60.985,60.122,59.239,58.37,57.525,56.683,55.809,54.903,53.952,52.945,51.879,50.779,49.654,48.404,46.983,45.443,43.894,42.33,40.735,39.121,37.503,35.888,34.267,32.757,31.417,30.196,28.981,27.779,26.635,25.554,24.512,23.489,22.495,21.438,20.275,19.044,17.835,16.636,15.442,14.262,13.097,11.952,10.839,9.727,8.607,7.505,6.452,5.436,4.539,3.802,3.191,2.624,2.113,1.672,1.301,0.992,0.714,0.507,0.367,0.257,0.168,0.1,0.07,0.054,0.036,0.017,0.007,0.003
GNB,2059,83.576,83.073,82.581,82.099,81.715,81.216,80.72,80.225,79.726,79.218,78.697,78.168,77.627,77.07,76.495,75.91,75.254,74.496,73.67,72.832,71.969,71.117,70.299,69.495,68.673,67.841,66.989,66.109,65.212,64.312,63.404,62.511,61.643,60.79,59.921,59.033,58.158,57.305,56.455,55.573,54.658,53.7,52.684,51.612,50.504,49.372,48.113,46.683,45.133,43.574,42,40.396,38.772,37.148,35.524,33.894,32.376,31.022,29.79,28.56,27.346,26.186,25.082,24.015,22.965,21.947,20.867,19.68,18.427,17.199,15.982,14.771,13.578,12.403,11.249,10.131,9.023,7.921,6.845,5.82,4.838,3.977,3.279,2.71,2.187,1.719,1.325,1.002,0.743,0.507,0.348,0.256,0.177,0.107,0.06,0.043,0.033,0.021,0.01,0.003
GNB,2060,83.795,83.309,82.835,82.368,81.905,81.445,80.984,80.521,80.049,79.57,79.078,78.567,78.044,77.51,76.957,76.382,75.797,75.137,74.375,73.542,72.696,71.826,70.966,70.141,69.334,68.506,67.669,66.812,65.929,65.029,64.126,63.215,62.318,61.445,60.587,59.714,58.82,57.938,57.079,56.22,55.331,54.407,53.44,52.418,51.339,50.223,49.083,47.816,46.378,44.819,43.25,41.665,40.052,38.421,36.789,35.157,33.518,31.989,30.625,29.379,28.137,26.91,25.733,24.606,23.514,22.44,21.396,20.292,19.082,17.809,16.56,15.325,14.1,12.892,11.705,10.545,9.422,8.319,7.233,6.184,5.19,4.239,3.414,2.757,2.229,1.749,1.326,0.978,0.704,0.494,0.3,0.189,0.145,0.098,0.046,0.018,0.015,0.011,0.007,0.003
GNB,2061,84.106,83.604,83.134,82.674,82.223,81.778,81.335,80.891,80.44,79.975,79.495,79.002,78.49,77.964,77.424,76.863,76.281,75.687,75.019,74.252,73.413,72.563,71.686,70.822,69.993,69.183,68.351,67.511,66.65,65.762,64.856,63.948,63.032,62.128,61.248,60.382,59.499,58.597,57.706,56.837,55.971,55.071,54.138,53.16,52.125,51.03,49.9,48.745,47.463,46.011,44.439,42.857,41.259,39.632,37.989,36.344,34.699,33.047,31.501,30.116,28.845,27.579,26.328,25.124,23.968,22.845,21.742,20.67,19.542,18.312,17.021,15.76,14.517,13.289,12.085,10.909,9.764,8.658,7.587,6.55,5.562,4.63,3.743,2.982,2.384,1.913,1.482,1.116,0.825,0.593,0.409,0.245,0.156,0.119,0.081,0.037,0.015,0.011,0.007,0.003
GNB,2062,84.45,83.917,83.402,82.946,82.504,82.07,81.641,81.214,80.788,80.35,79.89,79.41,78.916,78.404,77.874,77.329,76.761,76.171,75.567,74.891,74.118,73.276,72.42,71.537,70.669,69.836,69.022,68.187,67.343,66.479,65.586,64.676,63.763,62.84,61.929,61.043,60.169,59.277,58.366,57.466,56.588,55.713,54.805,53.862,52.873,51.825,50.715,49.571,48.4,47.104,45.639,44.055,42.459,40.847,39.207,37.551,35.894,34.237,32.572,31.009,29.603,28.308,27.017,25.742,24.512,23.327,22.173,21.041,19.942,18.788,17.538,16.231,14.958,13.706,12.475,11.277,10.112,8.982,7.894,6.855,5.867,4.94,4.069,3.248,2.549,2.011,1.596,1.214,0.905,0.672,0.48,0.323,0.19,0.122,0.093,0.062,0.029,0.012,0.008,0.003
GNB,2063,84.791,84.217,83.683,83.191,82.749,82.322,81.905,81.493,81.084,80.676,80.249,79.794,79.316,78.822,78.308,77.775,77.224,76.649,76.052,75.439,74.755,73.975,73.128,72.267,71.381,70.507,69.67,68.854,68.016,67.168,66.3,65.403,64.488,63.569,62.641,61.725,60.831,59.949,59.048,58.128,57.219,56.333,55.449,54.532,53.58,52.58,51.519,50.394,49.235,48.05,46.739,45.261,43.665,42.056,40.43,38.778,37.109,35.441,33.771,32.093,30.514,29.086,27.767,26.453,25.153,23.897,22.683,21.498,20.337,19.211,18.032,16.762,15.44,14.153,12.894,11.662,10.466,9.313,8.198,7.129,6.121,5.182,4.316,3.508,2.751,2.117,1.638,1.279,0.946,0.695,0.519,0.367,0.237,0.135,0.087,0.067,0.045,0.021,0.008,0.003
GNB,2064,85.08,84.481,83.93,83.422,82.971,82.545,82.134,81.734,81.338,80.946,80.555,80.142,79.692,79.214,78.72,78.204,77.668,77.112,76.531,75.925,75.303,74.611,73.826,72.975,72.109,71.217,70.339,69.499,68.679,67.838,66.987,66.115,65.215,64.294,63.37,62.436,61.513,60.612,59.723,58.815,57.885,56.967,56.072,55.18,54.253,53.293,52.282,51.207,50.069,48.896,47.695,46.37,44.879,43.271,41.65,40.01,38.343,36.664,34.984,33.301,31.61,30.016,28.567,27.223,25.885,24.562,23.28,22.037,20.821,19.631,18.478,17.275,15.985,14.646,13.348,12.081,10.845,9.656,8.514,7.415,6.363,5.386,4.497,3.693,2.947,2.253,1.684,1.264,0.962,0.679,0.484,0.365,0.255,0.151,0.079,0.053,0.041,0.027,0.013,0.004
GNB,2065,85.285,84.693,84.148,83.647,83.181,82.745,82.333,81.939,81.555,81.177,80.801,80.428,80.028,79.584,79.104,78.61,78.094,77.555,76.993,76.406,75.791,75.161,74.461,73.671,72.815,71.945,71.048,70.165,69.321,68.499,67.655,66.8,65.925,65.02,64.094,63.165,62.226,61.297,60.389,59.491,58.576,57.637,56.71,55.807,54.906,53.97,53.001,51.98,50.892,49.74,48.551,47.336,45.997,44.493,42.874,41.239,39.586,37.907,36.215,34.524,32.829,31.125,29.514,28.046,26.678,25.316,23.97,22.662,21.389,20.142,18.924,17.744,16.517,15.207,13.852,12.542,11.267,10.03,8.844,7.713,6.63,5.597,4.652,3.812,3.069,2.386,1.757,1.25,0.891,0.645,0.411,0.274,0.212,0.142,0.066,0.025,0.019,0.015,0.01,0.004
GNB,2066,85.427,85.054,84.511,84.004,83.529,83.081,82.654,82.242,81.847,81.469,81.097,80.723,80.349,79.945,79.496,79.009,78.507,77.982,77.435,76.867,76.274,75.655,75.019,74.314,73.519,72.661,71.788,70.888,70.001,69.154,68.325,67.475,66.616,65.734,64.821,63.887,62.949,62.002,61.064,60.146,59.239,58.314,57.365,56.426,55.509,54.591,53.639,52.652,51.612,50.506,49.335,48.128,46.892,45.534,44.011,42.373,40.721,39.048,37.348,35.633,33.918,32.199,30.471,28.834,27.337,25.94,24.55,23.18,21.845,20.545,19.272,18.029,16.829,15.592,14.279,12.933,11.635,10.375,9.167,8.026,6.951,5.925,4.952,4.075,3.309,2.646,2.027,1.479,1.057,0.751,0.534,0.336,0.225,0.174,0.117,0.054,0.021,0.015,0.01,0.004
GNB,2067,85.485,85.015,84.819,84.326,83.856,83.408,82.976,82.558,82.147,81.753,81.379,81.014,80.642,80.266,79.859,79.404,78.91,78.401,77.866,77.311,76.737,76.139,75.515,74.873,74.164,73.366,72.504,71.628,70.724,69.835,68.982,68.148,67.294,66.428,65.54,64.62,63.678,62.731,61.774,60.826,59.901,58.985,58.049,57.091,56.14,55.208,54.274,53.304,52.299,51.243,50.118,48.929,47.702,46.446,45.068,43.528,41.871,40.2,38.508,36.788,35.05,33.31,31.567,29.814,28.152,26.627,25.202,23.784,22.388,21.028,19.7,18.399,17.134,15.915,14.666,13.352,12.014,10.727,9.484,8.305,7.207,6.188,5.221,4.307,3.496,2.806,2.221,1.668,1.201,0.863,0.611,0.423,0.261,0.176,0.136,0.091,0.042,0.017,0.011,0.004
GNB,2068,85.494,85.115,84.738,84.578,84.134,83.701,83.279,82.866,82.457,82.046,81.652,81.282,80.924,80.554,80.177,79.767,79.307,78.805,78.287,77.745,77.181,76.602,75.999,75.37,74.722,74.008,73.206,72.343,71.463,70.556,69.663,68.806,67.967,67.106,66.236,65.341,64.413,63.464,62.508,61.542,60.586,59.651,58.726,57.782,56.812,55.85,54.903,53.953,52.966,51.944,50.869,49.727,48.519,47.273,45.997,44.599,43.04,41.367,39.676,37.965,36.225,34.465,32.7,30.932,29.156,27.467,25.915,24.461,23.016,21.595,20.208,18.853,17.525,16.237,14.999,13.738,12.423,11.092,9.818,8.592,7.442,6.388,5.424,4.515,3.662,2.918,2.302,1.797,1.309,0.922,0.67,0.472,0.312,0.186,0.128,0.098,0.065,0.03,0.012,0.005
GNB,2069,85.5,85.199,84.883,84.555,84.327,83.933,83.537,83.142,82.747,82.347,81.935,81.541,81.177,80.825,80.457,80.08,79.665,79.2,78.691,78.166,77.614,77.042,76.457,75.85,75.215,74.563,73.844,73.039,72.172,71.29,70.38,69.483,68.621,67.777,66.912,66.035,65.134,64.199,63.242,62.278,61.303,60.337,59.394,58.461,57.506,56.527,55.553,54.591,53.625,52.621,51.582,50.489,49.329,48.103,46.837,45.542,44.125,42.548,40.856,39.148,37.419,35.657,33.875,32.086,30.294,28.493,26.78,25.2,23.717,22.245,20.799,19.387,18.004,16.649,15.338,14.081,12.809,11.493,10.169,8.909,7.699,6.577,5.568,4.66,3.809,3.015,2.339,1.799,1.372,0.95,0.644,0.477,0.331,0.201,0.112,0.078,0.06,0.04,0.018,0.005
GNB,2070,85.537,85.283,85.006,84.71,84.396,84.065,83.72,83.362,82.993,82.616,82.224,81.814,81.421,81.061,80.716,80.35,79.971,79.554,79.083,78.568,78.034,77.472,76.894,76.302,75.691,75.052,74.393,73.67,72.861,71.992,71.107,70.195,69.294,68.428,67.58,66.708,65.826,64.919,63.977,63.012,62.04,61.056,60.081,59.129,58.187,57.223,56.235,55.249,54.274,53.29,52.27,51.214,50.103,48.925,47.681,46.396,45.082,43.645,42.051,40.341,38.614,36.867,35.085,33.281,31.468,29.652,27.828,26.089,24.482,22.97,21.471,20.001,18.563,17.153,15.771,14.438,13.161,11.878,10.561,9.247,7.998,6.805,5.713,4.748,3.896,3.102,2.37,1.76,1.295,0.948,0.591,0.366,0.284,0.192,0.09,0.037,0.029,0.022,0.014,0.006
GNB,2071,85.67,85.388,85.135,84.866,84.58,84.278,83.964,83.638,83.294,82.93,82.55,82.157,81.746,81.349,80.984,80.631,80.258,79.869,79.444,78.966,78.447,77.908,77.341,76.758,76.163,75.548,74.905,74.243,73.516,72.703,71.829,70.938,70.02,69.113,68.24,67.383,66.502,65.61,64.694,63.743,62.768,61.786,60.79,59.803,58.837,57.877,56.895,55.888,54.883,53.886,52.883,51.841,50.76,49.626,48.422,47.152,45.841,44.499,43.033,41.405,39.663,37.902,36.119,34.306,32.471,30.631,28.787,26.938,25.175,23.543,22.005,20.487,19,17.552,16.132,14.746,13.416,12.145,10.883,9.609,8.354,7.167,6.037,5.017,4.133,3.367,2.646,2.002,1.491,1.093,0.785,0.484,0.302,0.233,0.157,0.074,0.032,0.024,0.015,0.007
GNB,2072,85.835,85.564,85.228,84.976,84.713,84.437,84.15,83.852,83.545,83.214,82.855,82.473,82.079,81.665,81.266,80.895,80.535,80.153,79.756,79.323,78.84,78.316,77.772,77.2,76.611,76.013,75.395,74.748,74.083,73.352,72.534,71.655,70.759,69.836,68.922,68.042,67.176,66.287,65.385,64.459,63.498,62.515,61.523,60.517,59.517,58.535,57.559,56.56,55.533,54.509,53.492,52.467,51.403,50.3,49.141,47.913,46.616,45.278,43.909,42.414,40.755,38.978,37.182,35.367,33.522,31.657,29.788,27.918,26.046,24.257,22.599,21.038,19.499,17.998,16.537,15.109,13.72,12.391,11.127,9.888,8.656,7.459,6.333,5.268,4.319,3.517,2.838,2.187,1.634,1.222,0.89,0.623,0.376,0.237,0.183,0.123,0.057,0.026,0.016,0.007
GNB,2073,85.997,85.688,85.388,85.056,84.806,84.55,84.285,84.011,83.729,83.441,83.125,82.769,82.385,81.99,81.576,81.173,80.796,80.429,80.039,79.634,79.192,78.703,78.174,77.625,77.049,76.456,75.853,75.232,74.582,73.914,73.179,72.357,71.473,70.572,69.643,68.723,67.835,66.961,66.063,65.152,64.216,63.247,62.254,61.252,60.235,59.224,58.227,57.234,56.217,55.172,54.128,53.092,52.046,50.96,49.833,48.651,47.397,46.074,44.71,43.314,41.791,40.098,38.287,36.46,34.611,32.733,30.839,28.942,27.046,25.148,23.337,21.653,20.067,18.509,16.993,15.52,14.084,12.692,11.365,10.107,8.89,7.702,6.563,5.499,4.498,3.621,2.901,2.308,1.729,1.266,0.952,0.687,0.459,0.269,0.173,0.133,0.089,0.041,0.018,0.007
GNB,2074,86.112,85.776,85.461,85.163,84.877,84.628,84.378,84.124,83.864,83.598,83.33,83.027,82.676,82.289,81.893,81.478,81.071,80.689,80.315,79.918,79.503,79.053,78.559,78.026,77.472,76.89,76.292,75.686,75.062,74.409,73.737,72.999,72.173,71.284,70.377,69.443,68.517,67.622,66.739,65.833,64.912,63.966,62.989,61.987,60.976,59.949,58.924,57.913,56.903,55.869,54.806,53.742,52.686,51.619,50.512,49.362,48.155,46.876,45.528,44.137,42.715,41.163,39.439,37.594,35.733,33.851,31.941,30.017,28.093,26.17,24.249,22.414,20.705,19.096,17.517,15.987,14.502,13.058,11.662,10.338,9.087,7.891,6.747,5.668,4.665,3.727,2.923,2.284,1.778,1.272,0.898,0.683,0.485,0.297,0.162,0.108,0.083,0.055,0.025,0.008
GNB,2075,86.149,85.813,85.503,85.216,84.946,84.69,84.442,84.199,83.956,83.709,83.458,83.209,82.922,82.574,82.186,81.789,81.372,80.963,80.575,80.194,79.788,79.364,78.908,78.407,77.87,77.311,76.724,76.122,75.512,74.884,74.229,73.554,72.812,71.981,71.087,70.176,69.237,68.305,67.403,66.513,65.597,64.666,63.711,62.725,61.715,60.694,59.656,58.619,57.593,56.567,55.516,54.434,53.351,52.275,51.187,50.058,48.886,47.656,46.352,44.978,43.561,42.112,40.531,38.775,36.897,35.003,33.088,31.146,29.193,27.242,25.293,23.349,21.488,19.756,18.122,16.524,14.979,13.484,12.031,10.633,9.31,8.065,6.893,5.792,4.771,3.83,2.957,2.226,1.668,1.249,0.813,0.529,0.414,0.283,0.133,0.054,0.044,0.033,0.021,0.008
GNB,2076,86.135,85.959,85.659,85.378,85.111,84.855,84.607,84.362,84.121,83.881,83.638,83.389,83.139,82.847,82.494,82.098,81.694,81.269,80.851,80.458,80.072,79.661,79.232,78.771,78.267,77.726,77.164,76.574,75.968,75.353,74.721,74.059,73.378,72.63,71.792,70.889,69.97,69.021,68.079,67.167,66.266,65.34,64.397,63.43,62.427,61.4,60.36,59.303,58.246,57.199,56.151,55.077,53.97,52.861,51.758,50.641,49.48,48.278,47.012,45.666,44.245,42.782,41.288,39.662,37.864,35.945,34.012,32.06,30.086,28.107,26.133,24.167,22.211,20.343,18.606,16.973,15.382,13.85,12.38,10.968,9.623,8.358,7.172,6.071,5.059,4.137,3.276,2.505,1.89,1.41,1.036,0.667,0.437,0.341,0.232,0.11,0.048,0.036,0.023,0.009
GNB,2077,86.045,85.804,85.764,85.5,85.246,85.001,84.759,84.519,84.276,84.036,83.801,83.561,83.314,83.062,82.768,82.409,82.006,81.593,81.159,80.734,80.335,79.944,79.529,79.095,78.629,78.121,77.577,77.013,76.418,75.808,75.19,74.552,73.884,73.198,72.443,71.597,70.687,69.758,68.799,67.848,66.926,66.016,65.079,64.125,63.144,62.126,61.081,60.023,58.946,57.868,56.801,55.732,54.634,53.502,52.367,51.236,50.09,48.9,47.666,46.364,44.977,43.51,42,40.461,38.791,36.95,34.99,33.019,31.029,29.024,27.017,25.023,23.04,21.072,19.196,17.455,15.823,14.24,12.721,11.276,9.905,8.613,7.403,6.277,5.248,4.326,3.503,2.721,2.052,1.554,1.152,0.824,0.521,0.344,0.269,0.182,0.086,0.038,0.025,0.01
GNB,2078,85.906,85.739,85.571,85.561,85.334,85.108,84.883,84.657,84.424,84.183,83.944,83.712,83.478,83.231,82.978,82.681,82.317,81.907,81.485,81.043,80.61,80.205,79.811,79.39,78.951,78.48,77.969,77.422,76.854,76.256,75.643,75.02,74.376,73.704,73.011,72.25,71.397,70.478,69.54,68.572,67.611,66.68,65.759,64.812,63.847,62.853,61.819,60.757,59.681,58.584,57.486,56.397,55.307,54.186,53.03,51.869,50.71,49.536,48.314,47.051,45.713,44.283,42.77,41.215,39.63,37.915,36.032,34.032,32.022,29.996,27.959,25.925,23.909,21.91,19.93,18.048,16.302,14.672,13.096,11.59,10.17,8.841,7.602,6.45,5.382,4.426,3.591,2.868,2.166,1.599,1.218,0.894,0.61,0.375,0.251,0.196,0.132,0.062,0.027,0.011
GNB,2079,85.761,85.658,85.54,85.408,85.349,85.157,84.961,84.755,84.543,84.319,84.08,83.843,83.616,83.385,83.139,82.886,82.584,82.214,81.797,81.368,80.917,80.477,80.066,79.666,79.241,78.797,78.321,77.807,77.257,76.686,76.086,75.469,74.841,74.193,73.515,72.817,72.048,71.189,70.262,69.315,68.337,67.366,66.425,65.496,64.538,63.561,62.554,61.506,60.426,59.331,58.215,57.097,55.988,54.876,53.733,52.551,51.364,50.178,48.974,47.724,46.43,45.057,43.585,42.025,40.425,38.795,37.037,35.111,33.07,31.021,28.961,26.891,24.831,22.794,20.777,18.786,16.897,15.148,13.518,11.95,10.458,9.065,7.776,6.59,5.495,4.486,3.602,2.857,2.233,1.611,1.147,0.883,0.635,0.398,0.228,0.159,0.122,0.082,0.038,0.012
GNB,2080,85.638,85.572,85.487,85.383,85.262,85.125,84.97,84.801,84.617,84.419,84.203,83.967,83.732,83.507,83.281,83.037,82.782,82.476,82.102,81.677,81.241,80.781,80.333,79.917,79.513,79.083,78.633,78.154,77.636,77.084,76.509,75.905,75.285,74.653,73.999,73.316,72.612,71.838,70.97,70.035,69.08,68.093,67.113,66.163,65.224,64.255,63.268,62.247,61.183,60.087,58.974,57.838,56.701,55.571,54.438,53.272,52.066,50.853,49.64,48.408,47.127,45.802,44.395,42.881,41.275,39.631,37.956,36.153,34.184,32.105,30.017,27.921,25.82,23.734,21.675,19.642,17.641,15.744,13.991,12.364,10.804,9.325,7.957,6.71,5.577,4.539,3.59,2.779,2.123,1.597,1.056,0.694,0.546,0.376,0.185,0.082,0.067,0.049,0.031,0.013
GNB,2081,85.601,85.509,85.444,85.365,85.271,85.161,85.037,84.899,84.74,84.559,84.359,84.142,83.904,83.665,83.436,83.203,82.95,82.686,82.373,81.993,81.564,81.124,80.658,80.205,79.786,79.379,78.946,78.493,78.01,77.487,76.93,76.351,75.741,75.113,74.473,73.811,73.118,72.404,71.619,70.741,69.797,68.831,67.831,66.837,65.87,64.913,63.925,62.916,61.874,60.789,59.67,58.533,57.371,56.206,55.048,53.885,52.687,51.449,50.198,48.938,47.654,46.322,44.946,43.484,41.913,40.249,38.549,36.821,34.97,32.959,30.843,28.725,26.602,24.486,22.396,20.345,18.328,16.348,14.486,12.783,11.217,9.724,8.315,7.03,5.877,4.848,3.894,3.053,2.366,1.798,1.329,0.868,0.574,0.451,0.311,0.152,0.071,0.053,0.034,0.015
GNB,2082,85.586,85.504,85.368,85.306,85.232,85.147,85.048,84.937,84.814,84.668,84.49,84.288,84.07,83.831,83.588,83.353,83.113,82.852,82.579,82.26,81.873,81.441,80.994,80.525,80.068,79.645,79.236,78.799,78.342,77.856,77.328,76.766,76.181,75.566,74.932,74.283,73.612,72.91,72.186,71.39,70.503,69.548,68.572,67.56,66.552,65.57,64.594,63.586,62.556,61.493,60.387,59.245,58.084,56.896,55.704,54.518,53.326,52.095,50.825,49.534,48.229,46.893,45.509,44.082,42.566,40.939,39.218,37.463,35.682,33.783,31.73,29.576,27.427,25.28,23.148,21.055,19.013,17.011,15.052,13.226,11.572,10.069,8.643,7.305,6.101,5.043,4.118,3.249,2.515,1.953,1.472,1.059,0.68,0.455,0.356,0.244,0.118,0.057,0.037,0.015
GNB,2083,85.564,85.452,85.347,85.217,85.157,85.089,85.013,84.925,84.827,84.72,84.584,84.41,84.207,83.987,83.747,83.501,83.26,83.012,82.744,82.463,82.135,81.743,81.306,80.856,80.381,79.92,79.493,79.081,78.641,78.182,77.692,77.16,76.592,76.002,75.381,74.741,74.085,73.405,72.693,71.958,71.153,70.256,69.291,68.303,67.281,66.26,65.261,64.266,63.239,62.188,61.104,59.976,58.812,57.628,56.414,55.194,53.981,52.758,51.497,50.194,48.866,47.515,46.127,44.692,43.212,41.643,39.96,38.182,36.371,34.538,32.591,30.496,28.306,26.126,23.953,21.807,19.712,17.678,15.691,13.755,11.964,10.36,8.919,7.56,6.292,5.17,4.209,3.387,2.603,1.977,1.54,1.147,0.79,0.492,0.334,0.26,0.178,0.086,0.039,0.016
GNB,2084,85.499,85.364,85.248,85.148,85.057,84.997,84.936,84.868,84.792,84.707,84.616,84.491,84.321,84.115,83.894,83.653,83.404,83.158,82.903,82.627,82.337,82.002,81.604,81.164,80.708,80.228,79.763,79.333,78.918,78.476,78.013,77.519,76.983,76.411,75.815,75.189,74.542,73.878,73.189,72.468,71.722,70.907,70.001,69.027,68.028,66.995,65.96,64.945,63.932,62.885,61.814,60.708,59.559,58.374,57.165,55.926,54.679,53.438,52.186,50.893,49.558,48.192,46.794,45.356,43.869,42.338,40.716,38.977,37.141,35.276,33.391,31.396,29.258,27.033,24.823,22.625,20.464,18.366,16.341,14.37,12.456,10.7,9.148,7.768,6.477,5.28,4.239,3.373,2.657,1.957,1.439,1.127,0.822,0.52,0.304,0.214,0.165,0.111,0.053,0.017
GNB,2085,85.361,85.227,85.118,85.028,84.953,84.888,84.831,84.775,84.715,84.651,84.58,84.504,84.39,84.223,84.016,83.794,83.551,83.3,83.047,82.785,82.501,82.203,81.86,81.457,81.012,80.553,80.068,79.598,79.165,78.747,78.302,77.836,77.339,76.798,76.221,75.62,74.989,74.335,73.664,72.966,72.236,71.48,70.655,69.739,68.756,67.747,66.701,65.653,64.622,63.591,62.525,61.433,60.305,59.136,57.929,56.697,55.432,54.158,52.89,51.609,50.285,48.917,47.512,46.069,44.58,43.042,41.461,39.785,37.989,36.097,34.177,32.241,30.198,28.018,25.758,23.517,21.295,19.119,17.019,15.003,13.047,11.157,9.435,7.934,6.617,5.393,4.267,3.309,2.539,1.926,1.31,0.901,0.714,0.497,0.25,0.116,0.094,0.071,0.046,0.019
GNB,2086,85.183,85.195,85.094,85.009,84.937,84.874,84.816,84.759,84.704,84.649,84.587,84.516,84.439,84.322,84.15,83.935,83.706,83.454,83.194,82.937,82.671,82.382,82.079,81.732,81.326,80.878,80.416,79.928,79.455,79.017,78.595,78.144,77.673,77.168,76.62,76.034,75.423,74.781,74.117,73.436,72.728,71.985,71.217,70.377,69.444,68.441,67.412,66.345,65.275,64.221,63.167,62.075,60.955,59.8,58.6,57.364,56.099,54.799,53.486,52.169,50.835,49.457,48.035,46.571,45.066,43.511,41.91,40.268,38.531,36.674,34.723,32.75,30.768,28.691,26.492,24.225,21.988,19.776,17.631,15.589,13.65,11.778,9.976,8.355,6.965,5.767,4.639,3.64,2.826,2.157,1.606,1.081,0.747,0.59,0.41,0.206,0.1,0.075,0.049,0.02
GNB,2087,84.937,84.891,85.023,84.954,84.894,84.839,84.789,84.737,84.682,84.627,84.574,84.516,84.446,84.368,84.248,84.07,83.847,83.61,83.35,83.084,82.82,82.55,82.256,81.948,81.597,81.188,80.737,80.272,79.782,79.306,78.864,78.436,77.98,77.504,76.992,76.436,75.841,75.221,74.569,73.894,73.202,72.483,71.729,70.948,70.094,69.144,68.122,67.073,65.985,64.892,63.815,62.737,61.621,60.474,59.289,58.06,56.793,55.496,54.161,52.809,51.444,50.057,48.625,47.148,45.627,44.059,42.439,40.774,39.072,37.275,35.356,33.345,31.32,29.292,27.181,24.963,22.691,20.456,18.255,16.141,14.157,12.296,10.508,8.795,7.275,5.995,4.916,3.886,3.011,2.343,1.774,1.285,0.85,0.592,0.467,0.324,0.161,0.08,0.052,0.023
GNB,2088,84.648,84.668,84.685,84.843,84.806,84.77,84.734,84.695,84.65,84.596,84.541,84.492,84.437,84.368,84.289,84.166,83.982,83.752,83.507,83.239,82.965,82.695,82.421,82.123,81.811,81.455,81.042,80.59,80.122,79.628,79.149,78.703,78.269,77.809,77.326,76.809,76.245,75.642,75.011,74.35,73.664,72.962,72.232,71.466,70.672,69.803,68.837,67.795,66.727,65.617,64.502,63.402,62.302,61.16,59.985,58.772,57.516,56.218,54.888,53.519,52.126,50.714,49.275,47.789,46.258,44.677,43.047,41.362,39.634,37.871,36.014,34.035,31.965,29.888,27.814,25.669,23.431,21.154,18.922,16.732,14.65,12.723,10.941,9.236,7.613,6.193,5.025,4.064,3.132,2.382,1.859,1.391,0.964,0.619,0.438,0.344,0.237,0.116,0.055,0.024
GNB,2089,84.354,84.429,84.49,84.54,84.652,84.647,84.636,84.618,84.591,84.554,84.499,84.446,84.399,84.348,84.28,84.199,84.073,83.884,83.647,83.394,83.117,82.836,82.562,82.283,81.981,81.663,81.303,80.888,80.432,79.961,79.466,78.982,78.532,78.094,77.628,77.139,76.616,76.045,75.432,74.793,74.121,73.425,72.712,71.972,71.194,70.388,69.505,68.521,67.462,66.372,65.242,64.105,62.983,61.859,60.692,59.49,58.249,56.963,55.636,54.273,52.871,51.438,49.979,48.486,46.948,45.361,43.723,42.029,40.28,38.489,36.667,34.748,32.709,30.581,28.452,26.332,24.153,21.896,19.615,17.387,15.206,13.157,11.289,9.585,7.965,6.43,5.109,4.054,3.213,2.377,1.753,1.375,1.007,0.643,0.388,0.283,0.22,0.15,0.072,0.025
GNB,2090,84.082,84.187,84.277,84.351,84.408,84.451,84.478,84.492,84.491,84.477,84.446,84.392,84.34,84.296,84.249,84.182,84.1,83.97,83.774,83.531,83.27,82.985,82.696,82.416,82.134,81.827,81.504,81.14,80.722,80.264,79.791,79.292,78.806,78.351,77.909,77.437,76.943,76.413,75.834,75.214,74.566,73.882,73.176,72.453,71.703,70.914,70.095,69.198,68.197,67.119,66.01,64.858,63.699,62.556,61.408,60.216,58.987,57.718,56.404,55.046,53.652,52.215,50.743,49.238,47.692,46.099,44.459,42.763,41.008,39.194,37.34,35.458,33.48,31.379,29.193,27.012,24.848,22.635,20.361,18.074,15.849,13.68,11.662,9.853,8.227,6.691,5.246,4.026,3.084,2.361,1.622,1.125,0.891,0.624,0.322,0.157,0.129,0.097,0.063,0.027
GNB,2091,83.889,83.971,84.076,84.169,84.25,84.316,84.371,84.412,84.435,84.437,84.42,84.388,84.334,84.277,84.229,84.174,84.099,84.008,83.871,83.67,83.422,83.158,82.868,82.575,82.292,82.007,81.697,81.371,81.005,80.582,80.12,79.641,79.137,78.644,78.182,77.731,77.25,76.746,76.205,75.616,74.984,74.324,73.627,72.906,72.166,71.395,70.583,69.741,68.82,67.796,66.695,65.56,64.379,63.191,62.017,60.837,59.611,58.345,57.034,55.671,54.258,52.807,51.313,49.779,48.209,46.596,44.935,43.231,41.468,39.642,37.756,35.838,33.899,31.872,29.728,27.511,25.308,23.131,20.931,18.704,16.493,14.349,12.268,10.357,8.678,7.197,5.775,4.485,3.45,2.627,1.973,1.341,0.934,0.74,0.517,0.265,0.136,0.103,0.067,0.029
GNB,2092,83.717,83.808,83.849,83.954,84.051,84.138,84.214,84.28,84.335,84.368,84.372,84.353,84.32,84.264,84.205,84.15,84.088,84.005,83.906,83.761,83.556,83.304,83.035,82.74,82.443,82.157,81.869,81.557,81.228,80.858,80.431,79.965,79.482,78.973,78.473,78.004,77.544,77.053,76.539,75.987,75.387,74.745,74.073,73.364,72.627,71.868,71.077,70.244,69.38,68.435,67.388,66.262,65.101,63.893,62.675,61.47,60.259,58.998,57.696,56.343,54.93,53.463,51.955,50.404,48.809,47.173,45.492,43.766,41.996,40.167,38.269,36.314,34.332,32.336,30.259,28.074,25.825,23.601,21.409,19.224,17.045,14.909,12.847,10.854,9.05,7.502,6.165,4.859,3.722,2.872,2.171,1.585,1.058,0.744,0.588,0.409,0.209,0.109,0.071,0.031
GNB,2093,83.548,83.61,83.678,83.717,83.821,83.922,84.016,84.101,84.178,84.247,84.291,84.298,84.277,84.241,84.184,84.122,84.061,83.993,83.902,83.794,83.642,83.431,83.176,82.902,82.603,82.302,82.012,81.722,81.407,81.076,80.702,80.272,79.801,79.313,78.798,78.293,77.816,77.347,76.847,76.322,75.76,75.15,74.497,73.813,73.091,72.34,71.562,70.751,69.897,69.009,68.041,66.971,65.821,64.635,63.398,62.151,60.916,59.673,58.378,57.039,55.644,54.182,52.661,51.097,49.489,47.832,46.131,44.384,42.591,40.756,38.861,36.894,34.868,32.821,30.769,28.641,26.416,24.135,21.889,19.685,17.513,15.384,13.324,11.343,9.438,7.742,6.324,5.133,3.941,2.96,2.295,1.714,1.195,0.776,0.553,0.435,0.301,0.152,0.075,0.033
GNB,2094,83.36,83.393,83.443,83.509,83.577,83.681,83.785,83.886,83.981,84.069,84.151,84.204,84.214,84.191,84.155,84.096,84.03,83.965,83.888,83.789,83.674,83.515,83.298,83.039,82.761,82.457,82.152,81.86,81.568,81.249,80.916,80.538,80.104,79.628,79.136,78.616,78.105,77.62,77.143,76.634,76.098,75.525,74.905,74.241,73.546,72.811,72.045,71.25,70.418,69.543,68.632,67.641,66.547,65.375,64.161,62.897,61.621,60.356,59.081,57.752,56.377,54.941,53.43,51.854,50.234,48.568,46.851,45.086,43.271,41.412,39.513,37.55,35.513,33.417,31.307,29.199,27.023,24.754,22.443,20.177,17.96,15.801,13.721,11.737,9.839,8.021,6.433,5.146,4.1,3.024,2.197,1.717,1.258,0.807,0.493,0.362,0.283,0.193,0.094,0.035
GNB,2095,83.138,83.151,83.191,83.254,83.334,83.428,83.533,83.64,83.748,83.851,83.952,84.048,84.111,84.123,84.098,84.059,84,83.93,83.86,83.776,83.67,83.546,83.379,83.158,82.894,82.612,82.303,81.995,81.7,81.405,81.084,80.747,80.367,79.93,79.449,78.951,78.427,77.909,77.417,76.931,76.413,75.867,75.284,74.653,73.979,73.272,72.525,71.743,70.93,70.079,69.182,68.249,67.234,66.117,64.921,63.683,62.39,61.085,59.791,58.484,57.121,55.71,54.233,52.673,51.043,49.367,47.644,45.867,44.036,42.155,40.229,38.267,36.237,34.131,31.965,29.791,27.627,25.4,23.092,20.75,18.463,16.233,14.089,12.058,10.149,8.334,6.604,5.125,3.968,3.066,2.107,1.435,1.14,0.801,0.419,0.211,0.171,0.13,0.085,0.037
GNB,2096,82.908,82.993,83.032,83.092,83.169,83.26,83.36,83.464,83.573,83.684,83.789,83.89,83.985,84.044,84.052,84.018,83.972,83.905,83.829,83.752,83.666,83.554,83.426,83.256,83.032,82.766,82.48,82.17,81.857,81.559,81.259,80.934,80.591,80.205,79.761,79.272,78.765,78.23,77.703,77.2,76.703,76.173,75.614,75.015,74.366,73.672,72.943,72.173,71.367,70.529,69.652,68.727,67.763,66.717,65.57,64.341,63.069,61.739,60.39,59.043,57.679,56.256,54.784,53.242,51.614,49.913,48.168,46.377,44.528,42.623,40.666,38.671,36.647,34.558,32.397,30.182,27.973,25.781,23.552,21.272,18.985,16.76,14.601,12.556,10.66,8.912,7.22,5.666,4.406,3.39,2.567,1.743,1.195,0.948,0.665,0.345,0.182,0.138,0.091,0.04
GNB,2097,82.632,82.659,82.844,82.908,82.986,83.078,83.179,83.284,83.39,83.5,83.613,83.721,83.821,83.916,83.971,83.973,83.934,83.88,83.805,83.721,83.638,83.548,83.433,83.3,83.126,82.899,82.631,82.343,82.03,81.714,81.412,81.108,80.778,80.43,80.038,79.585,79.089,78.573,78.029,77.491,76.978,76.47,75.928,75.356,74.742,74.075,73.359,72.608,71.814,70.985,70.122,69.22,68.267,67.273,66.196,65.018,63.757,62.449,61.082,59.69,58.292,56.869,55.388,53.854,52.247,50.553,48.781,46.967,45.105,43.186,41.207,39.174,37.11,35.023,32.877,30.659,28.398,26.152,23.934,21.702,19.451,17.218,15.057,12.968,11.021,9.262,7.674,6.107,4.725,3.685,2.812,2.068,1.38,0.956,0.756,0.528,0.272,0.147,0.096,0.042
GNB,2098,82.317,82.377,82.458,82.687,82.776,82.876,82.981,83.093,83.204,83.311,83.421,83.535,83.647,83.747,83.841,83.893,83.89,83.842,83.782,83.697,83.607,83.519,83.426,83.306,83.169,82.99,82.76,82.49,82.201,81.884,81.566,81.26,80.951,80.616,80.263,79.864,79.405,78.9,78.376,77.822,77.272,76.749,76.232,75.677,75.092,74.463,73.777,73.042,72.269,71.452,70.598,69.711,68.783,67.803,66.778,65.67,64.461,63.168,61.825,60.421,58.986,57.537,56.056,54.515,52.92,51.249,49.486,47.646,45.761,43.831,41.841,39.787,37.679,35.546,33.397,31.192,28.92,26.611,24.329,22.083,19.849,17.627,15.45,13.352,11.333,9.485,7.863,6.436,4.993,3.786,2.964,2.235,1.568,1.016,0.716,0.564,0.391,0.198,0.103,0.045
GNB,2099,81.979,82.08,82.192,82.315,82.523,82.639,82.758,82.879,82.999,83.115,83.223,83.334,83.452,83.566,83.667,83.759,83.807,83.798,83.744,83.676,83.584,83.486,83.393,83.296,83.172,83.03,82.847,82.615,82.342,82.05,81.732,81.41,81.1,80.787,80.446,80.089,79.684,79.217,78.705,78.172,77.607,77.048,76.515,75.986,75.419,74.822,74.178,73.474,72.717,71.923,71.083,70.205,69.293,68.339,67.332,66.277,65.139,63.898,62.573,61.195,59.755,58.278,56.776,55.238,53.637,51.982,50.246,48.416,46.506,44.552,42.553,40.492,38.364,36.181,33.978,31.767,29.505,27.179,24.822,22.503,20.232,17.995,15.803,13.68,11.646,9.696,7.949,6.462,5.197,3.878,2.845,2.243,1.656,1.069,0.653,0.476,0.372,0.254,0.125,0.049
GNB,2100,81.639,81.78,81.922,82.066,82.209,82.352,82.493,82.632,82.766,82.897,83.019,83.128,83.24,83.36,83.476,83.577,83.668,83.714,83.699,83.638,83.562,83.461,83.357,83.259,83.158,83.03,82.883,82.697,82.461,82.187,81.892,81.57,81.247,80.932,80.614,80.27,79.907,79.496,79.023,78.502,77.961,77.386,76.817,76.274,75.734,75.155,74.545,73.885,73.164,72.387,71.57,70.707,69.805,68.869,67.89,66.856,65.771,64.601,63.33,61.972,60.56,59.083,57.563,56.01,54.415,52.755,51.039,49.238,47.341,45.361,43.338,41.271,39.139,36.938,34.68,32.409,30.136,27.815,25.434,23.032,20.677,18.379,16.14,13.977,11.91,9.94,8.06,6.411,5.062,3.957,2.763,1.904,1.523,1.077,0.569,0.29,0.237,0.179,0.118,0.051
