LSO,1950,26.427,25.019,23.75,22.61,21.588,20.67,19.846,19.103,18.432,17.82,17.268,16.775,16.272,15.725,15.156,14.627,14.128,13.636,13.145,12.663,12.199,11.747,11.338,10.987,10.679,10.382,10.101,9.819,9.525,9.227,8.945,8.676,8.416,8.165,7.924,7.688,7.453,7.242,7.064,6.905,6.754,6.623,6.445,6.191,5.896,5.617,5.329,5.126,5.051,5.06,5.058,5.065,5.034,4.929,4.778,4.638,4.5,4.356,4.212,4.066,3.912,3.751,3.598,3.459,3.328,3.191,3.055,2.902,2.722,2.526,2.331,2.136,1.948,1.771,1.605,1.441,1.283,1.125,0.963,0.804,0.653,0.509,0.392,0.311,0.256,0.207,0.168,0.133,0.101,0.072,0.049,0.035,0.028,0.02,0.011,0.006,0.005,0.004,0.003,0.001
LSO,1951,26.613,25.792,24.505,23.339,22.285,21.33,20.465,19.682,18.963,18.298,17.678,17.11,16.594,16.065,15.492,14.898,14.339,13.81,13.294,12.791,12.306,11.84,11.387,10.981,10.64,10.347,10.065,9.803,9.542,9.271,8.997,8.74,8.498,8.26,8.025,7.796,7.571,7.348,7.146,6.976,6.825,6.679,6.553,6.38,6.132,5.844,5.57,5.287,5.085,5.008,5.01,5.002,5.002,4.964,4.854,4.697,4.55,4.406,4.257,4.107,3.957,3.798,3.633,3.475,3.332,3.196,3.056,2.917,2.761,2.58,2.381,2.186,1.991,1.804,1.631,1.468,1.308,1.155,1.004,0.854,0.708,0.571,0.442,0.336,0.263,0.215,0.173,0.139,0.111,0.084,0.059,0.039,0.028,0.023,0.016,0.009,0.004,0.004,0.003,0.001
LSO,1952,26.878,25.69,25.18,24.014,22.95,21.98,21.092,20.281,19.536,18.842,18.182,17.552,16.968,16.429,15.874,15.275,14.654,14.067,13.506,12.966,12.451,11.963,11.493,11.037,10.636,10.305,10.025,9.76,9.515,9.274,9.027,8.778,8.546,8.329,8.113,7.894,7.676,7.463,7.25,7.058,6.896,6.752,6.612,6.489,6.321,6.08,5.797,5.529,5.25,5.05,4.97,4.967,4.952,4.946,4.9,4.784,4.621,4.468,4.317,4.162,4.007,3.852,3.689,3.519,3.357,3.208,3.068,2.924,2.783,2.623,2.439,2.239,2.044,1.849,1.663,1.492,1.333,1.178,1.029,0.886,0.746,0.614,0.49,0.374,0.28,0.217,0.175,0.139,0.112,0.089,0.067,0.047,0.031,0.022,0.017,0.012,0.007,0.003,0.002,0.001
LSO,1953,27.247,26.125,25.079,24.578,23.532,22.569,21.681,20.861,20.102,19.398,18.726,18.071,17.433,16.832,16.27,15.689,15.062,14.415,13.799,13.207,12.643,12.115,11.622,11.149,10.692,10.294,9.972,9.707,9.458,9.231,9.011,8.785,8.56,8.354,8.163,7.969,7.765,7.558,7.357,7.155,6.971,6.818,6.681,6.547,6.428,6.265,6.029,5.753,5.489,5.216,5.017,4.933,4.925,4.904,4.891,4.838,4.715,4.547,4.389,4.231,4.07,3.909,3.748,3.58,3.405,3.239,3.087,2.942,2.793,2.648,2.487,2.3,2.098,1.902,1.707,1.523,1.354,1.198,1.048,0.903,0.767,0.639,0.519,0.41,0.307,0.225,0.17,0.134,0.104,0.083,0.066,0.05,0.033,0.022,0.016,0.012,0.009,0.005,0.001,0.001
LSO,1954,27.733,26.629,25.595,24.628,23.975,23.047,22.186,21.383,20.63,19.923,19.259,18.61,17.96,17.312,16.696,16.111,15.503,14.849,14.175,13.531,12.907,12.319,11.779,11.281,10.804,10.346,9.952,9.64,9.388,9.155,8.945,8.746,8.544,8.344,8.161,7.996,7.824,7.637,7.441,7.251,7.059,6.886,6.74,6.61,6.481,6.367,6.208,5.978,5.708,5.449,5.18,4.983,4.896,4.882,4.855,4.835,4.775,4.646,4.473,4.307,4.143,3.976,3.81,3.644,3.472,3.292,3.122,2.964,2.815,2.663,2.515,2.35,2.161,1.958,1.76,1.565,1.381,1.216,1.063,0.916,0.777,0.648,0.531,0.425,0.329,0.239,0.17,0.123,0.095,0.071,0.056,0.045,0.032,0.021,0.012,0.009,0.007,0.005,0.003,0.001
LSO,1955,28.342,27.201,26.139,25.15,24.23,23.37,22.563,21.803,21.084,20.398,19.743,19.119,18.494,17.848,17.192,16.558,15.949,15.315,14.636,13.936,13.261,12.606,11.994,11.44,10.94,10.46,10,9.609,9.306,9.069,8.851,8.66,8.48,8.301,8.125,7.968,7.829,7.679,7.507,7.323,7.144,6.963,6.798,6.661,6.538,6.415,6.305,6.15,5.927,5.664,5.409,5.145,4.948,4.86,4.839,4.806,4.779,4.713,4.578,4.398,4.227,4.055,3.882,3.71,3.54,3.363,3.179,3.003,2.842,2.688,2.532,2.38,2.213,2.022,1.816,1.618,1.423,1.24,1.076,0.929,0.786,0.651,0.53,0.422,0.33,0.248,0.172,0.114,0.077,0.054,0.036,0.029,0.022,0.015,0.008,0.004,0.003,0.003,0.001,0.001
LSO,1956,29.024,27.799,26.718,25.72,24.797,23.939,23.14,22.396,21.674,20.954,20.243,19.563,18.911,18.252,17.572,16.881,16.21,15.563,14.898,14.204,13.501,12.824,12.169,11.563,11.025,10.544,10.086,9.65,9.286,9.014,8.808,8.623,8.463,8.312,8.153,7.992,7.848,7.722,7.584,7.422,7.246,7.075,6.9,6.74,6.608,6.489,6.369,6.261,6.107,5.882,5.618,5.362,5.095,4.893,4.797,4.766,4.722,4.686,4.611,4.469,4.284,4.108,3.932,3.754,3.58,3.406,3.226,3.041,2.863,2.697,2.537,2.377,2.221,2.052,1.864,1.664,1.471,1.283,1.108,0.955,0.817,0.687,0.563,0.454,0.36,0.279,0.206,0.142,0.095,0.063,0.044,0.03,0.023,0.018,0.012,0.007,0.003,0.002,0.001,0.001
LSO,1957,29.791,28.446,27.266,26.246,25.312,24.452,23.655,22.917,22.236,21.552,20.833,20.096,19.39,18.709,18.017,17.302,16.575,15.868,15.181,14.487,13.777,13.07,12.391,11.735,11.136,10.611,10.15,9.715,9.303,8.966,8.724,8.549,8.395,8.269,8.145,8.005,7.858,7.73,7.616,7.489,7.338,7.171,7.007,6.837,6.683,6.556,6.442,6.324,6.217,6.064,5.84,5.573,5.315,5.046,4.839,4.735,4.694,4.641,4.593,4.509,4.362,4.172,3.99,3.81,3.627,3.449,3.272,3.09,2.905,2.724,2.553,2.387,2.223,2.063,1.892,1.706,1.512,1.325,1.143,0.977,0.833,0.707,0.588,0.477,0.379,0.297,0.228,0.165,0.113,0.076,0.051,0.035,0.023,0.018,0.014,0.01,0.005,0.002,0.001,0
LSO,1958,30.597,29.127,27.82,26.747,25.787,24.916,24.12,23.383,22.706,22.088,21.441,20.721,19.958,19.227,18.516,17.791,17.041,16.279,15.534,14.806,14.082,13.357,12.646,11.963,11.307,10.714,10.203,9.761,9.347,8.96,8.651,8.438,8.293,8.172,8.078,7.982,7.862,7.728,7.615,7.514,7.398,7.257,7.1,6.943,6.779,6.63,6.507,6.396,6.282,6.177,6.025,5.8,5.532,5.271,4.999,4.788,4.675,4.625,4.561,4.503,4.41,4.255,4.061,3.875,3.689,3.502,3.32,3.141,2.957,2.769,2.586,2.41,2.239,2.069,1.905,1.734,1.55,1.36,1.18,1.004,0.846,0.711,0.597,0.489,0.389,0.304,0.233,0.176,0.124,0.084,0.057,0.038,0.025,0.016,0.012,0.01,0.007,0.003,0.001,0
LSO,1959,31.393,29.819,28.433,27.214,26.245,25.345,24.536,23.803,23.128,22.511,21.954,21.343,20.623,19.834,19.075,18.335,17.576,16.791,15.993,15.209,14.441,13.686,12.945,12.23,11.544,10.886,10.299,9.801,9.378,8.987,8.623,8.341,8.156,8.044,7.953,7.892,7.824,7.723,7.605,7.504,7.416,7.313,7.181,7.033,6.883,6.725,6.58,6.462,6.356,6.245,6.14,5.989,5.763,5.494,5.231,4.955,4.739,4.619,4.558,4.484,4.416,4.314,4.152,3.953,3.762,3.57,3.379,3.194,3.011,2.824,2.636,2.449,2.268,2.092,1.918,1.749,1.576,1.395,1.211,1.035,0.866,0.715,0.591,0.487,0.391,0.303,0.23,0.17,0.125,0.083,0.054,0.038,0.026,0.016,0.009,0.007,0.006,0.004,0.001,0
LSO,1960,32.128,30.499,29.068,27.815,26.719,25.761,24.919,24.173,23.502,22.886,22.329,21.834,21.26,20.539,19.722,18.938,18.167,17.373,16.551,15.716,14.894,14.085,13.299,12.542,11.821,11.131,10.473,9.889,9.405,9.001,8.631,8.291,8.036,7.881,7.798,7.74,7.711,7.67,7.59,7.486,7.399,7.324,7.231,7.11,6.97,6.828,6.675,6.536,6.422,6.32,6.211,6.108,5.957,5.73,5.459,5.194,4.916,4.694,4.565,4.494,4.41,4.331,4.22,4.051,3.847,3.65,3.454,3.259,3.068,2.884,2.694,2.503,2.315,2.129,1.946,1.767,1.594,1.42,1.24,1.061,0.89,0.727,0.585,0.47,0.377,0.293,0.216,0.154,0.108,0.074,0.042,0.024,0.019,0.012,0.006,0.003,0.003,0.001,0.001,0
LSO,1961,32.651,31.425,29.939,28.626,27.466,26.44,25.532,24.723,23.993,23.325,22.699,22.121,21.598,20.992,20.238,19.389,18.569,17.762,16.94,16.106,15.27,14.446,13.639,12.861,12.12,11.421,10.756,10.123,9.569,9.116,8.745,8.407,8.1,7.872,7.736,7.668,7.621,7.604,7.573,7.501,7.405,7.324,7.254,7.164,7.047,6.911,6.771,6.62,6.48,6.363,6.256,6.142,6.033,5.876,5.644,5.369,5.099,4.816,4.589,4.454,4.375,4.283,4.196,4.078,3.906,3.699,3.5,3.302,3.104,2.912,2.721,2.529,2.336,2.147,1.962,1.782,1.605,1.436,1.269,1.1,0.935,0.779,0.63,0.501,0.399,0.318,0.243,0.179,0.128,0.089,0.06,0.034,0.02,0.015,0.011,0.005,0.003,0.001,0.001,0
LSO,1962,33.13,31.577,30.769,29.423,28.225,27.156,26.2,25.341,24.562,23.848,23.181,22.544,21.946,21.394,20.755,19.968,19.085,18.228,17.383,16.533,15.685,14.845,14.019,13.213,12.441,11.717,11.039,10.397,9.79,9.264,8.84,8.501,8.195,7.921,7.721,7.604,7.548,7.513,7.507,7.486,7.423,7.334,7.259,7.192,7.107,6.994,6.862,6.724,6.575,6.434,6.314,6.202,6.081,5.967,5.803,5.567,5.287,5.012,4.725,4.492,4.349,4.261,4.162,4.067,3.942,3.765,3.556,3.355,3.155,2.955,2.758,2.564,2.368,2.173,1.982,1.798,1.619,1.447,1.281,1.12,0.962,0.811,0.668,0.533,0.418,0.329,0.26,0.195,0.143,0.102,0.071,0.047,0.026,0.016,0.012,0.008,0.004,0.001,0.001,0
LSO,1963,33.62,32.151,30.825,30.144,28.94,27.855,26.875,25.988,25.177,24.428,23.728,23.061,22.413,21.793,21.213,20.54,19.718,18.8,17.907,17.023,16.143,15.28,14.437,13.608,12.801,12.037,11.326,10.669,10.049,9.466,8.968,8.574,8.266,7.992,7.751,7.578,7.479,7.436,7.414,7.418,7.407,7.353,7.271,7.202,7.139,7.057,6.948,6.819,6.684,6.536,6.396,6.272,6.154,6.028,5.906,5.737,5.495,5.21,4.931,4.638,4.399,4.249,4.153,4.046,3.942,3.811,3.629,3.417,3.213,3.011,2.808,2.607,2.409,2.209,2.012,1.819,1.636,1.46,1.29,1.127,0.972,0.825,0.687,0.558,0.438,0.336,0.258,0.201,0.148,0.106,0.077,0.053,0.034,0.019,0.011,0.008,0.005,0.003,0.001,0
LSO,1964,34.206,32.792,31.502,30.326,29.538,28.473,27.502,26.611,25.791,25.027,24.309,23.623,22.955,22.295,21.654,21.043,20.337,19.48,18.527,17.596,16.673,15.762,14.884,14.035,13.204,12.396,11.637,10.94,10.303,9.706,9.147,8.675,8.312,8.035,7.792,7.584,7.438,7.358,7.327,7.317,7.334,7.332,7.286,7.212,7.148,7.09,7.012,6.906,6.781,6.648,6.501,6.36,6.233,6.11,5.978,5.848,5.673,5.426,5.136,4.852,4.554,4.308,4.15,4.046,3.931,3.819,3.681,3.496,3.28,3.074,2.869,2.663,2.458,2.255,2.052,1.851,1.658,1.474,1.301,1.133,0.974,0.825,0.688,0.564,0.448,0.342,0.253,0.189,0.143,0.099,0.069,0.05,0.035,0.02,0.011,0.007,0.005,0.003,0.001,0
LSO,1965,34.946,33.528,32.228,31.038,29.946,28.941,28.015,27.157,26.357,25.603,24.887,24.199,23.527,22.858,22.186,21.522,20.881,20.141,19.248,18.259,17.29,16.326,15.386,14.491,13.639,12.803,11.993,11.241,10.557,9.94,9.364,8.829,8.386,8.051,7.805,7.594,7.418,7.299,7.239,7.22,7.224,7.251,7.259,7.222,7.156,7.097,7.043,6.968,6.866,6.745,6.614,6.469,6.327,6.196,6.067,5.929,5.793,5.61,5.358,5.065,4.774,4.47,4.219,4.053,3.94,3.816,3.697,3.552,3.363,3.143,2.933,2.727,2.518,2.309,2.1,1.894,1.691,1.496,1.313,1.141,0.976,0.82,0.678,0.552,0.44,0.338,0.245,0.171,0.119,0.084,0.051,0.032,0.025,0.016,0.007,0.003,0.002,0.001,0.001,0
LSO,1966,35.758,34.34,32.993,31.766,30.647,29.624,28.686,27.828,27.011,26.215,25.44,24.702,23.987,23.285,22.587,21.884,21.187,20.51,19.743,18.839,17.848,16.879,15.916,14.983,14.104,13.271,12.459,11.673,10.948,10.294,9.707,9.163,8.66,8.243,7.927,7.694,7.496,7.332,7.223,7.169,7.156,7.163,7.193,7.202,7.168,7.103,7.047,6.992,6.916,6.809,6.682,6.546,6.396,6.246,6.108,5.971,5.825,5.68,5.49,5.234,4.938,4.644,4.339,4.085,3.913,3.794,3.665,3.539,3.389,3.195,2.972,2.759,2.55,2.341,2.133,1.928,1.726,1.528,1.341,1.167,1.007,0.855,0.712,0.582,0.47,0.372,0.282,0.203,0.142,0.099,0.068,0.042,0.027,0.02,0.013,0.006,0.002,0.001,0.001,0
LSO,1967,36.731,35.111,33.761,32.484,31.329,30.282,29.324,28.453,27.661,26.886,26.093,25.296,24.535,23.795,23.063,22.332,21.598,20.867,20.154,19.362,18.443,17.45,16.479,15.518,14.591,13.726,12.913,12.123,11.361,10.662,10.037,9.481,8.967,8.496,8.105,7.808,7.588,7.403,7.25,7.15,7.104,7.096,7.108,7.14,7.151,7.12,7.056,7.001,6.945,6.867,6.758,6.626,6.483,6.327,6.171,6.024,5.879,5.724,5.57,5.373,5.113,4.814,4.519,4.211,3.953,3.776,3.651,3.515,3.384,3.229,3.029,2.803,2.586,2.375,2.165,1.959,1.757,1.559,1.367,1.186,1.022,0.875,0.735,0.604,0.488,0.389,0.304,0.227,0.162,0.114,0.079,0.054,0.031,0.02,0.016,0.011,0.004,0.001,0.001,0
LSO,1968,37.83,36.048,34.461,33.202,31.995,30.911,29.932,29.043,28.237,27.511,26.776,25.987,25.167,24.383,23.616,22.853,22.091,21.325,20.561,19.811,18.99,18.058,17.063,16.09,15.128,14.208,13.356,12.563,11.793,11.056,10.382,9.786,9.259,8.776,8.336,7.971,7.692,7.486,7.313,7.172,7.081,7.043,7.041,7.057,7.091,7.104,7.074,7.014,6.959,6.903,6.823,6.71,6.572,6.424,6.261,6.098,5.944,5.791,5.627,5.463,5.26,4.995,4.694,4.396,4.086,3.824,3.641,3.509,3.367,3.231,3.071,2.867,2.636,2.416,2.201,1.99,1.785,1.587,1.393,1.205,1.032,0.879,0.742,0.614,0.496,0.392,0.307,0.237,0.172,0.12,0.085,0.058,0.038,0.022,0.015,0.011,0.007,0.003,0.001,0
LSO,1969,38.999,37.064,35.352,33.844,32.657,31.519,30.505,29.597,28.773,28.033,27.373,26.679,25.893,25.05,24.243,23.448,22.654,21.86,21.062,20.263,19.477,18.627,17.682,16.682,15.707,14.745,13.831,12.993,12.219,11.47,10.754,10.107,9.539,9.042,8.59,8.18,7.842,7.582,7.387,7.227,7.098,7.017,6.985,6.989,7.008,7.045,7.061,7.033,6.974,6.919,6.864,6.782,6.665,6.522,6.368,6.199,6.029,5.867,5.704,5.532,5.36,5.148,4.879,4.575,4.274,3.962,3.697,3.509,3.369,3.221,3.079,2.914,2.705,2.47,2.246,2.028,1.816,1.612,1.418,1.228,1.044,0.879,0.735,0.61,0.494,0.388,0.298,0.226,0.17,0.116,0.078,0.056,0.038,0.024,0.013,0.008,0.007,0.004,0.001,0
LSO,1970,40.194,38.138,36.327,34.735,33.34,32.12,31.05,30.107,29.268,28.511,27.835,27.241,26.588,25.805,24.938,24.107,23.285,22.459,21.634,20.803,19.97,19.147,18.269,17.311,16.307,15.329,14.367,13.458,12.634,11.878,11.15,10.458,9.835,9.296,8.829,8.407,8.028,7.716,7.474,7.293,7.145,7.026,6.954,6.93,6.939,6.964,7.002,7.019,6.993,6.936,6.883,6.827,6.743,6.623,6.473,6.314,6.138,5.961,5.791,5.62,5.439,5.257,5.038,4.765,4.458,4.154,3.839,3.571,3.377,3.23,3.076,2.928,2.758,2.543,2.303,2.076,1.856,1.643,1.44,1.248,1.063,0.885,0.726,0.592,0.479,0.374,0.28,0.203,0.146,0.103,0.061,0.036,0.027,0.018,0.008,0.003,0.003,0.001,0.001,0
LSO,1971,41.285,39.5,37.585,35.889,34.387,33.062,31.89,30.851,29.924,29.09,28.327,27.634,27.015,26.331,25.512,24.608,23.737,22.874,22.013,21.163,20.315,19.466,18.63,17.754,16.814,15.844,14.9,13.974,13.105,12.319,11.602,10.915,10.264,9.677,9.161,8.711,8.305,7.942,7.642,7.409,7.233,7.089,6.973,6.903,6.886,6.904,6.933,6.977,6.995,6.966,6.902,6.84,6.776,6.683,6.55,6.388,6.214,6.025,5.837,5.658,5.483,5.296,5.109,4.886,4.611,4.305,4.001,3.688,3.417,3.216,3.059,2.897,2.74,2.565,2.352,2.117,1.895,1.681,1.475,1.284,1.105,0.933,0.768,0.624,0.504,0.404,0.312,0.233,0.169,0.12,0.084,0.049,0.03,0.022,0.015,0.007,0.003,0.001,0.001,0
LSO,1972,42.408,40.246,38.831,37.057,35.474,34.062,32.805,31.681,30.671,29.76,28.93,28.161,27.451,26.807,26.091,25.236,24.294,23.382,22.478,21.582,20.706,19.841,18.978,18.129,17.252,16.331,15.392,14.481,13.592,12.761,12.014,11.335,10.688,10.078,9.524,9.033,8.601,8.211,7.862,7.573,7.35,7.18,7.039,6.924,6.857,6.847,6.872,6.908,6.957,6.976,6.944,6.872,6.803,6.731,6.627,6.482,6.306,6.12,5.916,5.716,5.53,5.349,5.157,4.965,4.738,4.461,4.153,3.85,3.539,3.266,3.058,2.891,2.72,2.556,2.375,2.163,1.932,1.715,1.507,1.309,1.129,0.963,0.804,0.653,0.523,0.417,0.331,0.251,0.185,0.135,0.096,0.066,0.038,0.023,0.018,0.012,0.005,0.002,0.001,0
LSO,1973,43.57,41.402,39.456,38.198,36.561,35.09,33.768,32.577,31.5,30.52,29.623,28.796,28.02,27.292,26.623,25.875,24.984,24.002,23.049,22.103,21.171,20.268,19.386,18.507,17.643,16.766,15.863,14.955,14.077,13.222,12.43,11.72,11.079,10.47,9.901,9.381,8.914,8.497,8.123,7.789,7.512,7.296,7.132,6.995,6.881,6.818,6.814,6.847,6.889,6.943,6.964,6.927,6.848,6.77,6.691,6.576,6.419,6.231,6.03,5.812,5.601,5.407,5.22,5.023,4.825,4.595,4.315,4.007,3.703,3.393,3.118,2.903,2.725,2.545,2.372,2.188,1.976,1.749,1.538,1.334,1.145,0.975,0.821,0.676,0.54,0.423,0.33,0.258,0.19,0.137,0.101,0.071,0.047,0.026,0.016,0.013,0.008,0.004,0.001,0
LSO,1974,44.789,42.635,40.681,38.912,37.614,36.113,34.752,33.516,32.391,31.36,30.407,29.523,28.699,27.914,27.169,26.472,25.691,24.762,23.739,22.745,21.755,20.785,19.855,18.954,18.057,17.178,16.3,15.413,14.534,13.688,12.867,12.111,11.438,10.834,10.263,9.733,9.248,8.803,8.402,8.043,7.724,7.458,7.249,7.091,6.958,6.845,6.785,6.787,6.829,6.877,6.936,6.959,6.918,6.832,6.747,6.658,6.534,6.364,6.162,5.948,5.716,5.492,5.29,5.098,4.894,4.691,4.455,4.175,3.864,3.56,3.251,2.973,2.75,2.562,2.373,2.192,2.002,1.79,1.568,1.36,1.162,0.981,0.822,0.681,0.549,0.425,0.322,0.244,0.185,0.13,0.09,0.067,0.046,0.029,0.015,0.009,0.008,0.005,0.002,0
LSO,1975,46.074,43.945,41.994,40.209,38.575,37.081,35.715,34.463,33.312,32.251,31.264,30.337,29.466,28.643,27.848,27.083,26.359,25.543,24.575,23.51,22.471,21.436,20.426,19.467,18.545,17.63,16.733,15.851,14.979,14.129,13.313,12.526,11.805,11.168,10.6,10.067,9.576,9.122,8.7,8.314,7.971,7.665,7.41,7.21,7.058,6.928,6.817,6.759,6.768,6.819,6.873,6.938,6.963,6.919,6.824,6.731,6.634,6.499,6.317,6.101,5.873,5.627,5.39,5.179,4.981,4.772,4.562,4.322,4.038,3.726,3.421,3.112,2.832,2.601,2.402,2.203,2.014,1.818,1.606,1.388,1.185,0.993,0.819,0.669,0.54,0.421,0.312,0.222,0.158,0.113,0.069,0.043,0.033,0.022,0.01,0.004,0.003,0.002,0.001,0
LSO,1976,47.141,45.446,43.452,41.61,39.911,38.343,36.896,35.559,34.324,33.183,32.121,31.125,30.18,29.288,28.441,27.623,26.831,26.08,25.239,24.249,23.166,22.11,21.06,20.045,19.095,18.193,17.299,16.426,15.569,14.723,13.899,13.109,12.351,11.656,11.04,10.491,9.977,9.503,9.066,8.659,8.288,7.956,7.661,7.416,7.227,7.085,6.964,6.858,6.8,6.801,6.837,6.877,6.926,6.933,6.869,6.751,6.636,6.515,6.363,6.173,5.955,5.724,5.476,5.237,5.021,4.816,4.6,4.385,4.142,3.853,3.538,3.229,2.918,2.637,2.406,2.209,2.014,1.827,1.638,1.437,1.232,1.043,0.864,0.705,0.571,0.458,0.352,0.258,0.185,0.131,0.092,0.055,0.035,0.027,0.018,0.008,0.003,0.002,0.001,0
LSO,1977,48.265,46.256,44.905,43.041,41.305,39.688,38.184,36.781,35.47,34.25,33.116,32.053,31.045,30.081,29.165,28.294,27.45,26.631,25.85,24.983,23.968,22.865,21.791,20.722,19.701,18.758,17.874,16.998,16.147,15.313,14.49,13.69,12.927,12.196,11.525,10.93,10.398,9.901,9.443,9.022,8.63,8.273,7.954,7.669,7.433,7.254,7.121,7.008,6.909,6.853,6.846,6.867,6.892,6.926,6.915,6.829,6.69,6.552,6.408,6.238,6.039,5.819,5.585,5.335,5.093,4.871,4.658,4.437,4.217,3.968,3.674,3.355,3.043,2.729,2.448,2.216,2.021,1.826,1.643,1.46,1.269,1.078,0.902,0.737,0.592,0.474,0.376,0.283,0.205,0.147,0.104,0.071,0.042,0.027,0.021,0.014,0.006,0.002,0.001,0
LSO,1978,49.413,47.482,45.654,44.408,42.672,41.039,39.504,38.06,36.7,35.415,34.21,33.08,32.015,30.995,30.009,29.07,28.174,27.303,26.455,25.645,24.749,23.709,22.585,21.491,20.403,19.373,18.437,17.569,16.712,15.881,15.07,14.269,13.492,12.754,12.05,11.404,10.828,10.313,9.833,9.392,8.986,8.608,8.264,7.957,7.681,7.455,7.287,7.165,7.059,6.967,6.91,6.894,6.903,6.913,6.932,6.903,6.796,6.635,6.475,6.306,6.118,5.911,5.687,5.451,5.2,4.954,4.726,4.505,4.277,4.052,3.797,3.499,3.175,2.859,2.543,2.259,2.027,1.833,1.642,1.461,1.284,1.103,0.924,0.762,0.611,0.481,0.377,0.295,0.215,0.153,0.11,0.078,0.052,0.029,0.019,0.014,0.01,0.004,0.001,0
LSO,1979,50.546,48.696,46.926,45.234,43.907,42.299,40.771,39.317,37.934,36.617,35.359,34.166,33.043,31.975,30.943,29.937,28.973,28.051,27.155,26.278,25.438,24.513,23.449,22.304,21.19,20.084,19.045,18.116,17.264,16.426,15.615,14.826,14.049,13.296,12.582,11.904,11.282,10.727,10.228,9.765,9.34,8.949,8.587,8.256,7.96,7.694,7.478,7.32,7.207,7.11,7.024,6.968,6.945,6.938,6.934,6.938,6.891,6.763,6.58,6.397,6.204,5.999,5.781,5.556,5.317,5.063,4.814,4.58,4.351,4.117,3.887,3.627,3.324,2.995,2.675,2.356,2.07,1.839,1.645,1.456,1.278,1.107,0.936,0.771,0.622,0.484,0.369,0.28,0.213,0.147,0.099,0.073,0.051,0.031,0.017,0.011,0.009,0.005,0.002,0
LSO,1980,51.635,49.86,48.149,46.499,44.908,43.375,41.898,40.474,39.103,37.784,36.51,35.278,34.101,32.983,31.914,30.869,29.844,28.856,27.91,26.988,26.084,25.214,24.262,23.174,22.009,20.876,19.751,18.705,17.783,16.95,16.13,15.341,14.575,13.821,13.092,12.404,11.753,11.156,10.621,10.139,9.693,9.285,8.91,8.562,8.244,7.961,7.705,7.499,7.351,7.248,7.158,7.079,7.022,6.991,6.971,6.952,6.94,6.875,6.726,6.52,6.315,6.099,5.875,5.65,5.421,5.179,4.923,4.671,4.431,4.195,3.955,3.719,3.454,3.146,2.814,2.49,2.168,1.881,1.649,1.457,1.27,1.095,0.93,0.769,0.617,0.48,0.357,0.256,0.183,0.131,0.079,0.047,0.036,0.024,0.011,0.004,0.004,0.002,0.001,0
LSO,1981,52.758,51.244,49.559,47.922,46.335,44.793,43.297,41.847,40.435,39.055,37.713,36.409,35.141,33.92,32.75,31.623,30.521,29.437,28.396,27.405,26.447,25.509,24.609,23.646,22.576,21.446,20.353,19.271,18.272,17.397,16.613,15.843,15.108,14.389,13.671,12.966,12.306,11.681,11.105,10.59,10.126,9.693,9.296,8.932,8.603,8.305,8.037,7.796,7.596,7.443,7.327,7.223,7.129,7.053,6.996,6.948,6.899,6.857,6.768,6.608,6.4,6.19,5.97,5.742,5.511,5.275,5.026,4.766,4.508,4.255,4.004,3.751,3.503,3.233,2.927,2.603,2.289,1.978,1.702,1.48,1.297,1.12,0.957,0.805,0.66,0.525,0.403,0.296,0.213,0.152,0.108,0.064,0.038,0.029,0.019,0.009,0.004,0.002,0.001,0
LSO,1982,53.842,52.184,50.831,49.236,47.677,46.151,44.659,43.202,41.78,40.379,38.992,37.625,36.292,34.99,33.725,32.503,31.319,30.159,29.017,27.924,26.889,25.895,24.925,23.994,23.021,21.967,20.876,19.821,18.784,17.832,17.006,16.27,15.552,14.871,14.198,13.515,12.838,12.204,11.605,11.052,10.556,10.109,9.691,9.304,8.953,8.641,8.363,8.112,7.885,7.691,7.533,7.403,7.286,7.176,7.082,7,6.923,6.845,6.771,6.66,6.489,6.277,6.063,5.84,5.608,5.369,5.125,4.87,4.607,4.342,4.077,3.812,3.547,3.286,3.009,2.707,2.392,2.087,1.787,1.522,1.309,1.136,0.971,0.818,0.68,0.55,0.433,0.326,0.236,0.171,0.121,0.084,0.049,0.029,0.023,0.015,0.006,0.002,0.001,0
LSO,1983,54.808,53.215,51.656,50.394,48.888,47.406,45.945,44.504,43.086,41.693,40.304,38.91,37.521,36.16,34.822,33.514,32.241,31,29.782,28.584,27.439,26.36,25.331,24.328,23.368,22.385,21.35,20.295,19.282,18.288,17.384,16.607,15.92,15.254,14.627,14.002,13.355,12.705,12.098,11.525,10.995,10.519,10.089,9.685,9.309,8.972,8.676,8.419,8.184,7.971,7.783,7.621,7.478,7.347,7.223,7.108,7,6.895,6.788,6.683,6.548,6.366,6.152,5.933,5.708,5.471,5.226,4.974,4.714,4.446,4.174,3.897,3.618,3.341,3.068,2.785,2.485,2.179,1.885,1.595,1.342,1.139,0.976,0.82,0.68,0.554,0.441,0.341,0.248,0.176,0.128,0.09,0.06,0.034,0.02,0.016,0.01,0.005,0.001,0
LSO,1984,55.562,54.076,52.614,51.172,49.935,48.521,47.116,45.72,44.33,42.95,41.588,40.211,38.811,37.4,36.01,34.64,33.289,31.964,30.668,29.394,28.14,26.942,25.821,24.757,23.723,22.734,21.741,20.724,19.708,18.735,17.786,16.931,16.202,15.565,14.952,14.38,13.802,13.19,12.568,11.989,11.442,10.935,10.479,10.066,9.677,9.31,8.987,8.71,8.471,8.254,8.055,7.874,7.707,7.551,7.405,7.266,7.131,6.999,6.865,6.729,6.593,6.434,6.241,6.024,5.801,5.572,5.332,5.081,4.821,4.555,4.284,4.005,3.716,3.424,3.133,2.849,2.559,2.262,1.967,1.681,1.404,1.161,0.968,0.814,0.671,0.541,0.429,0.331,0.248,0.169,0.114,0.084,0.059,0.036,0.019,0.012,0.009,0.006,0.002,0
LSO,1985,56.046,54.729,53.412,52.095,50.778,49.459,48.136,46.809,45.477,44.139,42.801,41.467,40.104,38.698,37.266,35.849,34.444,33.052,31.678,30.326,28.996,27.685,26.438,25.273,24.176,23.111,22.092,21.091,20.093,19.115,18.183,17.28,16.473,15.794,15.206,14.645,14.127,13.598,13.021,12.428,11.876,11.355,10.871,10.435,10.039,9.665,9.31,8.999,8.741,8.522,8.32,8.137,7.962,7.79,7.62,7.461,7.307,7.153,6.996,6.833,6.668,6.501,6.318,6.115,5.894,5.668,5.436,5.191,4.935,4.668,4.396,4.12,3.834,3.535,3.228,2.926,2.629,2.334,2.04,1.753,1.478,1.212,0.98,0.797,0.653,0.52,0.402,0.303,0.221,0.156,0.092,0.054,0.042,0.028,0.012,0.004,0.004,0.002,0.001,0
LSO,1986,56.259,55.606,54.408,53.186,51.942,50.676,49.389,48.08,46.749,45.396,44.02,42.633,41.243,39.812,38.329,36.814,35.314,33.829,32.355,30.898,29.47,28.07,26.692,25.412,24.266,23.223,22.216,21.261,20.332,19.41,18.51,17.661,16.848,16.117,15.492,14.944,14.424,13.946,13.456,12.925,12.377,11.868,11.381,10.937,10.546,10.199,9.866,9.551,9.26,8.993,8.746,8.515,8.3,8.088,7.872,7.656,7.448,7.243,7.051,6.881,6.722,6.56,6.396,6.214,6.002,5.769,5.533,5.294,5.038,4.763,4.474,4.181,3.886,3.587,3.286,2.985,2.69,2.401,2.118,1.838,1.568,1.31,1.063,0.85,0.685,0.556,0.436,0.335,0.253,0.184,0.128,0.074,0.044,0.034,0.022,0.01,0.004,0.002,0.001,0
LSO,1987,56.23,55.439,55.164,54.084,52.958,51.786,50.571,49.315,48.021,46.686,45.311,43.899,42.464,41.017,39.52,37.96,36.364,34.781,33.215,31.66,30.122,28.617,27.146,25.701,24.389,23.262,22.273,21.323,20.433,19.575,18.728,17.906,17.141,16.417,15.763,15.192,14.683,14.203,13.764,13.314,12.828,12.327,11.857,11.407,11.001,10.657,10.357,10.066,9.791,9.52,9.245,8.969,8.71,8.463,8.213,7.954,7.692,7.436,7.178,6.951,6.768,6.613,6.452,6.292,6.109,5.89,5.644,5.399,5.152,4.885,4.591,4.279,3.966,3.651,3.339,3.037,2.743,2.455,2.174,1.901,1.636,1.383,1.143,0.913,0.72,0.572,0.459,0.353,0.267,0.201,0.146,0.099,0.057,0.034,0.026,0.017,0.007,0.002,0.001,0
LSO,1988,56.053,55.563,54.959,54.743,53.781,52.749,51.649,50.485,49.261,47.98,46.641,45.243,43.794,42.311,40.806,39.242,37.605,35.926,34.26,32.613,30.976,29.357,27.774,26.232,24.719,23.374,22.265,21.33,20.436,19.609,18.822,18.05,17.305,16.623,15.989,15.409,14.891,14.422,13.983,13.582,13.173,12.731,12.275,11.848,11.432,11.066,10.768,10.515,10.266,10.031,9.78,9.497,9.193,8.904,8.626,8.338,8.036,7.728,7.423,7.114,6.849,6.655,6.503,6.344,6.187,6.005,5.779,5.519,5.265,5.011,4.732,4.42,4.086,3.752,3.416,3.092,2.788,2.502,2.22,1.947,1.686,1.434,1.197,0.975,0.765,0.589,0.459,0.361,0.269,0.199,0.151,0.109,0.071,0.04,0.024,0.018,0.012,0.005,0.001,0
LSO,1989,55.86,55.63,55.258,54.752,54.375,53.53,52.591,51.562,50.448,49.253,47.986,46.64,45.219,43.73,42.197,40.634,39,37.285,35.52,33.767,32.037,30.316,28.612,26.95,25.335,23.752,22.372,21.28,20.396,19.559,18.794,18.077,17.379,16.71,16.11,15.563,15.061,14.596,14.163,13.765,13.403,13.033,12.635,12.226,11.841,11.46,11.132,10.88,10.675,10.468,10.272,10.042,9.75,9.417,9.099,8.79,8.466,8.119,7.764,7.412,7.05,6.749,6.543,6.395,6.238,6.084,5.903,5.668,5.396,5.131,4.87,4.579,4.249,3.893,3.539,3.184,2.847,2.541,2.259,1.985,1.72,1.47,1.233,1.012,0.807,0.616,0.459,0.345,0.264,0.185,0.131,0.1,0.071,0.043,0.022,0.014,0.011,0.007,0.002,0.001
LSO,1990,55.749,55.697,55.498,55.159,54.683,54.078,53.35,52.502,51.542,50.477,49.31,48.053,46.7,45.253,43.723,42.137,40.511,38.805,37.007,35.153,33.31,31.492,29.683,27.89,26.146,24.455,22.798,21.382,20.303,19.471,18.688,17.985,17.337,16.712,16.121,15.602,15.146,14.718,14.306,13.913,13.555,13.231,12.902,12.547,12.185,11.84,11.494,11.205,10.998,10.84,10.675,10.519,10.307,10.007,9.646,9.297,8.958,8.595,8.205,7.804,7.403,6.989,6.652,6.432,6.288,6.133,5.983,5.8,5.558,5.274,4.999,4.732,4.429,4.08,3.701,3.327,2.951,2.601,2.293,2.018,1.75,1.493,1.254,1.03,0.826,0.639,0.466,0.328,0.232,0.166,0.101,0.064,0.049,0.032,0.015,0.005,0.004,0.002,0.002,0.001
LSO,1991,55.515,55.475,55.42,55.238,54.932,54.499,53.948,53.286,52.468,51.473,50.33,49.096,47.776,46.342,44.795,43.157,41.469,39.745,37.973,36.157,34.323,32.505,30.713,28.973,27.305,25.722,24.193,22.706,21.427,20.435,19.651,18.918,18.262,17.641,17.017,16.408,15.866,15.375,14.913,14.474,14.056,13.666,13.308,12.944,12.559,12.166,11.791,11.417,11.096,10.85,10.652,10.449,10.257,10.022,9.713,9.358,9.014,8.679,8.33,7.968,7.601,7.234,6.856,6.541,6.32,6.157,5.985,5.819,5.617,5.354,5.046,4.75,4.459,4.142,3.791,3.422,3.056,2.691,2.355,2.059,1.799,1.545,1.305,1.084,0.883,0.702,0.535,0.387,0.273,0.192,0.136,0.082,0.052,0.04,0.026,0.012,0.004,0.003,0.002,0.001
LSO,1992,55.354,55.386,55.264,55.202,55.037,54.763,54.372,53.874,53.279,52.488,51.459,50.237,48.933,47.548,46.032,44.384,42.635,40.844,39.017,37.176,35.34,33.524,31.726,29.957,28.281,26.738,25.315,23.946,22.624,21.483,20.575,19.838,19.155,18.546,17.951,17.329,16.701,16.133,15.609,15.114,14.647,14.203,13.783,13.39,12.992,12.575,12.151,11.745,11.344,10.991,10.706,10.467,10.227,10,9.74,9.423,9.071,8.732,8.402,8.068,7.731,7.399,7.065,6.724,6.43,6.206,6.025,5.837,5.655,5.433,5.148,4.82,4.501,4.186,3.855,3.503,3.143,2.786,2.433,2.109,1.826,1.578,1.34,1.116,0.914,0.735,0.578,0.431,0.307,0.217,0.153,0.106,0.062,0.04,0.031,0.02,0.009,0.003,0.002,0.001
LSO,1993,55.274,55.233,55.168,55.071,55.004,54.856,54.614,54.264,53.818,53.289,52.527,51.461,50.161,48.787,47.335,45.737,43.986,42.127,40.229,38.3,36.389,34.531,32.732,30.955,29.207,27.597,26.178,24.915,23.705,22.55,21.546,20.722,20.033,19.4,18.837,18.268,17.646,17,16.407,15.848,15.319,14.825,14.355,13.905,13.477,13.045,12.596,12.142,11.705,11.275,10.89,10.567,10.286,10.008,9.744,9.46,9.135,8.787,8.452,8.126,7.806,7.496,7.196,6.897,6.591,6.318,6.092,5.893,5.688,5.489,5.249,4.943,4.593,4.251,3.913,3.567,3.215,2.863,2.517,2.174,1.862,1.593,1.358,1.135,0.927,0.744,0.587,0.454,0.327,0.227,0.162,0.113,0.075,0.043,0.028,0.021,0.015,0.006,0.002,0.001
LSO,1994,55.283,55.121,55,54.898,54.849,54.777,54.647,54.438,54.129,53.736,53.274,52.54,51.439,50.061,48.616,47.099,45.42,43.567,41.598,39.596,37.566,35.586,33.709,31.927,30.172,28.447,26.905,25.61,24.507,23.458,22.471,21.605,20.866,20.225,19.641,19.125,18.582,17.961,17.298,16.68,16.086,15.523,15,14.506,14.025,13.562,13.096,12.614,12.13,11.663,11.204,10.787,10.426,10.103,9.788,9.488,9.179,8.846,8.502,8.172,7.85,7.544,7.261,6.995,6.729,6.459,6.207,5.978,5.761,5.54,5.325,5.066,4.738,4.366,4.002,3.64,3.279,2.927,2.583,2.246,1.915,1.615,1.359,1.138,0.93,0.738,0.573,0.44,0.33,0.223,0.147,0.107,0.073,0.045,0.024,0.016,0.012,0.008,0.004,0.001
LSO,1995,55.379,55.066,54.856,54.722,54.633,54.565,54.488,54.376,54.2,53.934,53.594,53.2,52.495,51.36,49.905,48.393,46.812,45.054,43.103,41.026,38.923,36.795,34.748,32.855,31.094,29.364,27.665,26.191,25.022,24.079,23.191,22.371,21.642,20.989,20.396,19.862,19.394,18.878,18.257,17.577,16.936,16.309,15.713,15.162,14.643,14.13,13.633,13.133,12.62,12.105,11.608,11.122,10.674,10.274,9.911,9.559,9.224,8.891,8.55,8.211,7.886,7.569,7.279,7.024,6.793,6.561,6.328,6.098,5.866,5.631,5.394,5.162,4.883,4.534,4.14,3.753,3.368,2.993,2.639,2.305,1.976,1.657,1.369,1.126,0.918,0.726,0.55,0.405,0.292,0.207,0.119,0.067,0.051,0.034,0.016,0.006,0.005,0.003,0.002,0.001
LSO,1996,55.951,55.255,54.982,54.818,54.733,54.693,54.674,54.649,54.56,54.364,54.046,53.655,53.206,52.433,51.214,49.667,48.063,46.389,44.543,42.51,40.362,38.191,35.998,33.916,32.03,30.306,28.615,26.963,25.541,24.426,23.538,22.709,21.954,21.279,20.664,20.097,19.592,19.15,18.66,18.066,17.411,16.791,16.184,15.609,15.086,14.598,14.112,13.64,13.154,12.641,12.114,11.606,11.107,10.638,10.211,9.818,9.433,9.063,8.707,8.36,8.024,7.701,7.386,7.096,6.837,6.598,6.36,6.124,5.884,5.636,5.379,5.121,4.869,4.579,4.227,3.838,3.458,3.079,2.715,2.375,2.059,1.75,1.451,1.186,0.966,0.782,0.611,0.46,0.338,0.244,0.17,0.097,0.055,0.043,0.028,0.012,0.005,0.003,0.002,0.001
LSO,1997,56.594,55.918,55.05,54.818,54.701,54.666,54.675,54.706,54.733,54.668,54.452,54.085,53.643,53.139,52.297,50.997,49.359,47.663,45.9,43.966,41.856,39.639,37.405,35.15,33.038,31.161,29.477,27.829,26.227,24.858,23.798,22.965,22.196,21.505,20.885,20.308,19.77,19.292,18.878,18.414,17.847,17.221,16.624,16.036,15.484,14.991,14.533,14.075,13.628,13.158,12.644,12.107,11.586,11.075,10.587,10.135,9.711,9.295,8.89,8.51,8.157,7.826,7.507,7.196,6.907,6.645,6.4,6.157,5.918,5.67,5.405,5.124,4.847,4.575,4.27,3.917,3.533,3.158,2.788,2.435,2.111,1.812,1.524,1.245,1.002,0.805,0.646,0.495,0.369,0.273,0.195,0.134,0.075,0.043,0.033,0.022,0.01,0.004,0.002,0.001
LSO,1998,57.183,56.285,55.645,54.712,54.522,54.453,54.468,54.527,54.608,54.688,54.647,54.412,53.995,53.504,52.946,52.039,50.66,48.936,47.152,45.303,43.288,41.105,38.824,36.532,34.222,32.083,30.222,28.582,26.982,25.431,24.121,23.117,22.34,21.632,21.006,20.442,19.904,19.393,18.946,18.561,18.124,17.585,16.987,16.417,15.85,15.323,14.859,14.434,14.004,13.583,13.129,12.616,12.07,11.539,11.017,10.511,10.034,9.58,9.134,8.697,8.293,7.935,7.612,7.297,6.991,6.704,6.44,6.189,5.943,5.701,5.446,5.164,4.862,4.563,4.272,3.955,3.599,3.221,2.853,2.491,2.15,1.841,1.561,1.293,1.035,0.816,0.643,0.508,0.378,0.276,0.205,0.146,0.096,0.053,0.031,0.023,0.016,0.007,0.002,0.001
LSO,1999,57.561,56.401,55.549,54.963,54.193,54.045,54.024,54.09,54.198,54.328,54.46,54.443,54.191,53.727,53.186,52.578,51.608,50.157,48.351,46.487,44.558,42.468,40.219,37.885,35.542,33.183,31.025,29.185,27.595,26.046,24.555,23.305,22.361,21.642,20.997,20.438,19.93,19.434,18.953,18.537,18.18,17.773,17.265,16.697,16.155,15.612,15.111,14.678,14.285,13.886,13.492,13.056,12.547,11.992,11.452,10.922,10.401,9.899,9.417,8.943,8.474,8.05,7.689,7.372,7.063,6.762,6.48,6.214,5.958,5.708,5.467,5.204,4.906,4.582,4.266,3.955,3.625,3.268,2.899,2.539,2.186,1.857,1.566,1.306,1.058,0.824,0.627,0.479,0.368,0.261,0.184,0.138,0.097,0.059,0.031,0.018,0.015,0.01,0.004,0.001
LSO,2000,57.634,56.17,55.069,54.284,53.773,53.486,53.379,53.407,53.522,53.678,53.858,54.041,54.047,53.779,53.269,52.682,52.024,50.997,49.476,47.598,45.659,43.657,41.502,39.196,36.813,34.429,32.032,29.862,28.048,26.513,25.022,23.594,22.41,21.528,20.871,20.29,19.801,19.351,18.898,18.449,18.065,17.74,17.362,16.886,16.351,15.836,15.319,14.846,14.445,14.089,13.719,13.355,12.937,12.433,11.872,11.327,10.788,10.254,9.731,9.223,8.722,8.222,7.78,7.415,7.107,6.803,6.51,6.232,5.965,5.705,5.454,5.212,4.943,4.629,4.287,3.952,3.624,3.284,2.929,2.567,2.217,1.874,1.559,1.286,1.047,0.821,0.609,0.436,0.313,0.228,0.142,0.091,0.07,0.047,0.022,0.008,0.006,0.005,0.004,0.001
LSO,2001,58.108,55.837,54.539,53.594,52.956,52.576,52.411,52.415,52.525,52.684,52.857,53.043,53.222,53.214,52.92,52.376,51.751,51.051,49.974,48.4,46.465,44.473,42.418,40.233,37.934,35.585,33.233,30.874,28.751,26.996,25.525,24.101,22.744,21.623,20.79,20.169,19.626,19.175,18.758,18.329,17.901,17.533,17.222,16.859,16.4,15.883,15.383,14.88,14.417,14.025,13.672,13.307,12.947,12.532,12.027,11.466,10.92,10.381,9.851,9.338,8.845,8.358,7.872,7.449,7.114,6.839,6.569,6.31,6.052,5.787,5.514,5.25,4.998,4.716,4.39,4.036,3.689,3.348,3.005,2.658,2.317,1.985,1.661,1.37,1.12,0.906,0.702,0.517,0.373,0.267,0.191,0.119,0.076,0.059,0.039,0.018,0.008,0.006,0.004,0.001
LSO,2002,58.298,56.021,53.848,52.721,51.937,51.445,51.199,51.155,51.271,51.463,51.667,51.855,52.048,52.223,52.199,51.879,51.303,50.64,49.901,48.78,47.154,45.168,43.129,41.027,38.82,36.536,34.226,31.918,29.604,27.536,25.845,24.442,23.091,21.81,20.756,19.973,19.395,18.893,18.482,18.099,17.698,17.289,16.942,16.646,16.299,15.858,15.36,14.878,14.389,13.939,13.555,13.209,12.848,12.495,12.084,11.58,11.02,10.477,9.939,9.414,8.914,8.437,7.965,7.493,7.09,6.785,6.547,6.31,6.084,5.85,5.585,5.3,5.027,4.764,4.47,4.133,3.769,3.412,3.059,2.713,2.378,2.056,1.745,1.443,1.174,0.95,0.762,0.579,0.422,0.306,0.219,0.153,0.093,0.061,0.047,0.032,0.014,0.007,0.005,0.002
LSO,2003,58.246,55.578,53.477,51.796,50.841,50.218,49.875,49.761,49.838,50.066,50.338,50.586,50.79,50.988,51.159,51.119,50.776,50.167,49.468,48.69,47.525,45.851,43.818,41.734,39.587,37.359,35.092,32.826,30.562,28.295,26.286,24.66,23.329,22.051,20.847,19.862,19.132,18.596,18.136,17.766,17.419,17.045,16.659,16.33,16.05,15.719,15.298,14.819,14.354,13.882,13.444,13.069,12.729,12.375,12.028,11.621,11.121,10.561,10.02,9.485,8.966,8.479,8.019,7.563,7.106,6.723,6.449,6.246,6.042,5.852,5.639,5.375,5.08,4.796,4.522,4.217,3.869,3.495,3.129,2.766,2.417,2.093,1.793,1.502,1.222,0.977,0.778,0.616,0.457,0.327,0.24,0.171,0.115,0.069,0.046,0.035,0.024,0.011,0.006,0.002
LSO,2004,58,55.078,52.754,50.968,49.818,49.033,48.568,48.372,48.391,48.589,48.927,49.282,49.574,49.793,49.998,50.164,50.109,49.741,49.1,48.362,47.544,46.333,44.61,42.527,40.395,38.201,35.952,33.697,31.472,29.248,27.028,25.073,23.51,22.247,21.043,19.915,18.996,18.319,17.823,17.406,17.076,16.763,16.415,16.052,15.742,15.476,15.162,14.758,14.3,13.851,13.393,12.968,12.602,12.267,11.92,11.578,11.175,10.676,10.119,9.578,9.044,8.531,8.055,7.612,7.172,6.728,6.366,6.122,5.953,5.782,5.627,5.434,5.173,4.865,4.571,4.286,3.97,3.611,3.227,2.85,2.476,2.126,1.813,1.532,1.262,1.003,0.782,0.608,0.472,0.335,0.233,0.175,0.123,0.077,0.044,0.031,0.024,0.015,0.007,0.003
LSO,2005,57.595,54.622,52.228,50.359,48.961,47.98,47.364,47.057,47.007,47.159,47.479,47.928,48.366,48.703,48.937,49.15,49.313,49.241,48.846,48.172,47.395,46.534,45.275,43.497,41.356,39.171,36.924,34.645,32.4,30.207,28.02,25.838,23.932,22.428,21.232,20.094,19.04,18.185,17.558,17.101,16.724,16.435,16.154,15.833,15.489,15.198,14.947,14.647,14.26,13.819,13.387,12.942,12.529,12.17,11.84,11.497,11.16,10.76,10.261,9.703,9.162,8.629,8.121,7.655,7.226,6.801,6.37,6.027,5.812,5.678,5.54,5.418,5.246,4.986,4.664,4.359,4.064,3.735,3.364,2.968,2.58,2.194,1.84,1.538,1.277,1.026,0.787,0.588,0.439,0.328,0.214,0.139,0.109,0.076,0.039,0.02,0.016,0.012,0.008,0.003
LSO,2006,56.332,55.099,52.577,50.536,48.933,47.727,46.868,46.303,46.039,46.057,46.282,46.634,47.088,47.511,47.819,48.011,48.173,48.279,48.14,47.664,46.903,46.042,45.099,43.779,41.973,39.832,37.651,35.411,33.163,30.973,28.856,26.749,24.654,22.837,21.418,20.303,19.251,18.282,17.503,16.936,16.529,16.199,15.953,15.71,15.418,15.1,14.828,14.594,14.307,13.933,13.504,13.079,12.641,12.229,11.863,11.522,11.167,10.818,10.41,9.912,9.36,8.824,8.296,7.794,7.335,6.915,6.498,6.077,5.741,5.521,5.379,5.233,5.104,4.928,4.666,4.347,4.044,3.752,3.43,3.07,2.689,2.315,1.945,1.611,1.335,1.102,0.875,0.667,0.5,0.372,0.273,0.178,0.117,0.091,0.064,0.032,0.019,0.014,0.009,0.004
LSO,2007,54.979,52.679,52.842,50.758,49.057,47.713,46.694,45.951,45.434,45.212,45.296,45.597,45.981,46.439,46.851,47.131,47.283,47.395,47.446,47.238,46.681,45.831,44.883,43.854,42.469,40.629,38.478,36.29,34.05,31.824,29.681,27.631,25.595,23.578,21.841,20.501,19.465,18.491,17.603,16.896,16.388,16.027,15.742,15.538,15.33,15.069,14.773,14.52,14.301,14.027,13.665,13.245,12.826,12.393,11.98,11.607,11.253,10.885,10.521,10.103,9.604,9.056,8.524,7.998,7.5,7.047,6.634,6.225,5.813,5.479,5.255,5.103,4.95,4.814,4.631,4.368,4.049,3.749,3.458,3.142,2.791,2.422,2.062,1.706,1.389,1.137,0.933,0.73,0.55,0.415,0.307,0.22,0.142,0.095,0.074,0.051,0.026,0.016,0.011,0.005
LSO,2008,53.702,51.914,50.342,50.763,49.107,47.743,46.651,45.815,45.185,44.716,44.535,44.685,45.061,45.48,45.944,46.346,46.599,46.711,46.773,46.768,46.492,45.851,44.911,43.874,42.755,41.3,39.421,37.252,35.051,32.804,30.59,28.488,26.498,24.527,22.581,20.918,19.652,18.689,17.793,16.983,16.346,15.893,15.578,15.337,15.174,15.003,14.768,14.496,14.261,14.056,13.794,13.442,13.029,12.616,12.187,11.771,11.388,11.021,10.639,10.26,9.831,9.328,8.783,8.252,7.727,7.231,6.783,6.376,5.972,5.567,5.235,5.007,4.844,4.683,4.538,4.35,4.084,3.765,3.465,3.177,2.865,2.521,2.163,1.816,1.472,1.173,0.945,0.768,0.586,0.435,0.33,0.243,0.168,0.106,0.073,0.056,0.039,0.02,0.012,0.005
LSO,2009,52.736,51.346,50.065,48.898,48.792,47.564,46.533,45.693,45.038,44.522,44.097,43.957,44.176,44.627,45.082,45.554,45.945,46.172,46.244,46.256,46.196,45.85,45.125,44.09,42.961,41.749,40.222,38.297,36.106,33.888,31.628,29.422,27.356,25.421,23.512,21.631,20.04,18.846,17.954,17.133,16.399,15.831,15.433,15.163,14.966,14.844,14.708,14.502,14.25,14.033,13.842,13.591,13.247,12.842,12.433,12.007,11.588,11.195,10.813,10.416,10.02,9.579,9.073,8.529,7.998,7.472,6.978,6.533,6.13,5.731,5.332,5.002,4.768,4.596,4.426,4.273,4.078,3.808,3.488,3.188,2.9,2.592,2.256,1.908,1.572,1.241,0.959,0.753,0.603,0.444,0.32,0.247,0.179,0.116,0.071,0.051,0.04,0.027,0.013,0.006
LSO,2010,52.261,51.023,49.862,48.783,47.792,46.893,46.094,45.397,44.81,44.337,43.932,43.553,43.454,43.742,44.27,44.762,45.242,45.624,45.825,45.857,45.819,45.703,45.286,44.473,43.342,42.117,40.812,39.206,37.233,35.018,32.777,30.498,28.298,26.264,24.382,22.529,20.714,19.19,18.067,17.245,16.497,15.84,15.339,14.996,14.772,14.619,14.538,14.436,14.258,14.027,13.829,13.651,13.41,13.076,12.676,12.27,11.845,11.424,11.02,10.623,10.21,9.797,9.343,8.831,8.288,7.755,7.228,6.735,6.292,5.894,5.499,5.105,4.776,4.536,4.353,4.174,4.012,3.81,3.536,3.215,2.913,2.625,2.321,1.991,1.654,1.33,1.01,0.744,0.561,0.438,0.302,0.205,0.162,0.115,0.064,0.036,0.029,0.023,0.015,0.007
LSO,2011,51.801,50.489,49.409,48.449,47.599,46.851,46.214,45.696,45.201,44.685,44.192,43.77,43.362,43.198,43.379,43.773,44.121,44.451,44.68,44.735,44.63,44.461,44.218,43.724,42.904,41.822,40.652,39.414,37.898,36.039,33.953,31.849,29.716,27.655,25.748,23.982,22.245,20.543,19.108,18.041,17.252,16.529,15.888,15.395,15.051,14.818,14.649,14.546,14.417,14.208,13.944,13.709,13.494,13.216,12.849,12.42,11.985,11.534,11.088,10.665,10.253,9.829,9.404,8.947,8.442,7.911,7.392,6.88,6.401,5.973,5.587,5.207,4.829,4.508,4.264,4.069,3.881,3.71,3.502,3.226,2.908,2.609,2.323,2.031,1.729,1.429,1.133,0.849,0.629,0.473,0.364,0.248,0.169,0.134,0.096,0.053,0.03,0.024,0.016,0.007
LSO,2012,51.859,50.101,48.842,47.916,47.152,46.529,46.022,45.642,45.403,45.107,44.662,44.148,43.707,43.271,43.041,43.117,43.377,43.583,43.764,43.843,43.752,43.512,43.213,42.84,42.268,41.442,40.404,39.287,38.112,36.683,34.933,32.97,30.999,29.004,27.077,25.293,23.639,22.013,20.42,19.07,18.057,17.296,16.598,15.972,15.484,15.138,14.897,14.711,14.587,14.43,14.19,13.892,13.621,13.367,13.053,12.652,12.193,11.728,11.248,10.777,10.335,9.908,9.47,9.035,8.574,8.073,7.553,7.047,6.547,6.083,5.669,5.295,4.927,4.565,4.251,4.002,3.797,3.598,3.417,3.203,2.925,2.608,2.311,2.027,1.747,1.471,1.207,0.939,0.693,0.516,0.385,0.289,0.195,0.135,0.107,0.075,0.042,0.024,0.016,0.008
LSO,2013,52.294,50.035,48.203,47.295,46.522,45.954,45.554,45.286,45.164,45.203,45.105,44.729,44.194,43.733,43.267,42.97,42.942,43.07,43.135,43.167,43.095,42.859,42.483,42.053,41.552,40.9,40.065,39.07,38.003,36.89,35.545,33.898,32.056,30.212,28.352,26.556,24.89,23.344,21.825,20.337,19.072,18.11,17.376,16.7,16.088,15.605,15.257,15.005,14.804,14.656,14.473,14.201,13.869,13.561,13.267,12.917,12.482,11.991,11.496,10.985,10.489,10.026,9.583,9.132,8.684,8.217,7.721,7.212,6.716,6.229,5.777,5.375,5.013,4.658,4.31,4.003,3.748,3.53,3.322,3.132,2.911,2.629,2.313,2.018,1.736,1.466,1.216,0.987,0.747,0.537,0.404,0.299,0.216,0.144,0.101,0.08,0.056,0.031,0.017,0.009
LSO,2014,52.882,50.189,48.057,46.428,45.82,45.199,44.826,44.65,44.621,44.756,45.075,45.176,44.869,44.311,43.829,43.332,42.969,42.836,42.832,42.753,42.636,42.414,42.032,41.519,40.957,40.326,39.594,38.75,37.796,36.777,35.724,34.459,32.915,31.192,29.473,27.745,26.076,24.527,23.086,21.672,20.288,19.104,18.191,17.484,16.828,16.229,15.751,15.4,15.139,14.92,14.75,14.538,14.234,13.867,13.521,13.189,12.799,12.33,11.807,11.281,10.74,10.218,9.734,9.273,8.807,8.346,7.874,7.381,6.88,6.396,5.92,5.48,5.09,4.739,4.396,4.061,3.76,3.501,3.27,3.05,2.851,2.622,2.337,2.023,1.728,1.446,1.187,0.964,0.769,0.555,0.383,0.292,0.213,0.143,0.092,0.067,0.052,0.036,0.02,0.009
LSO,2015,53.434,50.509,48.208,46.461,45.207,44.377,43.907,43.729,43.779,43.991,44.385,44.985,45.285,45.046,44.465,43.962,43.434,43.003,42.765,42.628,42.407,42.139,41.765,41.236,40.585,39.891,39.129,38.315,37.46,36.546,35.576,34.581,33.398,31.955,30.347,28.754,27.157,25.614,24.181,22.846,21.536,20.255,19.151,18.288,17.608,16.972,16.386,15.912,15.557,15.286,15.049,14.856,14.616,14.28,13.878,13.494,13.122,12.694,12.189,11.633,11.074,10.503,9.953,9.447,8.97,8.489,8.014,7.535,7.045,6.554,6.079,5.615,5.186,4.808,4.467,4.137,3.815,3.52,3.255,3.011,2.781,2.571,2.334,2.046,1.732,1.438,1.156,0.909,0.709,0.55,0.364,0.227,0.18,0.127,0.07,0.04,0.032,0.025,0.017,0.009
LSO,2016,53.647,52.033,49.491,47.468,45.913,44.777,43.992,43.496,43.302,43.382,43.646,44.056,44.646,44.927,44.661,44.045,43.502,42.933,42.455,42.17,41.985,41.718,41.406,41.001,40.461,39.816,39.128,38.378,37.58,36.747,35.859,34.919,33.955,32.806,31.401,29.831,28.276,26.717,25.211,23.81,22.504,21.221,19.965,18.881,18.032,17.359,16.729,16.147,15.672,15.312,15.03,14.784,14.578,14.326,13.978,13.565,13.171,12.786,12.349,11.84,11.282,10.722,10.151,9.602,9.099,8.625,8.149,7.679,7.205,6.719,6.232,5.761,5.303,4.878,4.501,4.16,3.83,3.512,3.218,2.953,2.708,2.479,2.271,2.044,1.778,1.494,1.225,0.975,0.767,0.596,0.454,0.299,0.188,0.148,0.105,0.057,0.032,0.025,0.017,0.009
LSO,2017,53.865,51.169,50.702,48.538,46.793,45.428,44.407,43.666,43.144,42.931,43.041,43.36,43.785,44.366,44.628,44.333,43.683,43.1,42.487,41.965,41.631,41.4,41.087,40.728,40.291,39.742,39.1,38.419,37.679,36.898,36.084,35.221,34.307,33.374,32.259,30.887,29.354,27.835,26.312,24.841,23.47,22.191,20.934,19.702,18.638,17.8,17.135,16.509,15.93,15.453,15.086,14.795,14.538,14.32,14.056,13.695,13.27,12.865,12.469,12.022,11.507,10.947,10.385,9.813,9.265,8.763,8.292,7.819,7.354,6.884,6.403,5.92,5.452,4.998,4.577,4.201,3.86,3.531,3.213,2.921,2.656,2.411,2.182,1.974,1.755,1.512,1.259,1.013,0.794,0.626,0.482,0.359,0.233,0.148,0.117,0.082,0.045,0.024,0.016,0.009
LSO,2018,53.983,51.635,49.644,49.409,47.621,46.151,44.974,44.068,43.372,42.823,42.592,42.732,43.105,43.545,44.118,44.361,44.039,43.352,42.729,42.073,41.504,41.122,40.844,40.485,40.079,39.61,39.049,38.412,37.737,37.007,36.241,35.446,34.607,33.72,32.817,31.733,30.397,28.898,27.415,25.928,24.489,23.147,21.895,20.662,19.453,18.406,17.58,16.921,16.301,15.724,15.246,14.872,14.572,14.304,14.072,13.795,13.423,12.987,12.568,12.16,11.705,11.184,10.622,10.057,9.483,8.934,8.435,7.967,7.496,7.035,6.569,6.091,5.611,5.148,4.698,4.279,3.904,3.563,3.233,2.918,2.627,2.361,2.115,1.886,1.679,1.47,1.248,1.024,0.803,0.615,0.486,0.37,0.265,0.168,0.108,0.086,0.06,0.033,0.016,0.009
LSO,2019,53.897,51.962,50.239,48.717,48.134,46.724,45.528,44.54,43.748,43.096,42.521,42.271,42.441,42.868,43.325,43.889,44.114,43.762,43.04,42.377,41.676,41.06,40.631,40.305,39.899,39.448,38.946,38.374,37.74,37.071,36.35,35.599,34.824,34.007,33.147,32.274,31.221,29.918,28.454,27.004,25.553,24.146,22.834,21.607,20.398,19.213,18.184,17.369,16.716,16.1,15.525,15.045,14.665,14.355,14.074,13.832,13.54,13.156,12.708,12.277,11.858,11.392,10.865,10.3,9.733,9.157,8.607,8.108,7.643,7.176,6.719,6.256,5.782,5.305,4.846,4.399,3.984,3.608,3.266,2.938,2.625,2.334,2.067,1.82,1.592,1.384,1.184,0.984,0.791,0.593,0.436,0.346,0.258,0.17,0.102,0.07,0.054,0.038,0.02,0.008
LSO,2020,53.562,52.044,50.612,49.27,48.025,46.883,45.848,44.928,44.126,43.45,42.84,42.238,41.97,42.171,42.652,43.125,43.681,43.887,43.508,42.749,42.044,41.299,40.637,40.158,39.785,39.333,38.834,38.3,37.716,37.086,36.422,35.711,34.973,34.217,33.423,32.59,31.745,30.724,29.453,28.023,26.608,25.19,23.815,22.531,21.329,20.145,18.981,17.969,17.165,16.518,15.906,15.333,14.851,14.465,14.144,13.852,13.596,13.293,12.896,12.435,11.993,11.559,11.084,10.551,9.983,9.413,8.834,8.285,7.787,7.324,6.86,6.405,5.947,5.475,5.001,4.545,4.102,3.689,3.314,2.971,2.643,2.331,2.042,1.773,1.525,1.297,1.09,0.898,0.72,0.557,0.383,0.256,0.206,0.145,0.075,0.038,0.03,0.023,0.015,0.008
LSO,2021,52.726,52.408,51.095,49.836,48.638,47.511,46.459,45.491,44.62,43.856,43.203,42.6,41.993,41.705,41.87,42.305,42.726,43.226,43.375,42.942,42.131,41.376,40.581,39.883,39.394,39.028,38.585,38.099,37.584,37.024,36.423,35.791,35.116,34.414,33.688,32.923,32.117,31.301,30.31,29.069,27.667,26.28,24.887,23.536,22.272,21.087,19.916,18.765,17.761,16.958,16.308,15.69,15.111,14.618,14.218,13.879,13.571,13.297,12.977,12.569,12.099,11.647,11.206,10.725,10.191,9.623,9.056,8.48,7.933,7.436,6.972,6.508,6.055,5.6,5.133,4.665,4.216,3.783,3.378,3.013,2.68,2.363,2.063,1.789,1.54,1.314,1.105,0.921,0.758,0.604,0.461,0.314,0.211,0.168,0.119,0.062,0.03,0.023,0.015,0.008
LSO,2022,51.66,50.999,51.319,50.209,49.122,48.067,47.054,46.093,45.191,44.368,43.639,43.008,42.412,41.799,41.489,41.619,42.008,42.377,42.823,42.915,42.427,41.565,40.759,39.912,39.18,38.68,38.32,37.885,37.411,36.915,36.379,35.805,35.205,34.566,33.897,33.201,32.462,31.684,30.897,29.933,28.72,27.346,25.984,24.615,23.286,22.039,20.869,19.712,18.572,17.574,16.771,16.117,15.493,14.906,14.403,13.987,13.633,13.306,13.013,12.677,12.256,11.778,11.317,10.867,10.379,9.842,9.276,8.71,8.137,7.592,7.095,6.629,6.165,5.713,5.26,4.797,4.335,3.894,3.468,3.073,2.716,2.392,2.087,1.799,1.539,1.309,1.105,0.915,0.754,0.619,0.489,0.365,0.245,0.167,0.133,0.094,0.049,0.024,0.016,0.008
LSO,2023,50.543,50.27,49.851,50.279,49.372,48.455,47.542,46.643,45.77,44.932,44.157,43.463,42.855,42.264,41.643,41.314,41.408,41.752,42.07,42.461,42.498,41.954,41.04,40.182,39.282,38.515,38.002,37.648,37.221,36.76,36.281,35.768,35.222,34.653,34.049,33.413,32.746,32.032,31.282,30.522,29.586,28.399,27.05,25.713,24.367,23.057,21.828,20.672,19.528,18.397,17.404,16.601,15.942,15.311,14.717,14.202,13.771,13.399,13.054,12.742,12.39,11.956,11.468,10.998,10.537,10.044,9.505,8.937,8.372,7.803,7.259,6.759,6.293,5.828,5.377,4.926,4.466,4.011,3.575,3.157,2.77,2.421,2.108,1.812,1.536,1.29,1.079,0.898,0.725,0.587,0.481,0.375,0.27,0.177,0.122,0.097,0.068,0.035,0.016,0.008
LSO,2024,49.625,49.629,49.463,49.149,49.271,48.566,47.819,47.046,46.262,45.477,44.703,43.976,43.316,42.729,42.145,41.516,41.165,41.224,41.522,41.79,42.126,42.107,41.508,40.54,39.629,38.677,37.872,37.35,37.001,36.581,36.131,35.67,35.179,34.661,34.122,33.552,32.949,32.311,31.623,30.9,30.167,29.257,28.096,26.773,25.458,24.134,22.844,21.631,20.488,19.354,18.234,17.246,16.442,15.777,15.14,14.536,14.009,13.563,13.173,12.811,12.479,12.11,11.664,11.165,10.684,10.215,9.714,9.172,8.604,8.041,7.472,6.93,6.429,5.96,5.496,5.044,4.594,4.138,3.688,3.258,2.847,2.467,2.129,1.824,1.539,1.273,1.043,0.85,0.69,0.535,0.42,0.343,0.26,0.175,0.109,0.078,0.061,0.043,0.022,0.009
LSO,2025,49.078,49.205,49.171,48.994,48.691,48.279,47.776,47.2,46.568,45.897,45.2,44.491,43.809,43.184,42.619,42.04,41.404,41.031,41.055,41.308,41.525,41.807,41.731,41.075,40.054,39.09,38.084,37.243,36.708,36.365,35.953,35.514,35.07,34.602,34.111,33.604,33.068,32.497,31.887,31.224,30.528,29.822,28.937,27.802,26.504,25.213,23.909,22.637,21.442,20.312,19.189,18.077,17.094,16.289,15.617,14.973,14.361,13.822,13.36,12.952,12.571,12.221,11.835,11.376,10.866,10.375,9.895,9.387,8.843,8.275,7.711,7.144,6.602,6.102,5.63,5.164,4.711,4.264,3.811,3.365,2.942,2.538,2.167,1.835,1.54,1.266,1.012,0.795,0.621,0.484,0.347,0.254,0.204,0.146,0.079,0.042,0.034,0.026,0.017,0.009
LSO,2026,48.882,48.674,48.745,48.7,48.55,48.301,47.971,47.58,47.084,46.471,45.781,45.076,44.361,43.668,43.025,42.435,41.829,41.164,40.758,40.747,40.963,41.145,41.391,41.287,40.62,39.596,38.631,37.625,36.785,36.252,35.911,35.503,35.071,34.633,34.17,33.681,33.177,32.647,32.08,31.475,30.818,30.128,29.427,28.55,27.425,26.138,24.858,23.566,22.305,21.117,19.996,18.881,17.776,16.796,15.992,15.318,14.67,14.055,13.509,13.04,12.623,12.231,11.871,11.476,11.009,10.494,9.999,9.513,9.002,8.455,7.888,7.325,6.762,6.223,5.723,5.253,4.789,4.342,3.902,3.464,3.037,2.632,2.247,1.899,1.595,1.329,1.079,0.855,0.673,0.523,0.401,0.285,0.21,0.168,0.12,0.065,0.034,0.026,0.018,0.009
LSO,2027,49.063,48.894,48.281,48.295,48.24,48.116,47.921,47.674,47.394,46.979,46.386,45.674,44.961,44.241,43.535,42.874,42.26,41.627,40.932,40.494,40.449,40.628,40.774,40.984,40.853,40.173,39.147,38.179,37.173,36.335,35.803,35.465,35.061,34.635,34.203,33.743,33.258,32.758,32.232,31.672,31.071,30.42,29.735,29.039,28.169,27.054,25.778,24.509,23.227,21.975,20.797,19.684,18.577,17.479,16.503,15.698,15.021,14.37,13.751,13.2,12.723,12.296,11.894,11.525,11.12,10.645,10.125,9.623,9.133,8.618,8.071,7.503,6.943,6.382,5.846,5.347,4.877,4.417,3.974,3.542,3.118,2.709,2.323,1.957,1.632,1.354,1.117,0.893,0.699,0.55,0.425,0.318,0.224,0.165,0.132,0.095,0.051,0.026,0.018,0.009
LSO,2028,49.46,48.973,48.563,47.896,47.854,47.79,47.692,47.551,47.387,47.218,46.883,46.308,45.577,44.855,44.129,43.411,42.73,42.093,41.432,40.707,40.238,40.156,40.302,40.412,40.584,40.426,39.734,38.706,37.736,36.729,35.893,35.362,35.025,34.627,34.206,33.779,33.324,32.841,32.346,31.824,31.268,30.672,30.027,29.347,28.656,27.794,26.688,25.424,24.164,22.893,21.651,20.482,19.377,18.277,17.185,16.214,15.408,14.729,14.074,13.451,12.894,12.408,11.971,11.56,11.18,10.765,10.284,9.758,9.251,8.755,8.237,7.687,7.12,6.561,6.003,5.47,4.971,4.503,4.046,3.607,3.183,2.773,2.381,2.014,1.668,1.365,1.115,0.908,0.706,0.543,0.428,0.327,0.237,0.163,0.121,0.097,0.068,0.037,0.018,0.009
LSO,2029,49.836,49.064,48.455,47.986,47.527,47.428,47.354,47.283,47.195,47.114,47.056,46.801,46.246,45.493,44.762,44.031,43.301,42.601,41.94,41.251,40.497,39.995,39.878,39.987,40.061,40.197,40.013,39.307,38.276,37.303,36.297,35.46,34.931,34.597,34.202,33.788,33.366,32.914,32.435,31.943,31.426,30.875,30.284,29.643,28.968,28.282,27.426,26.33,25.076,23.827,22.565,21.333,20.173,19.075,17.981,16.897,15.929,15.124,14.441,13.782,13.154,12.591,12.097,11.65,11.229,10.838,10.415,9.926,9.395,8.881,8.38,7.858,7.307,6.74,6.18,5.627,5.095,4.598,4.13,3.676,3.241,2.825,2.428,2.054,1.706,1.38,1.099,0.875,0.697,0.521,0.387,0.306,0.229,0.155,0.102,0.078,0.061,0.043,0.022,0.009
LSO,2030,50.023,49.079,48.351,47.81,47.428,47.173,47.018,46.934,46.889,46.856,46.856,46.91,46.735,46.199,45.425,44.685,43.948,43.204,42.486,41.8,41.083,40.299,39.764,39.613,39.685,39.724,39.824,39.613,38.893,37.859,36.883,35.876,35.041,34.512,34.18,33.789,33.381,32.964,32.515,32.039,31.551,31.038,30.492,29.905,29.268,28.598,27.918,27.068,25.98,24.738,23.499,22.246,21.022,19.87,18.78,17.693,16.614,15.649,14.843,14.157,13.494,12.862,12.293,11.789,11.333,10.902,10.5,10.068,9.571,9.033,8.514,8.007,7.481,6.928,6.361,5.803,5.251,4.721,4.226,3.759,3.307,2.876,2.468,2.085,1.729,1.399,1.091,0.832,0.635,0.486,0.335,0.232,0.185,0.131,0.073,0.04,0.033,0.026,0.017,0.009
LSO,2031,49.886,49.35,48.562,47.956,47.506,47.188,46.974,46.834,46.76,46.733,46.72,46.724,46.773,46.586,46.03,45.232,44.467,43.7,42.927,42.178,41.462,40.716,39.902,39.344,39.179,39.246,39.28,39.376,39.165,38.453,37.427,36.463,35.467,34.643,34.122,33.793,33.407,33.003,32.591,32.145,31.67,31.183,30.672,30.125,29.537,28.898,28.226,27.542,26.692,25.607,24.368,23.134,21.886,20.667,19.518,18.429,17.345,16.268,15.304,14.498,13.809,13.143,12.508,11.934,11.423,10.957,10.517,10.107,9.666,9.163,8.62,8.097,7.587,7.06,6.508,5.944,5.392,4.848,4.329,3.846,3.396,2.962,2.549,2.165,1.813,1.493,1.193,0.922,0.705,0.535,0.403,0.276,0.191,0.152,0.108,0.06,0.033,0.025,0.017,0.009
LSO,2032,49.574,48.692,48.701,48.069,47.584,47.227,46.973,46.798,46.673,46.609,46.601,46.606,46.615,46.659,46.458,45.884,45.063,44.271,43.474,42.67,41.889,41.144,40.368,39.525,38.944,38.765,38.826,38.855,38.946,38.736,38.029,37.014,36.06,35.077,34.263,33.748,33.423,33.041,32.643,32.234,31.791,31.316,30.831,30.32,29.774,29.184,28.542,27.867,27.18,26.328,25.245,24.011,22.782,21.537,20.321,19.175,18.089,17.006,15.93,14.967,14.159,13.468,12.799,12.161,11.581,11.063,10.587,10.137,9.718,9.269,8.759,8.211,7.683,7.17,6.642,6.092,5.531,4.984,4.448,3.938,3.47,3.035,2.618,2.223,1.863,1.543,1.258,0.987,0.753,0.577,0.436,0.321,0.216,0.152,0.12,0.085,0.047,0.025,0.017,0.008
LSO,2033,49.172,48.446,47.876,48.069,47.594,47.232,46.964,46.776,46.64,46.529,46.477,46.486,46.51,46.524,46.562,46.35,45.756,44.91,44.09,43.264,42.429,41.617,40.842,40.037,39.163,38.558,38.366,38.421,38.445,38.532,38.323,37.621,36.615,35.67,34.699,33.896,33.387,33.066,32.689,32.294,31.889,31.448,30.976,30.491,29.981,29.434,28.842,28.197,27.518,26.827,25.974,24.894,23.664,22.437,21.197,19.984,18.84,17.755,16.673,15.598,14.634,13.825,13.131,12.459,11.818,11.233,10.707,10.22,9.761,9.332,8.875,8.359,7.804,7.272,6.756,6.226,5.677,5.121,4.578,4.049,3.55,3.094,2.675,2.276,1.899,1.562,1.273,1.024,0.782,0.585,0.451,0.337,0.238,0.157,0.111,0.088,0.062,0.033,0.016,0.008
LSO,2034,48.811,48.228,47.757,47.385,47.446,47.127,46.886,46.711,46.586,46.489,46.393,46.352,46.379,46.422,46.44,46.473,46.248,45.636,44.766,43.918,43.061,42.195,41.353,40.548,39.711,38.807,38.178,37.973,38.022,38.04,38.124,37.915,37.22,36.221,35.287,34.328,33.534,33.031,32.714,32.341,31.951,31.55,31.111,30.639,30.155,29.646,29.099,28.505,27.856,27.175,26.48,25.625,24.547,23.32,22.096,20.859,19.649,18.507,17.424,16.343,15.27,14.305,13.494,12.797,12.122,11.477,10.886,10.351,9.855,9.386,8.948,8.483,7.959,7.399,6.863,6.343,5.812,5.263,4.71,4.173,3.651,3.161,2.718,2.315,1.934,1.575,1.262,1.003,0.791,0.578,0.417,0.324,0.238,0.156,0.097,0.071,0.056,0.039,0.021,0.008
LSO,2035,48.582,48.077,47.657,47.315,47.04,46.826,46.663,46.544,46.458,46.4,46.342,46.26,46.23,46.275,46.337,46.36,46.387,46.149,45.518,44.623,43.748,42.861,41.964,41.09,40.255,39.388,38.453,37.8,37.582,37.625,37.639,37.719,37.511,36.82,35.83,34.906,33.958,33.174,32.678,32.365,31.995,31.611,31.212,30.775,30.305,29.822,29.314,28.766,28.169,27.517,26.832,26.134,25.277,24.2,22.977,21.757,20.523,19.315,18.176,17.094,16.015,14.942,13.977,13.163,12.463,11.785,11.136,10.54,9.996,9.492,9.013,8.565,8.09,7.559,6.995,6.454,5.931,5.397,4.849,4.299,3.767,3.252,2.773,2.343,1.956,1.592,1.25,0.96,0.733,0.557,0.373,0.248,0.196,0.138,0.073,0.039,0.031,0.024,0.016,0.008
LSO,2036,48.476,48.065,47.625,47.269,46.986,46.769,46.61,46.497,46.416,46.348,46.293,46.234,46.147,46.105,46.13,46.168,46.163,46.161,45.892,45.231,44.307,43.404,42.488,41.568,40.689,39.854,38.99,38.06,37.414,37.199,37.246,37.264,37.351,37.15,36.469,35.49,34.576,33.638,32.861,32.367,32.053,31.684,31.298,30.896,30.454,29.976,29.486,28.97,28.413,27.808,27.146,26.452,25.744,24.881,23.799,22.574,21.353,20.115,18.908,17.77,16.69,15.613,14.543,13.58,12.766,12.064,11.383,10.733,10.133,9.583,9.068,8.581,8.125,7.645,7.111,6.544,6.003,5.482,4.956,4.422,3.891,3.381,2.888,2.436,2.041,1.692,1.36,1.058,0.814,0.618,0.462,0.307,0.205,0.162,0.114,0.06,0.031,0.024,0.016,0.008
LSO,2037,48.491,47.915,47.556,47.18,46.888,46.667,46.506,46.4,46.34,46.295,46.244,46.192,46.133,46.042,45.987,45.994,46.007,45.974,45.942,45.642,44.951,43.998,43.065,42.12,41.181,40.294,39.461,38.6,37.674,37.032,36.822,36.873,36.896,36.989,36.796,36.124,35.156,34.251,33.323,32.553,32.063,31.748,31.378,30.989,30.584,30.137,29.653,29.156,28.632,28.066,27.451,26.781,26.077,25.36,24.488,23.403,22.176,20.951,19.712,18.504,17.367,16.289,15.214,14.147,13.185,12.37,11.666,10.983,10.331,9.729,9.17,8.646,8.15,7.688,7.202,6.662,6.095,5.553,5.033,4.515,3.996,3.485,2.996,2.524,2.101,1.739,1.429,1.128,0.867,0.668,0.504,0.367,0.241,0.163,0.128,0.09,0.047,0.024,0.016,0.008
LSO,2038,48.576,47.903,47.353,47.053,46.742,46.514,46.354,46.251,46.197,46.188,46.179,46.148,46.098,46.039,45.944,45.877,45.864,45.851,45.792,45.729,45.399,44.677,43.696,42.734,41.759,40.799,39.904,39.073,38.214,37.293,36.656,36.45,36.503,36.534,36.633,36.448,35.785,34.826,33.932,33.013,32.25,31.762,31.446,31.076,30.686,30.278,29.825,29.334,28.829,28.297,27.723,27.099,26.419,25.706,24.98,24.1,23.009,21.78,20.553,19.312,18.102,16.966,15.891,14.819,13.753,12.792,11.976,11.27,10.586,9.932,9.325,8.758,8.224,7.721,7.251,6.758,6.216,5.646,5.104,4.586,4.075,3.57,3.079,2.611,2.162,1.766,1.438,1.166,0.897,0.675,0.522,0.39,0.273,0.174,0.12,0.094,0.066,0.034,0.016,0.008
LSO,2039,48.661,47.902,47.288,46.806,46.559,46.313,46.148,46.048,46.002,46.002,46.045,46.074,46.059,46.012,45.954,45.853,45.774,45.742,45.705,45.617,45.525,45.165,44.412,43.401,42.41,41.405,40.424,39.521,38.693,37.836,36.919,36.286,36.084,36.142,36.177,36.282,36.105,35.452,34.503,33.618,32.709,31.953,31.467,31.151,30.779,30.388,29.977,29.518,29.02,28.507,27.968,27.385,26.751,26.062,25.339,24.603,23.716,22.62,21.388,20.158,18.914,17.704,16.568,15.496,14.425,13.362,12.401,11.585,10.876,10.189,9.534,8.923,8.348,7.805,7.293,6.815,6.317,5.77,5.198,4.656,4.14,3.635,3.144,2.674,2.226,1.8,1.43,1.138,0.904,0.665,0.484,0.377,0.276,0.179,0.108,0.078,0.06,0.042,0.021,0.008
LSO,2040,48.685,47.885,47.239,46.731,46.348,46.073,45.892,45.79,45.751,45.762,45.816,45.91,45.975,45.979,45.935,45.876,45.77,45.68,45.628,45.566,45.45,45.329,44.937,44.154,43.114,42.094,41.058,40.057,39.146,38.318,37.463,36.551,35.923,35.725,35.787,35.827,35.938,35.769,35.125,34.186,33.311,32.41,31.66,31.178,30.861,30.488,30.095,29.68,29.217,28.711,28.191,27.643,27.051,26.408,25.708,24.976,24.231,23.335,22.235,21,19.767,18.52,17.308,16.173,15.103,14.034,12.972,12.013,11.195,10.483,9.794,9.138,8.522,7.94,7.387,6.865,6.381,5.876,5.325,4.751,4.209,3.694,3.196,2.719,2.267,1.842,1.437,1.095,0.836,0.641,0.435,0.292,0.231,0.162,0.084,0.043,0.035,0.026,0.017,0.008
LSO,2041,48.594,48.109,47.425,46.874,46.442,46.118,45.885,45.731,45.648,45.627,45.65,45.708,45.797,45.851,45.836,45.768,45.683,45.549,45.428,45.347,45.254,45.11,44.959,44.547,43.757,42.72,41.703,40.673,39.679,38.779,37.965,37.124,36.228,35.613,35.42,35.483,35.526,35.638,35.47,34.83,33.896,33.023,32.125,31.375,30.886,30.562,30.179,29.776,29.349,28.873,28.354,27.82,27.259,26.652,25.993,25.277,24.529,23.768,22.861,21.753,20.516,19.281,18.033,16.822,15.689,14.622,13.559,12.502,11.547,10.731,10.018,9.329,8.674,8.058,7.472,6.912,6.388,5.901,5.4,4.859,4.303,3.779,3.283,2.812,2.372,1.966,1.575,1.217,0.93,0.707,0.532,0.357,0.242,0.191,0.134,0.069,0.036,0.027,0.017,0.008
LSO,2042,48.455,47.712,47.547,46.981,46.524,46.169,45.903,45.712,45.583,45.52,45.516,45.553,45.614,45.698,45.741,45.707,45.616,45.503,45.342,45.191,45.079,44.957,44.783,44.602,44.17,43.374,42.34,41.326,40.3,39.314,38.425,37.623,36.796,35.916,35.312,35.126,35.19,35.235,35.349,35.183,34.546,33.617,32.747,31.851,31.1,30.605,30.271,29.879,29.465,29.026,28.537,28.005,27.457,26.882,26.261,25.586,24.853,24.089,23.312,22.393,21.28,20.039,18.802,17.551,16.341,15.21,14.147,13.088,12.037,11.085,10.27,9.556,8.866,8.213,7.596,7.006,6.441,5.912,5.424,4.925,4.396,3.856,3.351,2.873,2.429,2.027,1.665,1.311,0.998,0.765,0.577,0.424,0.281,0.192,0.151,0.105,0.054,0.028,0.019,0.009
LSO,2043,48.277,47.608,47.048,46.997,46.546,46.185,45.905,45.697,45.549,45.446,45.402,45.416,45.466,45.529,45.609,45.64,45.588,45.473,45.334,45.144,44.964,44.82,44.67,44.467,44.256,43.803,43,41.968,40.956,39.936,38.957,38.079,37.289,36.477,35.611,35.021,34.839,34.906,34.952,35.067,34.902,34.269,33.344,32.477,31.584,30.831,30.33,29.987,29.585,29.161,28.71,28.209,27.664,27.102,26.513,25.876,25.184,24.435,23.655,22.862,21.931,20.81,19.567,18.327,17.074,15.862,14.734,13.675,12.62,11.573,10.625,9.811,9.094,8.406,7.755,7.136,6.542,5.971,5.438,4.947,4.451,3.933,3.411,2.923,2.464,2.047,1.682,1.364,1.045,0.778,0.6,0.448,0.315,0.204,0.141,0.111,0.077,0.039,0.02,0.009
LSO,2044,48.077,47.486,46.981,46.558,46.451,46.116,45.85,45.646,45.497,45.39,45.314,45.289,45.32,45.382,45.449,45.525,45.545,45.475,45.335,45.169,44.951,44.741,44.568,44.388,44.154,43.914,43.442,42.63,41.601,40.592,39.576,38.606,37.737,36.961,36.161,35.311,34.733,34.557,34.625,34.673,34.789,34.626,33.997,33.075,32.212,31.319,30.564,30.058,29.706,29.295,28.86,28.397,27.883,27.324,26.748,26.146,25.495,24.786,24.02,23.223,22.414,21.47,20.343,19.096,17.852,16.598,15.386,14.26,13.204,12.152,11.111,10.167,9.352,8.636,7.946,7.297,6.677,6.078,5.501,4.964,4.471,3.978,3.47,2.964,2.496,2.055,1.664,1.337,1.063,0.78,0.56,0.434,0.319,0.208,0.128,0.092,0.071,0.049,0.025,0.009
LSO,2045,47.869,47.346,46.892,46.504,46.177,45.907,45.689,45.518,45.39,45.299,45.234,45.185,45.179,45.227,45.302,45.373,45.445,45.453,45.363,45.2,45.008,44.761,44.521,44.317,44.107,43.845,43.575,43.081,42.263,41.236,40.23,39.219,38.255,37.398,36.633,35.848,35.012,34.445,34.276,34.346,34.395,34.512,34.351,33.726,32.808,31.947,31.057,30.301,29.788,29.428,29.006,28.56,28.086,27.559,26.986,26.397,25.779,25.113,24.388,23.605,22.792,21.967,21.012,19.877,18.626,17.38,16.123,14.911,13.786,12.734,11.686,10.65,9.708,8.895,8.176,7.487,6.839,6.218,5.615,5.031,4.491,3.995,3.505,3.007,2.519,2.068,1.645,1.282,0.993,0.763,0.515,0.341,0.269,0.189,0.1,0.051,0.041,0.031,0.021,0.009
LSO,2046,47.625,47.361,46.917,46.534,46.21,45.938,45.715,45.537,45.396,45.284,45.199,45.137,45.083,45.067,45.096,45.149,45.193,45.237,45.217,45.099,44.908,44.689,44.415,44.155,43.945,43.736,43.476,43.21,42.723,41.916,40.903,39.911,38.914,37.966,37.121,36.367,35.592,34.767,34.205,34.034,34.097,34.14,34.247,34.078,33.447,32.527,31.66,30.762,29.996,29.472,29.095,28.657,28.195,27.702,27.156,26.563,25.953,25.315,24.63,23.885,23.082,22.252,21.409,20.441,19.3,18.047,16.801,15.544,14.335,13.216,12.171,11.133,10.109,9.177,8.368,7.653,6.97,6.33,5.719,5.127,4.557,4.034,3.553,3.088,2.629,2.186,1.772,1.397,1.089,0.839,0.634,0.424,0.282,0.223,0.156,0.082,0.043,0.033,0.022,0.01
LSO,2047,47.375,46.952,46.862,46.497,46.187,45.926,45.708,45.533,45.394,45.282,45.187,45.11,45.048,44.991,44.964,44.975,45.004,45.023,45.038,44.989,44.844,44.626,44.379,44.078,43.8,43.582,43.373,43.116,42.852,42.373,41.577,40.577,39.601,38.619,37.685,36.852,36.107,35.343,34.528,33.972,33.799,33.855,33.891,33.989,33.812,33.176,32.252,31.378,30.474,29.699,29.161,28.768,28.314,27.835,27.325,26.758,26.144,25.513,24.857,24.151,23.385,22.564,21.716,20.856,19.875,18.727,17.473,16.225,14.968,13.762,12.649,11.611,10.582,9.569,8.646,7.842,7.131,6.453,5.821,5.221,4.64,4.086,3.577,3.113,2.673,2.251,1.854,1.476,1.148,0.897,0.686,0.505,0.333,0.224,0.177,0.124,0.064,0.034,0.022,0.01
LSO,2048,47.123,46.735,46.399,46.37,46.085,45.846,45.647,45.485,45.356,45.257,45.174,45.096,45.026,44.966,44.905,44.867,44.861,44.866,44.859,44.846,44.769,44.594,44.348,44.075,43.746,43.449,43.224,43.016,42.76,42.501,42.029,41.243,40.257,39.295,38.328,37.408,36.587,35.853,35.098,34.294,33.742,33.568,33.618,33.647,33.736,33.551,32.909,31.981,31.101,30.19,29.405,28.853,28.445,27.975,27.479,26.951,26.365,25.73,25.079,24.401,23.675,22.891,22.049,21.183,20.306,19.311,18.157,16.9,15.651,14.394,13.19,12.083,11.053,10.033,9.03,8.117,7.319,6.61,5.938,5.314,4.723,4.154,3.614,3.122,2.673,2.257,1.873,1.523,1.181,0.9,0.705,0.533,0.377,0.243,0.166,0.13,0.09,0.047,0.023,0.01
LSO,2049,46.873,46.511,46.202,45.938,45.88,45.676,45.507,45.373,45.265,45.183,45.124,45.07,45.009,44.946,44.887,44.823,44.774,44.749,44.732,44.697,44.658,44.551,44.348,44.075,43.775,43.419,43.102,42.869,42.663,42.409,42.153,41.688,40.913,39.94,38.992,38.041,37.135,36.325,35.602,34.857,34.062,33.516,33.339,33.384,33.405,33.485,33.292,32.645,31.712,30.827,29.908,29.113,28.549,28.124,27.638,27.125,26.579,25.972,25.317,24.645,23.948,23.202,22.397,21.536,20.651,19.757,18.75,17.588,16.329,15.078,13.821,12.62,11.518,10.495,9.484,8.493,7.589,6.796,6.09,5.425,4.807,4.226,3.668,3.143,2.665,2.233,1.842,1.496,1.191,0.886,0.651,0.513,0.38,0.248,0.152,0.108,0.084,0.058,0.029,0.011
LSO,2050,46.627,46.283,45.993,45.751,45.552,45.393,45.268,45.172,45.1,45.047,45.012,44.992,44.967,44.925,44.868,44.811,44.741,44.682,44.64,44.598,44.538,44.47,44.335,44.104,43.803,43.476,43.093,42.757,42.517,42.312,42.059,41.807,41.348,40.584,39.624,38.69,37.754,36.862,36.066,35.352,34.616,33.831,33.29,33.113,33.151,33.165,33.236,33.035,32.382,31.445,30.553,29.627,28.823,28.245,27.805,27.302,26.773,26.207,25.581,24.904,24.212,23.495,22.729,21.903,21.023,20.12,19.209,18.189,17.019,15.758,14.505,13.249,12.051,10.954,9.938,8.936,7.956,7.061,6.273,5.57,4.91,4.3,3.728,3.183,2.671,2.21,1.793,1.428,1.118,0.859,0.59,0.403,0.321,0.227,0.12,0.061,0.05,0.038,0.025,0.011
LSO,2051,46.373,46.157,45.876,45.646,45.46,45.315,45.203,45.124,45.06,45.005,44.956,44.921,44.899,44.864,44.803,44.724,44.641,44.546,44.458,44.389,44.321,44.236,44.142,43.988,43.751,43.455,43.132,42.755,42.427,42.196,42.002,41.762,41.522,41.077,40.324,39.374,38.45,37.522,36.638,35.845,35.132,34.397,33.612,33.065,32.876,32.899,32.896,32.949,32.731,32.066,31.118,30.214,29.275,28.455,27.857,27.394,26.868,26.316,25.727,25.077,24.378,23.662,22.923,22.135,21.287,20.386,19.463,18.534,17.501,16.33,15.071,13.824,12.575,11.387,10.303,9.304,8.32,7.362,6.49,5.724,5.046,4.412,3.829,3.289,2.785,2.319,1.896,1.525,1.214,0.946,0.714,0.486,0.334,0.266,0.187,0.099,0.052,0.039,0.026,0.012
LSO,2052,46.131,45.787,45.692,45.473,45.304,45.176,45.082,45.02,44.984,44.955,44.915,44.871,44.837,44.812,44.765,44.687,44.585,44.477,44.355,44.239,44.142,44.049,43.938,43.818,43.647,43.404,43.112,42.793,42.423,42.103,41.882,41.698,41.469,41.242,40.809,40.068,39.128,38.214,37.296,36.417,35.628,34.917,34.182,33.395,32.844,32.643,32.65,32.632,32.666,32.431,31.754,30.795,29.878,28.927,28.089,27.471,26.986,26.438,25.862,25.25,24.577,23.853,23.115,22.354,21.544,20.674,19.751,18.808,17.86,16.817,15.641,14.386,13.144,11.903,10.725,9.655,8.67,7.705,6.77,5.92,5.177,4.523,3.914,3.357,2.851,2.387,1.967,1.581,1.257,1.001,0.773,0.571,0.383,0.266,0.211,0.149,0.077,0.041,0.027,0.012
LSO,2053,45.896,45.54,45.258,45.231,45.076,44.967,44.895,44.854,44.84,44.849,44.852,44.83,44.789,44.757,44.727,44.671,44.575,44.45,44.317,44.167,44.025,43.9,43.781,43.643,43.498,43.309,43.062,42.773,42.458,42.093,41.782,41.57,41.397,41.18,40.965,40.545,39.816,38.886,37.982,37.072,36.2,35.415,34.705,33.969,33.182,32.625,32.414,32.406,32.37,32.386,32.135,31.444,30.474,29.545,28.579,27.727,27.089,26.58,26.009,25.411,24.775,24.078,23.331,22.569,21.787,20.955,20.062,19.117,18.155,17.19,16.134,14.954,13.702,12.465,11.231,10.064,9.007,8.038,7.092,6.177,5.35,4.63,4,3.417,2.887,2.413,1.99,1.616,1.266,0.989,0.789,0.602,0.426,0.279,0.197,0.156,0.109,0.056,0.029,0.014
LSO,2054,45.659,45.29,45.004,44.791,44.774,44.682,44.633,44.617,44.629,44.662,44.717,44.753,44.748,44.712,44.679,44.647,44.58,44.466,44.319,44.16,43.984,43.813,43.661,43.516,43.353,43.18,42.975,42.722,42.437,42.126,41.767,41.465,41.262,41.099,40.893,40.692,40.283,39.565,38.646,37.751,36.851,35.986,35.205,34.495,33.759,32.971,32.409,32.186,32.163,32.111,32.109,31.84,31.136,30.156,29.214,28.235,27.367,26.708,26.176,25.583,24.962,24.302,23.581,22.81,22.025,21.221,20.367,19.452,18.485,17.503,16.52,15.452,14.269,13.019,11.786,10.561,9.404,8.36,7.406,6.478,5.585,4.781,4.084,3.478,2.92,2.416,1.975,1.592,1.264,0.952,0.722,0.575,0.43,0.283,0.176,0.128,0.1,0.069,0.035,0.014
LSO,2055,45.414,45.037,44.748,44.538,44.398,44.319,44.289,44.299,44.342,44.405,44.487,44.588,44.656,44.667,44.635,44.603,44.568,44.491,44.36,44.189,44.005,43.802,43.603,43.424,43.252,43.064,42.865,42.642,42.383,42.102,41.796,41.444,41.148,40.955,40.802,40.609,40.42,40.025,39.317,38.408,37.523,36.631,35.773,34.995,34.287,33.551,32.762,32.194,31.96,31.921,31.854,31.832,31.548,30.83,29.838,28.884,27.892,27.007,26.329,25.774,25.157,24.513,23.83,23.085,22.29,21.482,20.656,19.78,18.842,17.854,16.852,15.851,14.77,13.583,12.336,11.109,9.89,8.744,7.713,6.775,5.865,4.993,4.211,3.537,2.954,2.424,1.947,1.536,1.194,0.913,0.637,0.454,0.362,0.258,0.139,0.073,0.06,0.046,0.031,0.015
LSO,2056,45.145,44.935,44.635,44.415,44.265,44.178,44.142,44.149,44.187,44.245,44.316,44.4,44.497,44.556,44.549,44.494,44.438,44.376,44.272,44.114,43.919,43.712,43.483,43.27,43.086,42.92,42.736,42.545,42.332,42.085,41.817,41.525,41.188,40.905,40.721,40.573,40.385,40.2,39.808,39.103,38.195,37.308,36.414,35.551,34.768,34.054,33.309,32.509,31.928,31.674,31.613,31.521,31.474,31.165,30.429,29.42,28.447,27.436,26.531,25.828,25.247,24.605,23.935,23.228,22.455,21.633,20.8,19.95,19.052,18.093,17.084,16.067,15.052,13.968,12.787,11.556,10.347,9.15,8.033,7.037,6.14,5.274,4.447,3.714,3.093,2.564,2.078,1.656,1.308,1.012,0.761,0.526,0.377,0.301,0.213,0.114,0.061,0.047,0.031,0.015
LSO,2057,44.871,44.492,44.462,44.239,44.088,43.999,43.963,43.971,44.016,44.081,44.155,44.232,44.319,44.412,44.461,44.438,44.361,44.279,44.19,44.06,43.876,43.656,43.425,43.172,42.941,42.754,42.593,42.415,42.231,42.026,41.792,41.536,41.258,40.937,40.668,40.492,40.35,40.167,39.987,39.597,38.894,37.986,37.1,36.202,35.335,34.546,33.823,33.07,32.262,31.665,31.393,31.308,31.192,31.12,30.787,30.032,29.005,28.014,26.984,26.058,25.331,24.724,24.056,23.362,22.628,21.829,20.979,20.12,19.247,18.326,17.346,16.318,15.285,14.257,13.168,11.994,10.777,9.586,8.412,7.322,6.362,5.505,4.683,3.902,3.218,2.648,2.174,1.733,1.367,1.081,0.829,0.609,0.416,0.299,0.238,0.169,0.09,0.048,0.032,0.015
LSO,2058,44.595,44.22,43.939,43.993,43.848,43.764,43.736,43.752,43.804,43.885,43.978,44.069,44.153,44.241,44.332,44.37,44.33,44.23,44.124,44.009,43.852,43.642,43.397,43.141,42.863,42.617,42.425,42.27,42.098,41.92,41.725,41.503,41.259,40.996,40.69,40.434,40.266,40.129,39.951,39.776,39.389,38.688,37.781,36.893,35.993,35.122,34.328,33.597,32.835,32.017,31.407,31.115,31.007,30.866,30.769,30.413,29.637,28.594,27.582,26.534,25.587,24.836,24.203,23.51,22.79,22.031,21.204,20.327,19.442,18.546,17.603,16.6,15.553,14.504,13.463,12.368,11.2,9.999,8.827,7.674,6.613,5.688,4.872,4.093,3.357,2.722,2.204,1.784,1.389,1.078,0.854,0.648,0.458,0.305,0.222,0.176,0.124,0.065,0.033,0.016
LSO,2059,44.316,43.948,43.673,43.482,43.526,43.458,43.444,43.476,43.544,43.64,43.758,43.877,43.984,44.076,44.166,44.254,44.283,44.224,44.102,43.972,43.83,43.645,43.409,43.14,42.859,42.557,42.294,42.1,41.948,41.782,41.611,41.426,41.215,40.986,40.736,40.445,40.202,40.043,39.911,39.739,39.568,39.184,38.485,37.578,36.689,35.786,34.911,34.111,33.373,32.602,31.773,31.149,30.838,30.706,30.542,30.419,30.039,29.244,28.183,27.154,26.086,25.117,24.342,23.683,22.965,22.22,21.434,20.581,19.676,18.765,17.846,16.88,15.855,14.789,13.724,12.669,11.57,10.409,9.222,8.067,6.936,5.904,5.014,4.239,3.503,2.813,2.226,1.76,1.394,1.044,0.789,0.625,0.466,0.306,0.194,0.145,0.114,0.08,0.041,0.016
LSO,2060,44.034,43.673,43.404,43.219,43.108,43.061,43.07,43.125,43.217,43.336,43.477,43.632,43.778,43.902,44.001,44.093,44.178,44.196,44.121,43.975,43.82,43.652,43.441,43.178,42.884,42.578,42.252,41.973,41.775,41.629,41.468,41.304,41.129,40.929,40.712,40.477,40.201,39.971,39.821,39.694,39.527,39.36,38.979,38.282,37.376,36.486,35.58,34.701,33.895,33.149,32.369,31.531,30.893,30.562,30.407,30.219,30.07,29.666,28.852,27.773,26.725,25.638,24.648,23.85,23.164,22.42,21.651,20.838,19.958,19.026,18.089,17.146,16.157,15.111,14.025,12.944,11.876,10.772,9.616,8.444,7.309,6.199,5.195,4.339,3.605,2.913,2.267,1.729,1.317,1.003,0.699,0.5,0.398,0.283,0.154,0.083,0.067,0.052,0.035,0.016
LSO,2061,43.738,43.562,43.28,43.08,42.955,42.894,42.89,42.934,43.015,43.123,43.25,43.392,43.544,43.681,43.788,43.864,43.931,43.991,43.983,43.882,43.713,43.534,43.342,43.116,42.851,42.565,42.266,41.948,41.681,41.496,41.363,41.218,41.07,40.909,40.72,40.511,40.282,40.012,39.784,39.631,39.5,39.325,39.149,38.759,38.055,37.141,36.24,35.323,34.431,33.611,32.851,32.055,31.201,30.543,30.185,30,29.78,29.598,29.165,28.327,27.229,26.16,25.054,24.041,23.215,22.499,21.726,20.93,20.091,19.183,18.224,17.265,16.302,15.297,14.24,13.146,12.061,10.995,9.906,8.786,7.663,6.579,5.524,4.581,3.794,3.132,2.499,1.929,1.474,1.118,0.838,0.578,0.415,0.33,0.234,0.127,0.07,0.053,0.036,0.017
LSO,2062,43.445,43.097,43.096,42.892,42.762,42.696,42.687,42.725,42.804,42.91,43.034,43.169,43.314,43.463,43.59,43.679,43.733,43.777,43.809,43.774,43.649,43.455,43.254,43.038,42.796,42.53,42.25,41.959,41.649,41.393,41.222,41.104,40.974,40.842,40.694,40.515,40.313,40.091,39.828,39.603,39.447,39.309,39.128,38.943,38.545,37.832,36.91,36,35.07,34.165,33.332,32.558,31.747,30.876,30.197,29.812,29.595,29.344,29.129,28.667,27.806,26.688,25.599,24.472,23.437,22.583,21.836,21.035,20.212,19.346,18.411,17.424,16.442,15.461,14.44,13.369,12.268,11.181,10.116,9.042,7.957,6.883,5.85,4.85,3.967,3.248,2.658,2.085,1.591,1.22,0.919,0.671,0.457,0.33,0.262,0.186,0.1,0.055,0.036,0.017
LSO,2063,43.149,42.809,42.557,42.633,42.508,42.447,42.441,42.483,42.564,42.676,42.809,42.949,43.091,43.238,43.385,43.502,43.574,43.607,43.624,43.631,43.571,43.419,43.203,42.976,42.738,42.481,42.212,41.939,41.655,41.355,41.109,40.951,40.848,40.733,40.617,40.484,40.314,40.12,39.905,39.648,39.424,39.266,39.123,38.935,38.74,38.333,37.612,36.682,35.761,34.821,33.902,33.056,32.267,31.44,30.554,29.854,29.442,29.193,28.911,28.662,28.171,27.287,26.15,25.04,23.893,22.835,21.953,21.176,20.345,19.496,18.603,17.639,16.627,15.621,14.62,13.583,12.5,11.391,10.301,9.237,8.178,7.128,6.103,5.123,4.176,3.355,2.704,2.185,1.672,1.253,0.965,0.721,0.506,0.336,0.246,0.194,0.137,0.073,0.037,0.018
LSO,2064,42.837,42.509,42.268,42.107,42.174,42.128,42.135,42.19,42.282,42.405,42.553,42.71,42.867,43.017,43.166,43.31,43.417,43.473,43.482,43.476,43.456,43.369,43.192,42.952,42.703,42.44,42.169,41.897,41.631,41.354,41.062,40.829,40.683,40.594,40.494,40.395,40.275,40.116,39.928,39.721,39.47,39.248,39.089,38.939,38.743,38.541,38.124,37.395,36.456,35.525,34.573,33.642,32.782,31.978,31.135,30.233,29.513,29.073,28.794,28.48,28.199,27.678,26.77,25.613,24.483,23.316,22.234,21.325,20.517,19.657,18.78,17.86,16.869,15.831,14.801,13.781,12.729,11.632,10.515,9.422,8.358,7.315,6.299,5.325,4.395,3.502,2.741,2.158,1.712,1.259,0.915,0.711,0.522,0.34,0.215,0.161,0.127,0.088,0.046,0.018
LSO,2065,42.504,42.194,41.967,41.817,41.736,41.715,41.748,41.825,41.939,42.083,42.248,42.43,42.613,42.786,42.944,43.095,43.236,43.334,43.372,43.36,43.328,43.283,43.17,42.967,42.703,42.43,42.144,41.857,41.584,41.324,41.054,40.771,40.548,40.417,40.342,40.258,40.175,40.068,39.919,39.739,39.538,39.293,39.074,38.911,38.756,38.553,38.342,37.916,37.178,36.232,35.291,34.326,33.382,32.509,31.69,30.832,29.913,29.172,28.706,28.395,28.05,27.735,27.184,26.253,25.077,23.926,22.739,21.635,20.697,19.859,18.971,18.066,17.118,16.1,15.034,13.981,12.942,11.873,10.764,9.639,8.543,7.48,6.452,5.471,4.545,3.666,2.828,2.129,1.614,1.239,0.845,0.576,0.457,0.323,0.174,0.093,0.076,0.059,0.039,0.018
LSO,2066,42.13,42.041,41.807,41.649,41.558,41.527,41.548,41.613,41.716,41.845,41.996,42.165,42.344,42.518,42.673,42.81,42.937,43.052,43.124,43.137,43.101,43.048,42.98,42.852,42.648,42.391,42.127,41.851,41.576,41.318,41.074,40.823,40.557,40.35,40.229,40.163,40.085,40.008,39.905,39.754,39.569,39.36,39.107,38.878,38.702,38.531,38.312,38.082,37.639,36.884,35.922,34.964,33.981,33.018,32.125,31.286,30.406,29.466,28.699,28.2,27.853,27.472,27.121,26.536,25.579,24.38,23.208,22,20.872,19.906,19.038,18.122,17.195,16.226,15.187,14.106,13.042,11.997,10.934,9.846,8.755,7.696,6.671,5.699,4.794,3.958,3.151,2.407,1.817,1.371,1.034,0.698,0.48,0.379,0.267,0.144,0.079,0.06,0.04,0.02
LSO,2067,41.74,41.483,41.585,41.428,41.337,41.305,41.323,41.386,41.486,41.613,41.759,41.918,42.087,42.265,42.429,42.567,42.681,42.785,42.875,42.92,42.909,42.849,42.773,42.682,42.541,42.335,42.087,41.831,41.563,41.302,41.059,40.831,40.597,40.35,40.158,40.048,39.989,39.919,39.848,39.747,39.595,39.404,39.19,38.929,38.689,38.5,38.313,38.077,37.828,37.367,36.595,35.618,34.643,33.641,32.66,31.746,30.886,29.985,29.023,28.23,27.699,27.317,26.898,26.51,25.893,24.909,23.688,22.493,21.264,20.113,19.119,18.218,17.277,16.326,15.336,14.278,13.18,12.107,11.056,9.998,8.93,7.872,6.849,5.864,4.947,4.118,3.371,2.636,1.986,1.506,1.129,0.828,0.552,0.383,0.302,0.212,0.113,0.061,0.041,0.02
LSO,2068,41.349,41.12,40.962,41.132,41.054,41.03,41.057,41.124,41.229,41.363,41.514,41.676,41.843,42.016,42.19,42.345,42.466,42.559,42.637,42.702,42.722,42.686,42.603,42.504,42.391,42.234,42.028,41.787,41.539,41.282,41.033,40.804,40.593,40.375,40.147,39.97,39.872,39.82,39.757,39.691,39.593,39.44,39.244,39.023,38.754,38.504,38.3,38.099,37.845,37.578,37.098,36.311,35.318,34.326,33.306,32.304,31.371,30.489,29.567,28.583,27.764,27.201,26.782,26.328,25.903,25.253,24.242,22.999,21.781,20.532,19.356,18.334,17.402,16.433,15.46,14.448,13.371,12.257,11.172,10.114,9.062,8.015,6.99,6.004,5.057,4.194,3.442,2.785,2.121,1.564,1.194,0.887,0.624,0.406,0.286,0.224,0.157,0.082,0.042,0.021
LSO,2069,40.979,40.768,40.626,40.546,40.683,40.681,40.726,40.811,40.929,41.075,41.242,41.419,41.596,41.771,41.945,42.119,42.263,42.369,42.438,42.493,42.532,42.526,42.465,42.359,42.238,42.102,41.931,41.723,41.49,41.25,41.002,40.766,40.552,40.357,40.157,39.946,39.784,39.697,39.654,39.598,39.538,39.443,39.288,39.087,38.859,38.582,38.32,38.105,37.887,37.617,37.33,36.833,36.029,35.02,34.011,32.971,31.952,30.998,30.096,29.15,28.145,27.301,26.705,26.249,25.76,25.298,24.614,23.576,22.311,21.07,19.799,18.601,17.549,16.587,15.591,14.594,13.56,12.464,11.333,10.238,9.173,8.127,7.101,6.107,5.159,4.251,3.442,2.766,2.198,1.606,1.143,0.884,0.645,0.419,0.259,0.188,0.147,0.102,0.053,0.021
LSO,2070,40.644,40.436,40.297,40.221,40.203,40.234,40.31,40.423,40.566,40.734,40.922,41.123,41.324,41.518,41.7,41.877,42.047,42.183,42.271,42.319,42.35,42.363,42.331,42.245,42.117,41.972,41.813,41.629,41.42,41.194,40.962,40.724,40.499,40.301,40.123,39.939,39.747,39.601,39.525,39.489,39.44,39.387,39.294,39.137,38.931,38.697,38.411,38.139,37.909,37.676,37.389,37.084,36.569,35.748,34.723,33.697,32.639,31.599,30.626,29.702,28.734,27.708,26.838,26.209,25.718,25.192,24.693,23.975,22.912,21.623,20.36,19.068,17.846,16.765,15.772,14.748,13.728,12.673,11.556,10.41,9.304,8.233,7.192,6.186,5.225,4.314,3.443,2.69,2.09,1.613,1.092,0.722,0.573,0.404,0.215,0.113,0.091,0.069,0.046,0.022
LSO,2071,40.337,40.214,40.064,39.981,39.957,39.987,40.062,40.179,40.321,40.481,40.653,40.841,41.04,41.233,41.41,41.57,41.724,41.869,41.978,42.043,42.067,42.077,42.068,42.023,41.936,41.816,41.681,41.532,41.361,41.167,40.959,40.746,40.526,40.32,40.133,39.965,39.791,39.605,39.463,39.385,39.344,39.288,39.225,39.121,38.951,38.73,38.479,38.176,37.883,37.632,37.374,37.061,36.73,36.189,35.346,34.298,33.249,32.166,31.102,30.105,29.158,28.168,27.12,26.22,25.554,25.018,24.45,23.909,23.155,22.064,20.754,19.473,18.167,16.928,15.826,14.812,13.774,12.743,11.688,10.587,9.467,8.391,7.355,6.364,5.43,4.557,3.715,2.938,2.299,1.777,1.345,0.902,0.601,0.476,0.334,0.177,0.096,0.073,0.049,0.022
LSO,2072,40.067,39.808,39.787,39.696,39.669,39.698,39.775,39.894,40.051,40.224,40.398,40.576,40.766,40.962,41.146,41.306,41.444,41.575,41.693,41.779,41.819,41.821,41.808,41.777,41.718,41.631,41.519,41.393,41.254,41.098,40.92,40.73,40.534,40.334,40.143,39.97,39.81,39.645,39.467,39.329,39.249,39.203,39.139,39.067,38.951,38.769,38.534,38.266,37.945,37.633,37.358,37.077,36.738,36.38,35.814,34.947,33.878,32.804,31.697,30.609,29.589,28.618,27.604,26.533,25.605,24.9,24.32,23.711,23.127,22.336,21.218,19.889,18.588,17.267,16.012,14.89,13.853,12.8,11.759,10.706,9.619,8.526,7.48,6.477,5.536,4.675,3.89,3.117,2.433,1.908,1.462,1.079,0.713,0.48,0.38,0.266,0.139,0.077,0.05,0.024
LSO,2073,39.819,39.521,39.319,39.364,39.332,39.36,39.442,39.566,39.731,39.928,40.13,40.32,40.503,40.694,40.888,41.063,41.206,41.323,41.429,41.523,41.582,41.598,41.578,41.542,41.49,41.419,41.33,41.227,41.109,40.982,40.838,40.677,40.503,40.326,40.145,39.971,39.81,39.661,39.503,39.333,39.198,39.117,39.065,38.994,38.913,38.786,38.591,38.34,38.057,37.717,37.385,37.088,36.782,36.418,36.033,35.441,34.551,33.46,32.362,31.231,30.118,29.074,28.08,27.043,25.949,24.992,24.249,23.626,22.974,22.347,21.521,20.375,19.025,17.705,16.37,15.099,13.955,12.897,11.828,10.777,9.724,8.651,7.585,6.571,5.6,4.709,3.92,3.222,2.52,1.928,1.517,1.149,0.812,0.523,0.36,0.283,0.197,0.103,0.054,0.025
LSO,2074,39.57,39.238,39.012,38.878,38.945,38.971,39.056,39.19,39.363,39.57,39.808,40.04,40.247,40.434,40.625,40.817,40.983,41.11,41.205,41.287,41.356,41.39,41.381,41.34,41.282,41.207,41.122,41.033,40.938,40.83,40.712,40.582,40.436,40.281,40.122,39.96,39.802,39.655,39.514,39.365,39.203,39.071,38.99,38.931,38.853,38.762,38.624,38.416,38.15,37.851,37.494,37.141,36.821,36.49,36.102,35.691,35.073,34.158,33.044,31.923,30.767,29.63,28.563,27.546,26.485,25.368,24.382,23.6,22.933,22.239,21.569,20.707,19.533,18.162,16.824,15.474,14.186,13.021,11.941,10.856,9.796,8.742,7.684,6.645,5.66,4.723,3.882,3.166,2.555,1.921,1.423,1.126,0.836,0.546,0.334,0.239,0.187,0.129,0.065,0.026
LSO,2075,39.302,38.953,38.711,38.567,38.51,38.529,38.615,38.755,38.941,39.162,39.413,39.692,39.954,40.176,40.367,40.561,40.751,40.907,41.017,41.09,41.149,41.192,41.201,41.169,41.104,41.025,40.927,40.83,40.74,40.654,40.554,40.447,40.33,40.2,40.062,39.922,39.779,39.637,39.502,39.371,39.232,39.076,38.949,38.864,38.801,38.715,38.616,38.465,38.244,37.964,37.647,37.272,36.9,36.558,36.202,35.788,35.351,34.706,33.769,32.632,31.488,30.306,29.145,28.054,27.013,25.927,24.788,23.773,22.954,22.243,21.505,20.793,19.894,18.693,17.301,15.944,14.579,13.274,12.088,10.985,9.886,8.815,7.763,6.718,5.706,4.751,3.846,3.055,2.413,1.888,1.324,0.918,0.736,0.523,0.279,0.145,0.118,0.09,0.059,0.028
LSO,2076,38.992,38.841,38.576,38.405,38.321,38.312,38.369,38.483,38.646,38.848,39.078,39.332,39.609,39.862,40.067,40.237,40.407,40.572,40.703,40.79,40.841,40.877,40.901,40.897,40.864,40.808,40.739,40.653,40.57,40.496,40.428,40.348,40.261,40.161,40.045,39.917,39.786,39.651,39.515,39.378,39.243,39.097,38.933,38.795,38.698,38.619,38.516,38.397,38.226,37.982,37.679,37.337,36.936,36.537,36.163,35.775,35.327,34.856,34.18,33.215,32.054,30.884,29.675,28.487,27.37,26.302,25.189,24.026,22.981,22.119,21.361,20.581,19.828,18.896,17.676,16.276,14.915,13.551,12.256,11.083,10.002,8.928,7.888,6.883,5.911,4.986,4.101,3.29,2.616,2.052,1.579,1.097,0.765,0.612,0.434,0.231,0.125,0.095,0.063,0.03
LSO,2077,38.671,38.333,38.388,38.206,38.106,38.081,38.122,38.218,38.36,38.545,38.761,39.001,39.258,39.532,39.777,39.965,40.113,40.26,40.4,40.506,40.569,40.598,40.614,40.616,40.599,40.567,40.521,40.461,40.386,40.317,40.261,40.211,40.149,40.083,40,39.897,39.78,39.658,39.531,39.399,39.263,39.122,38.97,38.798,38.648,38.539,38.445,38.324,38.185,37.994,37.728,37.401,37.035,36.608,36.18,35.775,35.354,34.874,34.368,33.661,32.668,31.481,30.285,29.05,27.835,26.691,25.595,24.456,23.269,22.192,21.289,20.484,19.66,18.866,17.902,16.663,15.254,13.889,12.527,11.239,10.081,9.02,7.974,6.963,6.006,5.106,4.266,3.451,2.733,2.176,1.693,1.268,0.869,0.612,0.488,0.345,0.183,0.101,0.067,0.031
LSO,2078,38.335,38.021,37.802,37.94,37.841,37.812,37.847,37.936,38.071,38.242,38.447,38.68,38.929,39.19,39.462,39.697,39.87,39.995,40.119,40.234,40.315,40.354,40.362,40.357,40.337,40.308,40.275,40.238,40.189,40.125,40.07,40.03,39.999,39.957,39.909,39.844,39.755,39.647,39.535,39.417,39.289,39.153,39.007,38.849,38.669,38.508,38.385,38.275,38.137,37.98,37.767,37.479,37.128,36.736,36.284,35.828,35.392,34.938,34.425,33.884,33.146,32.125,30.914,29.69,28.429,27.188,26.015,24.891,23.727,22.515,21.407,20.462,19.609,18.742,17.906,16.91,15.652,14.235,12.865,11.505,10.225,9.08,8.04,7.02,6.039,5.129,4.3,3.549,2.802,2.177,1.737,1.334,0.959,0.642,0.459,0.365,0.257,0.134,0.071,0.034
LSO,2079,37.983,37.698,37.499,37.378,37.494,37.479,37.522,37.616,37.754,37.927,38.128,38.354,38.603,38.861,39.124,39.395,39.621,39.777,39.881,39.981,40.071,40.128,40.143,40.129,40.102,40.062,40.02,39.987,39.96,39.919,39.867,39.827,39.805,39.79,39.768,39.74,39.692,39.616,39.52,39.416,39.306,39.182,39.046,38.896,38.731,38.542,38.37,38.234,38.109,37.955,37.777,37.543,37.233,36.857,36.441,35.964,35.48,35.012,34.526,33.979,33.404,32.633,31.585,30.348,29.099,27.81,26.542,25.342,24.19,22.998,21.762,20.623,19.637,18.736,17.825,16.949,15.919,14.642,13.216,11.842,10.484,9.211,8.08,7.06,6.066,5.115,4.252,3.495,2.831,2.153,1.621,1.298,0.975,0.65,0.415,0.308,0.241,0.168,0.086,0.035
LSO,2080,37.617,37.362,37.185,37.078,37.035,37.051,37.12,37.233,37.387,37.573,37.786,38.015,38.264,38.527,38.795,39.062,39.33,39.547,39.688,39.769,39.846,39.911,39.943,39.934,39.899,39.85,39.788,39.734,39.701,39.682,39.653,39.612,39.585,39.579,39.585,39.581,39.573,39.543,39.48,39.393,39.299,39.197,39.078,38.94,38.787,38.615,38.417,38.235,38.085,37.946,37.773,37.576,37.321,36.988,36.589,36.148,35.645,35.132,34.634,34.115,33.535,32.926,32.123,31.046,29.784,28.508,27.193,25.897,24.671,23.491,22.272,21.011,19.84,18.811,17.864,16.91,15.991,14.929,13.633,12.198,10.818,9.462,8.196,7.079,6.081,5.113,4.192,3.377,2.689,2.112,1.505,1.065,0.858,0.616,0.34,0.187,0.155,0.119,0.079,0.037
LSO,2081,37.214,37.178,36.994,36.88,36.828,36.834,36.89,36.992,37.13,37.299,37.493,37.708,37.935,38.174,38.421,38.668,38.911,39.155,39.348,39.465,39.526,39.581,39.626,39.645,39.638,39.611,39.574,39.523,39.484,39.47,39.47,39.46,39.441,39.432,39.441,39.456,39.463,39.463,39.438,39.375,39.283,39.184,39.073,38.944,38.793,38.626,38.438,38.222,38.019,37.847,37.681,37.482,37.258,36.974,36.611,36.181,35.707,35.171,34.624,34.088,33.531,32.911,32.265,31.425,30.316,29.023,27.719,26.374,25.05,23.795,22.589,21.345,20.066,18.87,17.805,16.818,15.831,14.884,13.812,12.532,11.135,9.796,8.485,7.278,6.235,5.321,4.423,3.594,2.896,2.293,1.769,1.249,0.889,0.715,0.513,0.281,0.161,0.124,0.083,0.039
LSO,2082,36.798,36.606,36.744,36.633,36.583,36.586,36.64,36.736,36.87,37.033,37.217,37.418,37.636,37.861,38.091,38.323,38.547,38.768,38.987,39.155,39.249,39.288,39.322,39.347,39.354,39.348,39.331,39.305,39.266,39.242,39.245,39.265,39.276,39.277,39.287,39.309,39.335,39.351,39.36,39.34,39.277,39.182,39.076,38.956,38.816,38.653,38.471,38.266,38.032,37.809,37.614,37.425,37.199,36.947,36.634,36.24,35.779,35.272,34.702,34.12,33.548,32.952,32.294,31.609,30.733,29.591,28.269,26.934,25.561,24.208,22.925,21.691,20.423,19.124,17.904,16.802,15.776,14.754,13.779,12.696,11.434,10.075,8.777,7.51,6.361,5.392,4.562,3.732,2.997,2.416,1.896,1.427,0.993,0.713,0.572,0.408,0.222,0.128,0.086,0.041
LSO,2083,36.388,36.222,36.117,36.315,36.277,36.29,36.349,36.45,36.586,36.753,36.94,37.14,37.349,37.569,37.792,38.014,38.228,38.432,38.629,38.824,38.967,39.038,39.056,39.069,39.074,39.069,39.063,39.057,39.04,39.013,39.005,39.025,39.065,39.096,39.118,39.145,39.183,39.22,39.245,39.263,39.248,39.184,39.084,38.972,38.843,38.693,38.518,38.321,38.101,37.848,37.604,37.387,37.172,36.921,36.641,36.299,35.873,35.38,34.842,34.239,33.622,33.013,32.377,31.681,30.957,30.045,28.871,27.519,26.154,24.751,23.37,22.058,20.795,19.502,18.185,16.938,15.801,14.735,13.681,12.676,11.583,10.338,9.015,7.757,6.535,5.446,4.549,3.804,3.042,2.402,1.937,1.5,1.084,0.737,0.538,0.429,0.304,0.164,0.089,0.042
LSO,2084,36.006,35.854,35.762,35.726,35.889,35.922,35.999,36.114,36.263,36.438,36.64,36.851,37.066,37.283,37.505,37.726,37.939,38.138,38.32,38.493,38.663,38.783,38.83,38.826,38.819,38.803,38.786,38.782,38.785,38.778,38.764,38.77,38.808,38.868,38.918,38.962,39.008,39.059,39.107,39.142,39.169,39.158,39.094,38.99,38.872,38.735,38.573,38.386,38.175,37.938,37.667,37.403,37.162,36.923,36.645,36.337,35.965,35.51,34.985,34.414,33.778,33.126,32.48,31.805,31.071,30.307,29.359,28.152,26.769,25.374,23.943,22.532,21.193,19.902,18.583,17.247,15.975,14.801,13.695,12.608,11.573,10.471,9.241,7.956,6.739,5.561,4.53,3.707,3.046,2.353,1.805,1.457,1.104,0.741,0.481,0.361,0.286,0.2,0.105,0.045
LSO,2085,35.668,35.512,35.42,35.384,35.401,35.466,35.57,35.711,35.882,36.077,36.293,36.527,36.764,36.994,37.218,37.442,37.662,37.866,38.049,38.209,38.36,38.505,38.6,38.623,38.599,38.572,38.534,38.505,38.501,38.515,38.519,38.517,38.538,38.594,38.673,38.743,38.807,38.872,38.937,38.995,39.041,39.077,39.07,39.007,38.897,38.772,38.628,38.455,38.256,38.031,37.777,37.487,37.202,36.939,36.675,36.371,36.035,35.634,35.149,34.592,33.987,33.318,32.632,31.947,31.235,30.462,29.659,28.674,27.434,26.021,24.597,23.135,21.695,20.327,19.008,17.666,16.309,15.011,13.803,12.656,11.535,10.471,9.357,8.145,6.896,5.72,4.587,3.613,2.864,2.287,1.664,1.21,0.978,0.707,0.398,0.225,0.185,0.143,0.096,0.046
LSO,2086,35.371,35.261,35.158,35.116,35.13,35.193,35.299,35.445,35.616,35.802,36.002,36.219,36.451,36.679,36.893,37.096,37.297,37.493,37.673,37.832,37.972,38.102,38.227,38.31,38.336,38.322,38.305,38.28,38.268,38.283,38.315,38.342,38.361,38.402,38.473,38.563,38.644,38.718,38.788,38.852,38.907,38.946,38.973,38.956,38.879,38.756,38.615,38.451,38.258,38.037,37.789,37.51,37.193,36.88,36.585,36.289,35.951,35.579,35.142,34.62,34.026,33.385,32.679,31.951,31.222,30.462,29.643,28.795,27.769,26.494,25.052,23.599,22.114,20.653,19.264,17.926,16.573,15.211,13.913,12.704,11.563,10.456,9.407,8.335,7.201,6.057,4.96,3.938,3.107,2.449,1.919,1.384,1.012,0.816,0.589,0.329,0.191,0.148,0.1,0.048
LSO,2087,35.12,34.892,34.857,34.806,34.816,34.878,34.987,35.137,35.324,35.525,35.726,35.929,36.148,36.378,36.598,36.796,36.978,37.156,37.327,37.483,37.62,37.738,37.848,37.953,38.025,38.051,38.048,38.042,38.03,38.034,38.067,38.121,38.168,38.209,38.268,38.355,38.457,38.55,38.632,38.708,38.773,38.822,38.855,38.873,38.845,38.757,38.62,38.462,38.279,38.066,37.823,37.551,37.247,36.904,36.561,36.236,35.906,35.534,35.127,34.653,34.095,33.464,32.784,32.042,31.275,30.501,29.693,28.827,27.934,26.866,25.557,24.085,22.606,21.096,19.613,18.203,16.848,15.481,14.115,12.815,11.608,10.474,9.378,8.345,7.313,6.259,5.219,4.201,3.289,2.601,2.033,1.552,1.103,0.813,0.654,0.47,0.261,0.152,0.103,0.05
LSO,2088,34.892,34.612,34.428,34.457,34.458,34.519,34.631,34.785,34.978,35.206,35.436,35.653,35.86,36.081,36.309,36.52,36.702,36.862,37.018,37.165,37.296,37.41,37.507,37.597,37.682,37.742,37.77,37.778,37.784,37.784,37.803,37.854,37.929,37.998,38.061,38.14,38.242,38.355,38.457,38.551,38.631,38.695,38.741,38.767,38.776,38.738,38.637,38.486,38.312,38.111,37.877,37.612,37.317,36.988,36.616,36.246,35.889,35.526,35.12,34.677,34.167,33.573,32.904,32.187,31.409,30.6,29.781,28.925,28.014,27.075,25.966,24.622,23.121,21.613,20.081,18.575,17.144,15.77,14.39,13.02,11.719,10.512,9.384,8.302,7.282,6.293,5.317,4.381,3.442,2.64,2.095,1.617,1.184,0.824,0.615,0.492,0.351,0.193,0.107,0.051
LSO,2089,34.649,34.327,34.112,33.993,34.06,34.114,34.226,34.387,34.587,34.823,35.091,35.352,35.584,35.795,36.017,36.244,36.446,36.611,36.75,36.883,37.006,37.113,37.205,37.281,37.35,37.415,37.464,37.493,37.511,37.528,37.541,37.576,37.647,37.742,37.832,37.916,38.014,38.131,38.256,38.37,38.473,38.558,38.623,38.663,38.684,38.684,38.635,38.522,38.356,38.165,37.946,37.693,37.405,37.086,36.731,36.333,35.933,35.546,35.15,34.71,34.232,33.686,33.054,32.349,31.595,30.778,29.93,29.065,28.161,27.203,26.219,25.068,23.689,22.158,20.623,19.066,17.54,16.086,14.693,13.301,11.926,10.624,9.418,8.296,7.227,6.221,5.272,4.376,3.542,2.682,1.991,1.59,1.202,0.816,0.544,0.417,0.33,0.232,0.124,0.054
LSO,2090,34.364,34.026,33.797,33.668,33.628,33.667,33.772,33.936,34.145,34.391,34.67,34.98,35.271,35.518,35.734,35.957,36.181,36.375,36.525,36.643,36.752,36.851,36.934,37.002,37.058,37.106,37.151,37.189,37.219,37.248,37.277,37.302,37.353,37.442,37.558,37.669,37.775,37.893,38.025,38.162,38.286,38.398,38.489,38.554,38.59,38.604,38.595,38.536,38.409,38.23,38.024,37.785,37.511,37.201,36.859,36.478,36.055,35.624,35.206,34.778,34.303,33.788,33.206,32.538,31.796,31.004,30.151,29.261,28.351,27.4,26.394,25.364,24.173,22.758,21.197,19.635,18.054,16.504,15.03,13.617,12.214,10.833,9.529,8.324,7.208,6.151,5.16,4.253,3.435,2.705,1.923,1.342,1.084,0.786,0.449,0.264,0.218,0.168,0.114,0.056
LSO,2091,34.009,33.911,33.66,33.504,33.434,33.442,33.517,33.648,33.83,34.055,34.311,34.594,34.902,35.184,35.415,35.609,35.809,36.01,36.18,36.308,36.405,36.495,36.573,36.646,36.716,36.783,36.843,36.901,36.955,37.005,37.054,37.106,37.154,37.225,37.331,37.459,37.58,37.698,37.822,37.955,38.087,38.206,38.309,38.39,38.442,38.464,38.461,38.434,38.353,38.205,38.002,37.769,37.504,37.201,36.862,36.488,36.075,35.617,35.151,34.696,34.229,33.715,33.16,32.537,31.823,31.036,30.198,29.301,28.366,27.405,26.402,25.348,24.273,23.044,21.602,20.022,18.448,16.86,15.314,13.855,12.47,11.099,9.758,8.506,7.371,6.338,5.347,4.45,3.665,2.94,2.273,1.601,1.125,0.907,0.656,0.372,0.225,0.174,0.117,0.057
LSO,2092,33.62,33.324,33.466,33.301,33.219,33.208,33.263,33.374,33.53,33.732,33.971,34.238,34.524,34.831,35.105,35.32,35.493,35.671,35.847,35.992,36.099,36.175,36.244,36.304,36.366,36.437,36.514,36.587,36.658,36.728,36.798,36.869,36.943,37.014,37.105,37.226,37.367,37.501,37.628,37.759,37.892,38.021,38.133,38.228,38.299,38.338,38.346,38.327,38.281,38.179,38.009,37.782,37.524,37.231,36.9,36.531,36.126,35.68,35.187,34.686,34.193,33.688,33.135,32.54,31.873,31.117,30.282,29.4,28.459,27.478,26.466,25.409,24.307,23.188,21.92,20.451,18.852,17.265,15.67,14.128,12.685,11.325,9.988,8.684,7.485,6.42,5.47,4.545,3.74,3.078,2.445,1.842,1.278,0.908,0.73,0.525,0.296,0.179,0.122,0.059
LSO,2093,33.211,32.962,32.797,33.026,32.948,32.938,32.987,33.089,33.236,33.418,33.638,33.893,34.171,34.46,34.765,35.03,35.23,35.381,35.536,35.689,35.811,35.894,35.95,36,36.04,36.091,36.164,36.252,36.337,36.421,36.508,36.598,36.69,36.785,36.879,36.991,37.128,37.281,37.427,37.565,37.702,37.836,37.96,38.067,38.153,38.213,38.241,38.234,38.198,38.133,38.011,37.82,37.569,37.285,36.964,36.604,36.205,35.768,35.289,34.762,34.226,33.697,33.152,32.559,31.924,31.216,30.414,29.533,28.606,27.622,26.593,25.53,24.42,23.271,22.105,20.801,19.303,17.685,16.084,14.483,12.944,11.516,10.183,8.878,7.612,6.465,5.47,4.603,3.743,3.032,2.492,1.951,1.411,0.956,0.691,0.553,0.395,0.219,0.125,0.062
LSO,2094,32.805,32.601,32.469,32.404,32.589,32.598,32.66,32.769,32.919,33.101,33.309,33.547,33.818,34.106,34.4,34.702,34.96,35.143,35.274,35.406,35.535,35.632,35.693,35.729,35.759,35.779,35.818,35.894,35.993,36.09,36.187,36.291,36.399,36.513,36.631,36.748,36.88,37.033,37.199,37.357,37.505,37.648,37.782,37.903,38.003,38.082,38.132,38.147,38.126,38.072,37.989,37.848,37.633,37.358,37.049,36.701,36.312,35.883,35.414,34.902,34.341,33.769,33.202,32.619,31.987,31.311,30.56,29.713,28.787,27.813,26.786,25.711,24.596,23.434,22.236,21.025,19.682,18.156,16.519,14.905,13.296,11.761,10.348,9.041,7.769,6.54,5.446,4.52,3.735,2.941,2.324,1.905,1.458,0.981,0.633,0.475,0.375,0.265,0.143,0.064
LSO,2095,32.418,32.251,32.145,32.097,32.101,32.153,32.249,32.383,32.552,32.749,32.969,33.201,33.459,33.745,34.044,34.341,34.642,34.89,35.058,35.167,35.277,35.382,35.456,35.493,35.509,35.52,35.52,35.549,35.626,35.736,35.844,35.955,36.075,36.203,36.338,36.478,36.617,36.77,36.939,37.118,37.288,37.447,37.596,37.73,37.847,37.942,38.013,38.052,38.054,38.018,37.949,37.847,37.684,37.447,37.149,36.814,36.439,36.021,35.562,35.062,34.517,33.921,33.313,32.708,32.087,31.415,30.7,29.906,29.015,28.041,27.023,25.951,24.83,23.663,22.448,21.2,19.944,18.563,17.01,15.354,13.725,12.11,10.577,9.18,7.899,6.659,5.469,4.426,3.57,2.868,2.139,1.616,1.319,0.963,0.549,0.312,0.257,0.198,0.135,0.066
LSO,2096,32.046,32.013,31.901,31.849,31.85,31.9,31.994,32.127,32.289,32.473,32.676,32.897,33.127,33.377,33.647,33.924,34.199,34.476,34.702,34.847,34.936,35.026,35.112,35.176,35.215,35.242,35.264,35.279,35.325,35.423,35.556,35.686,35.82,35.961,36.106,36.255,36.408,36.558,36.718,36.889,37.065,37.228,37.38,37.519,37.642,37.745,37.823,37.875,37.894,37.875,37.815,37.72,37.589,37.397,37.13,36.8,36.432,36.022,35.569,35.073,34.537,33.955,33.321,32.671,32.021,31.352,30.631,29.868,29.025,28.083,27.058,25.99,24.875,23.709,22.496,21.234,19.948,18.66,17.264,15.721,14.097,12.506,10.932,9.461,8.147,6.965,5.803,4.724,3.825,3.066,2.418,1.787,1.355,1.105,0.805,0.456,0.267,0.207,0.141,0.069
LSO,2097,31.713,31.566,31.611,31.556,31.557,31.607,31.703,31.838,32.01,32.2,32.399,32.607,32.829,33.059,33.299,33.554,33.811,34.062,34.316,34.517,34.64,34.709,34.78,34.846,34.9,34.942,34.98,35.015,35.044,35.106,35.224,35.379,35.532,35.69,35.853,36.014,36.177,36.342,36.505,36.67,36.843,37.016,37.175,37.318,37.447,37.558,37.647,37.71,37.744,37.742,37.699,37.615,37.494,37.336,37.115,36.817,36.456,36.054,35.61,35.121,34.59,34.018,33.398,32.725,32.034,31.338,30.62,29.851,29.04,28.148,27.154,26.077,24.962,23.804,22.593,21.332,20.024,18.699,17.377,15.967,14.436,12.843,11.288,9.757,8.345,7.115,6.033,4.948,3.98,3.225,2.562,1.969,1.435,1.096,0.89,0.646,0.363,0.215,0.146,0.072
LSO,2098,31.412,31.246,31.142,31.213,31.214,31.267,31.368,31.508,31.685,31.895,32.114,32.328,32.54,32.765,32.992,33.225,33.464,33.699,33.928,34.158,34.336,34.437,34.486,34.537,34.585,34.627,34.672,34.721,34.768,34.81,34.891,35.029,35.206,35.382,35.563,35.747,35.926,36.102,36.279,36.453,36.627,36.801,36.97,37.124,37.259,37.379,37.478,37.554,37.601,37.615,37.593,37.528,37.42,37.272,37.086,36.836,36.508,36.115,35.68,35.201,34.676,34.109,33.501,32.843,32.132,31.399,30.658,29.891,29.074,28.214,27.273,26.228,25.1,23.936,22.734,21.479,20.169,18.815,17.45,16.096,14.672,13.152,11.589,10.071,8.582,7.232,6.085,5.101,4.095,3.238,2.625,2.058,1.52,1.084,0.837,0.676,0.487,0.27,0.153,0.076
LSO,2099,31.132,30.93,30.803,30.741,30.817,30.874,30.981,31.131,31.317,31.534,31.783,32.03,32.259,32.477,32.703,32.929,33.154,33.377,33.59,33.797,34.004,34.158,34.236,34.266,34.297,34.325,34.358,34.405,34.465,34.525,34.581,34.678,34.836,35.035,35.235,35.44,35.644,35.841,36.031,36.22,36.406,36.587,36.761,36.928,37.076,37.204,37.314,37.402,37.463,37.494,37.49,37.447,37.361,37.227,37.054,36.84,36.56,36.202,35.777,35.309,34.795,34.235,33.633,32.987,32.292,31.542,30.768,29.981,29.165,28.299,27.392,26.401,25.304,24.124,22.912,21.666,20.366,19.008,17.607,16.204,14.816,13.378,11.868,10.337,8.856,7.408,6.118,5.054,4.169,3.241,2.494,2.026,1.554,1.071,0.732,0.577,0.462,0.328,0.176,0.079
LSO,2100,30.856,30.609,30.451,30.373,30.367,30.424,30.538,30.697,30.898,31.128,31.387,31.675,31.95,32.194,32.416,32.644,32.869,33.086,33.292,33.486,33.67,33.853,33.983,34.04,34.048,34.06,34.07,34.091,34.141,34.213,34.285,34.355,34.469,34.648,34.869,35.091,35.32,35.546,35.759,35.963,36.165,36.362,36.55,36.726,36.889,37.032,37.154,37.253,37.328,37.376,37.39,37.368,37.306,37.196,37.038,36.838,36.597,36.288,35.899,35.443,34.942,34.392,33.797,33.158,32.476,31.743,30.954,30.139,29.305,28.441,27.527,26.571,25.531,24.382,23.15,21.889,20.599,19.255,17.849,16.401,14.958,13.537,12.084,10.585,9.085,7.64,6.234,5.004,4.024,3.237,2.387,1.752,1.426,1.05,0.621,0.381,0.318,0.247,0.169,0.084
